journal,publications,citations,mean_citations,mean_fwci,cum,zone
BMC Health Services Research,221,6709,30.357466063348415,4.711807692307692,221,1
Health Policy and Planning,178,9694,54.46067415730337,5.636402247191011,399,1
PLoS ONE,138,5030,36.44927536231884,4.7904623188405795,537,1
International Journal for Equity in Health,92,4521,49.141304347826086,6.56905543478261,629,1
Social Science & Medicine,80,4538,56.725,5.158525,709,1
The International Journal of Health Planning and Management,77,1901,24.68831168831169,2.1282103896103894,786,1
Health Economics Review,65,1575,24.23076923076923,3.8861600000000003,851,1
BMJ Open,57,972,17.05263157894737,3.194264912280702,908,1
BMC Public Health,56,1647,29.410714285714285,4.265416071428572,964,1
Journal of Health Management,52,333,6.403846153846154,0.8765288461538462,1016,1
The Lancet,48,4105,85.52083333333333,12.5420125,1064,1
BMJ Global Health,47,1232,26.21276595744681,5.653308510638299,1111,1
Frontiers in Public Health,47,601,12.787234042553191,4.3740106382978725,1158,1
International Journal of Health Policy and Management,41,1306,31.853658536585368,4.256539024390244,1199,1
Bulletin of the World Health Organization,36,2582,71.72222222222223,7.2926166666666665,1235,1
Health Research Policy and Systems,32,1708,53.375,6.076403125,1267,1
PLOS Global Public Health,32,160,5.0,2.2331375,1299,1
Cost Effectiveness and Resource Allocation,29,510,17.586206896551722,4.396944827586207,1328,1
Health Systems & Reform,25,506,20.24,4.203812,1353,1
Pan African Medical Journal,25,429,17.16,1.9479680000000001,1378,1
Health Economics,23,1347,58.56521739130435,6.243826086956522,1401,1
Global Health Action,23,804,34.95652173913044,4.398165217391304,1424,1
International Journal of Community Medicine and Public Health,23,75,3.260869565217391,0.3909347826086957,1447,1
Health Policy,22,2097,95.31818181818181,4.184200000000001,1469,1
SSM - Health Systems,21,41,1.9523809523809523,1.515247619047619,1490,1
Tropical Medicine & International Health,20,1190,59.5,4.602935,1510,1
Applied Health Economics and Health Policy,20,622,31.1,4.442625,1530,1
ClinicoEconomics and Outcomes Research,20,331,16.55,2.460435,1550,1
Cureus,20,50,2.5,1.66204,1570,1
Globalization and Health,19,814,42.8421052631579,5.219905263157895,1589,1
Global Health Research and Policy,19,570,30.0,4.577378947368421,1608,2
Texila international journal of public health,19,27,1.4210526315789473,0.20288421052631578,1627,2
International Journal of Research and Innovation in Social Science,19,0,0.0,0.0,1646,2
World Development,18,1140,63.333333333333336,5.316627777777778,1664,2
International Journal of Health Economics and Policy,18,56,3.111111111111111,0.5783388888888888,1682,2
International Journal of Environmental Research and Public Health,17,322,18.941176470588236,2.6127000000000002,1699,2
The Lancet Global Health,16,630,39.375,9.51648125,1715,2
Clinical Epidemiology and Global Health,15,199,13.266666666666667,1.66632,1730,2
Journal of Community Medicine and Primary Health Care,15,91,6.066666666666666,0.7396066666666667,1745,2
Value in Health,15,20,1.3333333333333333,0.04918,1760,2
International Journal For Multidisciplinary Research,15,6,0.4,0.12751333333333334,1775,2
World Journal of Advanced Research and Reviews,15,5,0.3333333333333333,0.030313333333333334,1790,2
International Health,14,382,27.285714285714285,2.8430642857142856,1804,2
Global Journal of Health Science,13,389,29.923076923076923,2.5181923076923076,1817,2
Risk Management and Healthcare Policy,13,356,27.384615384615383,3.507,1830,2
Archives of Public Health,13,347,26.692307692307693,3.4892538461538463,1843,2
International Journal of Health Economics and Management,13,155,11.923076923076923,1.6791153846153846,1856,2
Journal of Public Health in Africa,13,122,9.384615384615385,1.055076923076923,1869,2
Frontiers in Health Services,13,78,6.0,1.6705153846153846,1882,2
Health Affairs,12,727,60.583333333333336,7.333725,1894,2
BMJ,12,250,20.833333333333332,2.4908916666666667,1906,2
World Medical & Health Policy,12,71,5.916666666666667,1.286125,1918,2
African Journal of Health Economics,12,70,5.833333333333333,0.5334416666666667,1930,2
Discover Public Health,12,10,0.8333333333333334,0.725475,1942,2
BMC Research Notes,11,333,30.272727272727273,4.968009090909091,1953,2
Value in Health Regional Issues,11,239,21.727272727272727,1.6412909090909091,1964,2
The Indian Journal of Medical Research,11,192,17.454545454545453,3.419845454545454,1975,2
Journal of Family Medicine and Primary Care,11,177,16.09090909090909,1.9433,1986,2
BMC Pregnancy and Childbirth,11,169,15.363636363636363,3.7801636363636364,1997,2
Indian Journal of Community Medicine,11,141,12.818181818181818,1.3030818181818182,2008,2
Journal of Public Health,11,92,8.363636363636363,0.8458727272727273,2019,2
Indian Journal of Public Health Research & Development,11,10,0.9090909090909091,0.06707549272727273,2030,2
BMC International Health and Human Rights,10,514,51.4,4.78041,2040,2
Journal of Global Health,10,230,23.0,3.8302300000000002,2050,2
The Lancet Regional Health - Southeast Asia,10,143,14.3,6.10911,2060,2
International Social Security Review,10,100,10.0,1.51832,2070,2
Advances in Public Health,10,91,9.1,1.34573,2080,2
International Journal of TROPICAL DISEASE & Health,10,90,9.0,0.76825,2090,2
International Journal of Healthcare Management,10,44,4.4,0.97413,2100,2
F1000Research,10,26,2.6,0.61705,2110,2
European Journal of Public Health,10,14,1.4,0.15782000000000002,2120,2
Human Resources for Health,9,478,53.111111111111114,9.179077777777778,2129,2
Nigerian Medical Journal,9,213,23.666666666666668,1.5682555555555555,2138,2
World Journal of Surgery,9,110,12.222222222222221,4.408133333333334,2147,2
Health Policy OPEN,9,87,9.666666666666666,2.4442444444444447,2156,2
Health,9,71,7.888888888888889,1.0011555555555556,2165,2
Health Science Reports,9,34,3.7777777777777777,3.920388888888889,2174,2
Healthcare,9,28,3.111111111111111,1.6106666666666667,2183,2
Discover Health Systems,9,10,1.1111111111111112,1.891911111111111,2192,2
African Journal of Empirical Research,9,1,0.1111111111111111,0.17547777777777776,2201,2
Journal of Health Population and Nutrition,8,235,29.375,3.569025,2209,2
The Geneva Papers on Risk and Insurance Issues and Practice,8,145,18.125,1.6904499999999998,2217,2
SSM - Population Health,8,128,16.0,3.4076875,2225,2
Indian Journal of Public Health,8,102,12.75,1.6662625,2233,2
Nigerian Postgraduate Medical Journal,8,92,11.5,2.110325,2241,2
International Journal of Social Economics,8,84,10.5,1.7354375,2249,2
Health Services Insights,8,57,7.125,1.470625,2257,2
Journal of Public Health Research,8,47,5.875,1.8598625,2265,2
Health Economics and Management Review,8,24,3.0,3.4300499999999996,2273,2
BMJ Public Health,8,16,2.0,1.4762,2281,2
Nepalese Journal of Insurance and Social Security,8,15,1.875,0.44008749999999996,2289,2
Texila international journal of management,8,4,0.5,0.1935875,2297,2
South Eastern European Journal of Public Health,8,3,0.375,0.2817375,2305,2
International journal of research and scientific innovation,8,1,0.125,0.0818125,2313,2
PLoS Medicine,7,374,53.42857142857143,6.4734,2320,2
The European Journal of Health Economics,7,311,44.42857142857143,4.263757142857143,2327,2
Journal of Public Affairs,7,122,17.428571428571427,3.16,2334,2
Asia Pacific Journal of Health Management,7,33,4.714285714285714,0.8470428571428571,2341,2
Annals of Global Health,7,25,3.5714285714285716,1.0447,2348,2
National Journal of Community Medicine,7,22,3.142857142857143,0.8292428571428572,2355,2
Nigerian Journal of Clinical Practice,6,449,74.83333333333333,5.322633333333333,2361,2
Journal of Health Economics,6,258,43.0,3.6482166666666664,2367,2
Malaria Journal,6,209,34.833333333333336,5.24155,2373,2
Studies on Ethno-Medicine,6,157,26.166666666666668,1.0200333333333333,2379,2
African Development Review,6,145,24.166666666666668,3.1551666666666662,2385,2
Journal of the Egyptian Public Health Association,6,139,23.166666666666668,2.3726333333333334,2391,2
Maternal and Child Health Journal,6,116,19.333333333333332,1.7242666666666666,2397,2
Ethiopian Journal of Health Sciences,6,112,18.666666666666668,1.2729666666666668,2403,2
International Journal of Public Administration,6,104,17.333333333333332,1.0387166666666667,2409,2
Indian Journal of Psychiatry,6,58,9.666666666666666,1.8488666666666667,2415,2
Ghana Journal of Development Studies,6,54,9.0,1.0027666666666668,2421,2
Indian Journal of Medical Ethics,6,24,4.0,0.357,2427,2
Developing Country Studies,6,22,3.6666666666666665,0.7989833333333333,2433,2
Economies,6,7,1.1666666666666667,1.0994166666666667,2439,2
Global Health Economics and Sustainability,6,7,1.1666666666666667,0.7863833333333332,2445,2
International Journal of Medicine and Health Development,6,7,1.1666666666666667,0.205,2451,2
Central African Journal of Public Health,6,2,0.3333333333333333,0.0,2457,2
Journal of the Pakistan Medical Association,6,1,0.16666666666666666,0.0,2463,2
The International Journal of Business & Management,6,1,0.16666666666666666,0.07935,2469,2
Reproductive Health Matters,5,359,71.8,4.43082,2474,2
International Journal of Health Care Finance and Economics,5,311,62.2,3.93484,2479,2
BMC Medicine,5,156,31.2,6.34052,2484,2
Public Health,5,147,29.4,3.40018,2489,2
Implementation Science,5,144,28.8,4.49542,2494,2
The Journal of Development Studies,5,141,28.2,3.06832,2499,2
Global Public Health,5,99,19.8,2.48752,2504,2
Ghana Medical Journal,5,94,18.8,2.21308,2509,2
Wellcome Open Research,5,85,17.0,2.30776,2514,2
Global Health Science and Practice,5,83,16.6,3.6181400000000004,2519,2
Cogent Economics & Finance,5,68,13.6,3.02168,2524,2
American journal of public health research,5,58,11.6,0.7041999999999999,2529,2
Journal of Aging & Social Policy,5,57,11.4,1.1000999999999999,2534,2
Ethiopian Journal of Health Development,5,55,11.0,0.60084,2539,2
Journal of International Development,5,55,11.0,1.5472,2544,2
SAGE Open Medicine,5,50,10.0,1.13072,2549,2
BMC Geriatrics,5,48,9.6,2.23482,2554,2
Journal of Nepal Health Research Council,5,46,9.2,1.0854,2559,2
AFRICAN JOURNAL OF ECONOMIC REVIEW,5,40,8.0,1.5944600000000002,2564,2
IOSR Journal of Humanities and Social Science,5,36,7.2,0.45949999999999996,2569,2
SAGE Open,5,29,5.8,0.22557999999999997,2574,2
Journal of Population and Social Studies,5,25,5.0,0.86952,2579,2
Global Social Welfare,5,24,4.8,2.07496,2584,2
International Journal of Health Governance,5,20,4.0,1.9347,2589,2
Journal of Social and Economic Development,5,20,4.0,1.0368400000000002,2594,2
Journal of Health and Medical Sciences,5,18,3.6,0.5201800000000001,2599,2
Artha Vijnana Journal of The Gokhale Institute of Politics and Economics,5,17,3.4,0.25572,2604,2
Cogent Public Health,5,17,3.4,1.1131,2609,2
Social Sciences & Humanities Open,5,16,3.2,1.36232,2614,2
Gates Open Research,5,13,2.6,0.41062000000000004,2619,2
Indian Journal of Human Development,5,13,2.6,0.34956,2624,2
International Journal of Advanced Research,5,13,2.6,0.5807,2629,2
Asian Journal of Medicine and Health,5,12,2.4,0.1155,2634,2
LSE Research Online Documents on Economics,5,12,2.4,0.9247,2639,2
African Journal of Health Sciences,5,10,2.0,0.0,2644,2
Journal of Economics and Sustainable Development,5,10,2.0,0.47526,2649,2
JOURNAL OF CLINICAL AND DIAGNOSTIC RESEARCH,5,8,1.6,0.18594,2654,2
European Scientific Journal ESJ,5,7,1.4,0.1155,2659,2
MedS Alliance Journal of Medicine and Medical Sciences,5,6,1.2,0.2024,2664,2
Open Journal of Social Sciences,5,6,1.2,0.29447999999999996,2669,2
"13th World Congress on Public Health (April 23-27, 2012)",5,4,0.8,0.07436000000000001,2674,2
The Journal of Community Health Management,5,3,0.6,0.12398,2679,2
International Journal of Professional Practice,5,2,0.4,0.07918,2684,2
International Journal of Research in Business and Social Science (2147-4478),5,2,0.4,0.10742,2689,2
Public Policy and Administration Research,5,1,0.2,0.053720000000000004,2694,2
International Journal of Research Publication and Reviews,5,0,0.0,0.0,2699,2
Journal of Emerging Technologies and Innovative Research,5,0,0.0,0.0,2704,2
World Journal of Public Health,5,0,0.0,0.0,2709,2
International Journal of Innovative Science and Research Technology (IJISRT),4,1548,387.0,201.48930000000001,2713,2
New England Journal of Medicine,4,285,71.25,11.165,2717,2
Journal of Medical Economics,4,281,70.25,11.664075,2721,2
American Journal of Tropical Medicine and Hygiene,4,101,25.25,1.9136,2725,2
Journal of Health Services Research & Policy,4,86,21.5,3.1672000000000002,2729,2
Heliyon,4,72,18.0,2.74145,2733,2
Journal of Patient Experience,4,69,17.25,2.468275,2737,2
African Health Sciences,4,53,13.25,2.0379,2741,2
Expert Review of Pharmacoeconomics & Outcomes Research,4,48,12.0,1.714175,2745,2
Economics bulletin,4,43,10.75,1.1635,2749,2
Public Organization Review,4,43,10.75,1.626025,2753,2
Ageing International,4,39,9.75,1.52555,2757,2
Bangladesh Journal of Medical Science,4,38,9.5,1.087925,2761,2
INQUIRY The Journal of Health Care Organization Provision and Financing,4,38,9.5,2.0631,2765,2
ICUS and Nursing Web Journal,4,33,8.25,1.5342500000000001,2769,2
International Journal of Technology Assessment in Health Care,4,32,8.0,0.39575,2773,2
Journal of Global Health Economics and Policy,4,30,7.5,3.104225,2777,2
International Journal of Social Determinants of Health and Health Services,4,29,7.25,6.596699999999999,2781,2
Journal of Medicine in the Tropics,4,28,7.0,0.878325,2785,2
Journal of Public Health and Epidemiology,4,24,6.0,1.3024250000000002,2789,2
Tanzanian Economic Review,4,23,5.75,1.078925,2793,2
Scientific Reports,4,22,5.5,2.937475,2797,2
Ibom Medical Journal,4,21,5.25,1.6512499999999999,2801,2
Eastern Mediterranean Health Journal,4,18,4.5,0.275225,2805,2
Population Medicine,4,18,4.5,1.0090750000000002,2809,2
Journal of Cancer Policy,4,17,4.25,2.67855,2813,2
Journal of Hospital Administration,4,16,4.0,0.079275,2817,2
International Journal of Research -GRANTHAALAYAH,4,14,3.5,0.20885,2821,2
Sahel Medical Journal,4,14,3.5,0.0,2825,2
OALib,4,11,2.75,0.587375,2829,2
International Journal of Health Care Quality Assurance,4,8,2.0,0.1785,2833,2
Journal of Nepal Medical Association,4,8,2.0,0.33315,2837,2
Strategic Journal of Business & Change Management,4,8,2.0,0.48055,2841,2
International Journal of Economics Development Research (IJEDR),4,6,1.5,0.426175,2845,2
International Journal of Public Health and Clinical Sciences,4,6,1.5,0.170475,2849,2
Journal of Public Administration and Governance,4,6,1.5,0.24507500000000002,2853,2
International Journal of Public Health Science (IJPHS),4,4,1.0,0.0,2857,2
Universal Journal of Public Health,4,3,0.75,0.0,2861,2
International Journal of Scientific and Research Publications,4,2,0.5,0.07815,2865,2
The International Journal of Humanities & Social Studies,4,2,0.5,0.067125,2869,2
EPRA International Journal of Multidisciplinary Research (IJMR),4,1,0.25,0.054625,2873,2
Journal of Economics Finance and Management Studies,4,1,0.25,0.071025,2877,2
NG Journal of Social Development,4,1,0.25,0.160875,2881,2
East African Journal of Health and Science,4,0,0.0,0.0,2885,2
Education Tomorrow,4,0,0.0,0.0,2889,2
INTERANTIONAL JOURNAL OF SCIENTIFIC RESEARCH IN ENGINEERING AND MANAGEMENT,4,0,0.0,0.0,2893,2
Indian Journal of Community Health,4,0,0.0,0.0,2897,2
International Journal of Advanced Research in Science Communication and Technology,4,0,0.0,0.0,2901,2
International Journal of Drug Delivery Technology,4,0,0.0,0.0,2905,2
Journal of Advances and Scholarly Researches in Allied Education,4,0,0.0,0.0,2909,2
PARIPEX-INDIAN JOURNAL OF RESEARCH,4,0,0.0,0.0,2913,2
Texila international journal of academic research,4,0,0.0,0.0,2917,2
American Journal of Public Health,3,376,125.33333333333333,6.7922666666666665,2920,2
Health Economics Policy and Law,3,324,108.0,10.209733333333332,2923,2
Journal of Epidemiology & Community Health,3,198,66.0,6.341166666666666,2926,2
International Journal of Health Services,3,163,54.333333333333336,5.0286,2929,2
Journal of African Economies,3,133,44.333333333333336,4.404800000000001,2932,2
The World Bank Economic Review,3,132,44.0,4.2306,2935,2
International Journal of Gynecology & Obstetrics,3,117,39.0,3.4051333333333336,2938,2
Annals of Nigerian Medicine,3,111,37.0,1.6677333333333333,2941,2
Applied Economics,3,106,35.333333333333336,1.0593666666666666,2944,2
Social Indicators Research,3,106,35.333333333333336,1.5509666666666666,2947,2
Journal of Risk & Insurance,3,105,35.0,2.3658333333333332,2950,2
International Journal of Mental Health Systems,3,96,32.0,3.3862666666666663,2953,2
Journal of Environmental and Public Health,3,80,26.666666666666668,2.723466666666667,2956,2
Journal of Pharmaceutical Policy and Practice,3,77,25.666666666666668,5.331666666666666,2959,2
Mediterranean Journal of Social Sciences,3,74,24.666666666666668,2.1239333333333335,2962,2
Social Work in Public Health,3,74,24.666666666666668,1.3663,2965,2
Health & Social Care in the Community,3,66,22.0,2.0911666666666666,2968,2
African Journal of Primary Health Care & Family Medicine,3,62,20.666666666666668,2.0658666666666665,2971,2
Conflict and Health,3,57,19.0,10.0276,2974,2
International Journal of Public Health,3,51,17.0,2.7656000000000005,2977,2
Journal of Health Care for the Poor and Underserved,3,51,17.0,1.8992333333333333,2980,2
BMC Proceedings,3,44,14.666666666666666,0.7138,2983,2
International Journal for Quality in Health Care,3,44,14.666666666666666,1.1627,2986,2
Humanities and Social Sciences Communications,3,42,14.0,1.8549,2989,2
BioMed Research International,3,39,13.0,2.5043333333333333,2992,2
Preventive Medicine Reports,3,39,13.0,3.2931333333333335,2995,2
BMC Family Practice,3,34,11.333333333333334,3.2200333333333333,2998,2
Journal of Hospital Management and Health Policy,3,27,9.0,0.9154,3001,2
IOSR Journal of Economics and Finance,3,26,8.666666666666666,0.17476666666666665,3004,2
Journal of Pharmaceutical Health Services Research,3,26,8.666666666666666,1.3772000000000002,3007,2
Sustainability,3,26,8.666666666666666,3.3788000000000005,3010,2
Future Business Journal,3,24,8.0,2.5234,3013,2
Journal of Health Organization and Management,3,24,8.0,2.8442666666666665,3016,2
The National Medical Journal of India,3,23,7.666666666666667,0.8216333333333333,3019,2
Research on humanities and social sciences,3,21,7.0,1.5881,3022,2
Business and Economic Research,3,19,6.333333333333333,0.4963666666666667,3025,2
Journal of Advances in Medical and Pharmaceutical Sciences,3,19,6.333333333333333,1.4330666666666667,3028,2
JAMA,3,17,5.666666666666667,0.2723,3031,2
East African Medical Journal,3,16,5.333333333333333,1.0034666666666667,3034,2
"Journal of Health, Medicine and Nursing",3,16,5.333333333333333,0.6220666666666667,3037,2
Sustainable Development,3,15,5.0,3.9122333333333335,3040,2
The Lancet Psychiatry,3,15,5.0,0.8569333333333334,3043,2
Journal of Community Medicine & Health Education,3,13,4.333333333333333,0.5017999999999999,3046,2
Journal of Racial and Ethnic Health Disparities,3,13,4.333333333333333,0.8589333333333333,3049,2
Journal of Global Health Science,3,11,3.6666666666666665,1.0132,3052,2
GSTF Journal of Nursing and Health Care,3,10,3.3333333333333335,0.30532514,3055,2
Nigerian Journal of Medicine,3,10,3.3333333333333335,0.5487333333333333,3058,2
Asian Journal of Advanced Research and Reports,3,9,3.0,0.38456666666666667,3061,2
Indian Journal of Medical Specialities,3,9,3.0,0.39303333333333335,3064,2
Journal of Indian Association of Public Health Dentistry,3,9,3.0,0.5102666666666666,3067,2
Management in Health,3,9,3.0,0.2526333333333333,3070,2
International Journal of Recent Technology and Engineering (IJRTE),3,8,2.6666666666666665,0.09756666666666668,3073,2
MGM Journal of Medical Sciences,3,8,2.6666666666666665,0.4996333333333333,3076,2
Tanzania Journal for Population studies and Development,3,8,2.6666666666666665,0.30806666666666666,3079,2
Open Research Africa,3,7,2.3333333333333335,0.8301666666666666,3082,2
Biomedical Journal of Scientific & Technical Research,3,6,2.0,0.12733333333333333,3085,2
Journal of Business and Strategic Management,3,6,2.0,0.3492,3088,2
International Journal of Health Sciences,3,5,1.6666666666666667,0.4207,3091,2
Médecine et Santé Tropicales,3,5,1.6666666666666667,0.4449,3094,2
The Pakistan Development Review,3,5,1.6666666666666667,0.22053333333333333,3097,2
African Journal of Reproductive Health,3,4,1.3333333333333333,1.6334,3100,2
Indian Journal Of Applied Research,3,4,1.3333333333333333,0.161,3103,2
Tropical Medicine and Health,3,4,1.3333333333333333,2.8282333333333334,3106,2
Asian Journal of Management,3,3,1.0,0.0769,3109,2
Journal of Economics Management and Trade,3,3,1.0,0.14193333333333333,3112,2
Journal of Quantitative Economics,3,3,1.0,0.40673333333333334,3115,2
European Journal of Health Sciences,3,2,0.6666666666666666,0.15106666666666665,3118,2
International Journal of Accounting and Economics Studies,3,2,0.6666666666666666,0.786,3121,2
International Journal of Innovative Research and Development,3,2,0.6666666666666666,0.0,3124,2
International Journal of Public Health and Pharmacology,3,2,0.6666666666666666,0.2081333333333333,3127,2
Journal of ICT Systems,3,2,0.6666666666666666,0.28513333333333335,3130,2
American Journal of Biomedical Science & Research,3,1,0.3333333333333333,0.07356666666666667,3133,2
International Journal of Behavioural and Healthcare Research,3,1,0.3333333333333333,0.0,3136,2
International Journal of Business Management Entrepreneurship and Innovation,3,1,0.3333333333333333,0.8245,3139,2
International Journal of Infectious Diseases,3,1,0.3333333333333333,0.31726666666666664,3142,2
International Journal of Research and Review,3,1,0.3333333333333333,0.06886666666666667,3145,2
Journal of Economic Research & Reviews,3,1,0.3333333333333333,0.09263333333333333,3148,2
Journal of Economics and Policy Analysis,3,1,0.3333333333333333,0.0,3151,2
Journal of the Association for Information Systems,3,1,0.3333333333333333,0.04563333333333333,3154,2
Student s Journal of Health Research Africa,3,1,0.3333333333333333,0.10396666666666667,3157,2
African journal of medical practice,3,0,0.0,0.0,3160,2
Bulletin of Science and Practice,3,0,0.0,0.0,3163,2
Cureus Journal of Business and Economics.,3,0,0.0,0.0,3166,2
Discover Social Science and Health,3,0,0.0,0.0,3169,2
Economic & Political Weekly,3,0,0.0,0.0,3172,2
European Economic Letters (EEL),3,0,0.0,0.0,3175,2
HEALTH SCIENCES AND DISEASE,3,0,0.0,0.0,3178,2
INTERNATIONAL JOURNAL OF RESEARCH AND ANALYTICAL REVIEWS,3,0,0.0,0.0,3181,2
International Education and Research Journal,3,0,0.0,0.0,3184,2
International Journal of African Research Sustainability Studies,3,0,0.0,0.0,3187,3
International Journal of Research in Finance and Management,3,0,0.0,0.0,3190,3
International Journal of innovative inventions in Social Science and Humanities,3,0,0.0,0.0,3193,3
Journal of Development Review,3,0,0.0,0.0,3196,3
Journal of Institute of Medicine Nepal,3,0,0.0,0.0,3199,3
Research Journal of Social Science & Management,3,0,0.0,0.0,3202,3
Shanlax International Journal of Economics,3,0,0.0,0.0,3205,3
South Asian Journal of Social Studies and Economics,3,0,0.0,0.0,3208,3
Journal of Development Economics,2,163,81.5,6.109450000000001,3210,3
American Economic Review,2,149,74.5,12.6939,3212,3
Anthropology and Medicine,2,114,57.0,4.4401,3214,3
Journal of Epidemiology and Global Health,2,111,55.5,3.9306,3216,3
Asian Pacific Journal of Cancer Prevention,2,97,48.5,5.43625,3218,3
Journal of Preventive Medicine and Public Health,2,97,48.5,4.59315,3220,3
Global Health Promotion,2,77,38.5,4.15025,3222,3
American Journal of Biomedical and Life Sciences,2,72,36.0,4.5373,3224,3
International Quarterly of Community Health Education,2,66,33.0,4.021,3226,3
International Journal of Economics Finance and Management Sciences,2,65,32.5,3.7476000000000003,3228,3
BMC Women s Health,2,59,29.5,5.86,3230,3
International Archives of Medicine,2,57,28.5,5.1217500000000005,3232,3
International Journal of Health,2,55,27.5,2.411,3234,3
WHO South-East Asia Journal of Public Health,2,53,26.5,0.39255,3236,3
Journal of Asian Public Policy,2,46,23.0,6.14575,3238,3
Journal of Islamic accounting and business research,2,46,23.0,2.6609000000000003,3240,3
Southeast Asian Economies,2,45,22.5,4.01045,3242,3
Health Services Management Research,2,44,22.0,1.6728,3244,3
Journal of Public Economics,2,44,22.0,2.50885,3246,3
Frontiers in Digital Health,2,43,21.5,4.7791,3248,3
Indian Journal of Tuberculosis,2,42,21.0,2.42955,3250,3
Annals of Medical and Health Sciences Research,2,41,20.5,3.78945,3252,3
International Journal of Social Welfare,2,41,20.5,2.4029,3254,3
Vikalpa The Journal for Decision Makers,2,37,18.5,1.54255,3256,3
BMJ Paediatrics Open,2,35,17.5,1.5366,3258,3
Middle East Development Journal,2,35,17.5,2.50525,3260,3
African Population Studies,2,34,17.0,2.0488,3262,3
Epidemiology Biostatistics and Public Health,2,31,15.5,1.53465,3264,3
Global Business Review,2,31,15.5,0.9711,3266,3
Social Sciences,2,30,15.0,2.03095,3268,3
BMC Medical Ethics,2,29,14.5,2.17975,3270,3
Health Culture and Society,2,29,14.5,1.21325,3272,3
IOSR Journal of Dental and Medical Sciences,2,29,14.5,0.3117,3274,3
JAMA Network Open,2,27,13.5,1.6578,3276,3
European Journal of Development Research,2,25,12.5,5.674449999999999,3278,3
Review of Economics of the Household,2,25,12.5,2.1655,3280,3
Arthaniti-Journal of Economic Theory and Practice,2,24,12.0,2.0099,3282,3
Contraception and Reproductive Medicine,2,24,12.0,2.4334,3284,3
European Journal of Business and Management,2,24,12.0,1.3678,3286,3
African Journal of Emergency Medicine,2,23,11.5,1.45365,3288,3
Journal of Social Service Research,2,23,11.5,2.1753,3290,3
World Bank Publications,2,22,11.0,3.3466,3292,3
Journal of Obstetrics and Gynaecology,2,21,10.5,1.228,3294,3
Current Research Journal of Social Sciences,2,19,9.5,0.9655,3296,3
Journal of Asian and African Studies,2,19,9.5,2.1386,3298,3
Microeconomics and macroeconomics,2,19,9.5,2.49195,3300,3
Supportive Care in Cancer,2,19,9.5,0.8648,3302,3
Journal of Education and Health Promotion,2,18,9.0,1.2873,3304,3
Family Medicine & Medical Science Research,2,17,8.5,0.9596499999999999,3306,3
International Journal of Scientific Reports,2,17,8.5,0.9417,3308,3
Canadian Medical Association Journal,2,16,8.0,0.1756,3310,3
Development Southern Africa,2,16,8.0,0.46104999999999996,3312,3
Journal of Clinical Epidemiology,2,16,8.0,0.4819,3314,3
Economic Development and Cultural Change,2,15,7.5,0.69545,3316,3
Illness Crisis & Loss,2,15,7.5,0.52205,3318,3
Indian Heart Journal,2,15,7.5,0.6111,3320,3
International Journal of Healthcare Technology and Management,2,15,7.5,2.0088,3322,3
Journal of Surgical Research,2,15,7.5,1.55725,3324,3
African Geographical Review,2,14,7.0,1.3685,3326,3
Clinical Journal of the American Society of Nephrology,2,13,6.5,1.1414499999999999,3328,3
Journal of Medical and Biomedical Sciences,2,13,6.5,0.0,3330,3
Nigerian Medical Practitioner,2,13,6.5,0.0,3332,3
Trials,2,13,6.5,1.195,3334,3
Aging and Health Research,2,12,6.0,1.8445,3336,3
Journal of Hypertension,2,12,6.0,0.79325,3338,3
Khyber Medical University Journal,2,12,6.0,1.0344,3340,3
Nigerian Quarterly Journal of Hospital Medicine,2,12,6.0,0.43015,3342,3
Annals of Tropical Medicine and Public Health,2,11,5.5,0.1925,3344,3
Ghana Journal of Geography,2,11,5.5,1.28185,3346,3
Journal of Biosocial Science,2,11,5.5,0.9607,3348,3
Public Health Challenges,2,11,5.5,0.9323,3350,3
Pyramid Journal of Medicine,2,11,5.5,0.6654,3352,3
Studies in sociology of science,2,11,5.5,1.6061999999999999,3354,3
Economic Analysis and Policy,2,10,5.0,1.7410999999999999,3356,3
International Journal of Microbiology Research,2,10,5.0,0.80305,3358,3
Medical Journal of Zambia,2,10,5.0,0.53655,3360,3
Science Journal of Public Health,2,10,5.0,0.6596,3362,3
Asia-Pacific Journal of Regional Science,2,9,4.5,0.0,3364,3
Journal of the International AIDS Society,2,9,4.5,1.0009000000000001,3366,3
Primary Health Care Open Access,2,9,4.5,0.74765,3368,3
The Open Public Health Journal,2,9,4.5,0.59405,3370,3
World health & population,2,9,4.5,0.44820000000000004,3372,3
Insurance Markets and Companies,2,8,4.0,0.8229,3374,3
International Journal of Business and Social Research,2,8,4.0,0.87025,3376,3
Journal of Market Access & Health Policy,2,8,4.0,1.24705,3378,3
South African Family Practice,2,8,4.0,2.2001999999999997,3380,3
The Egyptian Journal of Hospital Medicine,2,8,4.0,0.33865,3382,3
World Development Perspectives,2,8,4.0,1.9949000000000001,3384,3
Arts and Social Sciences Journal,2,7,3.5,0.4506,3386,3
BMC Surgery,2,7,3.5,1.1882,3388,3
Huria Journal of the Open University of Tanzania,2,7,3.5,0.6491,3390,3
Indian Journal of Psychological Medicine,2,7,3.5,1.3147,3392,3
International Journal of Public Sector Performance Management,2,7,3.5,0.4658,3394,3
International Journal of Surgery,2,7,3.5,0.836,3396,3
Journal of Management Research and Analysis,2,7,3.5,0.4182,3398,3
Theoretical Economics Letters,2,7,3.5,0.8441000000000001,3400,3
eajahme,2,7,3.5,0.3413,3402,3
Africa Today,2,6,3.0,0.27835,3404,3
Asian Journal of Humanities and Social Studies,2,6,3.0,0.9639,3406,3
European Journal of Public Health Studies,2,6,3.0,1.6991,3408,3
International Journal of Social Science Research,2,6,3.0,0.1241,3410,3
Journal of Informatics Education and Research,2,6,3.0,12.2778,3412,3
Online Journal of Health and Allied Sciences,2,6,3.0,0.1375,3414,3
Scientific African,2,6,3.0,0.70345,3416,3
AFRICAN JOURNAL OF BUSINESS MANAGEMENT,2,5,2.5,0.5781,3418,3
African Journal of sustainable Development,2,5,2.5,0.25645,3420,3
International Journal of Financial Research,2,5,2.5,0.2051,3422,3
Revista Panamericana de Salud Pública,2,5,2.5,0.2151,3424,3
Santé Publique,2,5,2.5,0.13845,3426,3
Asian Journal of Research in Social Sciences and Humanities,2,4,2.0,0.21375,3428,3
Indian Journal of Rheumatology,2,4,2.0,0.7303999999999999,3430,3
International Journal of Preventive Curative & Community Medicine,2,4,2.0,0.19465,3432,3
International Journal of Public Policy,2,4,2.0,0.11535,3434,3
Journal of Economics and Management,2,4,2.0,0.2071,3436,3
Journal of Karnali Academy of Health Sciences,2,4,2.0,0.74115,3438,3
Journal of Pharmacy Practice and Community Medicine,2,4,2.0,0.16415,3440,3
PAMJ - One Health,2,4,2.0,0.3172,3442,3
Research Journal of Finance and Accounting,2,4,2.0,0.4605,3444,3
Savannah Journal of Medical Research and Practice,2,4,2.0,0.37265,3446,3
Tanzania Journal of Science,2,4,2.0,0.53875,3448,3
Africagrowth agenda,2,3,1.5,0.0,3450,3
African Evaluation Journal,2,3,1.5,0.26215,3452,3
Asia-Pacific Journal of Rural Development,2,3,1.5,0.3304,3454,3
Bulletin of satistics and economics,2,3,1.5,0.36985,3456,3
GSC Biological and Pharmaceutical Sciences,2,3,1.5,0.23435,3458,3
Journal of Health Research,2,3,1.5,0.0,3460,3
Journal of Quality in Health Care & Economics,2,3,1.5,0.31165,3462,3
Journal of Social and Political Sciences,2,3,1.5,0.3017,3464,3
SN Social Sciences,2,3,1.5,0.4239,3466,3
npj Health Systems,2,3,1.5,1.81575,3468,3
BMC Oral Health,2,2,1.0,3.1356,3470,3
European Journal of Economic and Financial Research,2,2,1.0,0.18585,3472,3
INTERNATIONAL JOURNAL OF MANAGEMENT,2,2,1.0,0.1136,3474,3
Indian Journal of Marketing,2,2,1.0,0.0,3476,3
International Affairs and Global Strategy,2,2,1.0,0.0,3478,3
International Journal of Human Resources Development and Management,2,2,1.0,0.2032,3480,3
Janapriya Journal of Interdisciplinary Studies,2,2,1.0,0.11365,3482,3
Journal of Management and Research,2,2,1.0,0.28225,3484,3
Journal of Preventive and Social Medicine,2,2,1.0,0.14885,3486,3
Journal of Rural Development,2,2,1.0,0.0,3488,3
Pravaha,2,2,1.0,0.23615,3490,3
Public Health Open Access,2,2,1.0,0.24155,3492,3
SAARJ Journal on Banking & Insurance Research,2,2,1.0,0.0,3494,3
Social Science and Humanities Journal,2,2,1.0,0.4233,3496,3
ABUAD Journal of Social and Management Sciences,2,1,0.5,0.794,3498,3
AVRUG-bulletin/Afrika Focus,2,1,0.5,0.0,3500,3
African Journal of Management Research,2,1,0.5,0.0,3502,3
American Journal of Health Research,2,1,0.5,0.1005,3504,3
Australian Journal of Business and Management Research,2,1,0.5,0.61795,3506,3
EPRA International Journal of Economic and Business Review,2,1,0.5,0.18515,3508,3
IBADAN JOURNAL OF THE SOCIAL SCIENCES,2,1,0.5,0.3028,3510,3
Interdisciplinary Journal of Innovation in Nepalese Academia,2,1,0.5,0.26325,3512,3
International Journal of Innovative Technology and Exploring Engineering,2,1,0.5,0.1441,3514,3
International Journal of Interdisciplinary Research Methods,2,1,0.5,0.1816,3516,3
International Journal of Psychosocial Rehabilitation,2,1,0.5,0.1191,3518,3
International Journal of Public Health Asia Pacific (IJPHAP),2,1,0.5,0.1963,3520,3
International journal of scientific research,2,1,0.5,0.0,3522,3
Journal of Commerce & Behavioural Science,2,1,0.5,0.0,3524,3
Journal of Pharmaceutical and Allied Sciences,2,1,0.5,0.28215,3526,3
Journal of Resources Development and Management,2,1,0.5,0.0642,3528,3
Journal of Tikapur Multiple Campus,2,1,0.5,0.0,3530,3
Kanem Journal of Medical Sciences,2,1,0.5,0.11365,3532,3
Nigerian Journal of Family Practice,2,1,0.5,0.2173,3534,3
Patient Experience Journal,2,1,0.5,0.17175,3536,3
Shanlax International Journal of Arts Science and Humanities,2,1,0.5,0.1963,3538,3
Shanlax International Journal of Management,2,1,0.5,0.0,3540,3
Tanzania Journal of Sociology,2,1,0.5,0.0,3542,3
The Bangladesh Development Studies,2,1,0.5,0.0,3544,3
The Egyptian Journal of Community Medicine,2,1,0.5,0.10555,3546,3
Tishreen University Journal- Arts and Humanities Sciences Series,2,1,0.5,0.0,3548,3
World Research of Business Administration Journal,2,1,0.5,0.27175,3550,3
المجلة العلمية للبحوث التجارية (جامعة المنوفية),2,1,0.5,0.09745,3552,3
"2015 APHA Annual Meeting & Expo (Oct. 31 - Nov. 4, 2015)",2,0,0.0,0.0,3554,3
ACADEMIA International Journal for Social Sciences,2,0,0.0,0.0,3556,3
Advance Social Science Archive Journal,2,0,0.0,0.0,3558,3
African Journal of Accounting and Social Science Studies,2,0,0.0,0.0,3560,3
African Journal of One Health ISSN,2,0,0.0,0.0,3562,3
American Journal of Medicine and Health Care,2,0,0.0,0.0,3564,3
Asian Journal of Economics Business and Accounting,2,0,0.0,0.0,3566,3
Asian Research Journal of Arts & Social Sciences,2,0,0.0,0.0,3568,3
Australasian Journal of Paramedicine,2,0,0.0,0.0,3570,3
Biomedical Statistics and Informatics,2,0,0.0,0.0,3572,3
Bodhi International Journal of Research in Humanities Arts and Science,2,0,0.0,0.0,3574,3
British Journal of Healthcare Management,2,0,0.0,0.0,3576,3
Current Journal of Applied Science and Technology,2,0,0.0,0.0,3578,3
DECISION,2,0,0.0,0.0,3580,3
DiamondBridge Economics and Business Journal,2,0,0.0,0.0,3582,3
Discover Global Society,2,0,0.0,0.0,3584,3
Dutse Journal of Pure and Applied Sciences,2,0,0.0,0.0,3586,3
EPRA International Journal of Economics Business and Management Studies,2,0,0.0,0.0,3588,3
EPRA International Journal of Research & Development (IJRD),2,0,0.0,0.0,3590,3
Emerald Emerging Markets Case Studies,2,0,0.0,0.0,3592,3
FUDMA Journal of Sciences,2,0,0.0,0.0,3594,3
GIS Business,2,0,0.0,0.0,3596,3
GOMBE JOURNAL OF ADMINISTRATION AND MANAGEMENT (GJAM),2,0,0.0,0.0,3598,3
Global Journal of Pure and Applied Sciences,2,0,0.0,0.0,3600,3
INTERNATIONAL JOURNAL OF CREATIVE RESEARCH THOUGHTS,2,0,0.0,0.0,3602,3
INTERNATIONAL JOURNAL OF ECONOMICS AND FINANCIAL MANAGEMENT,2,0,0.0,0.0,3604,3
Iconic Research and Engineering Journals,2,0,0.0,0.0,3606,3
Innovation Science and Technology,2,0,0.0,0.0,3608,3
International Journal for Novel Research in Economics Finance and Management,2,0,0.0,0.0,3610,3
International Journal of Advance Research in Community Health Nursing,2,0,0.0,0.0,3612,3
International Journal of Advanced Research in Management and Social Sciences,2,0,0.0,0.0,3614,3
International Journal of Business Innovation and Research,2,0,0.0,0.0,3616,3
International Journal of Community and Cooperative Studies,2,0,0.0,0.0,3618,3
International Journal of Computer Applications,2,0,0.0,0.0,3620,3
International Journal of Development and Management Review,2,0,0.0,0.0,3622,3
International Journal of Economic Behavior and Organization,2,0,0.0,0.0,3624,3
International Journal of Economics and Management,2,0,0.0,0.0,3626,3
International Journal of Engineering Technology Research & Management,2,0,0.0,0.0,3628,3
International Journal of Latest Technology in Engineering Management & Applied Science,2,0,0.0,0.0,3630,3
International Journal of Research Publications,2,0,0.0,0.0,3632,3
International Journal of Research and Innovation in Applied Science,2,0,0.0,0.0,3634,3
International Journal of Science and Research (IJSR),2,0,0.0,0.0,3636,3
International Journal of Science and Research Archive,2,0,0.0,0.0,3638,3
International Journal of Scientific Research in Science Engineering and Technology,2,0,0.0,0.0,3640,3
International Journal of Services and Operations Management,2,0,0.0,0.0,3642,3
International Journal of Social Science and Human Research,2,0,0.0,0.0,3644,3
International Journal of Versatile Research and Analysis,2,0,0.0,0.0,3646,3
International Perspectives on Sexual and Reproductive Health,2,0,0.0,0.0,3648,3
International Research Journal of Modernization in Engineering Technology and Science,2,0,0.0,0.0,3650,3
International Scientific Journal of Engineering and Management,2,0,0.0,0.0,3652,3
International journal of applied research,2,0,0.0,0.0,3654,3
JMIR Research Protocols,2,0,0.0,0.0,3656,3
JOURNAL OF ACCOUNTING AND FINANCIAL MANAGEMENT,2,0,0.0,0.0,3658,3
Journal of Clinical and Metabolism Studies,2,0,0.0,0.0,3660,3
Journal of College of Medical Sciences-Nepal,2,0,0.0,0.0,3662,3
Journal of Commerce and Trade,2,0,0.0,0.0,3664,3
Journal of Critical Reviews,2,0,0.0,0.0,3666,3
Journal of Datta Meghe Institute of Medical Sciences University,2,0,0.0,0.0,3668,3
Journal of Economic Insights and Research (JEIR),2,0,0.0,0.0,3670,3
Journal of Health and Allied Sciences NU,2,0,0.0,0.0,3672,3
Journal of Interventional Epidemiology and Public Health,2,0,0.0,0.0,3674,3
Journal of Medicine Nursing & Public Health,2,0,0.0,0.0,3676,3
Journal of Preventive and Rehabilitative Medicine,2,0,0.0,0.0,3678,3
Journal of economic cooperation and development,2,0,0.0,0.0,3680,3
MRIMS Journal of Health Sciences,2,0,0.0,0.0,3682,3
Myanmar Health Sciences Research Journal,2,0,0.0,0.0,3684,3
Nepal Medical College Journal,2,0,0.0,0.0,3686,3
Nigerian Journal of Basic and Clinical Sciences.,2,0,0.0,0.0,3688,3
PharmacoEconomics & Outcomes News,2,0,0.0,0.0,3690,3
Psychology and Education Journal,2,0,0.0,0.0,3692,3
QJM,2,0,0.0,0.0,3694,3
Review of Law Sciences,2,0,0.0,0.0,3696,3
Revue Africaine des Sciences Sociales et de la Sante Publique,2,0,0.0,0.0,3698,3
SAS Journal of Medicine,2,0,0.0,0.0,3700,3
SCIREA Journal of Sociology,2,0,0.0,0.0,3702,3
ShodhKosh Journal of Visual and Performing Arts,2,0,0.0,0.0,3704,3
Studies in Indian Place Names,2,0,0.0,0.0,3706,3
Tanzania Medical Journal,2,0,0.0,0.0,3708,3
The Journal of Risk Management,2,0,0.0,0.0,3710,3
The Management Accountant Journal,2,0,0.0,0.0,3712,3
Transactions of the Royal Society of Tropical Medicine and Hygiene,2,0,0.0,0.0,3714,3
"World Academy of Science, Engineering and Technology, International Journal of Economics and Management Engineering",2,0,0.0,0.0,3716,3
World Scientific Book Chapters,2,0,0.0,0.0,3718,3
international journal of research in computer application & management,2,0,0.0,0.0,3720,3
The critical review of social sciences studies,2,0,0.0,0.0,3722,3
مجلة البحوث المالیة والتجاریة,2,0,0.0,0.0,3724,3
The Quarterly Journal of Economics,1,643,643.0,53.6625,3725,3
World Journal of Diabetes,1,164,164.0,4.4231,3726,3
The World Bank Research Observer,1,124,124.0,14.1143,3727,3
Renal Failure,1,114,114.0,2.6115,3728,3
Diabetes Care,1,112,112.0,7.9403,3729,3
The Developing Economies,1,99,99.0,10.0014,3730,3
International Journal of Epidemiology,1,97,97.0,19.3276,3731,3
Expert Review of Anti-infective Therapy,1,95,95.0,15.0711,3732,3
International Psychogeriatrics,1,91,91.0,3.0249,3733,3
BJPsych Open,1,88,88.0,9.4227,3734,3
International Journal of Information Management Data Insights,1,76,76.0,22.4197,3735,3
Environment and Planning C Government and Policy,1,75,75.0,6.6418,3736,3
Milbank Quarterly,1,68,68.0,9.6859,3737,3
Asia Pacific Journal of Public Health,1,66,66.0,5.5896,3738,3
"Journal of Behavioural Economics, Finance, Entrepreneurship, Accounting and Transport",1,66,66.0,1.3641,3739,3
Enterprise Development and Microfinance,1,60,60.0,2.0967,3740,3
JAMA Internal Medicine,1,60,60.0,4.7206,3741,3
International Journal of Sociology and Social Policy,1,47,47.0,7.5843,3742,3
Social Change,1,46,46.0,1.9628,3743,3
Annals of Medicine and Surgery,1,45,45.0,7.2088,3744,3
Vilakshan – XIMB Journal of Management,1,45,45.0,4.7131,3745,3
Intestinal Research,1,44,44.0,5.1076,3746,3
Education Economics,1,43,43.0,5.2946,3747,3
Technological Forecasting and Social Change,1,43,43.0,3.7157,3748,3
Journal of Engineering,1,42,42.0,2.4044,3749,3
Applied Economics Letters,1,41,41.0,1.3142,3750,3
European Journal of Investigation in Health Psychology and Education,1,41,41.0,5.0926,3751,3
International Journal of Quality & Reliability Management,1,41,41.0,3.2347,3752,3
Nephrology,1,40,40.0,4.538,3753,3
Tropical Doctor,1,38,38.0,6.5982,3754,3
Clinical Governance An International Journal,1,37,37.0,2.6964,3755,3
Annals of Ibadan Postgraduate Medicine,1,35,35.0,0.4262,3756,3
Health and Quality of Life Outcomes,1,34,34.0,2.0581,3757,3
Indian Pediatrics,1,34,34.0,5.231,3758,3
Business Strategy & Development,1,33,33.0,5.5759,3759,3
Health Services Research,1,33,33.0,3.7997,3760,3
International Dental Journal,1,33,33.0,1.2524,3761,3
International Journal of Medical Science and Public Health,1,33,33.0,3.7646,3762,3
Journal of Mixed Methods Research,1,33,33.0,3.3196,3763,3
Movement Disorders,1,33,33.0,0.8492,3764,3
American Journal of Health Economics,1,32,32.0,14.7097,3765,3
The Annals of Applied Statistics,1,32,32.0,3.3947,3766,3
Indian Economic Review,1,31,31.0,2.9553,3767,3
International Journal of Asian Social Science,1,31,31.0,1.2801,3768,3
Journal of Cancer Epidemiology,1,30,30.0,1.6533,3769,3
IMF Working Paper,1,29,29.0,1.8795,3770,3
International Journal of Women s Health,1,29,29.0,7.4974,3771,3
Journal of Economic Behavior & Organization,1,29,29.0,9.148,3772,3
Asian Social Science,1,28,28.0,3.4916,3773,3
International Journal of Finance & Economics,1,28,28.0,0.0,3774,3
Oxford Development Studies,1,28,28.0,0.8887,3775,3
Journal of Sustainable Development,1,27,27.0,1.6825,3776,3
World Review of Political Economy,1,27,27.0,2.7281,3777,3
International Journal of Africa Nursing Sciences,1,26,26.0,3.4334,3778,3
Journal of Tropical Medicine,1,26,26.0,1.9699,3779,3
Antibiotics,1,25,25.0,1.585,3780,3
Journal of Marketing Analytics,1,25,25.0,3.9935,3781,3
Rural and Remote Health,1,25,25.0,2.2033,3782,3
Drugs - Real World Outcomes,1,24,24.0,1.2287,3783,3
Epilepsia,1,24,24.0,0.516,3784,3
International Journal of Cardiology,1,24,24.0,1.6054,3785,3
Energy,1,23,23.0,0.961,3786,3
Millennial Asia,1,23,23.0,2.7281,3787,3
Commonwealth Law Bulletin,1,22,22.0,0.0,3788,3
Evidence-based Complementary and Alternative Medicine,1,22,22.0,4.2654,3789,3
Open Access Macedonian Journal of Medical Sciences,1,22,22.0,2.9225,3790,3
Cogent Social Sciences,1,21,21.0,2.7904,3791,3
International Review of Economics,1,21,21.0,3.0856,3792,3
Medical Entomology and Zoology,1,21,21.0,1.417,3793,3
Pharmacoeconomics open access,1,21,21.0,2.8294,3794,3
The Journal of Applied Laboratory Medicine,1,21,21.0,1.4807,3795,3
Dialogues in Health,1,20,20.0,4.9285,3796,3
Journal of Cleaner Production,1,20,20.0,3.5518,3797,3
Medical Mycology Open Access,1,20,20.0,2.2201,3798,3
AIDS Care,1,19,19.0,1.0504,3799,3
BMC Medical Informatics and Decision Making,1,19,19.0,4.8668,3800,3
Emerging Science Journal,1,19,19.0,4.2576,3801,3
Jos Journal of Medicine,1,19,19.0,1.155,3802,3
Journal of Finance & Economics,1,19,19.0,0.5035,3803,3
Medical Anthropology Quarterly,1,19,19.0,2.5378,3804,3
Primary Health Care Research & Development,1,19,19.0,1.8762,3805,3
American Economic Journal Applied Economics,1,18,18.0,4.7505,3806,3
Basic & Clinical Pharmacology & Toxicology,1,18,18.0,0.3006,3807,3
Health Promotion International,1,18,18.0,11.4421,3808,3
International Journal of Applied and Basic Medical Research,1,18,18.0,0.0,3809,3
The Economic Journal,1,18,18.0,2.1175,3810,3
Timisoara Journal of Economics and Business,1,18,18.0,1.3335,3811,3
African Journal of Biomedical Research,1,17,17.0,0.4706,3812,3
Diversity & Equality in Health and Care,1,17,17.0,0.8313,3813,3
International Review of Social History,1,17,17.0,3.4745,3814,3
Journal of Dental Research,1,17,17.0,11.1292,3815,3
Journal of Financial Services Marketing,1,17,17.0,5.2871,3816,3
Journal of Global Marketing,1,17,17.0,0.0,3817,3
Journal of Occupational Health,1,17,17.0,2.839,3818,3
Renal Replacement Therapy,1,17,17.0,1.2676,3819,3
Trakia Journal of Sciences,1,17,17.0,0.6724,3820,3
AIDS,1,16,16.0,2.0719,3821,3
Forman Journal of Economic Studies,1,16,16.0,0.0,3822,3
International Journal of Learning and Development,1,16,16.0,0.0,3823,3
International Journal of Public Policy and Administration Research,1,16,16.0,3.6401,3824,3
Societies,1,16,16.0,2.1535,3825,3
African Journal of Medical and Health Sciences,1,15,15.0,0.0,3826,3
Food Policy,1,15,15.0,1.4998,3827,3
International Journal of Injury Control and Safety Promotion,1,15,15.0,1.4878,3828,3
Journal of Applied Sciences,1,15,15.0,0.4265,3829,3
Journal of Medical Internet Research,1,15,15.0,5.5566,3830,3
Journal of Natural Science Biology and Medicine,1,15,15.0,1.2534,3831,3
MEDICC Review,1,15,15.0,1.3847,3832,3
British Journal of Economics Management & Trade,1,14,14.0,2.0022,3833,3
International Journal of General Medicine,1,14,14.0,1.5913,3834,3
Kidney International Reports,1,14,14.0,1.1033,3835,3
PharmacoEconomics - Open,1,14,14.0,2.356,3836,3
Scandinavian Journal of Social Medicine,1,14,14.0,1.2114,3837,3
Journal of End-to-End-testing,1,13,13.0,1.7077,3838,3
Journal of Medicine Surgery and Public Health,1,13,13.0,3.1849,3839,3
Journal of Tropical Pediatrics,1,13,13.0,0.4789,3840,3
Medical Anthropology,1,13,13.0,2.6486,3841,3
Regional Science Policy & Practice,1,13,13.0,4.8459,3842,3
Vaccine,1,13,13.0,0.938,3843,3
Critical Public Health,1,12,12.0,3.1997,3844,3
Ghana Studies,1,12,12.0,0.4177,3845,3
Global Policy,1,12,12.0,3.3505,3846,3
International Journal of Economic Sciences,1,12,12.0,1.9884,3847,3
International Journal of Self Help and Self Care,1,12,12.0,1.5096,3848,3
Rwanda Journal,1,12,12.0,0.6724,3849,3
American Journal of Social and Management Sciences,1,11,11.0,0.0,3850,3
Asian Pacific Journal of Cancer Care,1,11,11.0,1.4972,3851,3
BMC Infectious Diseases,1,11,11.0,2.1969,3852,3
Comptes Rendus Biologies,1,11,11.0,1.0475,3853,3
International Journal of Tropical Medicine,1,11,11.0,1.2269,3854,3
Pediatric Blood & Cancer,1,11,11.0,1.4381,3855,3
International Journal of Drug Development and Research,1,10,10.0,0.0,3856,3
International Journal of Health & Allied Sciences,1,10,10.0,2.4232,3857,3
International journal of health and life sciences,1,10,10.0,1.3239,3858,3
Journal of Clinical Sciences,1,10,10.0,0.0,3859,3
Journal of Developing Economies,1,10,10.0,2.3341,3860,3
Journal of Humanities and Applied Social Sciences,1,10,10.0,1.3327,3861,3
Journal of Policy Modeling,1,10,10.0,0.9069,3862,3
MOJ Public Health,1,10,10.0,1.5227,3863,3
Postgraduate Medical Journal,1,10,10.0,0.8856,3864,3
Public Administration and Policy,1,10,10.0,0.8769,3865,3
South Asian Survey,1,10,10.0,0.4506,3866,3
The Scientific World JOURNAL,1,10,10.0,1.9731,3867,3
African Journal of Economic Policy,1,9,9.0,0.6123,3868,3
American Journal of Hematology,1,9,9.0,0.0,3869,3
Archives of Pharmacy Practice,1,9,9.0,0.3021,3870,3
Asian Journal of Research in Medical and Pharmaceutical Sciences,1,9,9.0,0.8491,3871,3
Asian and Pacific migration journal,1,9,9.0,2.2732,3872,3
Economics Management and Financial Markets,1,9,9.0,0.0,3873,3
European Journal of Medical and Health Research,1,9,9.0,3.6541,3874,3
Feminist Economics,1,9,9.0,0.0,3875,3
Forest Policy and Economics,1,9,9.0,0.5106,3876,3
Health Economics & Outcome Research Open Access,1,9,9.0,1.2739,3877,3
International Journal of Maternal and Child Health and AIDS,1,9,9.0,1.0286,3878,3
International Journal of Medicine and Medical Sciences,1,9,9.0,3.4579,3879,3
JMIR mhealth and uhealth,1,9,9.0,0.6701,3880,3
Journal of Geriatric Mental Health,1,9,9.0,0.6474,3881,3
Journal of Pharmaceutics,1,9,9.0,0.7493,3882,3
Journal of Public Health Policy,1,9,9.0,1.4968,3883,3
Journal of Scientific Research and Reports,1,9,9.0,1.8807,3884,3
Review of Behavioral Finance,1,9,9.0,1.5025,3885,3
SAGE Open Nursing,1,9,9.0,1.79,3886,3
African Journal of Oral Health,1,8,8.0,0.0,3887,3
Central African Journal of Medicine,1,8,8.0,0.4324,3888,3
Cogent Medicine,1,8,8.0,1.4554,3889,3
Health and Technology,1,8,8.0,1.3604,3890,3
Heart Asia,1,8,8.0,0.5674,3891,3
Indian Journal of Occupational and Environmental Medicine,1,8,8.0,0.5539,3892,3
International Journal of Perceptions in Public Health,1,8,8.0,0.6612,3893,3
International Journal of Social and Administrative Sciences,1,8,8.0,1.272,3894,3
J of Health Science,1,8,8.0,1.2939,3895,3
Journal of Indian College of Cardiology,1,8,8.0,1.3332,3896,3
Open Medicine Journal,1,8,8.0,0.8756,3897,3
Politique africaine,1,8,8.0,2.4999,3898,3
Public Health in Practice,1,8,8.0,11.8405,3899,3
Public health reviews,1,8,8.0,0.8987,3900,3
Revista de Saúde Pública,1,8,8.0,0.4071,3901,3
Surgery,1,8,8.0,1.9745,3902,3
ANNALS AND ESSENCES OF DENTISTRY,1,7,7.0,0.0,3903,3
African Journal of Science Technology Innovation and Development,1,7,7.0,0.5459,3904,3
BMC Nephrology,1,7,7.0,2.8514,3905,3
BioScience Trends,1,7,7.0,0.0,3906,3
Clinical Nephrology,1,7,7.0,1.2786,3907,3
Health care science,1,7,7.0,1.7183,3908,3
Indian Journal of Private Psychiatry,1,7,7.0,1.103,3909,3
International Journal of Cardiology Cardiovascular Risk and Prevention,1,7,7.0,1.4437,3910,3
International Journal of Computer Science Engineering and Applications,1,7,7.0,0.0,3911,3
International Journal of Medical Case Reports and Reviews,1,7,7.0,2.5941,3912,3
International Journal of Migration Health and Social Care,1,7,7.0,0.3088,3913,3
Journal of Diabetology,1,7,7.0,0.4219,3914,3
Journal of Education Society and Behavioural Science,1,7,7.0,0.6331,3915,3
Journal of Global Health Reports,1,7,7.0,1.364,3916,3
Journal of Health Research and Reviews,1,7,7.0,0.7616,3917,3
Journal of Islamic Monetary Economics and Finance,1,7,7.0,0.838,3918,3
Journal of Planning and Land Management,1,7,7.0,1.103,3919,3
Nephrology Dialysis Transplantation,1,7,7.0,1.6168,3920,3
Shanlax International Journal of Commerce,1,7,7.0,0.9418,3921,3
Vaccine X,1,7,7.0,2.2462,3922,3
American Journal of Engineering and Applied Sciences,1,6,6.0,2.6813,3923,3
Asian-Pacific Economic Literature,1,6,6.0,1.9673,3924,3
BMC Digital Health,1,6,6.0,1.8692,3925,3
BMC Medical Research Methodology,1,6,6.0,0.7493,3926,3
Bangladesh Journal of Medical Education,1,6,6.0,0.588,3927,3
Global Journal on Quality and Safety in Healthcare,1,6,6.0,4.0806,3928,3
Health Systems,1,6,6.0,0.6514,3929,3
Indiana Journal of Global Legal Studies,1,6,6.0,0.666,3930,3
International Healthcare Research Journal,1,6,6.0,0.0,3931,3
International Journal of Banking Risk and Insurance,1,6,6.0,0.0,3932,3
Journal of Agriculture and Food Research,1,6,6.0,5.2608,3933,3
Journal of Demographic Economics,1,6,6.0,1.6165,3934,3
Oxford Open Digital Health,1,6,6.0,3.9071,3935,3
Risks,1,6,6.0,1.4761,3936,3
The Journal of Maternal-Fetal & Neonatal Medicine,1,6,6.0,0.5874,3937,3
The Journal of the Economics of Ageing,1,6,6.0,0.8478,3938,3
経済研究,1,6,6.0,1.7302,3939,3
Archives of Medicine and Health Sciences,1,5,5.0,0.8348,3940,3
Asian Journal of Economic Modelling,1,5,5.0,1.2271,3941,3
Asian Review of Social Sciences,1,5,5.0,0.0,3942,3
Curationis,1,5,5.0,0.5695,3943,3
Disability CBR & Inclusive Development,1,5,5.0,0.8041,3944,3
Egyptian Journal of Occupational Medicine,1,5,5.0,0.0,3945,3
Global Health Journal,1,5,5.0,2.0117,3946,3
Health Care For Women International,1,5,5.0,0.4525,3947,3
Ibadan Journal of Sociology,1,5,5.0,0.8719,3948,3
Indian Journal of Forensic and Community Medicine,1,5,5.0,0.0,3949,3
Indian Journal of Labour Economics,1,5,5.0,1.2321,3950,3
Indian Public Policy Review,1,5,5.0,3.1328,3951,3
International Journal of Health Sciences and Research,1,5,5.0,0.6247,3952,3
Journal of Evolution of Medical and Dental Sciences,1,5,5.0,0.0,3953,3
Journal of Lumbini Medical College,1,5,5.0,0.6564,3954,3
Journal of Oral Health and Community Dentistry,1,5,5.0,0.4601,3955,3
Journal of Self-Governance and Management Economics,1,5,5.0,0.0,3956,3
NURTURE,1,5,5.0,1.8513,3957,3
Nepal Medical Journal,1,5,5.0,0.4343,3958,3
Open Health,1,5,5.0,2.0535,3959,3
Perspectives in Public Health,1,5,5.0,1.8638,3960,3
Population review,1,5,5.0,0.0,3961,3
Port Harcourt Medical Journal,1,5,5.0,0.6133,3962,3
Public Finance and Management,1,5,5.0,0.0,3963,3
TAF Preventive Medicine Bulletin,1,5,5.0,2.4135,3964,3
The Hastings Center Report,1,5,5.0,1.0617,3965,3
UDS International Journal of Development,1,5,5.0,1.0356,3966,3
Urban Forum,1,5,5.0,1.7511,3967,3
Verslas teorija ir praktika,1,5,5.0,0.3283,3968,3
The Journal of developing areas,1,5,5.0,1.039,3969,3
AIMS Mathematics,1,4,4.0,1.4884,3970,3
Africa Development,1,4,4.0,0.9376,3971,3
Canadian Journal of Surgery,1,4,4.0,0.0,3972,3
Child Indicators Research,1,4,4.0,0.4125,3973,3
Clinical Case Reports and Reviews,1,4,4.0,0.0,3974,3
Forum for Health Economics & Policy,1,4,4.0,0.0,3975,3
Global Heart,1,4,4.0,41.839,3976,3
India Policy Forum,1,4,4.0,1.3674,3977,3
Indian Journal of Thoracic and Cardiovascular Surgery,1,4,4.0,0.9857,3978,3
International Journal of Geoinformatics,1,4,4.0,1.6938,3979,3
International Journal of Healthcare,1,4,4.0,0.8811,3980,3
International Journal of Productivity and Performance Management,1,4,4.0,2.7273,3981,3
Journal of African Development,1,4,4.0,0.5038,3982,3
Journal of BP Koirala Institute of Health Sciences,1,4,4.0,0.6622,3983,3
Journal of Public Administration and Policy Research,1,4,4.0,0.7123,3984,3
KINFORMS,1,4,4.0,1.0886,3985,3
Mathematical Modelling and Engineering Problems,1,4,4.0,0.1789,3986,3
Menoufia Medical Journal,1,4,4.0,0.0,3987,3
Nutrition & Food Science,1,4,4.0,0.9554,3988,3
Pharmacology &amp Pharmacy,1,4,4.0,0.4831,3989,3
Postgraduate Medical Journal of Ghana,1,4,4.0,0.2066,3990,3
Prabandhan Indian Journal of Management,1,4,4.0,0.0,3991,3
Science Journal of Applied Mathematics and Statistics,1,4,4.0,1.3512,3992,3
Seikei ronsō/Review of economics and political science,1,4,4.0,0.6954,3993,3
South African Historical Journal,1,4,4.0,1.9152,3994,3
The Economic Research,1,4,4.0,0.0,3995,3
The Internet Journal of Health,1,4,4.0,0.4077,3996,3
ARBITRASE Journal of Economics and Accounting,1,3,3.0,0.5681,3997,3
ARC Journal of Clinical Case Reports,1,3,3.0,0.5333,3998,3
AStA Wirtschafts- und Sozialstatistisches Archiv,1,3,3.0,0.4848,3999,3
Action Research,1,3,3.0,1.2742,4000,3
African Journal of AIDS Research,1,3,3.0,0.6901,4001,3
Asian Academy of Management Journal,1,3,3.0,0.4413,4002,3
Asian Survey,1,3,3.0,0.0,4003,3
Asian journal of African studies,1,3,3.0,1.6261,4004,3
CBN Journal of Applied Statistics (JAS),1,3,3.0,0.3671,4005,3
Chettinad Health City Medical Journal,1,3,3.0,4.4303,4006,3
Clinical & Experimental Allergy,1,3,3.0,1.8823,4007,3
East African Journal of Public Health,1,3,3.0,0.0,4008,3
Food science and quality management,1,3,3.0,0.6781,4009,3
Frontiers in Global Women s Health,1,3,3.0,5.8917,4010,3
Global Journal of Infectious Diseases and Clinical Research,1,3,3.0,0.6616,4011,3
Global Journal of Social Sciences,1,3,3.0,1.1108,4012,3
Healthcare in Low-resource Settings,1,3,3.0,0.0,4013,3
Human Vaccines & Immunotherapeutics,1,3,3.0,0.323,4014,3
IJID Regions,1,3,3.0,0.4769,4015,3
Indian Journal of Public Administration,1,3,3.0,1.1183,4016,3
Infectious Diseases of Poverty,1,3,3.0,0.8645,4017,3
International Journal for Research in Applied Science and Engineering Technology,1,3,3.0,0.6199,4018,3
International Journal of Academic Research in Economics and Management Sciences,1,3,3.0,0.6364,4019,3
International Journal of Anthropology and Ethnology,1,3,3.0,1.2873,4020,3
International Journal of Ecology & Development,1,3,3.0,0.952,4021,3
International Journal of Pharmaceutical and Healthcare Marketing,1,3,3.0,0.7435,4022,3
International Journal of Research in Advent Technology,1,3,3.0,0.2686,4023,3
Investment Management and Financial Innovations,1,3,3.0,0.835,4024,3
Issues in Business Management and Economics,1,3,3.0,0.8503,4025,3
JOURNAL OF CURRENT DEBATES IN SOCIAL SCIENCES,1,3,3.0,0.5092,4026,3
JOURNAL OF SOCIAL SCIENCE RESEARCH,1,3,3.0,0.2273,4027,3
Jogelméleti Szemle,1,3,3.0,0.7362,4028,3
Journal of Accounting Finance and Auditing Studies,1,3,3.0,1.1151,4029,3
Journal of Armed Forces Medical College Bangladesh,1,3,3.0,0.4412,4030,3
Journal of Global Health Care Systems,1,3,3.0,1.0522,4031,3
Journal of Global Scholars of Marketing Science,1,3,3.0,0.9319,4032,3
Journal of Health Politics Policy and Law,1,3,3.0,0.0,4033,3
Journal of Human Hypertension,1,3,3.0,1.8823,4034,3
Journal of Mental Health and Human Behaviour,1,3,3.0,0.4704,4035,3
Nnamdi Azikiwe University Journal of International Law and Jurisprudence,1,3,3.0,0.2882,4036,3
Orphanet Journal of Rare Diseases,1,3,3.0,0.2663,4037,3
PLoS neglected tropical diseases,1,3,3.0,0.3327,4038,3
Pakistan Journal of Health Sciences,1,3,3.0,0.7362,4039,3
Pharmacoepidemiology and Drug Safety,1,3,3.0,0.2931,4040,3
Public Health Nutrition,1,3,3.0,0.3407,4041,3
Radiology Research and Practice,1,3,3.0,0.1277,4042,3
SCIREA Journal of Health,1,3,3.0,0.7362,4043,3
Social Policy and Society,1,3,3.0,1.2495,4044,3
Social Work and Social Welfare,1,3,3.0,0.3318,4045,3
Studies in Social Science & Humanities,1,3,3.0,0.7354,4046,3
Türk bilgisayar ve matematik eğitimi dergisi,1,3,3.0,0.4723,4047,3
Venereology,1,3,3.0,4.0632,4048,3
ACTA ECONOMICA,1,2,2.0,0.5333,4049,3
Academic Medicine & Surgery,1,2,2.0,2.2803,4050,3
Academic Review of Humanities and Social Sciences,1,2,2.0,0.2273,4051,3
Acta Scientific Pharmaceutical Sciences,1,2,2.0,0.5558,4052,3
African Journal of Anaesthesia and Intensive Care,1,2,2.0,0.0,4053,3
African Journal of Midwifery and Women s Health,1,2,2.0,0.0,4054,3
American International Journal of Multidisciplinary Scientific Research,1,2,2.0,0.5934,4055,3
American academic & scholarly research journal,1,2,2.0,0.6309,4056,3
Applied Soft Computing,1,2,2.0,43.4837,4057,3
Archives of Medicine,1,2,2.0,0.4613,4058,3
Asian Economic Policy Review,1,2,2.0,0.4706,4059,3
BLDE University Journal of Health Sciences,1,2,2.0,0.4156,4060,3
Canadian social science,1,2,2.0,0.2387,4061,3
Current Research in Interdisciplinary Studies,1,2,2.0,1.3378,4062,3
E-Journal of Humanities Arts and Social Sciences,1,2,2.0,0.2071,4063,3
East African Journal of Information Technology,1,2,2.0,0.2576,4064,3
Ekonomski horizonti,1,2,2.0,0.5372,4065,3
Finance & Accounting Research Journal,1,2,2.0,0.7356,4066,3
Global Disclosure of Economics and Business,1,2,2.0,0.8763,4067,3
Gümüşhane Üniversitesi Sağlık Bilimleri Dergisi,1,2,2.0,1.3052,4068,3
Health Behavior and Policy Review,1,2,2.0,0.6512,4069,3
Health Sciences Investigations Journal,1,2,2.0,0.8495,4070,3
Healthcare financial management,1,2,2.0,0.0,4071,3
Hospital Topics,1,2,2.0,0.8495,4072,3
Indian Journal of Community and Family Medicine,1,2,2.0,0.0,4073,3
Indian Journal of Ophthalmology,1,2,2.0,0.3601,4074,3
Indian Journal of Sexually Transmitted Diseases and AIDS,1,2,2.0,0.4639,4075,3
Innovation & Management Review,1,2,2.0,4.1842,4076,3
International Journal of Advanced Community Medicine,1,2,2.0,0.0,4077,3
International Journal of Advanced Multidisciplinary Research and Studies,1,2,2.0,3.0166,4078,3
International Journal of Building Pathology and Adaptation,1,2,2.0,2.5061,4079,3
International Journal of Computer Science and Data Engineering,1,2,2.0,2.6358,4080,3
International Journal of Contemporary Research and Review,1,2,2.0,0.4297,4081,3
International Journal of Current Research and Review,1,2,2.0,0.2272,4082,3
International Journal of Economics and Finance,1,2,2.0,0.0,4083,3
International Journal of Management and Development Studies,1,2,2.0,0.7356,4084,3
International Journal of Public Health Research,1,2,2.0,0.6156,4085,3
International Journal of Public Sector Management,1,2,2.0,1.0105,4086,3
International Journal of Research Foundation of Hospital and Healthcare Administration,1,2,2.0,0.0,4087,3
International Journal of Sudan Research,1,2,2.0,0.0,4088,3
International Journal of Surgery Global Health,1,2,2.0,1.0517,4089,3
International and Multidisciplinary Journal of Social Sciences,1,2,2.0,0.3282,4090,3
Iranian Journal of Public Health,1,2,2.0,0.8495,4091,3
Italian Journal of Public Health,1,2,2.0,0.0,4092,3
JINAV Journal of Information and Visualization,1,2,2.0,0.4413,4093,3
Japanese journal of leprosy,1,2,2.0,0.1954,4094,3
Journal of Ayurveda and Holistic medicine.,1,2,2.0,0.4104,4095,3
Journal of Evaluation in Clinical Practice,1,2,2.0,3.176,4096,3
Journal of Global Economy,1,2,2.0,0.8085,4097,3
Journal of Governance and Regulation,1,2,2.0,0.389,4098,3
Journal of Health Inequalities,1,2,2.0,0.7405,4099,3
Journal of Information Technology and Digital World,1,2,2.0,1.0897,4100,3
Journal of Lung Health and Diseases,1,2,2.0,0.0,4101,3
Journal of Maternal and Child Health,1,2,2.0,0.7628,4102,3
Journal of Medical Ethics,1,2,2.0,0.3595,4103,3
Journal of Policy History,1,2,2.0,2.2368,4104,3
Journal of Primary Care & Community Health,1,2,2.0,0.5929,4105,3
Journal of Research and Health,1,2,2.0,0.4142,4106,3
Journal of Social Protection,1,2,2.0,0.0,4107,3
Journal of Social Sciences,1,2,2.0,0.5874,4108,3
Journal of human dynamics,1,2,2.0,0.812,4109,3
Journal of medical research/The journal of medical research,1,2,2.0,0.0,4110,3
Jurnal Bisnis Manajemen dan Ekonomi,1,2,2.0,0.5655,4111,3
KIU Journal of Social Sciences,1,2,2.0,0.4045,4112,3
Korea Association of International Development and Cooperation,1,2,2.0,0.0,4113,3
Malaysian Journal of Medical and Biological Research,1,2,2.0,0.0,4114,3
Momona Ethiopian Journal of Science,1,2,2.0,1.0084,4115,3
Obstetrics and Gynecology Research,1,2,2.0,0.0,4116,3
RA Journal Of Applied Research,1,2,2.0,0.0,4117,3
Revista Gestão Inovação e Tecnologias,1,2,2.0,0.23,4118,3
SN Business & Economics,1,2,2.0,0.4125,4119,3
South Asian Journal of Business and Management Cases,1,2,2.0,1.0886,4120,3
South East Asia Journal of Public Health,1,2,2.0,0.0,4121,3
Sumedha Journal of Management,1,2,2.0,0.0,4122,3
The Geneva Risk and Insurance Review,1,2,2.0,0.0,4123,3
The Journal of African Development,1,2,2.0,0.5291,4124,3
The Journal of Medicine Law & Public Health,1,2,2.0,2.4282,4125,3
Traditional Medicine Research,1,2,2.0,0.2781,4126,3
World Journal of Cardiovascular Diseases,1,2,2.0,0.779,4127,3
生命科学（ISSN1934-7391）,1,2,2.0,0.385,4128,3
"2002 Annual meeting, July 28-31, Long Beach, CA",1,1,1.0,0.0,4129,3
ABUAD Journal of Engineering Research and Development (AJERD),1,1,1.0,0.5421,4130,3
Acta Neurologica Scandinavica,1,1,1.0,0.2353,4131,3
Acta agriculturae Slovenica,1,1,1.0,0.0,4132,3
Administrative Sciences,1,1,1.0,3.5146,4133,3
Africa Environmental Review Journal,1,1,1.0,0.0,4134,3
African Journal of Economics and Sustainable Development,1,1,1.0,0.3706,4135,3
African Journal of Microbiology Research,1,1,1.0,0.0,4136,3
African Journal of Neurological Sciences,1,1,1.0,0.0,4137,3
Agricultural Finance Review,1,1,1.0,0.2816,4138,3
Annals of Clinical and Biomedical Research,1,1,1.0,0.3704,4139,3
Annals of community health,1,1,1.0,0.2306,4140,3
Archives of Current Research International,1,1,1.0,0.2026,4141,3
Archives of Disease in Childhood,1,1,1.0,0.4849,4142,3
Asian Journal of Health Sciences,1,1,1.0,0.2185,4143,3
Asian Journal of Social Sciences and Management Studies,1,1,1.0,0.6818,4144,3
BMC Complementary Medicine and Therapies,1,1,1.0,12.6019,4145,3
BMC Rheumatology,1,1,1.0,0.7854,4146,3
BMJ Case Reports,1,1,1.0,0.2618,4147,3
Business Perspective Review,1,1,1.0,0.2618,4148,3
EKONOMIKA I UPRAVLENIE PROBLEMY RESHENIYA,1,1,1.0,0.2941,4149,3
Economic Sciences.,1,1,1.0,6.4615,4150,3
Economy,1,1,1.0,1.5793,4151,3
Ethiopian journal of public health and nutrition,1,1,1.0,0.0,4152,3
European Heart Journal - Quality of Care and Clinical Outcomes,1,1,1.0,6.3227,4153,3
European Journal of Clinical and Biomedical Sciences,1,1,1.0,0.3895,4154,3
European Journal of Mathematics and Statistics,1,1,1.0,0.6566,4155,3
Financial Engineering,1,1,1.0,1.2141,4156,3
Frontiers in Medicine,1,1,1.0,0.6357,4157,3
GUSAU JOURNAL OF ECONOMICS AND DEVELOPMENT STUDIES,1,1,1.0,0.3698,4158,3
Gender and Behaviour,1,1,1.0,0.0,4159,3
GeoJournal,1,1,1.0,1.1332,4160,3
Global Journal of Medical Research,1,1,1.0,0.2206,4161,3
Global Pediatric Health,1,1,1.0,0.3728,4162,3
Global journal of applied management and social sciences,1,1,1.0,0.0,4163,3
Gynecology and Obstetrics Clinical Medicine,1,1,1.0,0.133,4164,3
Humanities and Social Sciences,1,1,1.0,0.0,4165,3
Humanities and Social Sciences Letters,1,1,1.0,0.2243,4166,3
INTERNATIONAL JOURNAL OF PROFESSIONAL STUDIES,1,1,1.0,0.0,4167,3
INTERNATIONAL JOURNAL OF SCIENTIFIC RESEARCH,1,1,1.0,0.6752,4168,3
ISRN Public Health,1,1,1.0,0.0,4169,3
Indian Journal of Economics and Development,1,1,1.0,0.2585,4170,3
Indian Journal of Pharmaceutical Sciences,1,1,1.0,1.1402,4171,3
Indian Journal of Pharmacy Practice,1,1,1.0,0.1717,4172,3
International Journal in Management and Social Science,1,1,1.0,0.0,4173,3
International Journal of Academic Research in Business and Social Sciences,1,1,1.0,0.2841,4174,3
International Journal of Current Aspects,1,1,1.0,0.0,4175,3
International Journal of Engineering Technologies and Management Research,1,1,1.0,0.2451,4176,3
International Journal of Evidence-Based Healthcare,1,1,1.0,0.0,4177,3
International Journal of Health Policy Planning,1,1,1.0,0.5123,4178,3
International Journal of Health and Medicine,1,1,1.0,0.0834,4179,3
International Journal of Integrative Medical Sciences,1,1,1.0,0.261,4180,3
International Journal of Management and Humanities,1,1,1.0,0.2514,4181,3
International Journal of Multidisciplinary Research & Reviews,1,1,1.0,1.5501,4182,3
International Journal of Mycobacteriology,1,1,1.0,0.1273,4183,3
International Journal of Occupational Safety and Health,1,1,1.0,0.3926,4184,3
International Journal of Public Health and Nursing,1,1,1.0,10.6994,4185,3
International Journal of Reviews and Research in Social Sciences,1,1,1.0,0.0,4186,3
International Journal of Science Technology and Society,1,1,1.0,0.4247,4187,3
International Journal of Scientific Research and Management (IJSRM),1,1,1.0,0.3698,4188,3
International Journal of Scientific Research in Education,1,1,1.0,0.0,4189,3
International Journal of Scientific and Management Research,1,1,1.0,0.3706,4190,3
International Studies Interdisciplinary Political and Cultural Journal,1,1,1.0,0.6522,4191,3
International development policy/Revue internationale de politique de développement,1,1,1.0,0.2698,4192,3
International journal for humanities and social sciences.,1,1,1.0,0.2848,4193,3
"International journal of research in commerce, economics and management",1,1,1.0,0.0,4194,3
International journal of research in social sciences,1,1,1.0,0.0,4195,3
International public management review,1,1,1.0,0.0,4196,3
JAIDS Journal of Acquired Immune Deficiency Syndromes,1,1,1.0,0.0967,4197,3
Japan Journal of Medicine,1,1,1.0,0.1547,4198,3
Journal Healthcare Treatment Development,1,1,1.0,1.2202,4199,3
Journal Of Healthcare In Developing Countries,1,1,1.0,0.2071,4200,3
Journal of Bangladesh College of Physicians and Surgeons,1,1,1.0,0.198,4201,3
Journal of Biosciences and Medicines,1,1,1.0,0.2102,4202,3
Journal of Business Management and Information Systems,1,1,1.0,0.6566,4203,3
Journal of Commerce and Management Thought,1,1,1.0,0.0,4204,3
Journal of Complementary Medicine Research,1,1,1.0,0.198,4205,3
Journal of Contemporary Research in Business Economics and Finance,1,1,1.0,0.3895,4206,3
Journal of Dr. YSR University of Health Sciences.,1,1,1.0,1.3588,4207,3
Journal of Drug Delivery and Therapeutics,1,1,1.0,0.2071,4208,3
Journal of Economic and Business Research,1,1,1.0,0.0,4209,3
Journal of Health Statistics Reports,1,1,1.0,0.4233,4210,3
Journal of Health and Allied Sciences,1,1,1.0,0.207,4211,3
Journal of Indian Academy of Forensic Medicine,1,1,1.0,0.2119,4212,3
Journal of Mass Communication and Journalism,1,1,1.0,0.0,4213,3
Journal of Media and Communication Studies,1,1,1.0,0.0,4214,3
Journal of Medical Science And clinical Research,1,1,1.0,0.0,4215,3
Journal of Oncology Pharmacy Practice,1,1,1.0,0.0,4216,3
Journal of Public Policy and Administration,1,1,1.0,0.4247,4217,3
Journal of Research and Innovation for Sustainable Society,1,1,1.0,0.311,4218,3
Journal of Research in Medical and Dental Science,1,1,1.0,0.3015,4219,3
Journal of Stroke and Cerebrovascular Diseases,1,1,1.0,0.1541,4220,3
Journal of corporate governance insurance and risk management,1,1,1.0,0.2454,4221,3
Jurnal Ekonomi dan Studi Pembangunan,1,1,1.0,0.3703,4222,3
KAS African Law Study Library - Librairie Africaine d’Etudes Juridiques,1,1,1.0,0.0,4223,3
Lapai Journal of Economics,1,1,1.0,0.4233,4224,3
Legal Research Development,1,1,1.0,0.0,4225,3
Modern Economy,1,1,1.0,0.0481,4226,3
Nepal Journal of Public Health,1,1,1.0,1.2202,4227,3
Net Journal of Social Sciences,1,1,1.0,0.5658,4228,3
Open Journal of Nephrology,1,1,1.0,0.2454,4229,3
Open Journal of Psychiatry & Allied Sciences,1,1,1.0,0.0787,4230,3
Pakistan Journal of Public Health,1,1,1.0,0.2988,4231,3
Pan-African Journal of Health and Environmental Science,1,1,1.0,0.4288,4232,3
Policy & Governance Review,1,1,1.0,0.0,4233,3
Qualitative Research in Medicine & Healthcare,1,1,1.0,0.3306,4234,3
RADS Journal of Pharmacy and Pharmaceutical Sciences,1,1,1.0,0.0,4235,3
Ramanujan International Journal of Business and Research,1,1,1.0,0.2267,4236,3
Review of Agricultural Food and Environmental Studies,1,1,1.0,0.0,4237,3
Rupantaran A Multidisciplinary Journal,1,1,1.0,0.6387,4238,3
Rwanda Journal of Medicine and Health Sciences,1,1,1.0,0.6286,4239,3
SAINSMAT Journal of Applied Sciences Mathematics and Its Education,1,1,1.0,0.2977,4240,3
SMART Journal of Business Management Studies,1,1,1.0,0.0,4241,3
Santosh University Journal of Health Sciences,1,1,1.0,1.4921,4242,3
Science,1,1,1.0,0.1479,4243,3
Sexually Transmitted Infections,1,1,1.0,0.0,4244,3
Sociedade e Cultura,1,1,1.0,0.341,4245,3
Surgical Oncology Insight,1,1,1.0,1.3588,4246,3
The Economics and Finance Letters,1,1,1.0,1.5782,4247,3
The Egyptian Family Medicine Journal/The Egyptian Family Medicine Journal ,1,1,1.0,0.0,4248,3
The IUP Journal of Applied Economics,1,1,1.0,0.0,4249,3
The International Journal of Tuberculosis and Lung Disease,1,1,1.0,0.0967,4250,3
The Lancet HIV,1,1,1.0,0.4759,4251,3
UTMS Journal of Economics,1,1,1.0,0.0,4252,3
Verfassung in Recht und Übersee,1,1,1.0,1.0411,4253,3
World Journal of Biology Pharmacy and Health Sciences,1,1,1.0,1.3544,4254,3
World Journal of Research and Review,1,1,1.0,0.9875,4255,3
Zagazig University Medical Journal,1,1,1.0,0.4082,4256,3
"141st APHA Annual Meeting and Exposition (November 2 - November 6, 2013)",1,0,0.0,0.0,4257,3
ABUAD Journal of the Humanities-AGIDIGBO,1,0,0.0,0.0,4258,3
ACADEMICIA An International Multidisciplinary Research Journal,1,0,0.0,0.0,4259,3
AEFUNAI Journal of Economics Finance and Development Studies,1,0,0.0,0.0,4260,3
AKSU Journal of Administration and Corporate Governance,1,0,0.0,0.0,4261,3
AKSU Journal of Social Sciences,1,0,0.0,0.0,4262,3
Academia Research Journal,1,0,0.0,0.0,4263,3
Academic Voices A Multidisciplinary Journal,1,0,0.0,0.0,4264,3
Acta Medica Saliniana,1,0,0.0,0.0,4265,3
Acta Scientific Paediatrics,1,0,0.0,0.0,4266,3
Adarsh Journal of Management Research,1,0,0.0,0.0,4267,3
Advanced Emergency Nursing Journal,1,0,0.0,0.0,4268,3
Advances In Image and Video Processing,1,0,0.0,0.0,4269,3
Advances and Applications in Statistics,1,0,0.0,0.0,4270,3
Advances in Research,1,0,0.0,0.0,4271,3
Africa: rivista trimestrale di studi e documentazione,1,0,0.0,0.0,4272,3
African J of Economic and Sustainable Development,1,0,0.0,0.0,4273,3
African Journal of Commercial Studies,1,0,0.0,0.0,4274,3
African Journal of Finance and Management,1,0,0.0,0.0,4275,3
African Journal of Health Nursing and Midwifery,1,0,0.0,0.0,4276,3
African Journal of Health Safety and Environment,1,0,0.0,0.0,4277,3
African Journal of Inter/Multidisciplinary Studies,1,0,0.0,0.0,4278,3
African Journal of Social Issues,1,0,0.0,0.0,4279,3
African Journal of Social Sciences and Humanities Research,1,0,0.0,0.0,4280,3
African Quarterly Social Science Review,1,0,0.0,0.0,4281,3
African Scientific Reports,1,0,0.0,0.0,4282,3
Agrarwirtschaft,1,0,0.0,0.0,4283,3
Ahmar Metastasis Health Journal,1,0,0.0,0.0,4284,3
Aktualʹnye voprosy sovremennoj èkonomiki.,1,0,0.0,0.0,4285,3
Al-Bahir Journal for Engineering and Pure Sciences,1,0,0.0,0.0,4286,3
Al-Mağallah Al-Dawliyyaẗ Lil Sīyāsāt Al-ʿāmaẗ fi Miṣr,1,0,0.0,0.0,4287,3
American Journal of Development Studies,1,0,0.0,0.0,4288,3
American Journal of Economics and Business Management,1,0,0.0,0.0,4289,3
American Journal of Health Medicine and Nursing Practice,1,0,0.0,0.0,4290,3
American Journal of Interdisciplinary Research and Innovation,1,0,0.0,0.0,4291,3
American Journal of Law & Medicine,1,0,0.0,0.0,4292,3
American journal of mathematics and statistics,1,0,0.0,0.0,4293,3
Analisa Journal of Social Science and Religion,1,0,0.0,0.0,4294,3
Annals of Biomedical Sciences,1,0,0.0,0.0,4295,3
Annals of Dunarea de Jos University of Galati Fascicle I Economics and Applied Informatics,1,0,0.0,0.0,4296,3
Annals of Emergency Medicine,1,0,0.0,0.0,4297,3
Annals of Indian Psychiatry,1,0,0.0,0.0,4298,3
Annals of Management and Organization Research,1,0,0.0,0.0,4299,3
Annals of Oncology,1,0,0.0,0.0,4300,3
Annals of Pharmacy Practice and Pharmacotherapy,1,0,0.0,0.0,4301,3
Annals of Psychiatry and Treatment,1,0,0.0,0.0,4302,3
Anthropology and Ethnology Open Access Journal,1,0,0.0,0.0,4303,3
Aposta,1,0,0.0,0.0,4304,3
Architecture Image Studies,1,0,0.0,0.0,4305,3
Archives of Gerontology and Geriatrics Plus,1,0,0.0,0.0,4306,3
Archives of Management and Social Sciences,1,0,0.0,0.0,4307,3
Archives of Osteoporosis,1,0,0.0,0.0,4308,3
Archives of Trauma and Emergency Medicine,1,0,0.0,0.0,4309,3
Asia-Pacific Journal of Risk and Insurance,1,0,0.0,0.0,4310,3
Asian Journal of Agriculture Research and Extension,1,0,0.0,0.0,4311,3
Asian Journal of Dairy and Food Research,1,0,0.0,0.0,4312,3
Asian Journal of Development Matters,1,0,0.0,0.0,4313,3
Asian Journal of Economics and Empirical Research,1,0,0.0,0.0,4314,3
Asian Journal of Empirical Research,1,0,0.0,0.0,4315,3
Asian Journal of Ethics in Health and Medicine,1,0,0.0,0.0,4316,3
Asian Journal of Population Sciences,1,0,0.0,0.0,4317,3
Assiut Scientific Nursing Journal,1,0,0.0,0.0,4318,3
Australian journal of medical herbalism,1,0,0.0,0.0,4319,3
BARUN Journal,1,0,0.0,0.0,4320,3
BMC Cancer,1,0,0.0,0.0,4321,3
BSSS Journal of Commerce,1,0,0.0,0.0,4322,3
BSSS Journal of Social Work,1,0,0.0,0.0,4323,3
Babcock University Medical Journal,1,0,0.0,0.0,4324,3
Badania Operacyjne i Decyzje/Operations Research and Decisions,1,0,0.0,0.0,4325,3
Bali Medical Journal,1,0,0.0,0.0,4326,3
Bangladesh Journal of Political Economy,1,0,0.0,0.0,4327,3
Bangladesh Medical Journal,1,0,0.0,0.0,4328,3
Beykoz Akademi Dergisi,1,0,0.0,0.0,4329,3
Bioinformation,1,0,0.0,0.0,4330,3
Biomedical Science and Clinical Research,1,0,0.0,0.0,4331,3
Bioscience Biotechnology Research Communications,1,0,0.0,0.0,4332,3
British Journal of Contemporary Research,1,0,0.0,0.0,4333,3
British journal of healthcare and medical research,1,0,0.0,0.0,4334,3
Cambodia Development Review,1,0,0.0,0.0,4335,3
Cancer Management and Research,1,0,0.0,0.0,4336,3
Chinese Health Resources,1,0,0.0,0.0,4337,3
Cogent Business & Management,1,0,0.0,0.0,4338,3
Cognizance Journal of Multidisciplinary Studies,1,0,0.0,0.0,4339,3
Computer Science and Information Technologies,1,0,0.0,0.0,4340,3
Contemporary Journal of Social Science Review,1,0,0.0,0.0,4341,3
Contemporary Research An Interdisciplinary Academic Journal,1,0,0.0,0.0,4342,3
Cross River Journal of Medicine,1,0,0.0,0.0,4343,3
Crossroads of Social Inquiry,1,0,0.0,0.0,4344,3
Current Medical Research and Opinion,1,0,0.0,0.0,4345,3
Current Research in Health Sciences,1,0,0.0,0.0,4346,3
DEPAN,1,0,0.0,0.0,4347,3
Development in Practice,1,0,0.0,0.0,4348,3
Diabetes,1,0,0.0,0.0,4349,3
Diabetes Research and Clinical Practice,1,0,0.0,0.0,4350,3
Direct Research Journal of Social Science and Educational Studies,1,0,0.0,0.0,4351,3
Discover Food,1,0,0.0,0.0,4352,3
Discover Medicine,1,0,0.0,0.0,4353,3
EKOMBIS REVIEW Jurnal Ilmiah Ekonomi dan Bisnis,1,0,0.0,0.0,4354,3
EUROPEAN RESEARCH,1,0,0.0,0.0,4355,3
East Africa Science,1,0,0.0,0.0,4356,3
East African Health Research Journal,1,0,0.0,0.0,4357,3
East African Journal of Business and Economics,1,0,0.0,0.0,4358,3
East African Journal of Social and Applied Sciences (EAJ-SAS),1,0,0.0,0.0,4359,3
Econometrics Letters,1,0,0.0,0.0,4360,3
Economic Alternatives,1,0,0.0,0.0,4361,3
Economics,1,0,0.0,0.0,4362,3
Edith Cowan Journal of Medicine Nursing and Public health,1,0,0.0,0.0,4363,3
Egypt Institute Journal,1,0,0.0,0.0,4364,3
Egyptian Pediatric Association Gazette,1,0,0.0,0.0,4365,3
El Mednifico Journal,1,0,0.0,0.0,4366,3
Empirical Economic Review,1,0,0.0,0.0,4367,3
European Journal of Accounting Finance & Business,1,0,0.0,0.0,4368,3
European Journal of Business Management and Research,1,0,0.0,0.0,4369,3
European Journal of Economics and Management Sciences,1,0,0.0,0.0,4370,3
European Journal of Innovative Studies and Sustainability,1,0,0.0,0.0,4371,3
European Journal of Molecular & Clinical Medicine,1,0,0.0,0.0,4372,3
Evidence Based Health Policy Management and Economics,1,0,0.0,0.0,4373,3
Exploration of Digital Health Technologies,1,0,0.0,0.0,4374,3
FOCUS Journal of International Business,1,0,0.0,0.0,4375,3
FOXBusiness,1,0,0.0,0.0,4376,3
FUDMA JOURNAL OF MANAGEMENT SCIENCES,1,0,0.0,0.0,4377,3
Family Medicine & Primary Care Review,1,0,0.0,0.0,4378,3
Field Actions Science Reports,1,0,0.0,0.0,4379,3
GHMJ (Global Health Management Journal),1,0,0.0,0.0,4380,3
GLOBAL BUSINESS & FINANCE REVIEW,1,0,0.0,0.0,4381,3
GLOBAL JOURNAL OF MEDICAL STUDENTS,1,0,0.0,0.0,4382,3
GSC Advanced Research and Reviews,1,0,0.0,0.0,4383,3
Global Health,1,0,0.0,0.0,4384,3
Global Health Cases,1,0,0.0,0.0,4385,3
Global Health Journal of Health Sciences Public Health and Pharmacy,1,0,0.0,0.0,4386,3
Global Journal of Arts Humanities and Social Sciences,1,0,0.0,0.0,4387,3
Governance and Society Review,1,0,0.0,0.0,4388,3
Gusau Journal of Accounting and Finance,1,0,0.0,0.0,4389,3
Haemophilia,1,0,0.0,0.0,4390,3
Health & Healthcare in America: From Economics to Policy,1,0,0.0,0.0,4391,3
Health Care Current Reviews,1,0,0.0,0.0,4392,3
Health Promotion Journal of Australia,1,0,0.0,0.0,4393,3
Health Prospect,1,0,0.0,0.0,4394,3
Health Scope,1,0,0.0,0.0,4395,3
Health Service Management Review,1,0,0.0,0.0,4396,3
Health and population. Perspectives and issues,1,0,0.0,0.0,4397,3
Highland Medical Research Journal,1,0,0.0,0.0,4398,3
Hokengakuzasshi (JOURNAL of INSURANCE SCIENCE),1,0,0.0,0.0,4399,3
Hometown Advertising Limited.,1,0,0.0,0.0,4400,3
Hong Kong Journal of Social Sciences,1,0,0.0,0.0,4401,3
Hungarian Journal of African Studies / Afrika Tanulmányok,1,0,0.0,0.0,4402,3
IDOSR JOURNAL OF BIOLOGY CHEMISTRY AND PHARMACY,1,0,0.0,0.0,4403,3
IHOPE Journal of Ophthalmology,1,0,0.0,0.0,4404,3
IJARCCE,1,0,0.0,0.0,4405,3
INTERNATIONAL JOURNAL OF PUBLIC HEALTH RESEARCH AND DEVELOPMENT,1,0,0.0,0.0,4406,3
INTERNATIONAL JOURNAL OF SOCIAL SCIENCES AND MANAGEMENT RESEARCH,1,0,0.0,0.0,4407,3
IOSR Journal of Nursing and health Science,1,0,0.0,0.0,4408,3
IPS Journal of Public Health,1,0,0.0,0.0,4409,3
IUP Journal of Marketing Management,1,0,0.0,0.0,4410,3
IgMin Research,1,0,0.0,0.0,4411,3
Ilgʻor iqtisodiyot va pedagogik texnologiyalar.,1,0,0.0,0.0,4412,3
Indian Dermatology Online Journal,1,0,0.0,0.0,4413,3
Indian Journal of Clinical Anatomy and Physiology,1,0,0.0,0.0,4414,3
Indian Journal of Contemporary Dentistry,1,0,0.0,0.0,4415,3
Indian Journal of Forensic Medicine & Toxicology,1,0,0.0,0.0,4416,3
Indian Journal of Medical Sciences,1,0,0.0,0.0,4417,3
Indian Journal of Nephrology,1,0,0.0,0.0,4418,3
Indian Journal of Peritoneal dialysis,1,0,0.0,0.0,4419,3
Indus journal of social sciences.,1,0,0.0,0.0,4420,3
Inspire Smart Systems Journal,1,0,0.0,0.0,4421,3
Int. J. of Aquatic Science,1,0,0.0,0.0,4422,3
Integrated Health Research Journal,1,0,0.0,0.0,4423,3
Interdisciplinary Journal of Emerging and Social Sciences,1,0,0.0,0.0,4424,3
International Academic Journal of Business Management,1,0,0.0,0.0,4425,3
International Academic Journal of Science and Engineering,1,0,0.0,0.0,4426,3
International Journal Of All Research Writings,1,0,0.0,0.0,4427,3
International Journal Of Applied Research and Studies,1,0,0.0,0.0,4428,3
International Journal Of History And Political Sciences,1,0,0.0,0.0,4429,3
International Journal for Multidimensional Research Perspectives,1,0,0.0,0.0,4430,3
International Journal of ADVANCED AND APPLIED SCIENCES,1,0,0.0,0.0,4431,3
International Journal of Academic Research,1,0,0.0,0.0,4432,3
International Journal of Academic Research in Accounting Finance and Management Sciences,1,0,0.0,0.0,4433,3
International Journal of Accounting Finance and Social Science Research,1,0,0.0,0.0,4434,3
International Journal of Accounting Management and Economic Review,1,0,0.0,0.0,4435,3
International Journal of Advance Research in Nursing,1,0,0.0,0.0,4436,3
International Journal of Advanced Research in Accounting Economics and Business Perspectives,1,0,0.0,0.0,4437,3
International Journal of Advanced Research in Economics and Finance,1,0,0.0,0.0,4438,3
International Journal of Advances in Medicine,1,0,0.0,0.0,4439,3
International Journal of Agriculture Extension and Social Development,1,0,0.0,0.0,4440,3
International Journal of Allied Medical Sciences and Clinical Research,1,0,0.0,0.0,4441,3
International Journal of Apllied Mathematics,1,0,0.0,0.0,4442,3
International Journal of Asian Economic Light,1,0,0.0,0.0,4443,3
International Journal of Business Law and Political Science,1,0,0.0,0.0,4444,3
International Journal of Business and Economic Development,1,0,0.0,0.0,4445,3
International Journal of Business and Management (IJBM),1,0,0.0,0.0,4446,3
International Journal of Business and Society,1,0,0.0,0.0,4447,3
International Journal of Clinical Pharmacy,1,0,0.0,0.0,4448,3
International Journal of Clinical and Medical Education Research,1,0,0.0,0.0,4449,3
International Journal of Contemporary Medicine,1,0,0.0,0.0,4450,3
International Journal of Dental Hygiene,1,0,0.0,0.0,4451,3
International Journal of Economics,1,0,0.0,0.0,4452,3
International Journal of Economics Finance & Management Science,1,0,0.0,0.0,4453,3
International Journal of Environmental Sciences,1,0,0.0,0.0,4454,3
International Journal of Finance and Accounting,1,0,0.0,0.0,4455,3
International Journal of Foreign Trade and International Business,1,0,0.0,0.0,4456,3
International Journal of Health Care and Biological Sciences,1,0,0.0,0.0,4457,3
International Journal of Health Sciences (IJHS),1,0,0.0,0.0,4458,3
International Journal of Health System and Disaster Management,1,0,0.0,0.0,4459,3
International Journal of Health Systems and Policy,1,0,0.0,0.0,4460,3
International Journal of Humanities and Social Sciences,1,0,0.0,0.0,4461,3
"International Journal of Humanities, Literature and Art Research",1,0,0.0,0.0,4462,3
International Journal of Industrial Marketing,1,0,0.0,0.0,4463,3
International Journal of Law Politics and Governance,1,0,0.0,0.0,4464,3
International Journal of Linguistics Applied Psychology and Technology (IJLAPT),1,0,0.0,0.0,4465,3
International Journal of Management Studies and Social Science Research,1,0,0.0,0.0,4466,3
International Journal of Management and Organizational Research,1,0,0.0,0.0,4467,3
International Journal of Medical Informatics,1,0,0.0,0.0,4468,3
International Journal of Medicine & Health Research (IJMHR) (ISSN 2395-3586),1,0,0.0,0.0,4469,3
International Journal of Multidisciplinary Research and Growth Evaluation,1,0,0.0,0.0,4470,3
International Journal of Orthopaedics Sciences,1,0,0.0,0.0,4471,3
International Journal of P2P Network Trends and Technology,1,0,0.0,0.0,4472,3
International Journal of Pharmaceutical Sciences Review and Research,1,0,0.0,0.0,4473,3
International Journal of Physical and Social Sciences,1,0,0.0,0.0,4474,3
International Journal of Probability and Statistics,1,0,0.0,0.0,4475,3
International Journal of Progressive Sciences and Technologies,1,0,0.0,0.0,4476,3
International Journal of Public Administration and Management Research,1,0,0.0,0.0,4477,3
International Journal of Public and Private Perspectives on Healthcare Culture and the Environment,1,0,0.0,0.0,4478,3
International Journal of Quantitative and Qualitative Research Methods,1,0,0.0,0.0,4479,3
International Journal of Religion,1,0,0.0,0.0,4480,3
International Journal of Research & Technology,1,0,0.0,0.0,4481,3
International Journal of Research In Commerce and Management Studies,1,0,0.0,0.0,4482,3
International Journal of Research in Management,1,0,0.0,0.0,4483,3
International Journal of Rural Management,1,0,0.0,0.0,4484,3
International Journal of Science Architecture Technology and Environment,1,0,0.0,0.0,4485,3
International Journal of Science and Management Studies (IJSMS),1,0,0.0,0.0,4486,3
International Journal of Sciences: Basic and Applied Research,1,0,0.0,0.0,4487,3
International Journal of Scientific Research,1,0,0.0,0.0,4488,3
International Journal of Social Science Research (IJSSR),1,0,0.0,0.0,4489,3
International Journal of Social Science Research and Review,1,0,0.0,0.0,4490,3
International Journal of Social Science and Economic Research,1,0,0.0,0.0,4491,3
International Journal of Social Science and Economics Invention,1,0,0.0,0.0,4492,3
International Journal of Statistics and Applied Mathematics,1,0,0.0,0.0,4493,3
International Journal of Sustainable Applied Sciences,1,0,0.0,0.0,4494,3
International Journal of Technology,1,0,0.0,0.0,4495,3
International Journal of Trend in Scientific Research and Development,1,0,0.0,0.0,4496,3
International Journal of Trends and Innovations in Business & Social Sciences,1,0,0.0,0.0,4497,3
International Journal of Women s Health and Wellness,1,0,0.0,0.0,4498,3
International Journal on Recent and Innovation Trends in Computing and Communication,1,0,0.0,0.0,4499,3
International Journal on Science and Technology,1,0,0.0,0.0,4500,3
International Research Journal on Advanced Engineering and Management (IRJAEM),1,0,0.0,0.0,4501,3
International Research in Medical and Health Science,1,0,0.0,0.0,4502,3
International journal of business & economic development.,1,0,0.0,0.0,4503,3
International journal of business management and economic review,1,0,0.0,0.0,4504,3
International journal of collaborative research on internal medicine & public health,1,0,0.0,0.0,4505,3
International journal of economic development,1,0,0.0,0.0,4506,3
International journal of economics and business management,1,0,0.0,0.0,4507,3
International journal of innovation and applied studies,1,0,0.0,0.0,4508,3
International journal of research in medical and clinical science.,1,0,0.0,0.0,4509,3
JCO Global Oncology,1,0,0.0,0.0,4510,3
JCR Journal of Clinical Rheumatology,1,0,0.0,0.0,4511,3
JIMS8M The Journal of Indian Management & Strategy,1,0,0.0,0.0,4512,3
JOURNAL OF ADVANCE AND FUTURE RESEARCH,1,0,0.0,0.0,4513,3
JOURNAL OF BUSINESS AND AFRICAN ECONOMY,1,0,0.0,0.0,4514,3
JOURNAL OF PUBLIC ADMINISTRATION AND SOCIAL WELFARE RESEARCH,1,0,0.0,0.0,4515,3
JOURNAL of QASSIM UNIVERSITY FOR SCIENCE,1,0,0.0,0.0,4516,3
JUNCO | Journal of UNiversities and international development COoperation,1,0,0.0,0.0,4517,3
JURNAL PENDIDIKAN ILMU SOSIAL,1,0,0.0,0.0,4518,3
JURNAL REFORMA,1,0,0.0,0.0,4519,3
Jindal Journal of Public Policy,1,0,0.0,0.0,4520,3
Journal Of The Postgraduate  Institute of Medicine,1,0,0.0,0.0,4521,3
Journal for Research in Applied Sciences and Biotechnology,1,0,0.0,0.0,4522,3
"Journal of Actuarial, Finance, and Risk Management.",1,0,0.0,0.0,4523,3
Journal of Acute Care,1,0,0.0,0.0,4524,3
Journal of Advances in Developmental Research,1,0,0.0,0.0,4525,3
Journal of African Sustainable Development,1,0,0.0,0.0,4526,3
Journal of Arid Zone Economy,1,0,0.0,0.0,4527,3
Journal of Asian Development Studies,1,0,0.0,0.0,4528,3
Journal of Ayub Medical College Abbottabad,1,0,0.0,0.0,4529,3
Journal of Ayurveda and Integrative Medicine,1,0,0.0,0.0,4530,3
Journal of Banking & Financial Services,1,0,0.0,0.0,4531,3
Journal of Behavioral Economics and Policy,1,0,0.0,0.0,4532,3
Journal of Biology Agriculture and Healthcare,1,0,0.0,0.0,4533,3
Journal of Biomedical Engineering and Medical Imaging,1,0,0.0,0.0,4534,3
Journal of Business Analytics and Data Visualization,1,0,0.0,0.0,4535,3
Journal of Business and Economics,1,0,0.0,0.0,4536,3
Journal of Business and Enterprise Development (JOBED),1,0,0.0,0.0,4537,3
Journal of Chitwan Medical College,1,0,0.0,0.0,4538,3
Journal of Clinical Oncology,1,0,0.0,0.0,4539,3
Journal of Clinical Research and Case Studies,1,0,0.0,0.0,4540,3
Journal of Clinical and Nursing Research,1,0,0.0,0.0,4541,3
Journal of Complementary and Alternative Medical Research,1,0,0.0,0.0,4542,3
Journal of Contemporary African Legal Studies,1,0,0.0,0.0,4543,3
Journal of Dhaka International University,1,0,0.0,0.0,4544,3
Journal of Ecohumanism,1,0,0.0,0.0,4545,3
Journal of Economics Innovative Management and Entrepreneurship,1,0,0.0,0.0,4546,3
Journal of Education Management and Leadership (JEML),1,0,0.0,0.0,4547,3
Journal of Environmental Science,1,0,0.0,0.0,4548,3
Journal of Family Medicine and Health Care,1,0,0.0,0.0,4549,3
Journal of Finance and Accounting,1,0,0.0,0.0,4550,3
Journal of Frontiers in Multidisciplinary Research,1,0,0.0,0.0,4551,3
Journal of GMC Nagpur,1,0,0.0,0.0,4552,3
Journal of General Practice,1,0,0.0,0.0,4553,3
Journal of Geographical Studies,1,0,0.0,0.0,4554,3
Journal of Governance and Public Policy,1,0,0.0,0.0,4555,3
Journal of Health Development,1,0,0.0,0.0,4556,3
Journal of Health Informatics,1,0,0.0,0.0,4557,3
Journal of Health Policy & Outcomes Research,1,0,0.0,0.0,4558,3
Journal of Health Policy and Management,1,0,0.0,0.0,4559,3
Journal of Health Science and Pharmacy,1,0,0.0,0.0,4560,3
Journal of Health Wellness and Community Research,1,0,0.0,0.0,4561,3
Journal of Indian Society of Pedodontics and Preventive Dentistry,1,0,0.0,0.0,4562,3
Journal of Infection and Chemotherapy,1,0,0.0,0.0,4563,3
Journal of Infrastructure Policy and Development,1,0,0.0,0.0,4564,3
Journal of Insurance Medicine,1,0,0.0,0.0,4565,3
Journal of Interdisciplinary Human Studies,1,0,0.0,0.0,4566,3
Journal of Interpersonal Violence,1,0,0.0,0.0,4567,3
Journal of Inventive and Scientific Research Studies,1,0,0.0,0.0,4568,3
Journal of Investigative Dermatology,1,0,0.0,0.0,4569,3
Journal of Legal Studies & Research,1,0,0.0,0.0,4570,3
Journal of Lifestyle and SDGs Review,1,0,0.0,0.0,4571,3
Journal of Management & Social Sciences,1,0,0.0,0.0,4572,3
Journal of Management Science and Career Development,1,0,0.0,0.0,4573,3
Journal of Management and Development Studies,1,0,0.0,0.0,4574,3
Journal of Management and Technology.,1,0,0.0,0.0,4575,3
Journal of Medical Science Biology and Chemistry,1,0,0.0,0.0,4576,3
Journal of Medical and Health Studies,1,0,0.0,0.0,4577,3
Journal of Medicine and Life Sciences,1,0,0.0,0.0,4578,3
Journal of Medicine in AFrica,1,0,0.0,0.0,4579,3
Journal of Mid-life Health,1,0,0.0,0.0,4580,3
Journal of Neonatal Surgery,1,0,0.0,0.0,4581,3
Journal of Neuro Psychiatry Reports,1,0,0.0,0.0,4582,3
Journal of Nursing & Healthcare,1,0,0.0,0.0,4583,3
Journal of Nursing Care & Reports,1,0,0.0,0.0,4584,3
Journal of Nursing Scholarship,1,0,0.0,0.0,4585,3
Journal of Pharmaceutical Health Care and Sciences,1,0,0.0,0.0,4586,3
Journal of Pharmacy And Bioallied Sciences,1,0,0.0,0.0,4587,3
Journal of Physical Activity and Health,1,0,0.0,0.0,4588,3
Journal of Pioneering Medical Science,1,0,0.0,0.0,4589,3
Journal of Policy and Development Studies,1,0,0.0,0.0,4590,3
Journal of Policy and Development Studies (JPDS),1,0,0.0,0.0,4591,3
Journal of Policy and Leadership,1,0,0.0,0.0,4592,3
Journal of Policy and Planning,1,0,0.0,0.0,4593,3
Journal of Population and Development,1,0,0.0,0.0,4594,3
Journal of Primary Care Specialties,1,0,0.0,0.0,4595,3
Journal of Propulsion Technology,1,0,0.0,0.0,4596,3
Journal of Psychiatry Spectrum,1,0,0.0,0.0,4597,3
Journal of Psychiatry and Psychiatric Disorders,1,0,0.0,0.0,4598,3
Journal of Public Health Aspects,1,0,0.0,0.0,4599,3
Journal of Public Health Research and Community Health Development,1,0,0.0,0.0,4600,3
Journal of Public Policy,1,0,0.0,0.0,4601,3
Journal of Rare Cardiovascular Diseases,1,0,0.0,0.0,4602,3
Journal of Research in National Development,1,0,0.0,0.0,4603,3
Journal of Social Behavioral and Health Sciences,1,0,0.0,0.0,4604,3
Journal of Social Science Studies,1,0,0.0,0.0,4605,3
Journal of Social Science and Humanities,1,0,0.0,0.0,4606,3
Journal of Social Sciences (COES&RJ-JSS),1,0,0.0,0.0,4607,3
Journal of Social Sciences Research & Policy,1,0,0.0,0.0,4608,3
Journal of Survey in Fisheries Sciences,1,0,0.0,0.0,4609,3
Journal of Women and Child Health,1,0,0.0,0.0,4610,3
Journal of Women s Health Care,1,0,0.0,0.0,4611,3
Journal of humanities and social sciences,1,0,0.0,0.0,4612,3
"Journal of investment, banking and finance.",1,0,0.0,0.0,4613,3
Journal of nursing and health sciences Nepal.,1,0,0.0,0.0,4614,3
Journal of the American College of Cardiology,1,0,0.0,0.0,4615,3
Journal of the Epidemiology Foundation of India,1,0,0.0,0.0,4616,3
Journal of the International Council for Small Business,1,0,0.0,0.0,4617,3
Journal of the Nigerian Optometric Association,1,0,0.0,0.0,4618,3
Juntendō Igaku/Juntendo igaku,1,0,0.0,0.0,4619,3
Jurnal Jaminan Kesehatan Nasional,1,0,0.0,0.0,4620,3
KIU Journal of Humanities,1,0,0.0,0.0,4621,3
L Egypte Contemporaine,1,0,0.0,0.0,4622,3
Lafia Journal of Economics and Management Sciences,1,0,0.0,0.0,4623,3
Leadership in health services,1,0,0.0,0.0,4624,3
Lebanese Journal of Mental Health,1,0,0.0,0.0,4625,3
Mağallaẗ  Al-'Ulūm Al-Tiğariyyaẗ wa Al-Bī'iyyaẗ,1,0,0.0,0.0,4626,3
Malawi Medical Journal,1,0,0.0,0.0,4627,3
Management Science,1,0,0.0,0.0,4628,3
Manas Üniversitesi Sosyal Bilimler Dergisi,1,0,0.0,0.0,4629,3
Margin The Journal of Applied Economic Research,1,0,0.0,0.0,4630,3
Maǧallaẗ Mustaqbal Al-ʿulūm Al-Iğtimāʿiyyaẗ,1,0,0.0,0.0,4631,3
McGill Journal of Global Health,1,0,0.0,0.0,4632,3
Medical Research Archives,1,0,0.0,0.0,4633,3
Medical and Health Science Journal,1,0,0.0,0.0,4634,3
Middle European Scientific Bulletin,1,0,0.0,0.0,4635,3
Minia Scientific Nursing Journal,1,0,0.0,0.0,4636,3
Minnesota Journal of Business Law and Entrepreneurship,1,0,0.0,0.0,4637,3
Mondes en développement,1,0,0.0,0.0,4638,3
Morgan Journal of Interdisciplinary Research Studies,1,0,0.0,0.0,4639,3
NIU journal of social sciences.,1,0,0.0,0.0,4640,3
NOLEGEIN Journal of Leadership & Strategic Management,1,0,0.0,0.0,4641,3
NUST Journal of Social Sciences and Humannities,1,0,0.0,0.0,4642,3
National Journal of Research in Community Medicine,1,0,0.0,0.0,4643,3
National Tax Journal,1,0,0.0,0.0,4644,3
Nepal Journal of Health Sciences,1,0,0.0,0.0,4645,3
Nepalese Journal of Statistics,1,0,0.0,0.0,4646,3
Neuro-Oncology Advances,1,0,0.0,0.0,4647,3
New Zealand Medical Student Journal,1,0,0.0,0.0,4648,3
Nigerian Hospital Practice,1,0,0.0,0.0,4649,3
Nigerian journal of economic and social studies,1,0,0.0,0.0,4650,3
Obshchestvo i ekonomika,1,0,0.0,0.0,4651,3
Oncology Times,1,0,0.0,0.0,4652,3
Open Access Research Journal of Science and Technology,1,0,0.0,0.0,4653,3
Open Forum Infectious Diseases,1,0,0.0,0.0,4654,3
Open Journal for Research in Economics,1,0,0.0,0.0,4655,3
Orapuh Journal,1,0,0.0,0.0,4656,3
PEDIATRICS,1,0,0.0,0.0,4657,3
Paediatric Nephrology Journal of Bangladesh,1,0,0.0,0.0,4658,3
Pakistan Journal of Humanities and Social Sciences,1,0,0.0,0.0,4659,3
Pakistan Journal of Life and Social Sciences (PJLSS),1,0,0.0,0.0,4660,3
Pathways to African Feminism and Development Journal of the African Women Studies Centre,1,0,0.0,0.0,4661,3
Pharmaceutical Sciences Asia,1,0,0.0,0.0,4662,3
Pharmacoeconomics theory and practice,1,0,0.0,0.0,4663,3
Plastic & Reconstructive Surgery Global Open,1,0,0.0,0.0,4664,3
Post-Communist Economies,1,0,0.0,0.0,4665,3
Preventive Medicine Research & Reviews,1,0,0.0,0.0,4666,3
Public Health - Open Journal,1,0,0.0,0.0,4667,3
Qlantic Journal of Social Sciences and Humanities,1,0,0.0,0.0,4668,3
Quing International Journal of Commerce and Management,1,0,0.0,0.0,4669,3
RESEARCH HUB International Multidisciplinary Research Journal,1,0,0.0,0.0,4670,3
RESEARCH REVIEW International Journal of Multidisciplinary,1,0,0.0,0.0,4671,3
RGUHS National Journal of Public Health,1,0,0.0,0.0,4672,3
Radiotherapy and Oncology,1,0,0.0,0.0,4673,3
Rangahau Aranga AUT Graduate Review,1,0,0.0,0.0,4674,3
Reproductive Health,1,0,0.0,0.0,4675,3
Research Journal of Health Sciences,1,0,0.0,0.0,4676,3
Research Nepal Journal of Development Studies,1,0,0.0,0.0,4677,3
Research in Economics and Management,1,0,0.0,0.0,4678,3
Research in Social and Administrative Pharmacy,1,0,0.0,0.0,4679,3
Review of Development Economics,1,0,0.0,0.0,4680,3
Revue Malienne de Science et de Technologie,1,0,0.0,0.0,4681,3
Revue d économie du développement,1,0,0.0,0.0,4682,3
Revue de droit comparé du travail et de la sécurité sociale,1,0,0.0,0.0,4683,3
Revue française des affaires sociales,1,0,0.0,0.0,4684,3
Revue internationale des études du développement,1,0,0.0,0.0,4685,3
SAMVAD,1,0,0.0,0.0,4686,3
SKYLINE BUSINESS JOURNAL,1,0,0.0,0.0,4687,3
SSN Journal of Management & Technology Research Communications,1,0,0.0,0.0,4688,3
Science Discovery Public Health,1,0,0.0,0.0,4689,3
Science Mundi,1,0,0.0,0.0,4690,3
Science Technology and Society,1,0,0.0,0.0,4691,3
Science and Culture,1,0,0.0,0.0,4692,3
Scientific Research Journal of Medicine,1,0,0.0,0.0,4693,3
Scopus,1,0,0.0,0.0,4694,3
Shiksha Shastra Saurabh,1,0,0.0,0.0,4695,3
Sierra Leone journal of medicine.,1,0,0.0,0.0,4696,3
Social Innovations Journal,1,0,0.0,0.0,4697,3
Social medicine,1,0,0.0,0.0,4698,3
Social science review archives.,1,0,0.0,0.0,4699,3
Social science spectrum,1,0,0.0,0.0,4700,3
Society,1,0,0.0,0.0,4701,3
Sokoto Journal of Geographical Studies,1,0,0.0,0.0,4702,3
Somali Health Action Journal,1,0,0.0,0.0,4703,3
South African Journal of Economics,1,0,0.0,0.0,4704,3
South India Journal of Social Sciences,1,0,0.0,0.0,4705,3
South Sudan Medical Journal,1,0,0.0,0.0,4706,3
Space science journal.,1,0,0.0,0.0,4707,3
Special journal of the Medical Academy and other Life Sciences,1,0,0.0,0.0,4708,3
Statistical Methods & Applications,1,0,0.0,0.0,4709,3
Studies in Business and Economics,1,0,0.0,0.0,4710,3
Studies in Family Planning,1,0,0.0,0.0,4711,3
Sustainable Social Development,1,0,0.0,0.0,4712,3
Sustainable Water Resources Management,1,0,0.0,0.0,4713,3
Systems,1,0,0.0,0.0,4714,3
TAJ Journal of Teachers Association,1,0,0.0,0.0,4715,3
THE INTERNATIONAL JOURNAL OF MANAGEMENT SCIENCE AND BUSINESS ADMINISTRATION,1,0,0.0,0.0,4716,3
THE SCIENTIFIC TEMPER,1,0,0.0,0.0,4717,3
Tanzania Journal of Development Studies,1,0,0.0,0.0,4718,3
Technium Social Sciences Journal,1,0,0.0,0.0,4719,3
Texila Advanced Journal of Multidisciplinary Health Research,1,0,0.0,0.0,4720,3
Texila international journal of medicine,1,0,0.0,0.0,4721,3
"The 20th IEA World Congress of Epidemiology (17-21 August 2014, Anchorage, AK)",1,0,0.0,0.0,4722,3
The 35th Annual Meeting of the Society for Medical Decision Making,1,0,0.0,0.0,4723,3
The American Journal of Political Science Law and Criminology,1,0,0.0,0.0,4724,3
The American Journal of Social Science and Education Innovations,1,0,0.0,0.0,4725,3
The CIS Healthcare,1,0,0.0,0.0,4726,3
The Internet Journal of Public Health,1,0,0.0,0.0,4727,3
The Internet Journal of World Health and Societal Politics,1,0,0.0,0.0,4728,3
The Journal of Economic Research & Business Administration,1,0,0.0,0.0,4729,3
The Journal of Healthcare Ethics & Administration,1,0,0.0,0.0,4730,3
The Journal of Medical Research,1,0,0.0,0.0,4731,3
The Malaysian Journal of Nursing,1,0,0.0,0.0,4732,3
The New Doctor,1,0,0.0,0.0,4733,3
The Nigerian Journal of Sociology and Anthropology,1,0,0.0,0.0,4734,3
The Quarterly Review of Economics and Finance,1,0,0.0,0.0,4735,3
The Social ION,1,0,0.0,0.0,4736,3
Theoretical & Applied Science,1,0,0.0,0.0,4737,3
Theoretical and Practical Research in Economic Fields,1,0,0.0,0.0,4738,3
Therapeutic Advances in Drug Safety,1,0,0.0,0.0,4739,3
Tishreen University Journal- Economic and Legal Sciences Series,1,0,0.0,0.0,4740,3
Tobacco Induced Diseases,1,0,0.0,0.0,4741,3
Tropical Journal of Health Sciences,1,0,0.0,0.0,4742,3
Tropical Journal of Obstetrics and Gynaecology,1,0,0.0,0.0,4743,3
Turkish Online Journal of Qualitative Inquiry,1,0,0.0,0.0,4744,3
UMYUK JOURNAL OF ECONOMICS AND DEVELOPMENT,1,0,0.0,0.0,4745,3
"Uganda Health Bulletin (Kampala, Uganda: 1995)",1,0,0.0,0.0,4746,3
Uirtus,1,0,0.0,0.0,4747,3
VIDYA - A JOURNAL OF GUJARAT UNIVERSITY,1,0,0.0,0.0,4748,3
VNU Journal of Science Medical and Pharmaceutical Sciences,1,0,0.0,0.0,4749,3
Veredas do Direito Direito Ambiental e Desenvolvimento Sustentável,1,0,0.0,0.0,4750,3
Verejná správa a spoločnosť,1,0,0.0,0.0,4751,3
WSEAS Transactions on Information Science and Applications archive,1,0,0.0,0.0,4752,3
We Ken- International Journal of Basic and Applied Sciences,1,0,0.0,0.0,4753,3
Women Health Care and Issues,1,0,0.0,0.0,4754,3
"World Academy of Science, Engineering and Technology, International Journal of Medical and Health Sciences",1,0,0.0,0.0,4755,3
World Bank Other Operational Studies,1,0,0.0,0.0,4756,3
World Journal of Current Medical and Pharmaceutical Research,1,0,0.0,0.0,4757,3
Wukari International Studies Journal,1,0,0.0,0.0,4758,3
"XVIII ISA World Congress of Sociology (July 13-19, 2014)",1,0,0.0,0.0,4759,3
Yemen Journal of Medicine,1,0,0.0,0.0,4760,3
ZENITH International Journal of Multidisciplinary Research,1,0,0.0,0.0,4761,3
Zenith international journal of business economics and management research,1,0,0.0,0.0,4762,3
Zeszyty Naukowe SGGW w Warszawie - Problemy Rolnictwa Światowego,1,0,0.0,0.0,4763,3
ecancermedicalscience,1,0,0.0,0.0,4764,3
mLAC Journal for Arts Commerce and Sciences (m-JACS) ISSN 2584-1920,1,0,0.0,0.0,4765,3
A Bi-annual south Asian journal of research and innovation.,1,0,0.0,0.0,4766,3
Les Cahiers du CEDIMES.,1,0,0.0,0.0,4767,3
The health press,1,0,0.0,0.0,4768,3
Научное обозрение Медицинские науки (Scientific Review Medical Sciences),1,0,0.0,0.0,4769,3
"Политика, экономика и инновации",1,0,0.0,0.0,4770,3
Современные проблемы науки и образования,1,0,0.0,0.0,4771,3
المجلة العلمية للدراسات والبحوث المالية والتجارية,1,0,0.0,0.0,4772,3
مجلة آفاق للعلوم,1,0,0.0,0.0,4773,3
مجلة البحوث القانونية والاقتصادية,1,0,0.0,0.0,4774,3
مجلة جامعة الإسکندرية للعلوم الإدارية,1,0,0.0,0.0,4775,3
ইসলামী আইন ও বিচার | Islami Ain O Bichar,1,0,0.0,0.0,4776,3
