institution_id,institution,country,publications
I138690464,University of Ghana,Ghana,191
I4210089966,London School of Hygiene & Tropical Medicine,United Kingdom,159
I223822909,Heidelberg University,Germany,117
I4210159584,Ghana Health Service,Ghana,84
I11892038,University of Nigeria,Nigeria,80
I136199984,Harvard University,United States,76
I2802164966,University Hospital Heidelberg,Germany,72
I28046988,Kwame Nkrumah University of Science and Technology,Ghana,68
I4210156643,Harvard Global Health Institute,United States,66
I4432739,University of Bergen,Norway,64
I78281549,Instituut voor Tropische Geneeskunde,Belgium,62
I181631907,University of Ibadan,Nigeria,60
I4537092,Addis Ababa University,Ethiopia,60
I4210105654,World Health Organization,Switzerland,54
I70931966,Université de Montréal,Canada,53
I164861460,Manipal Academy of Higher Education,India,52
I2841861,Kenya Medical Research Institute,Kenya,51
I45294948,Post Graduate Institute of Medical Education and Research,India,50
I72227227,Makerere University,Uganda,49
I40120149,University of Oxford,United Kingdom,48
I1334329717,World Bank,United States,46
I83291730,University for Development Studies,Ghana,46
I157614274,University of Cape Town,South Africa,46
I4210166444,Institut de Recherche pour le Développement,France,46
I8764889,University of Gondar,Ethiopia,46
I133771110,University of Cape Coast,Ghana,46
I114292369,Ifakara Health Institute,Tanzania,46
I913958620,Erasmus University Rotterdam,Netherlands,45
I154526488,Inserm,France,44
I33278361,University of Zambia,Zambia,43
I158937107,Swiss Tropical and Public Health Institute,Switzerland,43
I145311948,Johns Hopkins University,United States,42
I254651091,University of Health and Allied Sciences,Ghana,41
I1850255,University of Basel,Switzerland,40
I155028946,Tribhuvan University,Nepal,40
I74653059,Public Health Foundation of India,India,39
I55633929,World Bank Group,United States,37
I197882922,International Institute for Population Sciences,India,36
I45711476,Obafemi Awolowo University,Nigeria,36
I154840374,Muhimbili University of Health and Allied Sciences,Tanzania,35
I201448701,University of Washington,United States,35
I197610006,University of Lagos,Nigeria,34
I1443707,Jimma University,Ethiopia,33
I12789410,Ahmadu Bello University,Nigeria,33
I4210124406,Amsterdam Institute for Global Health and Development,Netherlands,32
I887064364,University of Amsterdam,Netherlands,31
I157591606,University of Malawi,Malawi,30
I909854389,London School of Economics and Political Science,United Kingdom,30
I96840727,Cheikh Anta Diop University,Senegal,30
I192619145,University of the Witwatersrand,South Africa,30
I134542131,University of Ilorin,Nigeria,29
I28166907,Karolinska Institutet,Sweden,28
I63739035,All India Institute of Medical Sciences,India,27
I147168166,Moi University,Kenya,27
I4210163846,Institut de Recherche en Sciences de la Santé,Burkina Faso,27
I4210091642,Centre Population et Développement,France,27
I57092466,Bahir Dar University,Ethiopia,26
I124357947,University of London,United Kingdom,26
I52099693,University of York,United Kingdom,25
I4210098092,Ethiopian Public Health Institute,Ethiopia,25
I13144388,Ekiti State University,Nigeria,25
I4210142844,Navrongo Health Research Centre,Ghana,25
I4210087849,University of Rwanda,Rwanda,25
I6406202,University of Benin,Nigeria,24
I170897317,Duke University,United States,24
I4210120717,Faculty of Public Health,United Kingdom,24
I205889620,International Centre for Diarrhoeal Disease Research,Bangladesh,24
I3143470655,Institute for Health Metrics and Evaluation,United States,24
I181656237,Queen Margaret University,United Kingdom,24
I4210129448,African Population and Health Research Center,Kenya,23
I4210088493,Institute of Public Health Bengaluru,India,23
I114027177,University of North Carolina at Chapel Hill,United States,23
I12859529,University of Nairobi,Kenya,23
I204730241,Université Paris Cité,France,23
I8033065,University of Abuja,Nigeria,23
I15846685,Mzumbe University,Tanzania,22
I4210091910,Noguchi Memorial Institute for Medical Research,Ghana,22
I151104398,Pokhara University,Nepal,22
I4210162327,Centre de Recherche en Santé de Nouna,Burkina Faso,22
I1290603121,World Health Organization - Pakistan,Pakistan,22
I4210138037,National Health Systems Resource Centre,India,22
I3970730,University of Calabar,Nigeria,21
I205746353,University of Dhaka,Bangladesh,21
I1294671590,Centre National de la Recherche Scientifique,France,21
I183935753,King's College London,United Kingdom,21
I1283280774,Brigham and Women's Hospital,United States,21
I76414455,"Kasturba Medical College, Manipal",India,21
I26805570,Jomo Kenyatta University of Agriculture and Technology,Kenya,21
I207227095,Nnamdi Azikiwe University,Nigeria,21
I47508984,Imperial College London,United Kingdom,21
I153487414,Haramaya University,Ethiopia,21
I4403386569,"Santé, vulnérabilités et relations de genre au Sud",France,21
I111088046,Boston University,United States,20
I4210152286,University of Ilorin Teaching Hospital,Nigeria,20
I4210145929,Lagos State Health Service Commission,Nigeria,20
I4210152550,Abt Global (United States),United States,19
I21491767,Aix-Marseille Université,France,19
I1331070479,Université de Yaoundé I,Cameroon,19
I118185606,Aga Khan University,Pakistan,19
I194839184,Liverpool School of Tropical Medicine,United Kingdom,19
I45129253,University College London,United Kingdom,19
I4210092895,Ministry of Health,Uganda,18
I193649603,Hawassa University,Ethiopia,18
I100116408,University of Port Harcourt,Nigeria,18
I4210114501,Wollo University,Ethiopia,18
I193555791,Delta State University,Nigeria,18
I95023434,University of KwaZulu-Natal,South Africa,18
I4210158102,National Primary Health Care Development Agency,Nigeria,18
I865915315,Vrije Universiteit Amsterdam,Netherlands,17
I131561025,Enugu State University of Science and Technology,Nigeria,17
I3023574062,PharmAccess Group,Netherlands,17
I111406484,Ministry of Health,Ghana,17
I4210098792,Micro Insurance Academy,India,17
I185261750,University of Toronto,Canada,17
I4210144065,Oromiyaa Regional Health Bureau,Ethiopia,17
I78577930,Columbia University,United States,17
I4210164256,University of Nigeria Teaching Hospital,Nigeria,17
I51317819,Institute of Medical Sciences,India,17
I56590836,Monash University,Australia,17
I4210139943,World Health Organization Regional Office for Africa,Republic of the Congo,17
I34352273,Maastricht University,Netherlands,17
I5023651,McGill University,Canada,17
I2800598127,"University College Hospital, Ibadan",Nigeria,16
I145872427,Radboud University Nijmegen,Netherlands,16
I31746571,UNSW Sydney,Australia,16
I2802650199,Texila American University,Guyana,16
I7882870,University of Glasgow,United Kingdom,16
I115592961,Jiangsu University,China,16
I126541806,Lagos State University,Nigeria,16
I4210119417,Université d'Abomey-Calavi,Benin,16
I187531555,Lund University,Sweden,16
I193207422,Deutsche Gesellschaft für Internationale Zusammenarbeit,Philippines,16
I919958821,Bayero University Kano,Nigeria,15
I4210124077,Duke Institute for Health Innovation,United States,15
I165779595,The University of Melbourne,Australia,15
I2800182745,Government of Ethiopia,Ethiopia,15
I2799351866,Government of India,India,15
I153975220,Kenyatta University,Kenya,15
I263774594,University of Bamenda,Cameroon,15
I79741504,Tata Institute of Social Sciences,India,15
I64351976,University of Maiduguri,Nigeria,15
I301615471,Wollega University,Ethiopia,15
I4210156591,Indian Institute of Public Health Gandhinagar,India,15
I150314799,International Food Policy Research Institute,United States,15
I125749732,Western University,Canada,15
I130828816,University of Leeds,United Kingdom,15
I204337017,Aarhus University,Denmark,14
I2802934949,Radboud University Medical Center,Netherlands,14
I4210117096,Federal Medical Centre,Nigeria,14
I114017466,University of Technology Sydney,Australia,14
I165143802,The University of Queensland,Australia,14
I184942183,University of Oslo,Norway,14
I5518804,BRAC University,Bangladesh,14
I869660684,University of the Western Cape,South Africa,14
I4210141765,Institute for Peace Research and Security Policy,Germany,14
I180670191,"University of California, San Francisco",United States,14
I4210129108,Aix-Marseille Sciences Economiques,France,14
I90267481,Umeå University,Sweden,14
I4210128450,Department of Commerce,Australia,14
I182078086,University of Dar es Salaam,Tanzania,14
I4210138609,George Institute for Global Health,India,13
I2800373951,Sree Chitra Thirunal Institute for Medical Sciences and Technology,India,13
I87048295,Wellcome Trust,United Kingdom,13
I27837315,University of Michigan,United States,13
I132053463,Université Libre de Bruxelles,Belgium,13
I174058017,Bangladesh Institute of Development Studies,Bangladesh,13
I4210110309,The George Institute for Global Health,Australia,13
I2803053305,Korle Bu Teaching Hospital,Ghana,13
I1174212,University of Southern California,United States,13
I4210142730,Centre Hospitalier de l’Université de Montréal,Canada,13
I2800297018,Chr. Michelsen Institute,Norway,13
I181647926,University of Strathclyde,United Kingdom,13
I158708052,Chulalongkorn University,Thailand,13
I4210151464,Aminu Kano Teaching Hospital,Nigeria,13
I135140700,University of Bonn,Germany,13
I37048141,Indian Council of Medical Research,India,13
I1319597252,Center for Global Development,United States,13
I114832834,Tulane University,United States,13
I184565670,Georgetown University,United States,13
I183053808,Ministry of Health,Cambodia,13
I31959934,Nasarawa State University,Nigeria,12
I86467917,James Cook University,Australia,12
I25399158,Mahidol University,Thailand,12
I152429107,Jawaharlal Nehru University,India,12
I4210136909,Dilla University,Ethiopia,12
I27765905,North-West University,South Africa,12
I145487455,Cairo University,Egypt,12
I195460627,University of Aberdeen,United Kingdom,12
I96009557,Ebonyi State University,Nigeria,12
I4210100930,Futures Group (United States),United States,12
I186771145,Covenant University,Nigeria,12
I161374704,University of Jos,Nigeria,12
I98677209,University of Edinburgh,United Kingdom,12
I112289208,United Nations Children's Fund,United States,12
I144428437,German Institute of Development and Sustainability,Germany,12
I32971472,Yale University,United States,12
I45230691,Ladoke Akintola University of Technology,Nigeria,12
I153455119,University of Zimbabwe,Zimbabwe,12
I4210137632,Ministry of Public Health,Cameroon,12
I4210117424,Debre Tabor University,Ethiopia,12
I4210117259,National Health Insurance Fund,Serbia,12
I29787537,Afe Babalola University,Nigeria,12
I2801582665,United States Agency for International Development,United States,12
I47881588,Kathmandu University,Nepal,12
I4210148677,Ministry of Health and Family Welfare,India,11
I129604602,The University of Sydney,Australia,11
I6902469,Brandeis University,United States,11
I193775966,Yonsei University,"Korea, Republic of",11
I165390105,University of South Africa,South Africa,11
I4210112095,"Université des Sciences, des Techniques et des Technologies de Bamako",Mali,11
I144693123,University of Buea,Cameroon,11
I71209653,Bocconi University,Italy,11
I233171062,Federal Ministry of Health,Nigeria,11
I4210116536,Centre National de la Recherche Scientifique et Technologique,Burkina Faso,11
I4210123766,Jigjiga University,Ethiopia,11
I114457229,University of Geneva,Switzerland,11
I241749,University of Cambridge,United Kingdom,11
I182377803,University of Sierra Leone,Sierra Leone,11
I161372803,Strathmore University,Kenya,11
I4210122091,Ahmadu Bello University Teaching Hospital,Nigeria,11
I100352790,Abia State University,Nigeria,11
I4210151118,Federal Medical Centre,Nigeria,11
I4210119482,Mali-Folkecenter,Mali,11
I4210149397,Manmohan Memorial Institute of Health Sciences,Nepal,11
I36770943,Kenya Methodist University,Kenya,11
I4210090959,Amhara Regional Health Bureau,Ethiopia,11
I98635879,American University of Beirut,Lebanon,10
I121708413,Chukwuemeka Odumegwu Ojukwu University,Nigeria,10
I28285804,The University of Dodoma,Tanzania,10
I4210118785,Lagos State University Teaching Hospital,Nigeria,10
I2800437794,Federal University Lafia,Nigeria,10
I4210156996,Centre Muraz,Burkina Faso,10
I70699430,Utkal University,India,10
I916065895,Debre Markos University,Ethiopia,10
I4210091593,Ministère de la Santé Publique,Burundi,10
I74801974,The University of Tokyo,Japan,10
I74813324,Mekelle University,Ethiopia,10
I24676775,Indian Institute of Technology Madras,India,10
I24027795,University of Johannesburg,South Africa,10
I904009604,Olusegun Agagu University of Science and Technology,Nigeria,10
I932564295,International Institute of Social History,Netherlands,10
I110166357,University of Delhi,India,10
I157674565,University of Liège,Belgium,10
I7589121,University of Professional Studies,Ghana,10
I4210159661,"Economic & Social Sciences, Health Systems & Medical Informatics",France,10
I4210158668,AMPATH,Kenya,10
I78757542,University of Newcastle Australia,Australia,10
I280994,King George's Medical University,India,10
I4210106490,All India Institute of Medical Sciences Bhopal,India,10
I61923386,Jawaharlal Institute of Post Graduate Medical Education and Research,India,10
I1333353642,Norwegian Institute of Public Health,Norway,10
I4210095035,Deutsche Gesellschaft für Internationale Zusammenarbeit,Germany,10
I154425047,University of Alberta,Canada,10
I111979921,Northwestern University,United States,9
I16391192,Tel Aviv University,Israel,9
I141945490,University of British Columbia,Canada,9
I149704539,Deakin University,Australia,9
I54009628,University of Bayreuth,Germany,9
I35601441,Osun State University,Nigeria,9
I153718931,University of Ottawa,Canada,9
I4210132509,Kwame Nkrumah University,Zambia,9
I4210093402,Nepal Development Research Institute,Nepal,9
I166934088,Imo State University,Nigeria,9
I1303444417,Gates Foundation,United States,9
I1288051870,Organisation de Coopération et de Développement Economiques,France,9
I4210159389,St. Paul's Hospital Millennium Medical College,Ethiopia,9
I183088076,IIHMR University,India,9
I98243723,Kwara State University,Nigeria,9
I4210114632,Ambo University,Ethiopia,9
I149213910,University of Antwerp,Belgium,9
I4210148345,Rwanda Biomedical Center,Rwanda,9
I4210095786,Ministry of Health and Population,Nepal,9
I2800848520,Lagos University Teaching Hospital,Nigeria,9
I1282700336,Debre Berhan University,Ethiopia,9
I67702648,B.P. Koirala Institute of Health Sciences,Nepal,9
I2802928900,Amsterdam UMC Location University of Amsterdam,Netherlands,9
I84524832,Alexandria University,Egypt,9
I42869670,Arba Minch University,Ethiopia,9
I4210137601,Université Alioune Diop de Bambey,Senegal,8
I4210127845,Ministry of Health,Malawi,8
I24122438,Ministry of Health and Child Welfare,Zimbabwe,8
I279922783,Pwani University,Kenya,8
I4210093352,Government Medical College and Hospital,India,8
I94800806,Birzeit University,West Bank and Gaza,8
I96576516,Rivers State University,Nigeria,8
I110736937,Délégation Paris 5,France,8
I98251732,McMaster University,Canada,8
I4210088351,Ethiopian Civil Service University,Ethiopia,8
I2800730371,Government of Nepal,Nepal,8
I4287427,University of Lomé,Togo,8
I91041137,Assiut University,Egypt,8
I4577782,Technische Universität Berlin,Germany,8
I43439940,University of Southampton,United Kingdom,8
I145876445,"University of Education, Winneba",Ghana,8
I37797678,University of Uyo,Nigeria,8
I4210136876,Kilimanjaro Christian Medical Centre,Tanzania,8
I2800512269,Royal Tropical Institute,Netherlands,8
I165932596,National University of Singapore,Singapore,8
I176790772,Murdoch University,Australia,8
I169381384,University of Groningen,Netherlands,8
I894372087,Olabisi Onabanjo University,Nigeria,8
I244572783,Symbiosis International University,India,8
I250207469,Mount Kenya University,Kenya,8
I2801851002,Harvard University Press,United States,8
I180825142,"City, University of London",United Kingdom,8
I4210121797,African Leadership Institute,South Africa,8
I4210164902,National Institute for Medical Research,Tanzania,8
I141930137,Mbarara University of Science and Technology,Uganda,8
I154851008,Indian Institute of Technology Roorkee,India,8
I140534913,Ardhi University,Tanzania,8
I5476602,Ministry of Health and Family Welfare,Bangladesh,8
I52605992,National Open University of Nigeria,Nigeria,8
I4210142707,Nnamdi Azikiwe University Teaching Hospital,Nigeria,8
I226983648,Narsee Monjee Institute of Management Studies,India,8
I147765412,Niger Delta University,Nigeria,8
I4210114239,Department of Health,Taiwan,8
I4210113655,Université de Parakou,Benin,8
I70640408,Tehran University of Medical Sciences,"Iran, Islamic Republic of",8
I1315836254,Ministry of Public Health,Thailand,8
I4210142690,AFRICSanté,Burkina Faso,8
I69552723,University of Pretoria,South Africa,8
I4210151657,Department of Health,South Africa,8
I4210102500,National Institute of Public Health,Cambodia,8
I4210162024,Federal Teaching Hospital Abakaliki,Nigeria,8
I195610458,Maseno University,Kenya,8
I1336862989,Ministry of Health,Zambia,8
I183874623,The George Institute for Global Health,United Kingdom,8
I97018004,Stanford University,United States,8
I4210086295,Institute for Human Development,India,8
I9579091,Indian Institute of Technology Mandi,India,8
I111428342,Hitotsubashi University,Japan,7
I150468666,Emory University,United States,7
I36522303,Universität Greifswald,Germany,7
I60470151,Modibbo Adama University of Technology,Nigeria,7
I195377678,Gokhale Institute of Politics and Economics,India,7
I90669466,École des hautes études en sciences sociales,France,7
I107720978,Ain Shams University,Egypt,7
I180664298,Federal University of Technology,Nigeria,7
I4210154532,John Snow (United States),United States,7
I4210154411,Obafemi Awolowo University Teaching Hospitals Complex,Nigeria,7
I4210129097,Center for Global Health,United States,7
I129734738,All India Institute of Medical Sciences Raipur,India,7
I20231570,Peking University,China,7
I4210145975,Child Health Research Foundation,Bangladesh,7
I139264467,Seoul National University,"Korea, Republic of",7
I204722609,Queen's University,Canada,7
I129628643,Université Joseph Ki-Zerbo,Burkina Faso,7
I201292520,Bingham University,Nigeria,7
I20107917,Sri Ramachandra Institute of Higher Education and Research,India,7
I699696,National Institute of Mental Health and Neurosciences,India,7
I4210123366,Health Information Management,Belgium,7
I4210126426,Laboratoire d'Études et de Recherche sur les Dynamiques Sociales et le Développement Local,Niger,7
I4210138252,Federal Medical Centre,Nigeria,7
I4210156041,Global Brain Health Institute,United States,7
I2799718076,Africa Center,United States,7
I54231130,Ambrose Alli University,Nigeria,7
I169864488,Abubakar Tafawa Balewa University,Nigeria,7
I4403386471,Injibara University,Ethiopia,7
I34942010,University of Kinshasa,Democratic Republic of the Congo,7
I4210089305,"Dr. D. Y. Patil Medical College, Hospital and Research Centre",India,7
I150870154,Indian Institute of Management Ahmedabad,India,7
I161106909,Iran University of Medical Sciences,"Iran, Islamic Republic of",7
I150406212,University of Khartoum,Sudan,7
I4210165170,Ministry of Health,Rwanda,7
I129902397,Dalhousie University,Canada,7
I4210112411,Alliance for Health Policy and Systems Research,Switzerland,7
I4210121021,Institut du Développement Durable et des Relations Internationales,France,7
I4210127045,Indepth Network,Ghana,7
I4210123013,World Health Organization - Uganda,Uganda,7
I4210109011,World Health Organization - Zimbabwe,Zimbabwe,7
I4210114437,Ministry of Public Health,Afghanistan,7
I4210103980,Africa Centres for Disease Control and Prevention,Ethiopia,7
I82917088,Delta State University,United States,7
I14245010,University of Kragujevac,Serbia,7
I46247651,University of Manitoba,Canada,7
I2800098698,Tata Memorial Hospital,India,7
I4210128271,University of Abuja Teaching Hospital,Nigeria,7
I4210129200,O. P. Jindal Global University,India,7
I4210128723,Instituto Nacional de Salud Pública,Mexico,7
I4210130476,Datta Meghe Institute of Higher Education and Research,India,7
I4210131222,Takoradi Technical University,Ghana,7
I3132931743,University of Kigali,Rwanda,7
I4210098828,Institute of Economic Growth,India,7
I30887324,Babcock University,Nigeria,7
I4210159743,Armauer Hansen Research Institute,Ethiopia,7
I881427289,University of Gothenburg,Sweden,7
I876237426,Gombe State University,Nigeria,7
I2799504885,Komfo Anokye Teaching Hospital,Ghana,6
I213512949,T A Pai Management Institute,India,6
I1297502334,Ministry of Public Health,Democratic Republic of the Congo,6
I216021267,All India Institute of Medical Sciences Jodhpur,India,6
I251854046,Catholic University of Cameroon,Cameroon,6
I4210138009,International Trachoma Initiative,Ethiopia,6
I4210159729,ESIC Hospital,India,6
I4210152712,Kintampo Health Research Centre,Ghana,6
I2799318839,Universitätsmedizin Greifswald,Germany,6
I58610484,Seattle University,United States,6
I4210090812,Institut Polytechnique Rural de Formation et de Recherche Appliquée,Mali,6
I138006243,University of Arizona,United States,6
I4210093348,Jawaharlal Nehru Medical College,India,6
I45084792,University of Florence,Italy,6
I192535658,Catholic University College of Ghana,Ghana,6
I185523456,University of Southern Queensland,Australia,6
I1308008095,Results for Development Institute,United States,6
I126477371,Mohammed V University,Morocco,6
I4210142731,British Council,Kenya,6
I13529149,Pandit Bhagwat Dayal Sharma Post Graduate Institute of Medical Sciences,India,6
I193353881,King Edward Memorial Hospital and Seth G.S. Medical College,India,6
I4210148144,Institut de Recherche Pour le Développement,Burkina Faso,6
I205274468,Trinity College Dublin,Ireland,6
I4210146208,United Nations Relief and Works Agency for Palestine Refugees in the Near East,Jordan,6
I55202024,Usmanu Danfodiyo University,Nigeria,6
I48615539,Université Félix Houphouët-Boigny,Côte d'Ivoire,6
I4210113532,University of Benin Teaching Hospital,Nigeria,6
I4210108680,Federal Ministry of Health,Sudan,6
I85384741,Heidelberg University,United States,6
I129364015,Partners In Health,United States,6
I2800814899,Biratnagar Eye Hospital,Nepal,6
I2801766832,McGill University Health Centre,Canada,6
I7877124,Charité - Universitätsmedizin Berlin,Germany,6
I148561064,African Institute for Mathematical Sciences,South Africa,6
I4210134162,Institute of Rural Development Planning,Tanzania,6
I2799567373,University of Port Harcourt Teaching Hospital,Nigeria,6
I4210160300,World Health Organization - Egypt,Egypt,6
I2800190170,Federal University Lokoja,Nigeria,6
I173536338,BRAC,Bangladesh,6
I172917736,"Christian Medical College, Vellore",India,6
I3131918342,Nazi Boni University,Burkina Faso,6
I4210093885,African Field Epidemiology Network,Nigeria,6
I4210159758,National Agency for the Control of AIDS,Nigeria,6
I4210098320,National Institute of Medical Statistics,India,6
I28407311,University of Manchester,United Kingdom,6
I307268238,Kaduna State University,Nigeria,6
I4210101494,Wolaita Sodo University,Ethiopia,6
I11880225,National Institute of Technology Karnataka,India,6
I4210099503,National Hospital Abuja,Nigeria,6
I160993911,Queensland University of Technology,Australia,6
I151746483,University of Waterloo,Canada,6
I157674215,Presidency University,India,6
I39190216,Maulana Azad Medical College,India,6
I110360157,Lovely Professional University,India,6
I106542073,University of Calcutta,India,6
I92808645,Uganda Christian University,Uganda,6
I95457486,"University of California, Berkeley",United States,6
I902853133,University of Rajshahi,Bangladesh,6
I4210085988,Wolkite University,Ethiopia,5
I27804330,Brown University,United States,5
I1321305853,National Bureau of Economic Research,United States,5
I4210132262,Population Council,United States,5
I1342225141,"Global Fund to Fight AIDS, Tuberculosis and Malaria",Switzerland,5
I43763821,Health Services Academy,Pakistan,5
I4210136517,Department of Health,Ireland,5
I4210131203,Ministère De La Santé,Burkina Faso,5
I4210129271,Médecins Sans Frontières,Belgium,5
I267325792,Mizan Tepi University,Ethiopia,5
I1290748110,Save the Children,United States,5
I2800029501,Federal Neuro Psychiatric Hospital,Nigeria,5
I50693808,Pakistan Institute of Medical Sciences,Pakistan,5
I863896202,Delhi Technological University,India,5
I3131845690,University of Cross River State,Nigeria,5
I161370692,Sanjay Gandhi Post Graduate Institute of Medical Sciences,India,5
I2800696149,Republic of Burundi,Burundi,5
I913481162,Wageningen University & Research,Netherlands,5
I204291657,Hosei University,Japan,5
I76130692,Zhejiang University,China,5
I4210139727,World Health Organization - Nigeria,Nigeria,5
I131249849,Oregon State University,United States,5
I4210159645,Woldia University,Ethiopia,5
I4210094393,Amref Health Africa,Kenya,5
I1283339181,Japan International Cooperation Agency,Japan,5
I43406934,Université Laval,Canada,5
I163423212,University of Douala,Cameroon,5
I4210099038,Clinton Health Access Initiative,United States,5
I146563203,University of International Business and Economics,China,5
I148523915,Nepal Medical College Teaching Hospital,Nepal,5
I4210155942,Population Council Institute,India,5
I60342839,Qatar University,Qatar,5
I80281795,University of Otago,New Zealand,5
I4210162279,World Health Organization - India,India,5
I139322472,Universiti Sains Malaysia,Malaysia,5
I180923762,University of Cologne,Germany,5
I179863766,Western Norway University of Applied Sciences,Norway,5
I195729267,Njala University,Sierra Leone,5
I1307091933,Western Cape Department of Health,South Africa,5
I4210122214,Research for Equity And Community Health Trust,Malawi,5
I230269253,Joseph Ayo Babalola University,Nigeria,5
I198488067,Tinbergen Institute,Netherlands,5
I4210119944,Doctors with Africa Cuamm,Italy,5
I60324483,K S Hegde Medical Academy,India,5
I191972202,Amity University,India,5
I4210141281,Addis Ababa City Administration Health Bureau,Ethiopia,5
I4210099762,Management Sciences for Health,United States,5
I4210099665,Biomedical Research and Training Institute,Zimbabwe,5
I4210105117,Institut Supérieur de Technique Médicale,Democratic Republic of the Congo,5
I180297670,RTI International,United States,5
I4210149308,Jos University Teaching Hospital,Nigeria,5
I204465549,Washington University in St. Louis,United States,5
I126824641,JSS Academy of Higher Education and Research,India,5
I4210117370,Ministry of Health,Kenya,5
I70593384,Lead City University,Nigeria,5
I4210143444,Department of Health Services,Nepal,5
I151903974,National Institute Of Technology Silchar,India,5
I4210118691,International Center for Tropical Agriculture,Kenya,5
I4210118646,Documentation Center of Cambodia,Cambodia,5
I188329596,University of Canberra,Australia,5
I4210148497,National Institute of Cardiovascular Diseases,Bangladesh,5
I129862065,Government Medical College,India,5
I198244214,Université Clermont Auvergne,France,5
I1317774081,International Institute for Applied Systems Analysis,Austria,5
I84641585,Sokoine University of Agriculture,Tanzania,5
I106663880,University of Bahrain,Bahrain,5
I159129438,Université du Québec à Montréal,Canada,5
I4405260552,Université de Garoua,Cameroon,5
I4210166169,Ministry of Health,Mozambique,5
I157386601,North South University,Bangladesh,5
I155781252,University of South Carolina,United States,5
I91136226,University of Sheffield,United Kingdom,5
I95674353,UCLouvain,Belgium,5
I4210113643,"The Federal Polytechnic, Ado-Ekiti",Nigeria,5
I28653996,Adekunle Ajasin University,Nigeria,5
I47720641,Huazhong University of Science and Technology,China,5
I135388327,University of Kashmir,India,5
I112713213,Université Gaston Berger,Senegal,5
I4210093172,Partners for Health and Development in Africa,Kenya,5
I10627620,Kogi State University,Nigeria,5
I115283149,Brookings Institution,United States,5
I4210110368,Federal Medical Centre,Nigeria,5
I4210105726,World Health Organization Regional Office for the Eastern Mediterranean,Egypt,5
I55769427,Indiana University – Purdue University Indianapolis,United States,5
I4210108561,Institut de Recherche pour le Développement,Senegal,5
I186246823,University of Lucknow,India,5
I184763120,Bangladesh University,Bangladesh,5
I4210121067,Monash Health,Australia,5
I224527630,University of Lusaka,Zambia,4
I2799770396,Paul University Awka,Nigeria,4
I63169043,United International University,Bangladesh,4
I3132131080,Ndejje University,Uganda,4
I4210143825,World Health Organization - Zambia,Zambia,4
I4210131466,WWF Cameroon,Cameroon,4
I263913023,International University of Africa,Sudan,4
I2799584991,London International Development Centre,United Kingdom,4
I1290866511,Family Health International 360,United States,4
I2799853436,Johns Hopkins Medicine,United States,4
I22607950,University of Eldoret,Kenya,4
I4210097696,"Southern Nations, Nationalities, and Peoples' Region",Ethiopia,4
I134231150,University of Lubumbashi,Democratic Republic of the Congo,4
I223532165,University of Utah,United States,4
I864998749,Indian Institute of Management Mumbai,India,4
I1334819555,Memorial Sloan Kettering Cancer Center,United States,4
I2800596572,Dhulikhel Hospital,Nepal,4
I4210137306,Stanford Medicine,United States,4
I2800191616,Maastricht University Medical Centre,Netherlands,4
I2799448541,Chitwan Medical College,Nepal,4
I3131787984,Moshi Co-operative University,Tanzania,4
I123534392,University of North Texas,United States,4
I2752562790,Kampala International University,Uganda,4
I2799725268,Manchester Academic Health Science Centre,United Kingdom,4
I4210137662,Muhimbili National Hospital,Tanzania,4
I174731842,Islamia University of Bahawalpur,Pakistan,4
I176150703,University of the Gambia,The Gambia,4
I4210103002,University of Clermont Auvergne,France,4
I3129482412,Kabale University,Uganda,4
I3121676899,Université Ibn-Tofail,Morocco,4
I141649380,Western Michigan University,United States,4
I16904388,Eduardo Mondlane University,Mozambique,4
I140287389,Technical University of Kenya,Kenya,4
I85461943,Saveetha University,India,4
I1282879092,Amrita Institute of Medical Sciences and Research Centre,India,4
I58200834,Southern Medical University,China,4
I205640436,Curtin University,Australia,4
I4210125326,Public Health Ontario,Canada,4
I4210124192,Delhi Development Authority,India,4
I74656192,University of Göttingen,Germany,4
I72341686,Midlands State University,Zimbabwe,4
I91357014,Banaras Hindu University,India,4
I91369620,Uganda Virus Research Institute,Uganda,4
I36721946,Kuwait University,Kuwait,4
I4210137838,Institut Pasteur de Dakar,Senegal,4
I78988378,Renmin University of China,China,4
I1314022388,Population Council,India,4
I4210138674,Society for Community Health Awareness Research and Action,India,4
I171210897,Aligarh Muslim University,India,4
I3132976927,Mulungushi University,Zambia,4
I3129828962,National Postgraduate Medical College of Nigeria,Nigeria,4
I143929237,National Institute for Research in Reproductive Health,India,4
I1334658003,Department for International Development,United Kingdom,4
I4210097567,Ministry of Public Health,Lebanon,4
I4210097403,"Federal College of Education, Kano",Nigeria,4
I3129864162,Lúrio University,Mozambique,4
I123387679,Uppsala University,Sweden,4
I158688498,Yenepoya University,India,4
I4405263513,Association for Socially Applicable Research,India,4
I4899593,National Institute of Public Finance and Policy,India,4
I145894827,Indian Institute of Technology Kharagpur,India,4
I169541294,Flinders University,Australia,4
I157227730,University of East London,United Kingdom,4
I51101395,Université Paris 1 Panthéon-Sorbonne,France,4
I4210163881,Avenir Health,United States,4
I16292982,National Institute of Technology Rourkela,India,4
I49433721,Nigerian Institute of Medical Research,Nigeria,4
I4210161761,"East, Central and Southern Africa Health Community",Tanzania,4
I162827531,Indian Institute of Technology Bombay,India,4
I4387152206,All India Institute of Medical Sciences Rishikesh,India,4
I39555362,University of Warwick,United Kingdom,4
I166337079,Queen Mary University of London,United Kingdom,4
I159337121,Madras Medical College,India,4
I1304598786,Program for Appropriate Technology in Health,United States,4
I4405266407,Alan J Flisher Centre for Public Mental Health,South Africa,4
I44430492,Indian Institute of Management Bangalore,India,4
I4210095493,Institut National de Santé Publique du Québec,Canada,4
I4210092443,Institute for Social and Economic Change,India,4
I3130046622,Yobe State University,Nigeria,4
I4210107929,Ministère de la Santé,Morocco,4
I4210156723,National Health Insurance Service,"Korea, Republic of",4
I118347636,Australian National University,Australia,4
I12912129,Northeastern University,United States,4
I4210156508,West African Health Organisation,Burkina Faso,4
I59433898,Brunel University of London,United Kingdom,4
I59196294,University of Ngaoundéré,Cameroon,4
I197347611,Korea University,"Korea, Republic of",4
I4210127118,Princess Máxima Center,Netherlands,4
I208899625,Université du Burundi,Burundi,4
I174216632,City University of New York,United States,4
I2801301251,Somali National University,Somalia,4
I4210153192,Nigerian Institute of International Affairs,Nigeria,4
I179097149,University of Carthage,Tunisia,4
I4210120173,Clarke International University,Uganda,4
I118534171,Council for the Development of Social Science Research in Africa,Senegal,4
I5681781,The University of Adelaide,Australia,4
I4210120744,Ministry of National Health Services Regulation and Coordination,Pakistan,4
I130769515,Pennsylvania State University,United States,4
I1330522730,Patan Academy of Health Sciences,Nepal,4
I168685008,International Centre of Insect Physiology and Ecology,Kenya,4
I79576946,University of Pennsylvania,United States,4
I4210100352,Federal Ministry of Health,Ethiopia,4
I3130511786,Institute of Infrastructure Technology Research and Management,India,4
I19716509,Jamia Hamdard,India,4
I4210100457,Samara University,Ethiopia,4
I2800899879,Kamuzu Central Hospital,Malawi,4
I2801491316,Government of Uttar Pradesh,India,4
I2802029997,Delta State Polytechnic Ogwashi-Uku,Nigeria,4
I4210143698,National HIV/AIDS/STI/TB Council,Zambia,4
I201969901,Bangladesh Medical University,Bangladesh,4
I80693520,American University in Cairo,Egypt,4
I200433483,Bowen University,Nigeria,4
I2801240201,Rayat Bahra University,India,4
I1285985921,International Labour Organization,Switzerland,4
I878213199,Savitribai Phule Pune University,India,4
I876193797,Vellore Institute of Technology University,India,4
I4210144496,"G.S. Science, Arts And Commerce College",India,4
I4210113047,"Ministry of Health, Community Development, Gender, Elderly and Children",Tanzania,4
I133190216,Shahjalal University of Science and Technology,Bangladesh,4
I4210149513,Sierra Leone Urban Research Centre,Sierra Leone,4
I291863076,University of Energy and Natural Resources,Ghana,4
I187152970,Benue State University,Nigeria,4
I55060895,University of Greenwich,United Kingdom,4
I4210110511,Society for Education Welfare and Action Rural,India,4
I287756978,Busitema University,Uganda,4
I130343225,Universiti Putra Malaysia,Malaysia,4
I192455969,York University,Canada,4
I4210150261,National University Health System,Singapore,4
I78934096,United Nations Population Fund,United States,4
I183111857,Malmö University,Sweden,4
I4210150114,Oxford University Clinical Research Unit,Viet Nam,4
I4210109249,Regional Medical Research Centre,India,4
I4210144716,Niger State Ministry of Health,Nigeria,4
I105454292,Guru Gobind Singh Indraprastha University,India,4
I904495901,Ruhr University Bochum,Germany,4
I112471378,Central University of Tamil Nadu,India,4
I4076070,Bharathidasan University,India,4
I4387153954,Centre d'Études et de Recherches sur le Développement International,France,4
I4405258356,Lagos State Ministry of Health,Nigeria,4
I4403928428,Kamuzu University of Health Sciences,Malawi,4
I90344618,Medical Research Council,United Kingdom,4
I33849332,University of Malaya,Malaysia,4
I119856527,Cadi Ayyad University,Morocco,4
I39727005,Dow University of Health Sciences,Pakistan,4
I99065089,Tsinghua University,China,4
I911458345,Amsterdam UMC Location Vrije Universiteit Amsterdam,Netherlands,4
I4210094012,National Center for Global Health and Medicine,Japan,4
I4210092722,Office Of Health Economics,United Kingdom,4
I931913249,Norwegian School of Economics,Norway,4
I98220444,Michael Okpara University of Agriculture,Nigeria,4
I97565354,University of Lausanne,Switzerland,4
I951315,Graduate Institute of International and Development Studies,Switzerland,4
I97231232,Nelson Mandela African Institution of Science and Technology,Tanzania,4
I907303451,Great Lakes University of Kisumu,Kenya,3
I96369009,Dhaka Medical College and Hospital,Bangladesh,3
I105094715,National Institute of Technology Kurukshetra,India,3
I4210091246,Sri Venkateswara Medical College and Ruia Hospital,India,3
I4210088186,World Health Organization - Morocco,Morocco,3
I4210086877,University of Kara,Togo,3
I315205436,Jaramogi Oginga Odinga University of Science and Technology,Kenya,3
I41639379,Association of Research Libraries,United States,3
I42014448,Sardar Vallabhbhai National Institute of Technology Surat,India,3
I3133249180,Satavahana University,India,3
I155627368,Pedagogical University,Mozambique,3
I159247623,Mansoura University,Egypt,3
I157886920,Centre For Development Studies,India,3
I67357951,KIIT University,India,3
I130238516,University of Minnesota,United States,3
I68891433,Indian Institute of Technology Delhi,India,3
I69768126,Hull York Medical School,United Kingdom,3
I103250015,Human Sciences Research Council,South Africa,3
I103635307,"University of California, Riverside",United States,3
I91819753,Padjadjaran University,Indonesia,3
I91972364,Tai Solarin University of Education,Nigeria,3
I110116418,Maharaja Sayajirao University of Baroda,India,3
I38919395,Indian Institute of Foreign Trade,India,3
I39804081,Sorbonne Université,France,3
I1118541,University of East Anglia,United Kingdom,3
I126231945,Queen's University Belfast,United Kingdom,3
I90978372,Mahatma Gandhi Institute of Medical Sciences,India,3
I147727580,Dr. Bhim Rao Ambedkar University,India,3
I9360294,University of Bologna,Italy,3
I99464096,KU Leuven,Belgium,3
I41545563,"Presbyterian University, Ghana",Ghana,3
I4210088869,Institut National de Recherche en Santé Publique,Mali,3
I55215948,Tata Consultancy Services (India),India,3
I53279716,Ahfad University for Women,Sudan,3
I4210113441,Kings Health Partners,United Kingdom,3
I4210112994,University of Bangui,Central African Republic,3
I2802952180,Open Data Institute,United Kingdom,3
I2803056085,Veer Surendra Sai Medical College and Hospital,India,3
I29891158,University of Sharjah,United Arab Emirates,3
I2801952686,Erasmus MC,Netherlands,3
I2802557195,United Nations University – Maastricht Economic and Social Research Institute on Innovation and Technology,Netherlands,3
I2802466933,Cambridge University Hospitals NHS Foundation Trust,United Kingdom,3
I83558840,Universidade Nova de Lisboa,Portugal,3
I2801809904,Nuffield Orthopaedic Centre,United Kingdom,3
I2801810276,Tanzania Commission for Science and Technology,Tanzania,3
I131868736,Prince of Songkla University,Thailand,3
I1320184640,Public Health Agency of Sweden,Sweden,3
I136774965,Chatham House,United Kingdom,3
I5922359,International Union Against Tuberculosis and Lung Disease,United States,3
I65837984,Kobe University,Japan,3
I4210150475,World Health Organization Regional Office for the Western Pacific,Philippines,3
I4210146551,African Economic Research Consortium,Kenya,3
I4210149613,China Population and Development Research Center,China,3
I4210153375,Al Madinah International University,Malaysia,3
I76661892,Federal University of Technology Minna,Nigeria,3
I130438778,Memorial University of Newfoundland,Canada,3
I125602781,Tokyo Medical and Dental University,Japan,3
I122328836,Indian School of Business,India,3
I4210120185,National Institute of Public Health,Laos,3
I4210116687,MRC Unit the Gambia,The Gambia,3
I20089843,Princeton University,United States,3
I19008122,Mangalore University,India,3
I4210144541,Social Change and Development,India,3
I205783295,Cornell University,United States,3
I4210151833,Amsterdam University Medical Centers,Netherlands,3
I4210151986,Ibrahim Badamasi Babangida University,Nigeria,3
I195931504,Egerton University,Kenya,3
I4210112062,World Health Organization Regional Office for South-East Asia,India,3
I4210109172,Nuffield Health,United Kingdom,3
I2802865875,Flame University,India,3
I4210109580,Belgian Development Agency,Belgium,3
I4210109082,Development Research and Projects Centre,Nigeria,3
I4210109391,Sa'adu Zungur University,Nigeria,3
I4210109399,Kotebe University of Education,Ethiopia,3
I4210113354,Economie Publique,France,3
I2802999120,Government of Khyber Pakhtunkhwa,Pakistan,3
I2803198,Ho Technical University,Ghana,3
I4210151633,Koforidua Technical University,Ghana,3
I184679254,Saint Joseph University,Lebanon,3
I4210154490,K. J. Somaiya Hospital & Research Centre,India,3
I4210151501,Social Sectors Development Strategies (United States),United States,3
I180519160,Copenhagen Business School,Denmark,3
I179193067,Khon Kaen University,Thailand,3
I137794331,All India Institute of Hygiene and Public Health,India,3
I138537684,Gauhati University,India,3
I135310074,University of Wisconsin–Madison,United States,3
I4210119988,Centre for Chronic Disease Control,India,3
I4210117303,"Institute of Health Research, Epidemiological Surveillance and Training",Senegal,3
I4210117552,AIDS Prevention Initiative in Nigeria,Nigeria,3
I4210119140,Tribhuvan University Teaching Hospital,Nepal,3
I4210121639,ACCESS Health International,United States,3
I2800834503,Tamale Teaching Hospital,Ghana,3
I2801715042,Consolidated Contractors Company (Greece),Greece,3
I2801516365,Kumasi Technical University,Ghana,3
I132358288,Al-Azhar University – Gaza,West Bank and Gaza,3
I13268429,Madurai Kamaraj University,India,3
I59225215,Bahria University,Pakistan,3
I63601056,Menoufia University,Egypt,3
I1328908458,Médecins Sans Frontières,Uganda,3
I217085601,University of Namibia,Namibia,3
I238035932,Indira Gandhi Institute of Medical Sciences,India,3
I141568987,Hong Kong Baptist University,Hong Kong,3
I139660479,Central South University,China,3
I139924743,Bentley University,United States,3
I117965899,University of Hawaiʻi at Mānoa,United States,3
I1289142772,International Development Research Centre,Canada,3
I1289490764,Centers for Disease Control and Prevention,United States,3
I870124129,Mount Royal University,Canada,3
I874055015,Teesside University,United Kingdom,3
I124386471,Khulna University,Bangladesh,3
I4210111905,Public Health Institute,United States,3
I4210103010,Economic Policy Research Centre,Uganda,3
I137724175,University of Antananarivo,Madagascar,3
I4210153016,Irrua Specialist Teaching Hospital,Nigeria,3
I60200437,Potsdam Institute for Climate Impact Research,Germany,3
I189909677,Pakistan Institute of Development Economics,Pakistan,3
I192756129,University of Macedonia,Greece,3
I4210158168,Melbourne Health,Australia,3
I4210145365,Université Hassan 1er,Morocco,3
I193073490,Siksha O Anusandhan University,India,3
I200207707,Homi Bhabha National Institute,India,3
I4210119819,Université Mohammed VI des Sciences et de la Santé,Morocco,3
I4210122757,Asossa University,Ethiopia,3
I2801053747,Australian Institute of Tropical Health and Medicine,Australia,3
I79510175,Cardiff University,United Kingdom,3
I4210124803,Debark University,Ethiopia,3
I4210125903,University Research Co (United States),United States,3
I4210141093,Catholic University of Central Africa,Cameroon,3
I231543472,North Eastern Indira Gandhi Regional Institute of Health and Medical Sciences,India,3
I25871817,Oxford Policy Management,United Kingdom,3
I26092322,Stellenbosch University,South Africa,3
I24835296,Accra Technical University,Ghana,3
I4210144973,African Institute for Development Policy,Malawi,3
I204743663,University of Mysore,India,3
I33003672,Indian Institute of Management Indore,India,3
I4210100069,National Institute of Epidemiology,India,3
I3131422684,Godfrey Okoye University,Nigeria,3
I304664074,Landmark University,Nigeria,3
I3131204436,Meru University of Science and Technology,Kenya,3
I4210098521,"Usmanu Danfodiyo University Teaching Hospital, Sokoto",Nigeria,3
I4210105015,Stanford Health Care,United States,3
I4210098103,Ministry of Health and Sanitation,Sierra Leone,3
I4210101034,Birla Institute of Technology and Science - Hyderabad Campus,India,3
I3129249430,University of Cambodia,Cambodia,3
I3129351386,Sule Lamido University Kafin Hausa,Nigeria,3
I178102782,John F. Kennedy University,United States,3
I178331978,Université de Dschang,Cameroon,3
I177802217,University of Mannheim,Germany,3
I177969490,University of Southern Denmark,Denmark,3
I168635309,University of Calgary,Canada,3
I56435720,Université Paris Dauphine-PSL,France,3
I65220239,Karpagam Academy of Higher Education,India,3
I5728261,University of Sunderland,United Kingdom,3
I80046288,Walden University,United States,3
I74796645,"Birla Institute of Technology and Science, Pilani",India,3
I1279696364,Ministry of Economy and Finance,Mali,3
I1293723699,European Observatory on Health Systems and Policies,Belgium,3
I4210124021,Bule Hora University,Ethiopia,3
I82951845,RMIT University,Australia,3
I4210124924,Université Catholique de Bukavu,Democratic Republic of the Congo,3
I75381157,Wilfrid Laurier University,Canada,3
I1313603282,Gavi,Switzerland,3
I4210139965,Centre Hospitalier National Universitaire de Fann,Senegal,3
I4210139578,Karnali Academy of Health Sciences,Nepal,3
I118086122,Ministry of Health and Social Welfare,Tanzania,3
I889458895,University of Hong Kong,Hong Kong,3
I4210096594,Emma Kinderziekenhuis,Netherlands,3
I3132465432,University of Makeni,Sierra Leone,3
I4210093684,Dodowa Health Research Centre,Ghana,3
I36234482,University of Bristol,United Kingdom,3
I36258959,University of California San Diego,United States,3
I145286018,SRM Institute of Science and Technology,India,3
I4210157422,"Advanced Centre for Treatment, Research and Education in Cancer",India,3
I4210157510,Smt. Kashibai Navale Medical College and General hospital,India,3
I4210161256,Impact,Canada,3
I4210160667,Ministry of Health and Population,Egypt,3
I49595703,Ethiopian Institute of Agricultural Research,Ethiopia,3
I164135366,SMS Medical College,India,3
I4210100047,Institute of Post Graduate Medical Education and Research,India,3
I165831266,Nirma University,India,3
I165862685,"St George's, University of London",United Kingdom,3
I43480833,Kyambogo University,Uganda,3
I43427933,Federal University Oye Ekiti,Nigeria,3
I172324550,Gomal University,Pakistan,3
I162714631,George Mason University,United States,3
I158338959,University of Kerala,India,3
I146655781,University of Liverpool,United Kingdom,3
I4210160307,Ministry of Agriculture and Forests,Bhutan,3
I4210159673,Hope Africa University,Burundi,3
I4210159699,United Nations Children's Fund India,India,3
I4210165297,Nile University of Nigeria,Nigeria,3
I88017793,Port Said University,Egypt,3
I88132101,Masinde Muliro University of Science and Technology,Kenya,3
I4210140007,Ramathibodi Hospital,Thailand,3
I203238179,Rhodes University,South Africa,3
I2799775433,Federal University Otuoke,Nigeria,3
I4210130619,Health Strategy and Delivery Foundation,Nigeria,3
I4210135589,Kementerian Kesehatan Republik Indonesia,Indonesia,3
I4210125530,Université Evangélique en Afrique,Democratic Republic of the Congo,3
I4210129436,Ghana College of Physicians and Surgeons,Ghana,3
I4210129636,Addis Ababa Science and Technology University,Ethiopia,3
I4210135264,Institute of Development Studies,India,3
I2799599516,Angkor Hospital for Children,Cambodia,3
I78545622,Aksum University,Ethiopia,3
I212220629,Peter the Great St. Petersburg Polytechnic University,Russian Federation,3
I26771391,Jaipuria Institute of Management,India,3
I63190737,"University at Buffalo, State University of New York",United States,3
I15057530,Université de Bordeaux,France,3
I4405266194,Nobel College,Nepal,3
I158867519,International Management Institute,India,3
I154549908,Indian Institute of Technology Jodhpur,India,3
I4387153927,University of Technology and Applied Sciences,Ghana,3
I4210092035,Public Health Department,India,3
I32597200,Ghent University,Belgium,3
I32625721,University of Saskatchewan,Canada,3
I4210091766,Swiss Re (United States),United States,3
I39422238,University of Illinois Chicago,United States,3
I335036346,Hemchandracharya North Gujarat University,India,3
I8636806,University of Sousse,Tunisia,3
I8977528,Dr. Hari Singh Gour University,India,3
I866804994,National Research Foundation,South Africa,3
I165230279,Universitas Gadjah Mada,Indonesia,3
I4210142441,Cordaid,Netherlands,3
I4210142187,Institute of Finance Management,Tanzania,3
I1315184752,Government of Maharashtra,India,3
I1333535994,University of North Carolina Health Care,United States,3
I4210133319,Institute of Medical Sciences and Sum Hospital,India,3
I4210131094,Sree Balaji Dental College and Hospital,India,3
I2800666866,Government of Pakistan,Pakistan,3
I4210133907,Institut Pierre Louis d‘Épidémiologie et de Santé Publique,France,3
I261330113,Sidho-Kanho-Birsha University,India,3
I4210133813,Health Economics and Outcomes Research (United Kingdom),United Kingdom,3
I2800084297,Indian Institute of Management Shillong,India,3
I4210134242,Youth Development,United States,3
I4210134276,"Center for Health, Human Rights and Development",Uganda,3
I4210133608,Zambia National Public Health Institute,Zambia,3
I4210136836,African Conservation Centre,Kenya,3
I4210136140,World Health Organization - Afghanistan,Afghanistan,3
I277791926,Université Alassane Ouattara,Côte d'Ivoire,3
I76514561,Population Services International,Zambia,3
I4210088889,Kampala International University in Tanzania,Tanzania,3
I102834121,Purbanchal University,Nepal,3
I4210086094,Universal University,Russian Federation,3
I114794399,Suez Canal University,Egypt,2
I41461413,Universiti Malaysia Sarawak,Malaysia,2
I4210088867,Dayanand Medical College & Hospital,India,2
I4210089029,HealthNet TPO,Netherlands,2
I4210087915,Massachusetts General Hospital,United States,2
I4210088027,Practical Action,Kenya,2
I4210089248,Institut Universitaire d'Abidjan,Côte d'Ivoire,2
I4210088438,Institute of Mental Health,India,2
I110930757,Management Development Institute,India,2
I99069390,Metropolitan State University,United States,2
I99297268,University of Hassan II Casablanca,Morocco,2
I40515787,Bangladesh Open University,Bangladesh,2
I98704320,Icahn School of Medicine at Mount Sinai,United States,2
I91699865,Indian Institute of Management Lucknow,India,2
I114982161,Isfahan University of Medical Sciences,"Iran, Islamic Republic of",2
I108108428,Thammasat University,Thailand,2
I14746517,Royal College of Surgeons of England,United Kingdom,2
I4210090543,High Institute of Management and Entrepreneurship,Cameroon,2
I4210087843,Food Research Institute,Slovakia,2
I12649496,INTI International University,Malaysia,2
I123946342,Binghamton University,United States,2
I124055696,University of Copenhagen,Denmark,2
I119474363,Canterbury Christ Church University,United Kingdom,2
I113306721,Hiroshima University,Japan,2
I4210089421,Public Health Institute of Malawi,Malawi,2
I33851549,Coimbatore Medical College and Hospital,India,2
I4210093039,Melaka Manipal Medical College,India,2
I3133343326,Ziguinchor University,Senegal,2
I4210094767,Instituts Supérieurs des Professions Infirmières et Techniques de Santé,Morocco,2
I4210095040,Shoklo Malaria Research Unit,Thailand,2
I4210095463,Society for Applied Studies,India,2
I36788626,California University of Pennsylvania,United States,2
I36893310,University of Hyderabad,India,2
I32389192,University of Alabama at Birmingham,United States,2
I4210086933,NYU Langone Health,United States,2
I1516879,Tarbiat Modares University,"Iran, Islamic Republic of",2
I158934434,Zhongnan University of Economics and Law,China,2
I158012942,University of Richmond,United States,2
I4401200305,"All India Institute of Medical Sciences, Nagpur",India,2
I4210165639,Ethiopian Economic Association,Ethiopia,2
I4387154669,University of Skills Training and Entrepreneurial Development,Ghana,2
I161548249,Bangor University,United Kingdom,2
I32401161,Gandhara University,Pakistan,2
I4210094607,National Institute of Health and Family Welfare,India,2
I4210095230,Korea Foundation for International Healthcare,"Korea, Republic of",2
I4210092501,Gamal Abdel Nasser University of Conakry,Guinea,2
I145608581,University of Miami,United States,2
I50583767,World University of Bangladesh,Bangladesh,2
I155125381,Galgotias University,India,2
I145846420,University of Jammu,India,2
I4387153400,"Kasturba Medical College, Mangalore",India,2
I33434090,University of Massachusetts Boston,United States,2
I3132158071,University of Science and Technology of Benin,Benin,2
I3132245663,Plateau State University,Nigeria,2
I32284924,Copperbelt University,Zambia,2
I327098606,Methodist University College Ghana,Ghana,2
I3131870445,Woxsen School of Business,India,2
I39586589,Swansea University,United Kingdom,2
I40253897,University of New Haven,United States,2
I4210132163,Blantyre Institute for Community Ophthalmology,Malawi,2
I4210132209,Agence Nationale de l'Aviation Civile et de la Météorologie,Senegal,2
I4210135400,National Directorate of Geology,Mozambique,2
I2799600557,Japan External Trade Organization,Japan,2
I2799376586,Scarborough Health Network,Canada,2
I2799390153,Leeds Teaching Hospitals NHS Trust,United Kingdom,2
I4210135199,American International University West Africa,The Gambia,2
I4210126198,Harborview Injury Prevention and Research Center,United States,2
I23946033,University of Tehran,"Iran, Islamic Republic of",2
I2799543606,Society for Family Health Nigeria,Nigeria,2
I24624658,Touro University California,United States,2
I23874457,Health Resources and Services Administration,United States,2
I79793008,Université de Thiès,Senegal,2
I1287163989,Massachusetts Eye and Ear Infirmary,United States,2
I79619799,University of Birmingham,United Kingdom,2
I4210134492,Centre Hospitalier Universitaire Hassan II,Morocco,2
I4210135788,Institut Pasteur du Cambodge,Cambodia,2
I4210134464,Instituto Nacional de Saúde,Mozambique,2
I1336939341,Kaiser Family Foundation,United States,2
I1337960435,Massachusetts Department of Public Health,United States,2
I70764227,Indus University,India,2
I63525965,Western Sydney University,Australia,2
I4210141780,Sri Manakula Vinayagar Medical College and Hospital,India,2
I4210142372,Human Media,United States,2
I4210129991,Mathrusri Ramabai Ambedkar Dental College & Hospital,India,2
I2800395565,Far-western University,Nepal,2
I2799835767,Adeleke University,Nigeria,2
I4210132279,Presidency University,Bangladesh,2
I4210132402,Nepal Health Research Council,Nepal,2
I4210132452,Saitama International Medical Center,Japan,2
I4210132837,Global Business School Network,United States,2
I4210129919,African Institute for Development Policy,Kenya,2
I2799828974,"Nurses' Training College, Ho",Ghana,2
I4210124368,Ministry of AYUSH,India,2
I4210125094,Health Promotion Agency,New Zealand,2
I4210122499,Business Innovation Centre,Italy,2
I4210123907,National University College,Puerto Rico,2
I4210126770,Lifenet Health,United States,2
I84027002,Leeds Beckett University,United Kingdom,2
I84058292,Helwan University,Egypt,2
I4210140129,Empowerment Program,United States,2
I4210138991,Institut Pasteur de Côte d'Ivoire,Côte d'Ivoire,2
I4210139166,"Direction Générale de la Pharmacie, du Médicament et des Laboratoires",Burkina Faso,2
I4210139777,Berlin Institute of Health at Charité - Universitätsmedizin Berlin,Germany,2
I1299303238,National Institutes of Health,United States,2
I74413500,University of Windsor,Canada,2
I1311436738,New South Wales Department of Health,Australia,2
I2799795791,Government of Haryana,India,2
I4210143835,Babcock & Wilcox (United States),United States,2
I4210143875,Guangdong Province Women and Children Hospital,China,2
I4210142920,Global Policy Institute,United States,2
I203951103,Keio University,Japan,2
I204308271,Medical College of Wisconsin,United States,2
I4210139346,Department of Public,India,2
I4210136169,Chongqing Construction Engineering Investment Holding (China),China,2
I4210140008,Institut Supérieur Agronomique et Vétérinaire Valéry Giscard d'Estaing,Guinea,2
I4210125507,Chouaib Doukkali University,Morocco,2
I2801166139,Health Intervention and Technology Assessment Program,Thailand,2
I4210129187,Dawat University,Afghanistan,2
I4210128173,Centre Hospitalier Universitaire de Kigali,Rwanda,2
I4210131142,Swiss Re (Switzerland),Switzerland,2
I4210131147,SRM University,India,2
I2799987170,Nepal Red Cross Society,Nepal,2
I2800073537,Bhubaneswar Borooah Cancer Institute,India,2
I4210126340,Mother Hospital,India,2
I4210126423,Dr. Ram Manohar Lohia Institute of Medical Sciences,India,2
I2801208972,Asian Development Research Institute,India,2
I2801239119,Australian Regenerative Medicine Institute,Australia,2
I2801255070,L V Prasad Eye Institute,India,2
I2802091096,Scripps Mercy Hospital,United States,2
I2802014819,Government of Gujarat,India,2
I2801345345,Cancer Institute (WIA),India,2
I243989293,KPC Medical College and Hospital,India,2
I24943067,Fudan University,China,2
I4210143164,Programme PAC-CI,Côte d'Ivoire,2
I4210144392,University of Goma,Democratic Republic of the Congo,2
I4210143973,University of Global Health Equity,Rwanda,2
I4210141358,European Centre for Social Welfare Policy and Research,Austria,2
I4210126505,Amity University,United Arab Emirates,2
I4210126604,Mahidol Oxford Tropical Medicine Research Unit,Thailand,2
I56822791,Ghana Institute of Management and Public Administration,Ghana,2
I5791819,University of the Philippines Manila,Philippines,2
I56090587,North Bengal University,India,2
I206040828,Sher-i-Kashmir Institute of Medical Sciences,India,2
I4210145362,Institute of Technology Management,India,2
I19772626,Yeshiva University,United States,2
I197854408,University of Malta,Malta,2
I4210140497,National Board of Examinations,India,2
I8541234,University College of Bahrain,Bahrain,2
I83519826,Nanjing Medical University,China,2
I1279686153,Fluor (United States),United States,2
I1293811555,Department of Health,Philippines,2
I127165138,University of Suffolk,United Kingdom,2
I80276326,University of Guam,Guam,2
I71999127,Universitat de Barcelona,Spain,2
I1308309334,Translational Research Institute,Australia,2
I2801518632,Jinnah Sindh Medical University,Pakistan,2
I2800828467,Doha Institute for Graduate Studies,Qatar,2
I4210115082,Centro de Investigación Biomédica en Red,Spain,2
I4210115110,Asian Institute of Public Health,India,2
I4210114369,Dhaka Community Hospital Trust,Bangladesh,2
I4210117918,Institute for Advanced Medical Research,United States,2
I4210118384,Academy of Scientific Research and Technology,Egypt,2
I4210118971,National Institute of Public Health,Slovenia,2
I1307112335,Global Affairs Canada,Canada,2
I69050122,Near East University,Cyprus,2
I130830085,Fukushima Medical University,Japan,2
I1310145890,International Monetary Fund,United States,2
I59272784,"Arab Academy for Science, Technology, and Maritime Transport",Egypt,2
I4210122444,University of Koudougou,Burkina Faso,2
I4210123196,Zhejiang Environmental Monitoring Center,China,2
I2801604535,St. Augustine International University,Uganda,2
I192929712,University of Juba,South Sudan,2
I201713289,African Studies Centre,Netherlands,2
I193531525,George Washington University,United States,2
I230495080,University of Limerick,Ireland,2
I23075662,Taibah University,Saudi Arabia,2
I230965063,Uganda Management Institute,Uganda,2
I23805111,Mohammad Ali Jinnah University,Pakistan,2
I4210145847,Hôpital Universitaire International Cheikh Khalifa,Morocco,2
I2802213881,Windsor University School of Medicine,Saint Kitts and Nevis,2
I4210119856,Université Sultan Moulay Slimane,Morocco,2
I4210123047,Indian Institute of Management Amritsar,India,2
I4210123132,Ladoke Akintola University of Technology Teaching Hospital,Nigeria,2
I4210120668,Creative Commons,United States,2
I2801631653,Federal Planning Bureau,Belgium,2
I2800979572,Research Institute for Tropical Medicine,Philippines,2
I4210122897,Stella Maris Polytechnic,Liberia,2
I2801787918,IILM Institute for Higher Education,India,2
I4210115895,Management and Development for Health,Tanzania,2
I4210116188,Infectious Diseases Institute,Uganda,2
I4210116742,Eternal Hospital,India,2
I4210115235,Malawi Government,Malawi,2
I81556334,Amrita Vishwa Vidyapeetham,India,2
I87477611,Igbinedion University,Nigeria,2
I86519414,Algoma University,Canada,2
I4210147476,Nasarawa State Ministry of Health,Nigeria,2
I4210147807,Berkeley Public Health Division,United States,2
I4210148332,Barcelona Institute for Global Health,Spain,2
I4210145126,Aditya Birla (India),India,2
I4210112739,Ethiopian Public Health Association,Ethiopia,2
I4210113060,Sisters of Mercy Health System,United States,2
I4210112396,Bangladesh University of Health Sciences,Bangladesh,2
I4210112597,University of Health Sciences Vientiane,Laos,2
I138900291,Nipissing University,Canada,2
I4210149225,Edo State University Uzairue,Nigeria,2
I188771183,Iqra University,Pakistan,2
I196137440,International University of Japan,Japan,2
I190082696,Durham University,United Kingdom,2
I190765188,Ambedkar University Delhi,India,2
I187350138,Yaba College of Technology,Nigeria,2
I4210145302,St.John's Medical College Hospital,India,2
I4210121728,Care International,Switzerland,2
I4210121091,Rwanda Agriculture Board,Rwanda,2
I4210121450,Wright Materials Research (United States),United States,2
I2801506469,Kisiizi Hospital,Uganda,2
I2801317318,Hospital for Sick Children,Canada,2
I1332387789,Siriraj Hospital,Thailand,2
I134784518,Institute of Business Administration Karachi,Pakistan,2
I138801177,University of Ulster,United Kingdom,2
I137056471,Nanjing University of Finance and Economics,China,2
I77501641,University of Kalyani,India,2
I4210112723,National Department of Health,Papua New Guinea,2
I2801814493,Princess Alexandra Hospital,Australia,2
I2802614804,University Teaching Hospital,Zambia,2
I2801988807,Community Medical Center,United States,2
I2802685156,Kenyatta National Hospital,Kenya,2
I2802686301,College of Medical Sciences,Nepal,2
I64128412,Dibrugarh University,India,2
I62396329,Université de Rouen Normandie,France,2
I62916508,Technical University of Munich,Germany,2
I64032852,Pan-Atlantic University,Nigeria,2
I133837150,University of Huddersfield,United Kingdom,2
I1338678786,"Center for Disease Dynamics, Economics & Policy",United States,2
I132157203,Barwon Health,Australia,2
I1316535847,Beth Israel Deaconess Medical Center,United States,2
I191240316,University of Hull,United Kingdom,2
I192398990,Zagazig University,Egypt,2
I4210150477,Right to Care,Zambia,2
I4210150297,Institute of Business Management,Pakistan,2
I4210150398,Hunan University of Finance and Economics,China,2
I200719446,Vanderbilt University,United States,2
I4210148621,Luxembourg Institute of Socio-Economic Research,Luxembourg,2
I4210148991,Bugando Medical Centre,Tanzania,2
I865572129,Adama Science and Technology University,Ethiopia,2
I125528314,Kyrgyz State Medical Academy,Kyrgyzstan,2
I121847817,"The Graduate Center, CUNY",United States,2
I874236823,Fogarty International Center,United States,2
I87445476,Xi'an Jiaotong University,China,2
I79161377,Punjabi University,India,2
I76766440,University of San Francisco,United States,2
I129801699,University of Tasmania,Australia,2
I2803093829,Ross University School of Veterinary Medicine,Saint Kitts and Nevis,2
I2802952153,Regional Medical Research Center,India,2
I4210109367,Partnership for Economic Policy,Kenya,2
I4210105310,National Institute of Occupational Health,India,2
I4210105339,Instituto Nacional de Investigação Agrária e Veterinária,Portugal,2
I4210109528,PSG INSTITUTE OF TECHNOLOGY AND APPLIED RESEARCH,India,2
I4210108783,Christian Medical College,India,2
I4210111051,Subbaiah Medical College,India,2
I184834183,Al-Azhar University,Egypt,2
I183067930,Shanghai Jiao Tong University,China,2
I4210154073,Netherlands Interdisciplinary Demographic Institute,Netherlands,2
I4210154249,Department of Public Health,Myanmar,2
I2802335433,Aarhus University Hospital,Denmark,2
I2802351361,Centre Hospitalier Universitaire Sainte-Justine,Canada,2
I4210113358,Gujarat Matikam Kalakari & Rural Technology Institute,India,2
I2802849423,University Medical Center,United States,2
I55732556,Arizona State University,United States,2
I4819740,Sri Sathya Sai Institute of Higher Learning,India,2
I1342924430,LAC+USC Medical Center,United States,2
I180726961,Shenzhen University,China,2
I187175081,Shaanxi University of Technology,China,2
I197081775,Annamalai University,India,2
I4210154431,Auchi Polytechnic,Nigeria,2
I4210151519,Netherlands Institute for Social Research,Netherlands,2
I2802538442,Edmonds Community College,United States,2
I2802539107,Aga Khan Hospital Dar es Salaam,Tanzania,2
I2802546094,Kinshasa General Hospital,Democratic Republic of the Congo,2
I3018483916,University Medical Center Utrecht,Netherlands,2
I4210113434,Sir Ganga Ram Hospital,India,2
I4210112751,National Center for Technology Management,Nigeria,2
I4210110810,Ecolab (United States),United States,2
I2802384191,Children's Hospital at Westmead,Australia,2
I4210103743,Ministry of Health,Laos,2
I4210103864,Maesot General Hospital,Thailand,2
I3130021832,Shree Guru Gobind Singh Tricentenary University,India,2
I3131333345,Sri Dharmasthala Manjunatheshwara College of Dental Sciences & Hospital,India,2
I4210106879,Ohio University,United States,2
I4210107090,Royal Centre for Disease Control,Bhutan,2
I4210108070,Aga Khan University Nairobi,Kenya,2
I4210106600,Kibabii University,Kenya,2
I13751521,Tanzania Wildlife Research Institute,Tanzania,2
I137616099,Tshwane University of Technology,South Africa,2
I58782413,Maharaja Sriram Chandra Bhanja Deo University,India,2
I52357470,The Ohio State University,United States,2
I5268612,Nepal Academy of Science and Technology,Nepal,2
I59483232,Shandong University of Finance and Economics,China,2
I4210111891,Ministry of Education and Vocation Training,Tanzania,2
I4210107475,CUNY Advanced Science Research Center,United States,2
I181369854,Friedrich-Alexander-Universität Erlangen-Nürnberg,Germany,2
I18045400,"Federal University of Agriculture, Abeokuta",Nigeria,2
I180765649,Aliah University,India,2
I180771373,Government Medical College,India,2
I1925986,Loyola University Chicago,United States,2
I4210155479,Hospital for Tropical Diseases,Viet Nam,2
I4210155734,KPMG (United States),United States,2
I4210157167,Centre for Policy Studies,India,2
I4210112323,Ministry of Health and Sports,Myanmar,2
I4210111543,Harvard Pilgrim Health Care,United States,2
I4210108649,Ondo State Primary Health Care Development Board,Nigeria,2
I29894533,Charles Darwin University,Australia,2
I2802723755,Independent Sector,United States,2
I1743320,Palo Alto University,United States,2
I174404548,PSG Institute of Medical Sciences & Research,India,2
I181565077,Georgia State University,United States,2
I81461992,Ohio Wesleyan University,United States,2
I288011450,Comilla University,Bangladesh,2
I288496929,Narayana Health,India,2
I2885483733,ICICI Lombard (India),India,2
I4210106797,National Sanitation Utility,Tunisia,2
I3129284699,Benadir University,Somalia,2
I3129592236,Amoud University,Somalia,2
I3129613971,Kwara State Polytechnic,Nigeria,2
I175691731,Pondicherry University,India,2
I4210159390,Loyola Medicine,United States,2
I4210154838,Shaheed Suhrawardy Medical College,Bangladesh,2
I173894486,Amala Institute of Medical Sciences,India,2
I173953196,Local Government Association,United Kingdom,2
I4210159041,Nigeria Centre for Disease Control,Nigeria,2
I876098953,Bangalore Medical College and Research Institute,India,2
I81020251,Great Lakes Institute of Management,India,2
I142762351,Royal College of Surgeons in Ireland,Ireland,2
I142767807,St. Catherine University,United States,2
I154099455,Shandong University,China,2
I4210157744,Africa Academy for Public Health,Tanzania,2
I177877127,The University of Western Australia,Australia,2
I168893459,University of Allahabad,India,2
I4210160947,Abt Associates (Nepal),Nepal,2
I177463362,University of West London,United Kingdom,2
I4210106740,Children's Health Council,United States,2
I126520041,University of Science and Technology of China,China,2
I89466785,Minia University,Egypt,2
I885507782,East West University,Bangladesh,2
I125772743,Kobe International University,Japan,2
I117723502,University of N'Djamena,Chad,2
I1290398368,Marie Stopes International,United Kingdom,2
I1292020679,Institute on Governance,Canada,2
I4210099332,Université des Lettres et des Sciences Humaines de Bamako,Mali,2
I4210099499,Uganda Blood Transfusion Service,Uganda,2
I3131979588,Al-Hikmah University,Nigeria,2
I3133127056,Rhema University,Nigeria,2
I3133169337,Valley View University,Ghana,2
I3133247265,Nepal Sanskrit University,Nepal,2
I4210161945,Department of Health Services,United States,2
I164213776,King's College - North Carolina,United States,2
I4210095669,ARK Foundation,Bangladesh,2
I4210098857,Government of Himachal Pradesh,India,2
I4210099008,World Health Organization Regional Office for Europe,Denmark,2
I4210099049,Program for Appropriate Technology in Health,India,2
I4210099125,Development Initiatives,United Kingdom,2
I4210095918,Ta Solutions (China),China,2
I3133101575,Taraba State University,Nigeria,2
I3130155654,Achievers University,Nigeria,2
I4210098493,Ministère de la Santé,Tunisia,2
I4210104323,Velammal Medical College Hospital and Research Institute,India,2
I4210100472,Care India,India,2
I3131062393,Kwararafa University,Nigeria,2
I3131279189,Bishop Stuart University,Uganda,2
I302410947,M S Ramaiah University of Applied Sciences,India,2
I4210095543,Institut Supérieur de Développement Rural,Democratic Republic of the Congo,2
I4210095568,Federal Polytechnic Oko,Nigeria,2
I4210098931,Quantitative BioSciences,United States,2
I4210098145,The World Academy of Sciences,Italy,2
I3132506069,University of Embu,Kenya,2
I3132631111,Technological University of Tajikistan,Tajikistan,2
I3132702812,Uttaranchal University,India,2
I3132763504,Cuttington University,Liberia,2
I4210100787,Ghana Education Service,Ghana,2
I4210098278,Kenya Agricultural and Livestock Research Organization,Kenya,2
I4210097214,Shandong Management University,China,2
I118564535,University of Bern,Switzerland,2
I118826373,Tirunelveli Medical College,India,2
I887998513,Bharati Vidyapeeth (Deemed to be University),India,2
I859038795,Virginia Tech,United States,2
I1279970786,Defense Information Systems Agency,United States,2
I12870472,Birmingham City University,United Kingdom,2
I1283442259,Madda Walabu University,Ethiopia,2
I56067802,Université de Rennes,France,2
I134695357,University of Talca,Chile,2
I143247161,Babasaheb Bhimrao Ambedkar University,India,2
I3132818693,Baze University,Nigeria,2
I4210097719,National Council for Scientific Research,Lebanon,2
I347335806,Gujarat Vidyapith,India,2
I348769827,Public Health England,United Kingdom,2
I4210097347,Fred Hollows Foundation,Australia,2
I4210157987,George Institute for Global Health,China,2
I4210160965,Institut Sénégalais de Recherches Agricoles,Senegal,2
I4210158569,Veritas University,Nigeria,2
I4210157616,Institut Agronomique et Vétérinaire Hassan II,Morocco,2
I4210159989,United States International University Africa,Kenya,2
I4210161264,College of Business Education,Tanzania,2
I4210160674,Ministry of Health and Social Welfare,The Gambia,2
I4210160791,Yonsei University Health System,"Korea, Republic of",2
I4210165321,Manipal Hospital,India,2
I4210161618,GVK Emergency Management and Research Institute,India,2
I173434221,Harare Institute of Technology,Zimbabwe,2
I16471300,Manipur University,India,2
I172780181,University of the Punjab,Pakistan,2
I165682329,Guru Nanak Dev University,India,2
I4210157790,Statistical Research (United States),United States,2
I4210157943,Cambodia Development Resource Institute,Cambodia,2
I4210167426,Babcock Power (United Kingdom),United Kingdom,2
I42999171,Sophia University,Japan,2
I160968435,University of Sargodha,Pakistan,2
I161318765,"University of California, Los Angeles",United States,2
I159253421,Cape Peninsula University of Technology,South Africa,2
I160368002,Lebanese University,Lebanon,2
I89207983,Donetsk National Medical University,Ukraine,2
I3131880829,Dire Dawa University,Ethiopia,2
I51452335,Panjab University,India,2
I156762387,Addis Continental Institute of Public Health,Ethiopia,2
I163074564,Gulf Medical University,United Arab Emirates,2
I43814544,Sathyabama Institute of Science and Technology,India,2
I163150328,Pondicherry Institute of Medical Sciences,India,2
I4210164371,Government Medical College,India,2
I4210164395,Community Partners,United States,2
I43475992,Sikkim University,India,2
I148366613,National Yang Ming Chiao Tung University,Taiwan,2
I49068896,Assam Down Town University,India,2
I46080048,Jahangirnagar University,Bangladesh,2
I14870802,Rajshahi Medical College,Bangladesh,2
I4405268614,CiST College,Nepal,2
I4405262774,Institute of Development Studies Kolkata,India,2
I50783897,K J Somaiya Medical College,India,2
I47838141,Saint Louis University,United States,2
I16076960,COMSATS University Islamabad,Pakistan,2
I4210163255,Ministry of Health,Bahrain,2
I4210160354,Tikur Anbessa Hospital,Ethiopia,2
I4210162425,Tashkent Pediatric Medical Institute,Uzbekistan,2
I4210161311,Soroti University,Uganda,2
I4210162924,Environment and Development Action Third World,Senegal,2
I148776243,Government of Tamil Nadu,India,2
I149743910,University of Liberia,Liberia,2
I100005738,Brigham Young University,United States,2
I102064193,University of Siena,Italy,2
I101993903,Namibia University of Science and Technology,Namibia,2
I97429440,University of Wales,United Kingdom,2
I96426537,Bangladesh University of Professionals,Bangladesh,2
I100887729,Andhra University,India,2
I100633361,University of Massachusetts Dartmouth,United States,2
I4210092074,Gujarat Institute of Development Research,India,2
I9300472,Bournemouth University,United Kingdom,2
I112754052,Sambalpur University,India,2
I11662577,Monash University Malaysia,Malaysia,2
I114176345,University of Calicut,India,2
I96211989,HCL Technologies (India),India,2
I94625822,Northern University of Malaysia,Malaysia,2
I106778892,Princess Nourah bint Abdulrahman University,Saudi Arabia,2
I100063501,Brighton and Sussex Medical School,United Kingdom,2
I4210088075,Department of Disease Control,Thailand,2
I4210088227,MIT World Peace University,India,2
I4210088289,Department of Public Health,American Samoa,2
I4210088544,Centre de Recherche en Économie et Management,France,2
I4210091279,Université Sorbonne Paris Nord,France,2
I4210091437,Sorbonne Paris Cité,France,2
I110210549,International Centre for Integrated Mountain Development,Nepal,2
I94349332,Serampore College,India,2
I4210087467,"Burkina Faso Ministry of the Environment, Green Economy, and Climate Change",Burkina Faso,2
I4210086315,Directorate of Health,Iceland,2
I38192578,Pandit Ravishankar Shukla University,India,2
I4210092806,St. Luke's International University,Japan,2
I4210089495,Université Ouaga II,Burkina Faso,2
I4210089393,World Health Organization Regional Office for the Americas,United States,2
I41343362,University of Bamako,Mali,2
I4210091100,Employees State Insurance Post Graduate Institute of Medical Sciences and Research,India,2
I4210136578,Institut National de Recherche Halieutique,Morocco,2
I4210137763,Centre for Global Health Research,Canada,2
I4210137126,Council for Scientific and Industrial Research,Ghana,2
I4210137148,National Institution for Transforming India Aayog,India,2
I4210137449,Office of the Director,United States,2
I273065767,Catholic University of Health and Allied Sciences,Tanzania,2
I2613432,University of South Florida,United States,2
I4210137420,"Center for Social Studies on African, American and Asian Worlds",France,2
I27577105,University College Cork,Ireland,2
I27589593,Lahore School of Economics,Pakistan,2
I4210140201,Institute for Sustainable Development,Ethiopia,2
I4210136791,Services déconcentrés d'appui à la recherche Provence-Alpes-Côte d'Azur,France,2
I2800088668,Malawi University of Science and Technology,Malawi,2
I2800164725,Royal Society of Tropical Medicine and Hygiene,United Kingdom,2
I4210133684,Swami Devi Dyal Hospital and Dental College,India,2
I4210133764,Université Pédagogique Nationale,Democratic Republic of the Congo,2
I1288463179,Ministry of Internal Affairs of the Republic of Tajikistan,Tajikistan,2
I1304196042,Loyola University Medical Center,United States,2
I1325311562,Swissmedic,Switzerland,2
I1320557632,Joint Commission,United States,2
I74885063,Sharda University,India,2
I67415387,Lancaster University,United Kingdom,2
I23923803,University of Exeter,United Kingdom,2
I27031042,University of Mines and Technology,Ghana,2
I4210092165,National Institute of Construction Management and Research,India,2
I4210092311,Madras Diabetes Research Foundation,India,2
I39854758,Auckland University of Technology,New Zealand,2
I111236770,University of Vermont,United States,2
I10926426,Veer Narmad South Gujarat University,India,2
I102322142,"Rutgers, The State University of New Jersey",United States,2
I130692619,Bern University of Applied Sciences,Switzerland,2
I1288059949,International Finance Corporation,Kazakhstan,2
I96749437,Texas A&M University – Corpus Christi,United States,1
I102272798,INSEAD,France,1
I10232997,L. N. Gumilyov Eurasian National University,Kazakhstan,1
I106826634,Jain University,India,1
I105140100,Madrid Institute for Advanced Studies,Spain,1
I115953327,Çanakkale Onsekiz Mart Üniversitesi,Türkiye,1
I116768543,Zanjan University of Medical Sciences,"Iran, Islamic Republic of",1
I116891498,Siddhartha Medical College,India,1
I114112103,Leibniz University Hannover,Germany,1
I114218197,Chinese Academy of Social Sciences,China,1
I114539943,Zhejiang Chinese Medical University,China,1
I91104401,Northern University Bangladesh,Bangladesh,1
I911713783,Universidad Diego Portales,Chile,1
I905180023,Eastern University,United States,1
I905734797,Maharshi Dayanand University,India,1
I107672454,Dartmouth College,United States,1
I107920810,National Health Laboratory Service,South Africa,1
I106118109,Eötvös Loránd University,Hungary,1
I10660446,Kunming University of Science and Technology,China,1
I880766802,Graduate School USA,United States,1
I881441977,Los Angeles Mission College,United States,1
I882076700,Institute for Social Security and Services for State Workers,Mexico,1
I882648815,Government College of Science,Pakistan,1
I88273585,Universidade Federal de São Paulo,Brazil,1
I91277730,Maulana Azad National Institute of Technology,India,1
I91732220,Universidad del Valle,Colombia,1
I91045830,Texas A&M University,United States,1
I118574674,Jiangsu Normal University,China,1
I119025939,Shahed University,"Iran, Islamic Republic of",1
I119203015,Shandong University of Technology,China,1
I119336924,Bhavnagar University,India,1
I118019719,Roche (Switzerland),Switzerland,1
I118298837,Sankara Nethralaya,India,1
I88874673,Thomas University,United States,1
I889948113,Union Graduate College,United States,1
I4210090916,Triangle,United States,1
I4210090968,Anusandhan Trust,India,1
I4210090971,Southeast University,Bangladesh,1
I4210089726,Metro South Health,Australia,1
I4210089770,K.S. Hegde Hospital,India,1
I4210089924,International Institute of Tropical Agriculture,Tanzania,1
I3813760,Reserve Bank of Australia,Australia,1
I38260057,In-Q-Tel,United States,1
I4210087799,"Ural Institute of Economics, Management and Law",Russian Federation,1
I4210087842,National Institute of Public Health,Japan,1
I4210091090,Centre Hospitalier Universitaire Mohammed VI,Morocco,1
I4210091267,İstanbul Gelişim Üniversitesi,Türkiye,1
I4210091290,Centre International De Reference Chantal Biya,Cameroon,1
I4210091584,Institut de Recherche pour le Développement,Republic of the Congo,1
I4210090617,Surya Hospitals,India,1
I4210090678,ORIG3N (United States),United States,1
I4210088816,United States Educational Foundation in Pakistan,Pakistan,1
I4210088826,Centre d'Économie de la Sorbonne,France,1
I4210087936,Hôpital Farhat Hached,Tunisia,1
I4210088026,Institute for International Urban Development,United States,1
I4210087472,Bamenda University of Science and Technology,Cameroon,1
I4210087697,National Yang Ming University Hospital,Taiwan,1
I4210087727,Pôle de Recherche pour l'Organisation et la Diffusion de l'Information Géographique,France,1
I4210087792,Department of Health & Family Welfare,India,1
I4210086041,GGD Rotterdam-Rijnmond,Netherlands,1
I40676200,Australia and New Zealand School of Government,Australia,1
I4068193,University of Belgrade,Serbia,1
I41156924,Victoria University of Wellington,New Zealand,1
I4210089119,Cole Engineering Services (United States),United States,1
I4210089205,InfoConsult (Germany),Germany,1
I4210088409,Centre Pour le Développement des Vaccins-Mali,Mali,1
I4210088676,Concern Worldwide,Ireland,1
I4210090485,Crystal Research (United States),United States,1
I4210089342,The Centre for Health (New Zealand),New Zealand,1
I4210089382,Cancer Research UK Cambridge Center,United Kingdom,1
I4210089425,Government Medical College,India,1
I4210089506,Institute of Accountancy Arusha,Tanzania,1
I4210089662,Central Council for Research in Ayurvedic Science,India,1
I4210093176,Radius Health (United States),United States,1
I4210093221,United Biscuits (United Kingdom),United Kingdom,1
I4210086474,Government Medical College Bhavnagar,India,1
I4210086491,Nigerian Meteorological Agency,Nigeria,1
I4210086592,Fundação Ariel Glaser Contra o SIDA Pediátrico,Mozambique,1
I41549804,Vidyasagar University,India,1
I4164984,International Islamic University Malaysia,Malaysia,1
I4210090077,Institute of Health Services and Policy Research,Canada,1
I4210090195,Biodiversity and Nature Conservation Association,Myanmar,1
I4210090260,Global Health Systems Solutions,Cameroon,1
I4210086618,International Centre for Reproductive Health,Mozambique,1
I4210086634,Search Institute,United States,1
I4210086704,Moesgaard Museum,Denmark,1
I4210086901,University of Pittsburgh at Bradford,United States,1
I4210087007,Knowledge Integration (United Kingdom),United Kingdom,1
I4210086217,Direction de la Météorologie Nationale du Niger,Niger,1
I4210086299,Noida International University,India,1
I4210086371,Azerbaijan State University of Economics,Azerbaijan,1
I38365063,Tumaini University,Tanzania,1
I36909309,National Institute of Technology Hamirpur,Bangladesh,1
I37012753,Mamata Medical College,India,1
I37189167,Gono University,Bangladesh,1
I37322517,Omdurman Islamic University,Sudan,1
I37461747,Wuhan University,China,1
I37490319,Ajayi Crowther University,Nigeria,1
I37574244,Sichuan Agricultural University,China,1
I4210092716,Santé Publique France,France,1
I4210091899,Career Point University,India,1
I4210091909,Holy Family Hospital,Pakistan,1
I4210092007,HLL Lifecare (India),India,1
I4210095063,Ain Shams University Hospital,Egypt,1
I4210095161,Japan Industrial Safety and Health Association,Japan,1
I4210095173,St.-Antonius-Hospital Gronau,Germany,1
I4210095457,Physiotherapy New Zealand,New Zealand,1
I40413290,University of Gdańsk,Poland,1
I392282,"University at Albany, State University of New York",United States,1
I39268498,University of Isfahan,"Iran, Islamic Republic of",1
I39343248,Humboldt-Universität zu Berlin,Germany,1
I377099284,Chaudhary Sarwan Kumar Himachal Pradesh Krishi Vishvavidyalaya,India,1
I37745579,University for Foreigners of Siena,Italy,1
I37796252,Beijing University of Technology,China,1
I4210092489,Institut Ilmu Kesehatan Bhakti Wiyata,Indonesia,1
I35304288,Universitas Halu Oleo,Indonesia,1
I35320396,Family Planning Association of Hong Kong,China,1
I338496084,Sri Sai University,India,1
I34034455,Ramakrishna Mission Vivekananda Educational and Research Institute,India,1
I34077901,Juntendo University,Japan,1
I34478861,Sir Syed University of Engineering and Technology,Pakistan,1
I34628043,AMET University,India,1
I4031970,Sri Krishnadevaraya University,India,1
I4210093237,Universidad Autonoma de Manizales,Colombia,1
I4210093397,XLIM,France,1
I4210093415,Ecole Nationale d’Ingénieurs – Abderhamane Baba Touré,Mali,1
I4210092937,RLS Global (Sweden),Sweden,1
I4210093049,Leibniz Institute for Resilience Research,Germany,1
I4210093064,Santé Internationale de la mère et de l'enfant,France,1
I4210092341,Instituto Superior de Comunicação e Imagem de Moçambique,Mozambique,1
I34931013,National Institute for Health and Care Research,United Kingdom,1
I4210094238,Central University of Nicaragua,Nicaragua,1
I4210094245,National School of Public Health,Greece,1
I4210094269,Kasturba Medical College Hospital,India,1
I4210093478,Curatio International Foundation,Georgia,1
I4210093537,Université de Mahajanga,Madagascar,1
I4210093538,Seiwa Hospital,Japan,1
I4210093720,National School of Architecture,Morocco,1
I4210093797,Bradford School - Pittsburgh,United States,1
I36486460,University of Nebraska at Kearney,United States,1
I35340524,Central University of Kerala,India,1
I35344726,United States Public Health Service,United States,1
I35440088,ETH Zurich,Switzerland,1
I35961687,Universidad de Antioquia,Colombia,1
I36243813,Universidad Nacional de Colombia,Colombia,1
I346547768,Aims Community College,United States,1
I34750443,Anand Agricultural University,India,1
I32394136,Northumbria University,United Kingdom,1
I324100,Bowie State University,United States,1
I3133258697,Ingush State University,Russian Federation,1
I3133274995,Puntland State University,Somalia,1
I3133455736,Jharkhand Rai University,India,1
I3141573830,Department of Biotechnology,India,1
I36353753,Central University,Ghana,1
I36448004,Shaheed Zulfiqar Ali Bhutto Institute of Science and Technology,Pakistan,1
I4210095486,NIHR Birmingham Liver Biomedical Research Unit,United Kingdom,1
I4210094618,CT Group Of Institutions,India,1
I4210094720,Food and Nutrition Service,United States,1
I4210094754,"Animal, Santé, Territoires, Risques et Ecosystèmes",France,1
I4210095014,Centro de Investigación en Red en Enfermedades Cardiovasculares,Spain,1
I4210093989,Sanskriti Samvardhan Mandal,India,1
I4210094011,Trinity Health Oakland Hospital,United States,1
I4210094049,Sudan International University,Sudan,1
I33213144,University of Florida,United States,1
I33217400,Université du Québec en Outaouais,Canada,1
I315729180,Noakhali Science and Technology University,Bangladesh,1
I4210096889,IQVIA (India),India,1
I4210096905,Centre for Health Solutions,Kenya,1
I4210096924,Grupo João Ferreira dos Santos (Mozambique),Mozambique,1
I4210096925,Christian Council of Tanzania,Tanzania,1
I4210095576,Centre Lillois d'Etudes et de Recherches Sociologiques et Economiques,France,1
I3131681342,Naval State University,Philippines,1
I3131822955,Universidade da Paz,Timor-Leste,1
I33586908,Pandit Deendayal Energy University,India,1
I336022086,R. G. Kar Medical College and Hospital,India,1
I33618826,Centre for Mental Health,United Kingdom,1
I33777917,Mountains of the Moon University,Uganda,1
I33783412,Nigerian Defence Academy,Nigeria,1
I332035737,National Institute for Health and Care Excellence,United Kingdom,1
I4210097232,Progress (Ireland),Ireland,1
I4210097369,Center for Clinical Care and Research in Nigeria,Nigeria,1
I4210096072,Leyden Academy on Vitality and Ageing,Netherlands,1
I4210096112,Rutgers Sexual and Reproductive Health and Rights,Netherlands,1
I4210096221,Perdana University,Malaysia,1
I3132355903,Elizade University,Nigeria,1
I3131550324,People's University of Bangladesh,Bangladesh,1
I3131644003,ISBAT University,Uganda,1
I4210093800,Voluntary Health Association Of India,India,1
I4210097638,Partners In Care,United States,1
I4210097734,Medtronic (India),India,1
I4210097751,Tanzania Food and Nutrition Center,Tanzania,1
I4210097856,Accadis Hochschule Bad Homburg,Germany,1
I4210097978,Institute of Plant Protection,China,1
I4210097046,Fitbit (United States),United States,1
I4210097159,Assistance Publique – Hôpitaux de Paris,France,1
I4210098920,Eastern Health,Australia,1
I4210098983,New York State School of Industrial and Labor Relations,United States,1
I4210098996,Government Medical College and Hospital,India,1
I4210098157,Terna Dental College and Hospital,India,1
I4210098262,Breakthrough,United States,1
I4210102087,Centre for Healthy Start Initiative,Nigeria,1
I4210102243,Instituto Nacional de Salud del Niño,Peru,1
I4210102318,Association of Nurses in AIDS Care,United States,1
I3129970296,University of Mkar,Nigeria,1
I3130004915,Ruxmaniben Deepchand Gardi Medical College,India,1
I3133213366,Sriram Chandra Bhanja Medical College Hospital,India,1
I3132429795,Adigrat University,Ethiopia,1
I3132432724,National University of Management,Cambodia,1
I3132458453,Bugema University,Uganda,1
I3131965639,Senghor University,Egypt,1
I3132109944,Muni University,Uganda,1
I4210098771,Fundación Valle del Lili,Colombia,1
I3130157972,Angkor University,Cambodia,1
I3130411899,Bhagat Phool Singh Mahila Vishwavidyalaya,India,1
I3130477979,Zanzibar University,Tanzania,1
I3129738088,Muteesa I Royal University,Uganda,1
I3129773123,Bennett University,India,1
I3129830433,Mbeya University of Science and Technology,Tanzania,1
I3129924371,Management College of Southern Africa,South Africa,1
I4210096014,Operation PAR,United States,1
I4210096018,May Institute,United States,1
I4210099567,Insight (China),China,1
I4210099835,Banque Nationale de Gènes,Tunisia,1
I4210099911,Monash Children’s Hospital,Australia,1
I4210099977,Institute for Futures Studies,Sweden,1
I4210099175,Danish National Institute of Public Health,Denmark,1
I4210099432,Turks and Caicos National Museum,Turks and Caicos Islands,1
I4210104906,Kenya School of Government,Kenya,1
I4210104942,Centre de Recherche et d’Enseignement de Géosciences de l’Environnement,France,1
I4210103987,The Quebec Population Health Research Network,Canada,1
I4210104124,Medical Laboratory Science Council of Nigeria,Nigeria,1
I4210104136,Government Medical College,India,1
I4210104297,Jawaharlal Nehru Medical College,India,1
I4210104314,New York Institute of Technology,United States,1
I4210104330,Kanazawa University Hospital,Japan,1
I4210100268,Medawar Building for Pathogen Research,United Kingdom,1
I4210100400,Northwestern University,Philippines,1
I4210100515,National Institute for Research in Tribal Health,India,1
I4210100612,Georg Simon Ohm University of Applied Sciences Nuremberg,Germany,1
I4210104392,Ministry of Public Administration,Bangladesh,1
I4210104503,Joep Lange Institute,Netherlands,1
I4210104573,CMR University,India,1
I4210104694,National Institute for Pharmaceutical Research and Development,Nigeria,1
I4210101907,Lilongwe University of Agriculture and Natural Resources,Malawi,1
I4210102044,Mount Sinai Hospital,United States,1
I4210100650,Hong Kong Jockey Club,Hong Kong,1
I4210100717,Centre for Research and Information on Substance Abuse,Nigeria,1
I4210100837,Improvement Service,United Kingdom,1
I4210100893,Indian Institute of Information Technology Vadodara,India,1
I4210100953,Xi'an University of Finance and Economics,China,1
I4210101002,National Center for Biotechnology,Kazakhstan,1
I4210102376,Centers for Disease Control and Prevention,Uganda,1
I4210102457,Center for Neuro-Oncology,United States,1
I4210102487,Office of Minority Health and Health Equity,United States,1
I4210102512,Cotton University,India,1
I4210101025,The Rotherham NHS Foundation Trust,United Kingdom,1
I4210101049,Lung Institute,United States,1
I4210101641,Mount Sinai Hospital,United States,1
I4210101860,Noble’s Hospital,Isle of Man,1
I3130082100,IFMR Graduate School of Business,India,1
I3130103452,Eastern and Southern African Management Institute,Tanzania,1
I4210103840,Nakuru County Council,Kenya,1
I4210102619,Hellenic Airforce General Hospital,Greece,1
I4210102646,Brain Canada Foundation,Canada,1
I4210102814,Leamington Spa Hospital,United Kingdom,1
I4210102929,Astellas Pharma (United Kingdom),United Kingdom,1
I4210103194,"Dr. D.Y. Patil Vidyapeeth, Pune",India,1
I3131550300,Université Toulouse-I-Capitole,France,1
I3130618196,Obong University,Nigeria,1
I3130709561,Hassan Usman Katsina Polytechnic,Nigeria,1
I3130753050,Riara University,Kenya,1
I3130796309,Cavendish University Uganda,Uganda,1
I3130807960,Diamond Harbour Women's University,India,1
I3130880545,Tashkent Financial Institute,Uzbekistan,1
I3130933589,University of Mpumalanga,South Africa,1
I3125581668,Universidade de Fortaleza,Brazil,1
I3024917321,Topiwala National Medical College & BYL Nair Charitable Hospital,India,1
I3025081897,Göteborgs Stads,Sweden,1
I303593345,Chaudhary Charan Singh University,India,1
I304662888,Rajendra Institute of Medical Sciences,India,1
I30702933,Christian University of Applied Sciences,Netherlands,1
I3130994624,Apeejay Stya University,India,1
I3131337692,Central American Technological University,Honduras,1
I4210104358,St Olav's University Hospital,Norway,1
I4210103399,Saudi Heart Association,Saudi Arabia,1
I4210103448,St. Antonius Ziekenhuis,Netherlands,1
I4210103503,Centre for Humanitarian Dialogue,Switzerland,1
I4210103694,Baylor College of Medicine Children’s Foundation,Uganda,1
I3123035732,Hamamatsu University School of Medicine,Japan,1
I3124938446,Université Rennes 2,France,1
I3125470973,Istanbul Medipol University,Türkiye,1
I3129222432,Ankara Hacı Bayram Veli University,Türkiye,1
I3129248420,National University of Study and Research in Law,India,1
I3129257098,University of Kisubi,Uganda,1
I3129348228,Shamnur Shivashankarappa Institute of Medical Sciences & Research Centre,India,1
I3121602497,Lorestan University of Medical Sciences,"Iran, Islamic Republic of",1
I4210106203,National Institute for Demographic Studies,France,1
I4210106231,Institute for Healthcare Improvement,United States,1
I4210106247,Corvallis Environmental Center,United States,1
I283262890,Valencia Catholic University Saint Vincent Martyr,Spain,1
I284050080,St. John's University of Tanzania,Tanzania,1
I3129379329,Sokoto State University,Nigeria,1
I3129425364,Western Delta University,Nigeria,1
I3129486212,Mohammad Ali Jauhar University,India,1
I3129602810,National School of Business and Management in Settat,Morocco,1
I3129196102,Desh Bhagat University,India,1
I3129199519,University of Bagamoyo,Tanzania,1
I4210105860,Clinique de Genolier,Switzerland,1
I4210105896,Cyprus Research and Innovation Center (Cyprus),Cyprus,1
I4210105967,Texas A&M Health Science Center,United States,1
I4210106115,Bordeaux Population Health,France,1
I2891076039,Federal Government of Mexico,Mexico,1
I28210344,Kakatiya University,India,1
I28257850,London South Bank University,United Kingdom,1
I28290843,University of Surrey,United Kingdom,1
I4210103367,Catholic University of Madagascar,Madagascar,1
I4210107332,Sri Ramachandra Medical Centre,India,1
I4210107369,Department of the Environment,United Kingdom,1
I4210107506,Maharat Nakhon Ratchasima Hospital,Thailand,1
I4210108209,MRC Centre for Regenerative Medicine,United Kingdom,1
I4210108245,Police Department,Lithuania,1
I4210106663,International University of Rabat,Morocco,1
I4210107217,University Hospital of Larissa,Greece,1
I4210112293,African Institute for Mathematical Sciences Ghana,Ghana,1
I4210112325,United Nations University-International Institute for Global Health,Malaysia,1
I4210112333,Institut de Mathématiques de Bourgogne,France,1
I4210111259,"AGroécologie, Innovations, teRritoires",France,1
I4210111684,Beni American University,Nigeria,1
I4210111781,War Child,Netherlands,1
I4210111914,International Institute of Tropical Agriculture,Kenya,1
I4210112050,MRC/CSO Social and Public Health Sciences Unit,United Kingdom,1
I4210109275,SMT (India),India,1
I4210108379,London Social Science,United Kingdom,1
I4210108416,Insight Healthcare,United Kingdom,1
I4210108460,Doctors Hospital,United States,1
I4210108598,Japan Tobacco (Japan),Japan,1
I4210108711,University Medical Center Hamburg-Eppendorf,Germany,1
I4210112052,Indian Institute of Technology Goa,India,1
I4210112059,African Institute for Mathematical Sciences,Rwanda,1
I4210110229,Plasma University,Somalia,1
I4210110361,Mogadishu University,Somalia,1
I4210110503,SNV Netherlands Development Organisation,Netherlands,1
I4210109338,University of Tokyo Hospital,Japan,1
I4210109447,Dialyse Centrum Groningen,Netherlands,1
I4210109567,Office of Infectious Diseases,United States,1
I4210109165,Environmental and Occupational Health Sciences Institute,United States,1
I4210109177,Tashkent State University of Law,Uzbekistan,1
I4210106316,Jazeera University,Somalia,1
I4210105251,ESI - Post Graduate Institute of Medical Science and Research,India,1
I4210105326,Myanmar Oxford Clinical Research Unit,Myanmar,1
I4210105562,Velammal Educational Trust,India,1
I4210105737,Atmiya University,India,1
I4210109584,Institute of Business Leadership,Pakistan,1
I4210109911,Woodruff Health Sciences Center,United States,1
I4210110003,Hormuud University,Somalia,1
I4210111179,Michigan United,United States,1
I4210111180,Lifebox,United Kingdom,1
I4210111205,Institute of Economic Research of the Slovak Academy of Sciences,Slovakia,1
I4210110573,Victoria University,Uganda,1
I4210110697,Fortis Escorts Hospital,India,1
I4210110701,Registre général des cancers de Lille et de sa région,France,1
I4210110846,Doncaster and Bassetlaw Teaching Hospitals NHS Foundation Trust,United Kingdom,1
I4210110848,Baylor Medical Center at Garland,United States,1
I3023212067,Rajarshee Chhatrapati Shahu Maharaj Government Medical College and CPR Hospital Kolhapur,India,1
I2898155008,Academic Center for Dentistry Amsterdam,Netherlands,1
I290598920,"California State University, Dominguez Hills",United States,1
I29563240,Gujarat Technological University,India,1
I29607241,École Normale Supérieure - PSL,France,1
I298625061,Swedish University of Agricultural Sciences,Sweden,1
I286135121,Rajiv Gandhi University of Health Sciences,India,1
I4210111135,King's College Hospital NHS Foundation Trust,United Kingdom,1
I2802753871,Butabika Hospital,Uganda,1
I2802834092,Population Health Research Institute,Canada,1
I2802835388,Seoul National University Hospital,"Korea, Republic of",1
I2802841181,Caritas Hospital,India,1
I3016035982,Ahmedabad Civil Hospital,India,1
I3018134672,Helmholtz Munich,Germany,1
I3019917394,"Schulman, Ronca & Bucuvalas",United States,1
I3022856599,Banadir Hospital,Somalia,1
I4210110949,Republican Center for Healthcare Development,Kazakhstan,1
I4210110987,IIT@MIT,United States,1
I4210110998,National Institute of Traumatology & Orthopaedic Rehabilitation,Bangladesh,1
I2802889516,University of the Arts,United States,1
I2802910988,University of Cyberjaya,Malaysia,1
I2802721889,Grace Cottage Hospital,United States,1
I2802726858,East Kent Hospitals University NHS Foundation Trust,United Kingdom,1
I2802752048,European Defence Agency,Belgium,1
I2802964274,Interface (United States),United States,1
I2802983449,Centre for Life,United Kingdom,1
I2802862141,North Okkalapa General Hospital,Myanmar,1
I2802863593,Chrysler (Canada),Canada,1
I2802864460,Jackson Memorial Hospital,United States,1
I4210113030,Leibniz Centre for Agricultural Landscape Research,Germany,1
I4210113074,Cameroon Baptist Convention Health Services,Cameroon,1
I4210112459,Family Care International,United States,1
I2802366294,Shyam Shah Medical College,India,1
I2802369246,Nash Community College,United States,1
I2802393258,Sefako Makgatho Health Sciences University,South Africa,1
I2802436442,Boston Public Library,United States,1
I2803020280,Sri Jayadeva Institute of Cardiovascular Sciences and Research,India,1
I2803036750,Office of Public Health Genomics,United States,1
I2802959637,Epsom Hospital,United Kingdom,1
I2802962864,West End Hospital,Ghana,1
I4210113324,Birla Institute of Scientific Research,India,1
I4210112983,Parul University,India,1
I4210113004,National Center for Chronic Disease Prevention and Health Promotion,United States,1
I2802469017,CARE Hospitals,India,1
I2802469737,Seattle International Foundation,United States,1
I2802476451,Wellcome Sanger Institute,United Kingdom,1
I2802487149,Pacific Research Institute,United States,1
I2802304811,Cambridge Information Group,United States,1
I4210110873,Tilak Maharashtra Vidyapeeth,India,1
I4210113705,Lee Memorial Health System,United States,1
I4210113759,Leibniz Institute for Prevention Research and Epidemiology - BIPS,Germany,1
I4210114009,Caulfield Hospital,Australia,1
I4210114134,Centre Pasteur du Cameroun,Cameroon,1
I4210113153,Neuroscience Institute,Italy,1
I4210113189,Bangladesh Bank,Bangladesh,1
I4210113211,Merck Serono S.A. (Switzerland),Switzerland,1
I2802574061,Madras Medical Mission,India,1
I2802600546,Livingstone Hospital,South Africa,1
I2802603891,Academy of Nutrition and Dietetics,United States,1
I2802457231,New Generation University College,Ethiopia,1
I2802464703,Max Super Speciality Hospital,India,1
I2802466914,T. D. Medical College,India,1
I4210115142,Syrian Private University,Syria,1
I4210115181,Maudsley Hospital,United Kingdom,1
I2801987317,VA Office of Research and Development,United States,1
I2801759359,Northern General Hospital,United Kingdom,1
I2801784893,Nsambya Hospital,Uganda,1
I2802617771,Health Alliance International,United States,1
I2802668928,Ibn Sina National College for Medical Studies,Saudi Arabia,1
I2802674826,Karen Hospital,Kenya,1
I2802696403,Hamidia Hospital,India,1
I2802498779,Pushpagiri Medical College,India,1
I4210115790,Centre de Recherche en Nutrition Humaine Rhône-Alpes,France,1
I4210115953,Advanced Coatings (Belgium),Belgium,1
I4210116098,Rwanda Development Board,Rwanda,1
I4210114857,Centre Hospitalier et Universitaire de Brazzaville,Republic of the Congo,1
I4210115012,Japanese Society for Dialysis Therapy,Japan,1
I4210115048,Hyderabad Rheumatology Center,India,1
I4210115078,Middle Technical University,Iraq,1
I2801941315,General Electric (Canada),Canada,1
I4210112678,University of the Coast,Colombia,1
I4210112704,Institute of Labour and Social Studies,Poland,1
I4210116228,Centre Hospitalier Andrée Rosemon,French Guiana,1
I4210116486,Western Health,Australia,1
I4210117012,Health Solutions (Sweden),Sweden,1
I4210117092,All India Institute of Medical Sciences Bhubaneswar,India,1
I4210115207,Medanta The Medicity,India,1
I4210115305,German Center for Infection Research,Germany,1
I4210121553,Shahid Gangalal National Heart Centre,Nepal,1
I4210121575,Zankli Medical Centre,Nigeria,1
I4210121718,Christiana Institute of Advanced Surgery,United States,1
I4210120702,Asian Growth Research Institute,Japan,1
I4210120766,Institute of Development Studies,United Kingdom,1
I4210120928,Dr. A. Ramachandran's Diabetes Hospitals,India,1
I4210121012,Regional Cancer Center,United States,1
I4210120131,Pramukhswami Medical College,India,1
I4210117722,Fund for Park Avenue,United States,1
I4210117845,University Of Information Technology,Myanmar,1
I4210117886,Public Health Scotland,United Kingdom,1
I4210117106,Polo d’Innovazione di Genomica,Italy,1
I4210117296,Institute of Health Visiting,United Kingdom,1
I4210117450,Federico II University Hospital,Italy,1
I4210117499,Yale New Haven Health System,United States,1
I4210121424,International Initiative for Impact Evaluation,United States,1
I4210119219,OPKO Health (Ireland),Ireland,1
I4210119357,National Nurses Association of Kenya,Kenya,1
I4210118448,Infectious Diseases Research Collaboration,Uganda,1
I4210118727,Research ICT Africa,South Africa,1
I4210118890,Sitaram Bhartia Institute of Science and Research,India,1
I4210118928,St. Lawrence University,Uganda,1
I4210117535,Cognizant (India),India,1
I4210117605,Peerless Hospital & B.K.Roy Research Centre,India,1
I4210114292,Laboratoire d’Economie de Dauphine,France,1
I4210114414,Phnom Penh International University,Cambodia,1
I4210114445,Michigan Medicine,United States,1
I4210114849,Government Ayurvedic College and Hospital,India,1
I4210118994,Children’s Village,United States,1
I4210119019,Vaidyaratnam P.S. Varier Ayurveda College,India,1
I4210119054,Cancer Hospital and Research Institute,India,1
I4210119109,Indiana University Bloomington,United States,1
I4210120507,Fundación PROINPA,Bolivia,1
I4210119728,Sustainable Innovation (Sweden),Sweden,1
I4210119852,Sutter Santa Rosa Regional Hospital,United States,1
I4210119880,Kent and Canterbury Hospital,United Kingdom,1
I4210119896,King's College School,United Kingdom,1
I4210123141,"Akrofi-Christaller Institute of Theology, Mission and Culture",Ghana,1
I4210123170,Ibn Haldun University,Türkiye,1
I4210123171,Museum of Decorative Arts in Prague,Czechia,1
I2802105490,Malankara Orthodox Syrian Church Medical College Hospital,India,1
I2802111147,University of Mbuji Mayi,Democratic Republic of the Congo,1
I2801873993,Ballari Medical College and Research Centre,India,1
I2801880735,Action for ME,United Kingdom,1
I2801939835,Region Stockholm,Sweden,1
I2801941164,Cho Ray Hospital,Viet Nam,1
I4210120235,Hôpitaux Universitaires Paris-Ouest,France,1
I4210120243,Médecins Sans Frontières,South Africa,1
I2802211179,Mountcrest University College,Ghana,1
I28022161,King Saud University,Saudi Arabia,1
I2802249912,Universal College,Philippines,1
I2802258008,Groote Schuur Hospital,South Africa,1
I2802293875,King George V Memorial Hospital,Australia,1
I2802007472,Kurdistan Regional Government,Iraq,1
I2802043524,University of Somalia,Somalia,1
I2802048206,Diana Princess of Wales Hospital,United Kingdom,1
I2801484940,Arab International University,Syria,1
I2801498763,Odense University Hospital,Denmark,1
I2801297833,Tilganga Institute of Ophthalmology,Nepal,1
I2801313885,Ministero della Salute,Italy,1
I2801357902,Instituto de Salud Carlos III,Spain,1
I2801375708,Hague Institute for Global Justice,Netherlands,1
I2801380234,University of South-Eastern Norway,Norway,1
I2802166062,Bayreuth Medical Center,Germany,1
I2801594805,University Kebangsaan Malaysia Medical Centre,Malaysia,1
I2801594968,Benazir Bhutto Hospital,Pakistan,1
I2801401145,African Academy of Sciences,Kenya,1
I2801419637,AIDS United,United States,1
I2801424531,Government of West Bengal,India,1
I2801484278,Odense Municipality,Denmark,1
I4210122480,National Public Health Laboratory,Nepal,1
I4210122587,Asian Institute of Medical Sciences,India,1
I2801623213,Aga Khan Development Network,Pakistan,1
I2801684251,Federal University Birnin Kebbi,Nigeria,1
I2801702882,WZB Berlin Social Science Center,Germany,1
I2801704801,Rift Valley University,Ethiopia,1
I2801718049,Good Shepherd College,New Zealand,1
I2801748203,Hammersmith Hospital,United Kingdom,1
I2801518249,Nawaloka Hospital,Sri Lanka,1
I2801544000,Sydney Dental Hospital,Australia,1
I4210122424,Médecins Sans Frontières‎,United Kingdom,1
I2800945745,House of Representatives,Netherlands,1
I2800968686,Universities Research Association,United States,1
I2800972416,Deutsche Bahn (Germany),Germany,1
I2800740805,Haukeland University Hospital,Norway,1
I2800797430,Sarawak General Hospital,Malaysia,1
I2800810863,Queen Mary Hospital,China,1
I2800844553,Newcastle College,United Kingdom,1
I4210123176,Pan African Institute for Development,Cameroon,1
I4210122724,Gobierno de Chile,Chile,1
I4210122770,Université Officielle de Bukavu,Democratic Republic of the Congo,1
I4210122796,Institut de Recherche en Santé Digestive,France,1
I4210122855,Saint Thomas Hospital,Panama,1
I4210122910,The Research Council,Oman,1
I4210122957,LVCT Health,Kenya,1
I4210122245,Sustainable Development Institute,United States,1
I4210123221,Sigma Clermont,France,1
I4210123544,Société de Développement des Forêts,Côte d'Ivoire,1
I4210123960,NIIT University,India,1
I4210126646,Vanke (China),China,1
I4210126648,Indian Institute of Vegetable Research,India,1
I4210126756,Vitalant,United States,1
I4210126910,Kumasi Centre for Collaborative Research in Tropical Medicine,Ghana,1
I4210127165,National Treasury,South Africa,1
I4210124742,Primary HealthCare,Malta,1
I4210124766,Kidney Health Australia,Australia,1
I4210125028,Institut de Neurobiologie de la Méditerranée,France,1
I4210124043,Ministry of Interior,Italy,1
I4210124384,Instituto Nacional de Salud,Peru,1
I4210124397,Cambodian Institute for Cooperation and Peace,Cambodia,1
I4210124409,International Union Against Tuberculosis and Lung Disease,France,1
I4210123215,Universitas Ibrahimy,Indonesia,1
I4210125055,Scottish Health Services,United Kingdom,1
I4210125077,Education and Early Childhood Development,Canada,1
I4210125269,RED Consulting (Norway),Norway,1
I4210125301,Health Awareness (United States),United States,1
I4210125380,Centre National Hospitalier et Universitaire Hubert Koutoukou MAGA,Benin,1
I4210124471,Global Network of People Living with HIV/AIDS,Netherlands,1
I4210124692,Gibraltar Health Authority,Gibraltar,1
I4210124730,Uttarakhand Government,India,1
I4210122698,Plan International Tanzania,Tanzania,1
I4210121800,Chan Zuckerberg Initiative (United States),United States,1
I4210121900,University of Zimbabwe-University of California San Francisco,Zimbabwe,1
I4210121909,Employees' State Insurance Model Hospital,India,1
I4210121988,Film Independent,United States,1
I4210122009,Hygeia Hospital,Greece,1
I4210122114,Gesundheit Österreich,Austria,1
I4210125053,Nu Skin (United States),United States,1
I2801228662,Peking Union Medical College Hospital,China,1
I2800861664,University Hospital of Wales,United Kingdom,1
I2800872281,Mulago Hospital,Uganda,1
I2800925808,London Health Sciences Centre,Canada,1
I4210126102,Department of Finance,Australia,1
I4210126288,Digital Catapult,United Kingdom,1
I4210126298,Duke Medical Center,United States,1
I4210125385,University of Nursing Yangon,Myanmar,1
I2801259928,Royal London Hospital,United Kingdom,1
I2801278263,Komar University of Science and Technology,Iraq,1
I2801284820,Norwegian Agency for Development Cooperation,Norway,1
I2801296245,Association of Chartered Certified Accountants,United Kingdom,1
I2801016671,Bolan University of Medical and Health Sciences,Pakistan,1
I2801028658,Government of Sikkim,India,1
I2801066305,King Saud Medical City,Saudi Arabia,1
I2801192375,IFTM University,India,1
I2800471911,Lokmanya Tilak Municipal General Hospital and Lokmanya Tilak Municipal Medical College,India,1
I2800289911,Swedish International Development Cooperation Agency,Sweden,1
I2800301432,IMS Unison University,India,1
I2800345398,Government Royapettah Hospital,India,1
I2800377614,University Hospital Kerry,Ireland,1
I2800389475,Rabin Medical Center,Israel,1
I280039517,Spencer Foundation,United States,1
I2801259263,McMaster University Medical Centre,Canada,1
I4210126463,UK Dementia Research Institute,United Kingdom,1
I4210126522,International Society of Automation,United States,1
I4210126530,Data Assurance and Communication Security,China,1
I4210125823,KLE Academy of Higher Education and Research,India,1
I4210125886,Al-Azhar University,Indonesia,1
I4210126099,Adelaide Institute for Sleep Health,Australia,1
I2800446539,Dar Al-Shifa Hospital,West Bank and Gaza,1
I2800447973,University of French Guiana,French Guiana,1
I4210131307,Institute of Behavioral Sciences,Japan,1
I4210131323,University of Asia Pacific,Bangladesh,1
I4210131358,Instituto de Saúde,Brazil,1
I4210131401,Hiroshima International University,Japan,1
I4210131419,Rwanda Military Hospital,Rwanda,1
I4210131712,Oklahoma State University Oklahoma City,United States,1
I4210131804,National Taiwan University Hospital,Taiwan,1
I4210131099,Institut de Recherche Agricole pour le Développement,Cameroon,1
I4210128877,Federal Polytechnic Ede,Nigeria,1
I4210127672,Engineering (Italy),Italy,1
I4210127722,BlueCrest University College,Ghana,1
I4210127735,SIMAD University,Somalia,1
I4210127782,Botswana Geoscience Institute,Botswana,1
I4210127986,Institute of Oriental Manuscripts,Russian Federation,1
I4210128081,Heritage Christian University,Ghana,1
I4210128108,Healthwise,United States,1
I4210129735,Federación Colombiana de Obstetricia y Ginecología,Colombia,1
I4210129773,Institute of Engineering,Nepal,1
I4210128901,Network for Socioeconomic Research and Advancement,Ghana,1
I4210128948,Médecins du Monde,Belgium,1
I4210129284,Belgian Health Care Knowledge Centre (KCE),Belgium,1
I4210128352,Campbell Collaboration,India,1
I4210128490,AstraZeneca (Japan),Japan,1
I4210128842,Busara Center for Behavioral Economics,Kenya,1
I4210125477,INES-Ruhengeri,Rwanda,1
I4210125490,African Organisation for Research and Training in Cancer,South Africa,1
I4210125543,Ethiopian Environment Protection Authority,Ethiopia,1
I4210125687,Save the Children,United Kingdom,1
I4210125691,Population Services International,India,1
I4210129375,Wildlife Conservation Society Congo,Republic of the Congo,1
I4210129664,Kannur Medical College,India,1
I4210129665,GSL Medical College & General Hospital,India,1
I4210130930,Peking University First Hospital,China,1
I4210129906,Xi’an International University,China,1
I4210129961,IBM (India),India,1
I4210130084,Universitas Dharmas Indonesia,Indonesia,1
I4210130129,Kenya Agricultural Research Institute,Kenya,1
I4210130154,Laboratoire de Chimie,France,1
I4210130229,Associação Paulista para o Desenvolvimento da Medicina,Brazil,1
I4210133156,Education Trust,United States,1
I2800596343,Imam Khomeini Hospital,"Iran, Islamic Republic of",1
I2800623768,Jaypee Group (India),India,1
I2800639250,Central Bank of Uzbekistan,Uzbekistan,1
I2800398797,Royal Hospital for Children,United Kingdom,1
I2800402874,Edwards (United Kingdom),United Kingdom,1
I2800425962,CPB Netherlands Bureau for Economic Policy Analysis,Netherlands,1
I4210130748,Ministry of Interior and Administration,Poland,1
I4210130896,Sukraraj Tropical & Infectious Disease Hospital,Nepal,1
I2799894082,Franciscan Health,United States,1
I2800683076,Government of South Africa,South Africa,1
I2800699109,St. Mary Medical Center,United States,1
I2800701874,Tamil Nadu Dr. M.G.R. Medical University,India,1
I2800722420,Ottawa Hospital,Canada,1
I2800731441,Government of Kerala,India,1
I2800739506,Mental Health Research UK,United Kingdom,1
I2800494708,"Government Medical College, Amritsar",India,1
I4210131127,Sound Approach (United Kingdom),United Kingdom,1
I4210131180,Design Intelligence (United States),United States,1
I4210131288,National Engineering School of Tunis,Tunisia,1
I4210130446,Instituto Nacional de Seguridad y Salud en el Trabajo,Spain,1
I4210130463,Chhattisgarh Dental College & Research Institute,India,1
I2799966111,Ministère de la Santé et de l'Hygiène Publique,Mali,1
I2799791569,Pt. Jawahar Lal Nehru Memorial Medical College,India,1
I2799885259,Mbale Hospital,Uganda,1
I4210135649,Pennine Care NHS Foundation Trust,United Kingdom,1
I4210135670,Amsterdam University of the Arts,Netherlands,1
I4210134579,Dana-Farber/Harvard Cancer Center,United States,1
I4210134622,Centre de Recherche Saint-Antoine,France,1
I4210134717,World Health Organization - Malawi,Malawi,1
I4210134754,Baba Mastnath University,India,1
I4210135243,Center for Effective Global Action,United States,1
I4210134030,BAU International University,United States,1
I4210131891,l'Assurance Maladie,France,1
I4210131988,Université Jean Lorougnon Guédé,Côte d'Ivoire,1
I4210132097,Management Research Institute,United States,1
I4210132157,Rama Dental College Hospital & Research Centre,India,1
I4210132239,Institute for International Social Research,Germany,1
I4210132256,Mysore Medical College,India,1
I4210135377,Hassan II Academy of Science and Technology,Morocco,1
I4210135546,Imo State University Teaching Hospital,Nigeria,1
I4210132786,Claims (India),India,1
I4210132989,Innovative Vector Control Consortium,United Kingdom,1
I4210133077,Egyptian Information Telecommunications Electronics and Software Alliance,Egypt,1
I4210133078,Hôtel-Dieu de Paris,France,1
I4210133150,"University of Science and Technology, Meghalaya",India,1
I4210132590,Shri Vile Parle Kelavani Mandal,India,1
I4210132663,Zydus Lifesciences Limited (India),India,1
I4210132664,National Office of Mines,Tunisia,1
I4210133250,Tashkent Institute Of Postgraduate Medical Education,Uzbekistan,1
I4210133257,KPR Institute of Engineering and Technology,India,1
I4210133344,Central Laboratory For Agricultural Expert Systems,Egypt,1
I4210133438,Habib University,Pakistan,1
I4210133477,Government College Kodanchery,India,1
I4210133528,Leibniz University of Applied Sciences,Germany,1
I4210132693,Institut Seni Budaya Indonesia Bandung,Indonesia,1
I4210132759,Orient-Institut Beirut,Lebanon,1
I4210133898,Cameroon Academy of Sciences,Cameroon,1
I4210137425,Hanoi University of Pharmacy,Viet Nam,1
I4210137656,Tanzania Media Women's Association,Tanzania,1
I4210137740,South Australian Health and Medical Research Institute,Australia,1
I4210136932,India Health Action Trust,India,1
I4210137105,International Maize and Wheat Improvement Center,Bangladesh,1
I4210137189,Center for Interdisciplinary Studies,India,1
I4210137390,Ministry of Health,Trinidad and Tobago,1
I2800157045,NIMS University,India,1
I2799903593,Georgetown University Medical Center,United States,1
I2799929701,IRCCS Materno Infantile Burlo Garofolo,Italy,1
I2799932517,"John H. Stroger, Jr. Hospital of Cook County",United States,1
I2799950917,Montreal Children's Hospital,Canada,1
I4210134297,Bhaktapur Cancer Hospital,Nepal,1
I4210133696,University of Uyo Teaching Hospital,Nigeria,1
I4210133794,Centre for Multi-disciplinary Development Research,India,1
I2800192359,Calmette Hospital,Cambodia,1
I2800239200,African Palliative Care Association,Uganda,1
I2800263200,Government of Ireland,Ireland,1
I2800277294,Hamilton General Hospital,Canada,1
I2800079435,Pentecost University College,Ghana,1
I2800102685,Santosh University,India,1
I2800123788,Sardar Patel Medical College,India,1
I2800143325,Bir Hospital,Nepal,1
I4210134062,North Carolina Division of Public Health,United States,1
I4210134120,National Public Health Institute of Liberia,Liberia,1
I4210134150,Community Farm Alliance,United States,1
I2799391451,University Hospital Bonn,Germany,1
I2799399062,Santa Maria Nuova Hospital,Italy,1
I2799441781,Hull College,United Kingdom,1
I2799503643,Columbia University Irving Medical Center,United States,1
I2799504096,New York Times,United States,1
I240042149,Abdelmalek Essaâdi University,Morocco,1
I24057909,Bangladesh Agricultural University,Bangladesh,1
I2799277952,Indira Gandhi Medical College,India,1
I2799289540,Indian Institute of Management Kashipur,India,1
I2799298124,Bangladesh College of Physicians and Surgeons,Bangladesh,1
I2799300731,Norwich Research Park,United Kingdom,1
I2799334863,Soroti Hospital,Uganda,1
I275847375,American Pharmacists Association,United States,1
I2799678268,Pakistan Army,Pakistan,1
I2799699971,American Society for Nutrition,United States,1
I2799707979,Swami Vivekanand Subharti University,India,1
I2799708222,Office of Technology Transfer,United States,1
I2799511387,Cambodia National Malaria Center,Cambodia,1
I2799514748,Sir H.N. Reliance Foundation Hospital and Research Centre,India,1
I24571045,University of North Dakota,United States,1
I246527472,University of Hargeisa,Somalia,1
I2799734910,University Hospital Crosshouse,United Kingdom,1
I2799742215,Western Norway Regional Health Authority,Norway,1
I2799744481,Medical Protective,United States,1
I2799762726,New Cross Hospital,United Kingdom,1
I2799634920,Rama University,India,1
I2799648416,AdventHealth Orlando,United States,1
I2799652382,Saskatchewan Polytechnic,Canada,1
I2799677732,Launceston General Hospital,Australia,1
I4210136518,Maharaja Ranjit Singh Punjab Technical University,India,1
I4210136522,Tokyo Women's Medical University,Japan,1
I4210136748,National Academy of Medical Sciences,Nepal,1
I271457894,Universidad San Ignacio de Loyola,Peru,1
I273905872,National Australia Bank,Australia,1
I263512288,Universidad Científica del Sur,Peru,1
I26437253,Örebro University,Sweden,1
I2799731175,Forestry Research Institute of Nigeria,Nigeria,1
I4210142364,ESI - Post Graduate Institute of Medical Science and Research,India,1
I4210142541,Thai Health Promotion Foundation,Thailand,1
I4210142661,Institut National de la Recherche Agronomique de Tunisie,Tunisia,1
I4210141672,Médecins Sans Frontières,Luxembourg,1
I4210141678,National Institute of Cardiovascular Diseases,Pakistan,1
I4210141702,University of Gävle,Sweden,1
I4210141827,Universidad Ecotec,Ecuador,1
I4210141934,Mittal hospital,India,1
I4210138549,Pour la Solidarité,Belgium,1
I4210139119,Central Clinical Hospital,Poland,1
I4210137768,UNICEF East Asia and Pacific Regional Office,Thailand,1
I4210137844,Skåne University Hospital,Sweden,1
I4210137846,National University Hospital,Syria,1
I4210137903,Charisma University,Turks and Caicos Islands,1
I4210142231,Central University of Jammu,India,1
I4210142286,Kentucky Department for Public Health,United States,1
I4210140283,Cambridge Econometrics (United Kingdom),United Kingdom,1
I4210140324,National Healthcare Service Center,Hungary,1
I4210140358,Armed Forces Medical College,Bangladesh,1
I4210140463,National Institute for Occupational Health,South Africa,1
I4210139271,GIET University,India,1
I4210139894,Ministère de la Santé,Luxembourg,1
I4210138309,Center for Innovation,United States,1
I4210138355,National Management Degree College,Myanmar,1
I277688954,Université Paris-Saclay,France,1
I269735430,Stamford International University,Thailand,1
I26999989,University of the Free State,South Africa,1
I4210135832,Institute of Child Health,India,1
I4210135870,Sudan Medical Specialization Board,Sudan,1
I4210136168,Pan African Christian University College,Ghana,1
I4210136170,Government Medical College and Hospital,India,1
I4210136328,Max Planck Institute for Behavioral Economics,Germany,1
I4210140513,Sydney Local Health District,Australia,1
I4210140595,National Institute of Research in Tuberculosis,India,1
I4210140742,Institute of Medical Microbiology and Hygiene,Germany,1
I4210140874,Centre d'études et de recherches internationales de Sciences Po,France,1
I4210140896,Abrar University,Somalia,1
I4210140934,Samvedna Hospital,India,1
I4210143939,IDinsight,United States,1
I4210143942,National University of Technology,Pakistan,1
I250200457,Maharaja Krishna Chandra Gajapati Medical College and Hospital,India,1
I25041050,Augusta University,United States,1
I250520410,Prairie View A&M University,United States,1
I25085605,Barnes-Jewish College,United States,1
I242113363,National Institute of Disaster Management,India,1
I24542750,Khyber Medical University,Pakistan,1
I4210141120,Sorbonne University Abu Dhabi,United Arab Emirates,1
I4210140467,Departamento de Salud,Spain,1
I21215505,Al-Quds University,West Bank and Gaza,1
I213072177,University of Maroua,Cameroon,1
I21370196,Aristotle University of Thessaloniki,Greece,1
I21376657,Tanta University,Egypt,1
I258284569,Wockhardt (United States),United States,1
I2608206482,Universitas Ahmad Dahlan,Indonesia,1
I261079859,Jenderal Soedirman University,Indonesia,1
I24897511,Hellenic Military Academy,Greece,1
I4210142108,African Governance and Development Institute,Cameroon,1
I4210140946,Ministry of Health,Botswana,1
I4210141022,Spinal Research,United Kingdom,1
I4210141030,SickKids Foundation,Canada,1
I4210141060,Community Options (United States),United States,1
I219193219,Purdue University West Lafayette,United States,1
I221818097,Sylhet MAG Osmani Medical College,Bangladesh,1
I221899656,Karatina University,Kenya,1
I4210143526,Programme National Multisectoriel de Lutte contre le sida,Democratic Republic of the Congo,1
I4210142724,Centrale Méditerranée,France,1
I4210142783,Ghana Armed Forces Command and Staff College,Ghana,1
I4210142802,Sihanouk Hospital Center of HOPE,Cambodia,1
I4210145744,Farm Africa Ethiopia,Ethiopia,1
I4210145967,Department of Research and Specialist Services,Zimbabwe,1
I4210146094,University of Public Health Yangon,Myanmar,1
I4210146201,Office of International Affairs,United States,1
I235176910,Netaji Subhash Chandra Bose Medical College,India,1
I235686326,Kerman University of Medical Sciences,"Iran, Islamic Republic of",1
I23625684,Saskatchewan Health Authority,Canada,1
I216071944,St Mary's University Twickenham London,United Kingdom,1
I217173437,Manarat International University,Bangladesh,1
I21740220,Centro Internacional de Mejoramiento de Maíz Y Trigo,Mexico,1
I4210143352,Astellas Pharma (Germany),Germany,1
I4210143365,Government of Saskatchewan,Canada,1
I4210143287,Institut de Recherche Technologique B-com,France,1
I204778367,Norwegian University of Science and Technology,Norway,1
I20497027,Cochin University of Science and Technology,India,1
I204983213,Harbin Institute of Technology,China,1
I205200222,Uttara University,Bangladesh,1
I202899961,Bank Indonesia,Indonesia,1
I203088144,Nova Southeastern University,United States,1
I23171815,Zhengzhou University of Light Industry,China,1
I4210144127,Centre National de Lutte Antiacridienne,Mauritania,1
I4210144350,Defence Electronics Application Laboratory,India,1
I4210144456,Institute of Social Work,Tanzania,1
I4210143629,World Education,United States,1
I4210143703,Holy Family Hospital,Ghana,1
I4210143748,Mexfam,Mexico,1
I4210143858,Maryam Abacha American University of Niger,Niger,1
I4210143003,Ottawa Public Health,Canada,1
I4210145195,Institut thématique Santé Publique,France,1
I4210145317,National Law University and Judicial Academy,India,1
I4210144583,Freedom from Hunger,United States,1
I4210144609,Gian Sagar Dental College and Hospital,India,1
I4210144743,Positive Resource Center,United States,1
I4210144839,Hamad bin Khalifa University,Qatar,1
I4210144925,Technological University Dublin,Ireland,1
I4210148427,Vasan Eye Care Hospital,India,1
I206509152,Cape Coast Technical University,Ghana,1
I207025910,Periyar Maniammai Institute of Science & Technology,India,1
I20893674,Kassala University,Sudan,1
I209803261,University of Nizwa,Oman,1
I209822943,"Ministry of Agriculture, Food Security and Cooperatives",Tanzania,1
I205237279,Nankai University,China,1
I205924995,Japan Society for the Promotion of Science,Japan,1
I205984670,Czech University of Life Sciences Prague,Czechia,1
I4210145109,Center for Evaluation and Development,Germany,1
I19894307,Université de Montpellier,France,1
I19970341,University of Sudbury,Canada,1
I199936661,Uganda Martyrs University,Uganda,1
I200166805,Guy's and St Thomas' NHS Foundation Trust,United Kingdom,1
I197097402,Universidad Peruana Cayetano Heredia,Peru,1
I197487182,CBS University of Applied Sciences,Germany,1
I197518295,IZA - Institute of Labor Economics,Germany,1
I4210145414,Hung Vuong Hospital,Viet Nam,1
I4210145467,International University of Kyrgyzstan,Kyrgyzstan,1
I4210145468,Institut Supérieur Pédagogique de Gitwe,Rwanda,1
I4210145525,Guiana Space Centre,French Guiana,1
I4210145539,Sir Paul Boffa Hospital,Malta,1
I4210145619,Pamoja Tunaweza Women's Centre,Tanzania,1
I4210144972,Laboratoire de Chimie Organique,France,1
I4210145083,Ministry of Interior,Bulgaria,1
I200845125,Nanjing University of Information Science and Technology,China,1
I19820366,Chinese Academy of Sciences,China,1
I4210147514,Élisabeth Bruyère Hospital,Canada,1
I4210147662,Ethiopian Defence University,Ethiopia,1
I4210147664,Universidad Psicología Industrial Dominicana,Dominican Republic,1
I4210147766,Gerresheimer (Germany),Germany,1
I4210146374,Office of Nuclear Safety,United States,1
I4210146884,Institut National de la Statistique,Madagascar,1
I192915278,International Business School,Hungary,1
I193478522,Emmanuel College - Massachusetts,United States,1
I201118511,European University Cyprus,Cyprus,1
I201726411,United Arab Emirates University,United Arab Emirates,1
I200296433,Chinese Academy of Medical Sciences & Peking Union Medical College,China,1
I200323923,South London and Maudsley NHS Foundation Trust,United Kingdom,1
I200749728,Pir Mehr Ali Shah Arid Agriculture University,Pakistan,1
I200769079,Hong Kong University of Science and Technology,Hong Kong,1
I4210148181,Dr. Rajendra Prasad Government Medical College,India,1
I4210148317,Women's Health Initiative,United States,1
I4210147360,Sup de Co Marrakech,Morocco,1
I4210147366,St. Stephen’s Hospital,India,1
I4210147384,Bendigo Health,Australia,1
I194019607,University of Ioannina,Greece,1
I194028371,University of Regina,Canada,1
I194348271,"Government College University, Faisalabad",Pakistan,1
I4210148428,Universidad Tecnológica del Perú,Peru,1
I4210148460,Ideas42,United States,1
I4210148482,Hôpital Sahloul,Tunisia,1
I4210148510,"Ministry of Local Government, Rural Development and Co-operatives",Bangladesh,1
I4210147825,Lumbini Eye Institute,Nepal,1
I4210147975,Institut National de Santé Publique,Tunisia,1
I4210148038,South Warwickshire NHS Foundation Trust,United Kingdom,1
I4210148072,Salem University,Nigeria,1
I4210151962,Monterey Bay Aquarium Foundation,United States,1
I4210152059,Instituto Nacional de Salud,Colombia,1
I4210152075,Institut National d'Oncologie,Morocco,1
I4210152341,Cocoa Research Institute of Ghana,Ghana,1
I4210151662,Zhanjiang Experimental Station,China,1
I4210151674,Naval Materials Research Laboratory,India,1
I4210151745,Public Citizen,United States,1
I4210151796,Kisii University,Kenya,1
I4210149508,Barber–Scotia College,United States,1
I4210149555,Ministry of Health,Peru,1
I4210149736,Food and Drug Administration,Thailand,1
I4210149743,Sinai Health System,United States,1
I4210149184,Centre for Women's Development Studies,India,1
I4210149232,National Allergy Asthma Bronchitis Institute,India,1
I4210149376,Southern Africa Nazarene University,Eswatini,1
I4210151920,HeidelbergCement (United States),United States,1
I4210150676,BGS Global Hospital,India,1
I4210149899,Marie Stopes Society,Pakistan,1
I4210149908,Erasmus MC Cancer Institute,Netherlands,1
I4210150006,Niger State Polytechnic,Nigeria,1
I4210150047,Centre Intégré Universitaire de Santé et de Services Sociaux du Centre-Sud-de-l'Île-de-Montréal,Canada,1
I4210150075,Rahnuma,Pakistan,1
I4210150266,Mahatma Gandhi Medical College and Research Institute,India,1
I4210149475,Botswana Harvard AIDS Institute Partnership,Botswana,1
I4210147207,The Dialogue,United States,1
I4210147238,National Heart Centre Singapore,Singapore,1
I4210147311,The Millennium University,Bangladesh,1
I4210147325,Medical Governance Research Institute,Japan,1
I4210147342,Al-Qalam University Katsina,Nigeria,1
I4210150356,University of Washington Tacoma,United States,1
I4210150479,Institute for Future Engineering,Japan,1
I4210150591,Ministry of Defence,India,1
I4210150722,Egyptian Government,Egypt,1
I4210150840,Ministry of Education,Bangladesh,1
I4210150943,Institute for Research on Household Economics,Japan,1
I4210151104,Directorate General of Health Services,Bangladesh,1
I4210151123,French Community of Belgium,Belgium,1
I4210154507,Mandya Institute of Medical Sciences,India,1
I4210154633,Inspiration Innovation Synergy University,India,1
I4210154710,Wuxi Taihu Hospital,China,1
I195165,Unitika (Japan),Japan,1
I195608997,Dar es Salaam Institute of Technology,Tanzania,1
I193615760,Dokuz Eylül University,Türkiye,1
I193662353,Utrecht University,Netherlands,1
I193670377,University of Karachi,Pakistan,1
I4210151572,AIR Worldwide (United Kingdom),United Kingdom,1
I4210150693,The Medical Device (United Kingdom),United Kingdom,1
I4210150714,Johns Hopkins Hospital,United States,1
I188760350,Ollscoil na Gaillimhe – University of Galway,Ireland,1
I189643551,Hanoi Medical University,Viet Nam,1
I195939026,Glasgow Caledonian University,United Kingdom,1
I196409605,Mohammed Bin Rashid School of Government,United Arab Emirates,1
I196608512,PES University,India,1
I196829312,La Trobe University,Australia,1
I19700959,Florida International University,United States,1
I195024194,Riphah International University,Pakistan,1
I4210151805,Federal Institute for Population Research,Germany,1
I4210151893,National Centre for Disease Informatics and Research,India,1
I4210151279,Institute Of Perinatology Obstetrics And Gynaecology,Armenia,1
I4210151372,Gandhi Medical College,India,1
I4210151409,Association of Maternal and Child Health Programs,United States,1
I190243414,President University,Indonesia,1
I187476118,Saint Louis University,Spain,1
I187761245,National Institute of Technology Jamshedpur,India,1
I4210153498,Republic of Palau Ministry of Health,Palau,1
I4210153712,International Center of New York,United States,1
I4210153755,University Hospital Cologne,Germany,1
I4210153852,ARC Centre of Excellence for Children and Families over the Life Course,Australia,1
I4210152626,Missouri Heart Center,United States,1
I4210152838,Yangon Children's Hospital,Myanmar,1
I4210152906,Hôtel-Dieu de France,Lebanon,1
I4210153200,BC Children's Hospital,Canada,1
I191247993,Shobhit University,India,1
I191365509,Hamdard University,Pakistan,1
I191429286,Sam Houston State University,United States,1
I191969501,National Taipei University of Nursing and Health Science,Taiwan,1
I19231517,Kabul University,Afghanistan,1
I189712700,University of Konstanz,Germany,1
I189869855,Cebu Normal University,Philippines,1
I189917405,Dominican University,United States,1
I4210153303,École Normale Supérieure d'Abidjan,Côte d'Ivoire,1
I4210153497,Institute of Advanced Studies in Administration,Venezuela,1
I184770606,Ministry of Agriculture Forestry and Fisheries,Cambodia,1
I182534213,Universidade do Porto,Portugal,1
I183003952,Ilia State University,Georgia,1
I192513696,National University of San Marcos,Peru,1
I192633058,University of Saint Joseph,United States,1
I191208505,Xiamen University,China,1
I4210154797,Clinical Centre of Kragujevac,Serbia,1
I4210153856,Second Xiangya Hospital of Central South University,China,1
I4210153869,Huai'an University,China,1
I4210153931,D.Y. Patil University,India,1
I4210154014,National Institute of Pharmaceutical Education and Research,India,1
I4210154218,University of Science and Technology Bannu,Pakistan,1
I4210154271,French Institute for Research in Africa,Nigeria,1
I4210153241,Sexual Health Clinic,Finland,1
I18550681,Pham Ngoc Thach University of Medicine,Viet Nam,1
I185571130,Al-Farabi Kazakh National University,Kazakhstan,1
I184220567,Asian Development Bank Institute,Japan,1
I184531372,OsloMet – Oslo Metropolitan University,Norway,1
I184564680,Inter-American Development Bank,United States,1
I4210155929,National University of Medical Sciences,Pakistan,1
I4210156194,Addenbrooke's Hospital,United Kingdom,1
I4210154879,KIST Medical College,Nepal,1
I17972996,Vardhman Mahavir Medical College & Safdarjung Hospital,India,1
I17974374,Universidade de São Paulo,Brazil,1
I186359701,Shell (Germany),Germany,1
I186365177,Institute of Technology of Cambodia,Cambodia,1
I186803428,Brock University,Canada,1
I186862513,Osh State University,Kyrgyzstan,1
I185163786,King Abdulaziz University,Saudi Arabia,1
I185443292,Wayne State University,United States,1
I4210156440,Valacta (Canada),Canada,1
I4210156571,Collaborative Innovation Center of Chemistry for Energy Materials,China,1
I4210156666,University Of Medicine 1 Yangon,Myanmar,1
I4210155590,Management Sciences (United States),United States,1
I4210155797,Médecins Sans Frontières,United States,1
I179150554,Guntur Medical College,India,1
I179311214,Gulf University for Science & Technology,Kuwait,1
I179331831,Taif University,Saudi Arabia,1
I4210153204,Universidade Portucalense,Portugal,1
I4210156834,Institute of Economics,China,1
I4210156887,Sudan Academy of Sciences,Sudan,1
I4210157195,Jamhuriya University of Science and Technology,Somalia,1
I4210157242,Rumah Sakit Umum Pusat Dr. Sardjito,Indonesia,1
I4210157304,State Board of Education,United States,1
I4210156205,Indian Institute of Management Visakhapatnam,India,1
I4210156250,Polo Universitario Città di Prato,Italy,1
I180857899,Pfizer (United States),United States,1
I180952551,Central University of Himachal Pradesh,India,1
I181547552,Baylor College of Medicine,United States,1
I18014758,Simon Fraser University,Canada,1
I180437899,University of Bremen,Germany,1
I4210158280,Institut Scientifique de Santé Publique,Belgium,1
I4210158329,Social Action,Nigeria,1
I4210158502,Queen Elizabeth University Hospital,United Kingdom,1
I4210158006,Société Francophone du Diabète,France,1
I175970653,Central University of Jharkhand,India,1
I176337269,Canadian Institutes of Health Research,Canada,1
I17647740,Father Muller Medical College Hospital,India,1
I173887773,University of Banja Luka,Bosnia and Herzegovina,1
I173956350,Patna Medical College and Hospital,India,1
I181697535,SUNY Downstate Health Sciences University,United States,1
I18193975,SGH Warsaw School of Economics,Poland,1
I4210159453,Center for Rheumatology,United States,1
I4210158598,Kenya Forest Service,Kenya,1
I4210158614,Nordic School of Public Health,Sweden,1
I4210158752,Montreal Clinical Research Institute,Canada,1
I4210158957,Parkside Hospital,United Kingdom,1
I4210158963,37 Military Hospital,Ghana,1
I4210159012,University College of Islamabad,Pakistan,1
I4210158000,ILMA University,Pakistan,1
I4210154892,National Institute of Cancer Research and Hospital,Bangladesh,1
I4210155105,Rajshahi University of Engineering and Technology,Bangladesh,1
I4210155175,Agri Food and Biosciences Institute,United Kingdom,1
I4210155267,Institute for Tourism,Croatia,1
I4210155393,Ministry of Health,Montenegro,1
I4210155461,Connecticut Mental Health Center,United States,1
I4210159070,Biomedical Research Foundation,Bangladesh,1
I4210159071,Federal Institute of Industrial Research Oshodi,Nigeria,1
I177064439,Université de Bourgogne,France,1
I177097968,University of Tennessee at Chattanooga,United States,1
I177181097,Durban University of Technology,South Africa,1
I177235860,Public Health Agency of Canada,Canada,1
I17533244,An-Najah National University,West Bank and Gaza,1
I175360629,Kajima Corporation (Japan),Japan,1
I4210160555,Ministry of Health and Social Welfare,Liberia,1
I4210160647,Russian University of Cooperation,Russian Federation,1
I168864056,Bilkent University,Türkiye,1
I168974072,Government Medical College,India,1
I169248161,Universidade Federal de Pelotas,Brazil,1
I177725633,Chinese University of Hong Kong,Hong Kong,1
I178000100,Kurukshetra University,India,1
I178319760,Kuvempu University,India,1
I17653759,Fund for Scientific Research,Belgium,1
I177055848,University of Brawijaya,Indonesia,1
I4210160863,Institute of Chartered Accountants of India,India,1
I4210160873,Bishkek Academy of Finance and Economics,Kyrgyzstan,1
I4210160096,Heartland Alliance,United States,1
I4210160211,Pharmaceutical Biotechnology (Czechia),Czechia,1
I170013655,Isfahan University of Technology,"Iran, Islamic Republic of",1
I170040867,Global Environment Facility,United States,1
I170153556,University of Health Science,Cambodia,1
I170238339,Duy Tan University,Viet Nam,1
I4210157469,Clínica Sagrada Esperança,Angola,1
I4210161052,Korea University,Japan,1
I4210161059,Kushiro City General Hospital,Japan,1
I4210161102,Health Holland,Netherlands,1
I4210161206,International Oil and Gas University,Turkmenistan,1
I4210161281,University Teaching Hospital of Butare,Rwanda,1
I4210160788,New Delhi Tuberculosis Center,India,1
I4210160793,Institute of Geographic Sciences and Natural Resources Research,China,1
I4210161889,Command Hospital,India,1
I4210165137,Satguru Partap Singh Hospital,India,1
I4210165293,Metacomp Technologies (United States),United States,1
I4210165441,Hangzhou Medical College,China,1
I4210165529,University of Business and Technology,Saudi Arabia,1
I4210165634,Africa Nazarene University,Kenya,1
I4210164596,Uganda Protestant Medical Bureau,Uganda,1
I4210164613,National Assembly,"Korea, Republic of",1
I4210163016,Namibia Institute of Pathology,Namibia,1
I4210162086,Institute of World Economics,Hungary,1
I4210162109,Institute for Forecasting of the Slovak Academy of Sciences,Slovakia,1
I4210162151,Hôpital Saint-Luc,Canada,1
I4210161492,Domus Medica,Belgium,1
I4210161520,Ministry of Infrastructure,Rwanda,1
I4210161569,Groupe de Recherche et d’Action sur le Foncier,Burkina Faso,1
I4210161606,African Field Epidemiology Network,Uganda,1
I4210163674,National Heart Foundation Hospital & Research Institute,Bangladesh,1
I4210163694,Instituto Valenciano de Investigaciones Económicas,Spain,1
I4210162544,Dr D Y Patil Dental College & Hospital,India,1
I4210162655,Centre of Natural Hazards and Disaster Science,Sweden,1
I4210162822,Ministry of Public Health,Madagascar,1
I4210162839,Universitas Tulungagung,Indonesia,1
I4210162943,NIHR Birmingham Biomedical Research Centre,United Kingdom,1
I4210162984,Academia Nacional de Ciencias de Bolivia,Bolivia,1
I4210159675,Information Management Consultants (United States),United States,1
I4210159853,Process Simulations Limited (Canada),Canada,1
I4210159968,Duke Kunshan University,China,1
I4210163153,Johnson & Johnson (India),India,1
I4210163172,Environmental Earth Sciences,Australia,1
I4210163355,"Center for Disease Dynamics, Economics and Policy",India,1
I4210163434,Ibex Innovations (United Kingdom),United Kingdom,1
I4210163549,Act Health,Australia,1
I169724904,Zimmer Biomet (Netherlands),Netherlands,1
I4210164579,Action Network,United States,1
I4210164592,Tashkent Medical Academy,Uzbekistan,1
I4210163713,Cohort (United Kingdom),United Kingdom,1
I4210163772,Ministry of Health,Eswatini,1
I4210163795,École Nationale d'Administration et de Magistrature,Burkina Faso,1
I4210164005,University College of Commerce & Business Management,India,1
I4210164031,Joint Clinical Research Centre,Uganda,1
I173268674,Texas A&M University System,United States,1
I173304897,Universidad de Granada,Spain,1
I170726198,University of Novi Sad,Serbia,1
I171003132,Rawalpindi Medical University,Pakistan,1
I17120543,National University of Modern Languages,Pakistan,1
I171217772,Benson Idahosa University,Nigeria,1
I172614708,Crescent University,Nigeria,1
I169521973,University of New Mexico,United States,1
I165507594,Kangwon National University,"Korea, Republic of",1
I165556055,Loyola University Maryland,United States,1
I165690674,Oregon Health & Science University,United States,1
I1636034,Dr. Reddy's Laboratories (United States),United States,1
I16443873,Federal University of Technology Owerri,Nigeria,1
I165139151,University of North Texas Health Science Center,United States,1
I172828483,University of Sri Jayewardenepura,Sri Lanka,1
I17301866,University of Alabama,United States,1
I4210164771,Sunyani Technical University,Ghana,1
I4210164943,TobaccoFree Research Institute,Ireland,1
I4210165024,Institute of Infection and Immunity,Canada,1
I4210165065,Naresuan University Hospital,Thailand,1
I4210165080,Smt. N.H.L. Municipal Medical College,India,1
I4210164268,National Institute of Health,Pakistan,1
I4210164282,Entrepreneurial Ecosystems,United States,1
I4210164354,Heartfile,Pakistan,1
I165737746,Tomas Bata University in Zlín,Czechia,1
I166088655,Montclair State University,United States,1
I16609230,Hunan University,China,1
I165488957,Lingnan University,Hong Kong,1
I4210166736,Impact Technology Development (United States),United States,1
I4210166811,Leeds Dental Hospital,United Kingdom,1
I4210167096,National Nutrition Agency,The Gambia,1
I4210167156,International Hospital Kampala,Uganda,1
I160825796,Mangosuthu University of Technology,South Africa,1
I166533956,Institute of Management Technology,India,1
I166722992,University of Massachusetts Chan Medical School,United States,1
I166928557,University of Monastir,Tunisia,1
I167046903,Walla Walla University,United States,1
I167147083,Overseas Development Institute,United Kingdom,1
I167609691,Hawler Medical University,Iraq,1
I16835326,University of St Andrews,United Kingdom,1
I4210166452,21c Consultancy (United Kingdom),United Kingdom,1
I4210166558,Arlington Free Clinic,United States,1
I4210166649,Yangon ENT Hospital,Myanmar,1
I4210166691,Institute for Urban Indigenous Health,Australia,1
I161171246,West Chester University,United States,1
I161237661,Lahore College for Women University,Pakistan,1
I159548981,State Street (United States),United States,1
I160606119,University of Tennessee Health Science Center,United States,1
I4210164201,Annapurna Neurological Institute and Allied Sciences,Nepal,1
I4322298,Towson University,United States,1
I43666680,Regional Institute of Medical Sciences,India,1
I4210167424,Hôpital Militaire Avicenne,Morocco,1
I42131985,National Health and Medical Research Council,Australia,1
I42350008,Ministry of Health and Social Services,Namibia,1
I42731748,National Institute of Applied Science and Technology,Tunisia,1
I42934936,Dublin City University,Ireland,1
I161593684,Stockholm University,Sweden,1
I161597582,Recep Tayyip Erdoğan University,Türkiye,1
I16197041,Cyprus International University,Cyprus,1
I162254961,National University of Lesotho,Lesotho,1
I162608824,University of Sussex,United Kingdom,1
I16097986,Universitat de València,Spain,1
I161165907,Southeast Missouri State University,United States,1
I4388446360,Institute of Public Health Zadar,Croatia,1
I4387156335,Global Health and Education Projects,United States,1
I157725225,University of Illinois Urbana-Champaign,United States,1
I155837530,National Institute of Technology Durgapur,India,1
I156087764,"University of California, Merced",United States,1
I156216236,Qassim University,Saudi Arabia,1
I157273133,University of Botswana,Botswana,1
I163205636,Tabriz University of Medical Sciences,"Iran, Islamic Republic of",1
I163340411,Hohai University,China,1
I4405259358,Tanzania Institute of Accountancy,Tanzania,1
I4405260339,Biaka University Institute of Buea,Cameroon,1
I4405260736,Dayananda Sagar College of Engineering,India,1
I4405260856,Bengaluru City University,India,1
I4396570500,"All India Institute of Medical Sciences, Deoghar",India,1
I4405258250,Maharajgunj Medical Campus,Nepal,1
I4405258421,P P Savani University,India,1
I4387156044,"Infection, Anti-microbiens, Modélisation, Evolution",France,1
I4210165760,College of Accounting,Slovenia,1
I4210166085,Centre d’Infectiologie Christophe Mérieux of Laos,Laos,1
I4210166202,CACI International (United Kingdom),United Kingdom,1
I4210166209,ISS International (South Africa),South Africa,1
I4210166308,University of Social Welfare and Rehabilitation Sciences,"Iran, Islamic Republic of",1
I4405258483,Vitalant Research Institute,United States,1
I4405258610,OSCE Academy,Kyrgyzstan,1
I4405258719,Hussaini Adamu Federal Polytechnic,Nigeria,1
I157394403,Baylor University,United States,1
I4405267668,Ghana Cocoa Board,Ghana,1
I4405269816,Fundación Mexicana para la Salud,Mexico,1
I4405392,Boğaziçi University,Türkiye,1
I4405261048,Adama Hospital Medical College,Ethiopia,1
I4405261501,Malla Reddy Institute Of Medical Sciences,India,1
I4405262393,Somaiya Vidyavihar University,India,1
I4405262778,Wuxi Taihu University,China,1
I153297377,Medical University of South Carolina,United States,1
I150397245,"York College, City University of New York",United States,1
I158878888,Nile Valley University,Sudan,1
I158990150,St. Augustine University of Tanzania,Tanzania,1
I159176309,Universität Hamburg,Germany,1
I157850169,Indian Health Service,United States,1
I157921009,Ritsumeikan Asia Pacific University,Japan,1
I157358134,RMIT Vietnam,Viet Nam,1
I44288286,Daystar University,Kenya,1
I4429535,State University of Makassar,Indonesia,1
I44327541,Kursk State Medical University,Russian Federation,1
I44565152,Doon University,India,1
I44666525,University of the South Pacific,Fiji,1
I4405264474,Høgskolen i Bergen,Norway,1
I4405264709,Dessie Health Science College,Ethiopia,1
I152518017,University of Nis,Serbia,1
I4388482656,Ottawa Hospital Research Institute,Canada,1
I4392738183,Syreon Research Institute (Hungary),Hungary,1
I4394709093,Universitas Islam Negeri Sayyid Ali Rahmatullah Tulungagung,Indonesia,1
I43777268,Nagasaki University,Japan,1
I4387152672,Bordeaux Sciences Économiques,France,1
I4387153491,Établissement public Campus Condorcet,France,1
I44738892,Joseph Sarwuan Tarka University Makurdi,Nigeria,1
I44265643,Rowan University,United States,1
I139858224,M.J.P. Rohilkhand University,India,1
I140025399,Hochschule Hannover,Germany,1
I140172145,University of Connecticut,United States,1
I149145351,Deccan College of Medical Sciences,India,1
I149461666,Ca' Foscari University of Venice,Italy,1
I149766970,Maharashtra University of Health Sciences,India,1
I150229711,University of Electronic Science and Technology of China,China,1
I147943389,Development Bank of Japan,Japan,1
I153687341,Zarqa University,Jordan,1
I153908563,Nortel (Canada),Canada,1
I153954893,Jaypee University of Information Technology,India,1
I154130895,University of Auckland,New Zealand,1
I151934421,University of Northern British Columbia,Canada,1
I152333473,Ecolab (United Kingdom),United Kingdom,1
I142263535,University of Nottingham,United Kingdom,1
I139669409,Nizam's Institute of Medical Sciences,India,1
I50268529,M. P. Shah Medical College,India,1
I48018076,Christ University,India,1
I48076826,Chiang Mai University,Thailand,1
I147337026,Universitas Trisakti,Indonesia,1
I145388677,Joint United Nations Programme on HIV/AIDS,Switzerland,1
I145610796,Southern University and Agricultural and Mechanical College,United States,1
I154632036,Misr University for Science and Technology,Egypt,1
I155417937,Hochschule Bonn-Rhein-Sieg,Germany,1
I4405262780,West African Centre for Cell Biology of Infectious Pathogens,Ghana,1
I4405262955,Amity University Gurugram,India,1
I5100685,University of Education,Pakistan,1
I51077184,Saint Joseph's University,United States,1
I51153154,Novartis Foundation,Switzerland,1
I51204116,Arcadia University,United States,1
I51556381,University of Virginia,United States,1
I49278261,Assam University,India,1
I143601524,Public Authority for Applied Education and Training,Kuwait,1
I142395110,Astellas Pharma (Japan),Japan,1
I14243506,Hong Kong Polytechnic University,Hong Kong,1
I142651801,University of Kelaniya,Sri Lanka,1
I142823887,St. John's University,United States,1
I142899784,University of Sfax,Tunisia,1
I140887281,Goa University,India,1
I140912994,Muş Alparslan University,Türkiye,1
I135881978,Bukidnon State University,Philippines,1
I13591777,University of Nottingham Ningbo China,China,1
I134260573,Gauhati Medical College and Hospital,India,1
I134276161,Pakistan Institute of Engineering and Applied Sciences,Pakistan,1
I1342904200,Oregon Health Authority,United States,1
I134315084,Rajendra Memorial Research Institute of Medical Sciences,India,1
I1343551460,The University of Texas MD Anderson Cancer Center,United States,1
I14314212,Osaka University of Economics,Japan,1
I55892964,Andalas University,Indonesia,1
I55016150,Manav Rachna International Institute of Research and Studies,India,1
I55027601,Netherlands Institute for Advanced Study in the Humanities and Social Sciences,Netherlands,1
I55061410,U.S. Air Force Institute of Technology,United States,1
I55141112,National Defence University of Malaysia,Malaysia,1
I53276908,Marymount University,United States,1
I53421241,National Institute of Nutrition,India,1
I53465836,Bangalore University,India,1
I148099405,Xi'an University of Architecture and Technology,China,1
I146399215,University of Tsukuba,Japan,1
I46130087,Indian Institute of Management Udaipur,India,1
I47151758,National University of Uzbekistan,Uzbekistan,1
I47251452,Wake Forest University,United States,1
I47306379,United Hospital Fund,United States,1
I55383850,Tashkent State University of Economics,Uzbekistan,1
I55801708,Saint Michael's College,United States,1
I56404289,Indian Institute of Technology BHU,India,1
I56409017,Nahrain University,Iraq,1
I56722557,Trinity College,United States,1
I65181880,Indian Institute of Technology Hyderabad,India,1
I65321883,Motu Economic and Public Policy Research,New Zealand,1
I65734018,American University of Nigeria,Nigeria,1
I66200439,Naresuan University,Thailand,1
I66513531,Fayoum University,Egypt,1
I60374024,ICMR-National Institute of Virology,India,1
I6059380,University of Baltimore,United States,1
I59270414,Indian Institute of Science Bangalore,India,1
I57085157,Sardar Patel University,India,1
I57206974,New York University,United States,1
I57995698,Paris School of Economics,France,1
I56306041,Lebanese American University,Lebanon,1
I56311857,Hanoi School Of Public Health,Viet Nam,1
I137265193,University of Chester,United Kingdom,1
I137613304,Homs University,Syria,1
I53508799,Tumkur University,India,1
I5388228,University of Rochester,United States,1
I51601045,University of Bath,United Kingdom,1
I52035452,Jawaharlal Nehru Technological University Anantapur,India,1
I52158045,China Agricultural University,China,1
I530967,Toronto Metropolitan University,Canada,1
I1334415907,University Medical Center Groningen,Netherlands,1
I1334636312,Colorado Department of Public Health and Environment,United States,1
I1330502262,Ministry for Foreign Affairs,Sweden,1
I1330855593,Vel Tech Rangarajan Dr. Sagunthala R&D Institute of Science and Technology,India,1
I1331374319,National Bureau of Statistics of China,China,1
I1332873766,Banco de la República Colombia,Colombia,1
I138272832,Devi Ahilya Vishwavidyalaya,India,1
I136632592,Bells University of Technology,Nigeria,1
I61600748,Westminster International University in Tashkent,Uzbekistan,1
I61822063,ICF International (United States),United States,1
I61937129,Jackson State University,United States,1
I62370553,IMU University,Malaysia,1
I71270174,Victoria University,Australia,1
I71422933,Sheffield Hallam University,United Kingdom,1
I71459812,Beijing International Studies University,China,1
I71495548,Indian Institute of Management Calcutta,India,1
I1335113835,Karolinska University Hospital,Sweden,1
I1336788258,California Department of Public Health,United States,1
I133731052,University of Helsinki,Finland,1
I133388076,Gulu University,Uganda,1
I1334287468,Nottingham University Hospitals NHS Trust,United Kingdom,1
I61057504,Fujian Agriculture and Forestry University,China,1
I61198380,Nagaland University,India,1
I61529313,Clifford Chance,United Kingdom,1
I1323554757,Ivano-Frankivsk National Medical University,Ukraine,1
I1316728056,Malabar Cancer Centre,India,1
I131835042,Bursa Uludağ Üni̇versi̇tesi̇,Türkiye,1
I1319815248,Statistics Canada,Canada,1
I13383945,Exponent (United States),United States,1
I1339895191,RWI – Leibniz Institute for Economic Research,Germany,1
I1340740451,National Academy of Agricultural Sciences,India,1
I134113660,"University of Nevada, Reno",United States,1
I6665906,Carrier (United States),United States,1
I63966007,Massachusetts Institute of Technology,United States,1
I64295750,Indian Institute of Technology Indore,India,1
I64532579,Qazvin University of Medical Sciences,"Iran, Islamic Republic of",1
I6240851,Yerevan State Medical University,Armenia,1
I63072094,University of Portsmouth,United Kingdom,1
I1322204314,International Rescue Committee,Ethiopia,1
I13227775,Cornerstone University,United States,1
I1320351128,Delta Air Lines (United States),United States,1
I69737025,University of Chile,Chile,1
I70284922,MTS Systems (United States),United States,1
I66752286,University of Milano-Bicocca,Italy,1
I66804793,Pan American Health Organization (Cuba),Cuba,1
I66809481,Southern Cross University,Australia,1
I66946132,"University of Maryland, College Park",United States,1
I75418795,Fiji National University,Fiji,1
I1329536732,School of Planning and Architecture Delhi,India,1
I1330402449,African Development Bank Group,Côte d'Ivoire,1
I132357854,Indian Institute of Management Kozhikode,India,1
I132359460,University of Burdwan,India,1
I1323778983,Yale New Haven Hospital,United States,1
I132400726,University of Nagasaki,Japan,1
I1324565093,Prime Minister's Office,Brunei Darussalam,1
I1325290502,Economic Policy Institute,United States,1
I1310298795,Saint Agnes Hospital,United States,1
I1310770535,Georgia Department of Education,United States,1
I130785548,Clark University,United States,1
I130823665,Ural Federal University,Russian Federation,1
I1325947110,California HealthCare Foundation,United States,1
I1328302364,Ingalls Memorial Hospital,United States,1
I1328359107,Los Angeles County Department of Health Services,United States,1
I1328782679,Schizophrenia Research Foundation,India,1
I71631882,Vinoba Bhave University,India,1
I71675930,Frankfurt School of Finance & Management,Germany,1
I71965598,Adelphi University,United States,1
I70983195,Syracuse University,United States,1
I71030271,Heidelberg Institute for Theoretical Studies,Germany,1
I71052956,University of Reading,United Kingdom,1
I68956291,Martin Luther University Halle-Wittenberg,Germany,1
I1309849503,RAND Corporation,United States,1
I1308321612,Ministry of Higher Education,Malaysia,1
I130847708,Divine Word University,Papua New Guinea,1
I1308906816,NortonLifeLock (United States),United States,1
I74775410,Rice University,United States,1
I7478328,Waterford Institute of Technology,Ireland,1
I74788687,Comenius University Bratislava,Slovakia,1
I72019824,Virginia Commonwealth University Medical Center,United States,1
I72903472,Occidental College,United States,1
I1315501941,International Organization for Migration,Switzerland,1
I1315824030,Institute for Women's Policy Research,United States,1
I131155284,Alagappa University,India,1
I1312237181,Girls Incorporated,United States,1
I1312300495,Jinnah Postgraduate Medical Center,Pakistan,1
I1312987727,University of Neyshabur,"Iran, Islamic Republic of",1
I1312996466,Safdarjang Hospital,India,1
I1313272365,Innovations for Poverty Action,United States,1
I1299528221,Engineering and Physical Sciences Research Council,United Kingdom,1
I1299907687,Bloomberg (United States),United States,1
I1300066018,African Wildlife Foundation,United States,1
I1296812847,Public Policy Institute of California,United States,1
I1297058315,Mount Auburn Hospital,United States,1
I1297363086,St. Michael's Hospital,Canada,1
I129774422,University of Vienna,Austria,1
I1297785818,International Medical Corps,United States,1
I75929689,UConn Health,United States,1
I75951250,Freie Universität Berlin,Germany,1
I76513827,New York City College of Technology,United States,1
I74897591,Marmara University,Türkiye,1
I74899385,Central Queensland University,Australia,1
I75092371,University of Hradec Králové,Czechia,1
I75274968,Centre for Economic and Social Studies,India,1
I7435137,Marien Ngouabi University,Republic of the Congo,1
I76569877,Southeast University,China,1
I76777374,Central University of Rajasthan,India,1
I77377906,Kathmandu Medical College Teaching Hospital,Nepal,1
I78157869,University of Gezira,Sudan,1
I84356168,Central Institute of Psychiatry,India,1
I84913233,National Centre for Earth Science Studies,India,1
I84929415,University of Venda,South Africa,1
I83776822,Shandong Institute of Business and Technology,China,1
I1306264927,Institut de Recherche pour le Développement,Benin,1
I1301508284,New York City Fire Department,United States,1
I1301933859,Foreign and Commonwealth Office,United Kingdom,1
I130194489,University of Alicante,Spain,1
I1302839792,Indraprastha Apollo Hospitals,India,1
I130291710,Visva-Bharati University,India,1
I1302991022,Milken Institute,United States,1
I129826125,Södertörn University,Sweden,1
I79775147,Nong Lam University Ho Chi Minh City,Viet Nam,1
I1290830857,Ecorys (Netherlands),Netherlands,1
I1287339526,Reserve Bank of India,India,1
I1287762061,Pathfinder International,United States,1
I1288330432,Oklahoma State Department of Health,United States,1
I1289024836,"Ministry of Agriculture, Forestry and Fisheries",Japan,1
I130359222,Université Abdou Moumouni,Niger,1
I1304127598,Group Health Cooperative,United States,1
I72951846,Washington State University,United States,1
I7299805,Bangladesh Rice Research Institute,Bangladesh,1
I73417466,Coventry University,United Kingdom,1
I79817857,University of Guelph,Canada,1
I80338172,University of World Economy and Diplomacy,Uzbekistan,1
I79189158,University of Castilla-La Mancha,Spain,1
I79305253,National Defence University,Pakistan,1
I79741316,University of Pecs,Hungary,1
I8078737,Clemson University,United States,1
I81605866,Sidi Mohamed Ben Abdellah University,Morocco,1
I81831788,Health and Safety Executive,United Kingdom,1
I8204097,Ludwig-Maximilians-Universität München,Germany,1
I82333064,Chinese Academy of Governance,China,1
I87547150,Southern Illinois University Edwardsville,United States,1
I875646752,Damascus University,Syria,1
I875944469,Koneru Lakshmaiah Education Foundation,India,1
I1292585137,United States Social Security Administration,United States,1
I1292669757,Toshiba (Japan),Japan,1
I1292966370,The Honourable Society of Lincoln's Inn,United Kingdom,1
I1293129422,Lancashire Teaching Hospitals NHS Foundation Trust,United Kingdom,1
I1289422878,Dartmouth–Hitchcock Medical Center,United States,1
I82952536,King Khalid University,Saudi Arabia,1
I83124999,Bukkyo University,Japan,1
I83328411,State University of New York at Potsdam,United States,1
I127206278,Akwa Ibom State University,Nigeria,1
I127362389,Murray State University,United States,1
I127506496,Practical Action,United Kingdom,1
I1294278766,Lurie Children's Hospital,United States,1
I1294560359,Centre for Infectious Disease Research in Zambia,Zambia,1
I129615261,Vaal University of Technology,South Africa,1
I1291425158,Google (United States),United States,1
I1291450037,Medanta The Medicity,India,1
I83844774,Assam Medical College,India,1
I83909951,Morgan State University,United States,1
I84218800,"University of California, Davis",United States,1
I82401606,Jubail Industrial College,Saudi Arabia,1
I82889322,Catholic University of Eastern Africa,Kenya,1
I1281592970,Camden and Campbelltown Hospitals,Australia,1
I1281928559,Islamic Development Bank,Saudi Arabia,1
I127174594,Bankura Sammilani Medical College,India,1
I85788879,Peninsula College of Medicine and Dentistry,United Kingdom,1
I861853513,Sapienza University of Rome,Italy,1
I86346663,Royal University of Phnom Penh,Cambodia,1
I896053408,American University of Antigua,Antigua and Barbuda,1
I89652312,Northwest A&F University,China,1
I897542642,University of Plymouth,United Kingdom,1
I898088062,Ghana Communication Technology University,Ghana,1
I898868023,Amref Health Africa,Tanzania,1
I1285204247,Cincinnati Children's Hospital Medical Center,United States,1
I1285301757,Rush University Medical Center,United States,1
I1285399213,Oxfam,United Kingdom,1
I1279858714,Center for Economic and Policy Research,United States,1
I1280600231,General Services Administration,United States,1
I1281389954,FIND,Switzerland,1
I86826812,JSS Medical College and Hospital,India,1
I8691672,KPMG (United Kingdom),United Kingdom,1
I122640774,American University in Dubai,United Arab Emirates,1
I1285782058,Rajamangala University of Technology Isan,Thailand,1
I1285815856,National Tuberculosis Institute,India,1
I1286490081,Boston Medical Center,United States,1
I1286858202,Energy and Resources Institute,India,1
I1286959531,United Nations,United States,1
I1283489935,University of Medicine Tirana,Albania,1
I1283521677,Mott MacDonald (United Kingdom),United Kingdom,1
I872922937,University of Health Sciences Antigua,Antigua and Barbuda,1
I874386039,Universidad Nacional de La Plata,Argentina,1
I866667741,"National Law University, Delhi",India,1
I125392429,Tamil University,India,1
I125454184,Tekirdağ Namık Kemal University,Türkiye,1
I121797337,Leiden University,Netherlands,1
I121980950,Utah State University,United States,1
I122411786,California Institute of Technology,United States,1
I113643904,Beni-Suef University,Egypt,1
I111575329,Bharathiar University,India,1
I11193315,Instituto Superior de Contabilidade e Administracao do Porto,Portugal,1
I119896790,Sebelas Maret University,Indonesia,1
I120230055,Poznan University of Medical Sciences,Poland,1
I120238654,Saudi Electronic University,Saudi Arabia,1
I121058860,Dickinson College,United States,1
I121502294,Physical Research Laboratory,India,1
I126533617,Alliant University,United States,1
I126548940,Delaware State University,United States,1
I126596746,Jagiellonian University,Poland,1
I126697797,Manipal College of Medical Sciences,Nepal,1
I126744593,"University of Maryland, Baltimore",United States,1
I12607205,HOGENT University of Applied Sciences and Arts,Belgium,1
I126227178,Fergusson College,India,1
I126307644,University of Iowa,United States,1
I885392262,GITAM University,India,1
I118315836,TERI University,India,1
I11855966,Diponegoro University,Indonesia,1
I116953780,Tongji University,China,1
I11701301,Griffith University,Australia,1
I117331123,Weifang Medical University,China,1
I117381506,Thiruvalluvar University,India,1
I11793825,National Institute of Technology Patna,India,1
I900200035,Sun Chemical (United States),United States,1
I901017165,New York College of Health Professions,United States,1
I890505096,Singer (United States),United States,1
I89095802,Central University of Gujarat,India,1
I891860020,Federal University of Petroleum Resource Effurun,Nigeria,1
I893914191,Ragas Dental College & Hospital,India,1
I894557895,European School of Management and Technology,Germany,1
I885383172,National University of Malaysia,Malaysia,1
I100930933,University College Dublin,Ireland,1
I95793202,Otto-von-Guericke-Universität Magdeburg,Germany,1
I10091056,Kanazawa University,Japan,1
I100532134,Lyon 1 Université,France,1
I10008193,Dharmsinh Desai University,India,1
I99729588,Indian Institute of Technology Bhubaneswar,India,1
I106938459,University of New Brunswick,Canada,1
I102520234,TH Köln - University of Applied Sciences,Germany,1
I94402716,Bernhard Nocht Institute for Tropical Medicine,Germany,1
I94616015,Punjab Technical University,India,1
I94624287,University of Twente,Netherlands,1
I926342451,"TAE Technologies, Inc (United States)",United States,1
I102254642,University of Kirkuk,Iraq,1
I102149020,University of North Carolina at Charlotte,United States,1
I101407740,Chandigarh University,India,1
I101202996,Semmelweis University,Hungary,1
I903300897,Southern States University,United States,1
I90425906,South Asian University,India,1
I94948490,B.S. Abdur Rahman Crescent Institute of Science & Technology,India,1
I95013407,Universidad Pablo de Olavide,Spain,1
I95541853,Hubert Kairuki Memorial University,Tanzania,1
I95634034,Gazi University,Türkiye,1
I94047373,Xinjiang University of Finance and Economics,China,1
I94234084,Indian Institute of Technology Kanpur,India,1
I114546181,Lady Hardinge Medical College,India,1
I112756935,Technische Hochschule Mannheim,Germany,1
I11317958,Seattle Pacific University,United States,1
I90697900,EBS University of Business and Law,Germany,1
I90745801,University of New England,Australia,1
I90752740,Berhampur University,India,1
I901861585,Vanderbilt University Medical Center,United States,1
I902764099,SEGi University,Malaysia,1
I99552915,University of Rajasthan,India,1
I99693012,Kamineni Institute of Dental Sciences,India,1
I98381234,University of Oulu,Finland,1
I98461037,Tecnológico de Monterrey,Mexico,1
I98466806,Pontifícia Universidade Católica de São Paulo,Brazil,1
I97002122,University of the Philippines Open University,Philippines,1
I97188460,Nantes Université,France,1
I4210085939,Menzies School of Health Research,Australia,1
I9353105,Sudan University of Science and Technology,Sudan,1
I9374425,Ottawa University,United States,1
I91894341,Gyan Vihar University,India,1
I920155683,Columbia Asia,India,1
I920293368,PRA Health Sciences,United States,1
I9224756,Northeastern University,China,1
I924572780,Praxis,Estonia,1
I99364266,Academy of Scientific and Innovative Research,India,1
I108526665,Fakir Mohan University,India,1
I109963156,Bidhan Chandra Krishi Viswavidyalaya,India,1
I110079840,University of Hohenheim,Germany,1
I110118728,Pai Chai University,"Korea, Republic of",1
I106980716,Adamawa State University,Nigeria,1
I107145371,United Nations Development Programme,United States,1
I107575416,University of Aleppo,Syria,1
I107640659,South Ural State University,Russian Federation,1
I102664891,W. L. Gore & Associates (Germany),Germany,1
I103004294,National Center for Disease Control,India,1
I103163165,Florida State University,United States,1
I104338594,Inje University,"Korea, Republic of",1
I104941359,Al-Ahliyya Amman University,Jordan,1
I110325482,Eastern Kentucky University,United States,1
I110346614,University of Central Asia,Kyrgyzstan,1
I110620307,Budapest University of Economics and Business,Hungary,1
