work_id,year,period,first_country_known,first_target,corr_country_known,corr_target,international_collaboration,n_author_countries,studied_count
W2043466934,1990,1990-2004,True,True,True,True,True,3,1
W745075344,1990,1990-2004,False,,False,,False,0,1
W2055634000,1990,1990-2004,True,False,True,False,False,1,3
W200475226,1991,1990-2004,True,False,True,False,False,1,1
W2018677459,1991,1990-2004,True,False,True,False,True,4,1
W2151005948,1991,1990-2004,True,True,True,True,False,1,1
W2036970215,1991,1990-2004,False,,False,,False,0,1
W2127163030,1992,1990-2004,True,False,True,False,False,1,1
W2626540684,1992,1990-2004,False,,False,,False,0,1
W85500671,1992,1990-2004,False,,False,,False,0,4
W2124861520,1992,1990-2004,True,True,True,True,False,1,1
W2310219264,1993,1990-2004,False,,False,,False,0,1
W579088790,1993,1990-2004,False,,False,,False,0,2
W2057020415,1993,1990-2004,True,False,True,False,False,1,0
W2013043963,1993,1990-2004,True,True,False,,True,3,1
W2049283524,1993,1990-2004,True,False,False,,False,1,1
W2561693282,1993,1990-2004,False,,False,,False,0,1
W1919277176,1994,1990-2004,False,,False,,False,0,1
W2003617998,1994,1990-2004,True,False,True,False,False,1,1
W1983534520,1994,1990-2004,False,,False,,False,0,1
W2404348724,1994,1990-2004,False,,False,,False,0,1
W1987867263,1995,1990-2004,True,True,True,True,True,2,1
W2007530817,1995,1990-2004,True,True,True,True,False,1,1
W2011499433,1995,1990-2004,True,False,True,False,False,1,0
W2101563564,1995,1990-2004,True,False,True,False,False,1,1
W2127946191,1995,1990-2004,True,False,True,False,False,1,1
W2144065373,1995,1990-2004,True,True,True,True,False,1,1
W2146368075,1995,1990-2004,True,False,False,,True,3,0
W256702556,1995,1990-2004,False,,False,,False,0,1
W2612493416,1995,1990-2004,False,,False,,False,0,11
W169536357,1996,1990-2004,False,,False,,False,0,1
W2132888239,1996,1990-2004,True,False,True,False,True,2,1
W2278829053,1996,1990-2004,False,,False,,False,0,1
W43952473,1996,1990-2004,False,,False,,False,0,1
W2058503647,1996,1990-2004,False,,False,,False,0,0
W2075512291,1996,1990-2004,True,False,False,,True,2,3
W2020020689,1997,1990-2004,True,True,False,,False,1,1
W2117890106,1997,1990-2004,False,,False,,False,0,3
W2281659137,1997,1990-2004,False,,False,,False,0,1
W79318601,1997,1990-2004,False,,False,,False,0,1
W2279552229,1997,1990-2004,False,,False,,False,0,1
W1482736019,1997,1990-2004,True,False,True,False,False,1,0
W1980550721,1997,1990-2004,True,False,True,False,False,1,1
W2029876478,1997,1990-2004,True,False,True,False,False,1,1
W2106497068,1997,1990-2004,False,,False,,False,0,2
W4234375633,1997,1990-2004,False,,False,,False,0,2
W2064136304,1997,1990-2004,True,True,True,True,False,1,1
W174245863,1998,1990-2004,False,,False,,False,0,1
W1983279913,1998,1990-2004,True,True,True,True,False,1,1
W2122359107,1998,1990-2004,True,True,True,True,False,1,1
W2123958777,1998,1990-2004,True,False,True,False,True,2,1
W2188345573,1998,1990-2004,False,,False,,False,0,1
W2339286191,1998,1990-2004,False,,False,,False,0,1
W4384468893,1998,1990-2004,False,,False,,False,0,1
W579114231,1998,1990-2004,False,,False,,False,0,1
W2073582208,1998,1990-2004,True,True,True,True,False,1,1
W2025348785,1998,1990-2004,True,False,True,False,True,2,1
W4251409784,1998,1990-2004,False,,False,,False,0,1
W4400644094,1998,1990-2004,False,,False,,False,0,1
W4415340201,1998,1990-2004,False,,False,,False,0,1
W2074249363,1998,1990-2004,True,False,True,False,True,2,1
W2957454557,1998,1990-2004,False,,False,,False,0,1
W4400747866,1998,1990-2004,False,,False,,False,0,1
W2004804433,1999,1990-2004,True,True,False,,False,1,1
W2009520889,1999,1990-2004,True,False,True,False,False,1,2
W2030727212,1999,1990-2004,True,False,True,False,False,1,1
W2135376674,1999,1990-2004,True,True,True,True,False,1,1
W59484016,1999,1990-2004,True,False,False,,False,1,1
W262973049,1999,1990-2004,False,,False,,False,0,1
W2100491888,1999,1990-2004,True,False,True,False,True,3,1
W4237648872,1999,1990-2004,True,False,True,False,True,3,1
W2029584168,1999,1990-2004,True,True,True,True,False,1,1
W2023541089,2000,1990-2004,True,False,True,False,False,1,0
W2186752675,2000,1990-2004,False,,False,,False,0,1
W4302008934,2000,1990-2004,False,,False,,False,0,1
W4399243160,2000,1990-2004,False,,False,,False,0,1
W825452959,2000,1990-2004,False,,False,,False,0,1
W2123721762,2000,1990-2004,True,False,True,False,False,1,1
W2297684678,2000,1990-2004,False,,False,,False,0,1
W2003738442,2000,1990-2004,True,True,True,True,False,1,1
W7128372427,2000,1990-2004,True,True,True,True,False,1,1
W7128400596,2000,1990-2004,True,True,True,True,False,1,1
W1565410334,2000,1990-2004,True,False,False,,False,1,1
W2594517637,2000,1990-2004,False,,False,,False,0,1
W7128357378,2000,1990-2004,True,False,False,,False,1,1
W7128401698,2000,1990-2004,True,False,False,,False,1,1
W7130694389,2000,1990-2004,True,True,True,True,False,1,2
W7130701805,2000,1990-2004,True,True,True,True,False,1,2
W1718246099,2000,1990-2004,False,,False,,False,0,1
W2075716287,2000,1990-2004,True,False,True,False,False,1,1
W2171114506,2000,1990-2004,True,False,False,,False,1,1
W7128356388,2000,1990-2004,True,False,False,,True,2,1
W7128369058,2000,1990-2004,True,False,False,,True,2,1
W7130690463,2000,1990-2004,True,True,False,,True,2,1
W7130703867,2000,1990-2004,True,True,False,,True,2,1
W2088180457,2000,1990-2004,True,False,True,False,False,1,2
W2396611401,2000,1990-2004,True,True,False,,False,1,1
W1561191985,2001,1990-2004,False,,False,,False,0,1
W2096900823,2001,1990-2004,True,False,True,False,False,1,1
W2171274229,2001,1990-2004,True,False,False,,True,3,1
W2977345952,2001,1990-2004,False,,False,,False,0,1
W43799960,2001,1990-2004,False,,False,,False,0,1
W981788629,2001,1990-2004,False,,False,,False,0,1
W7128306233,2001,1990-2004,True,True,False,,False,1,1
W7128308272,2001,1990-2004,True,True,False,,False,1,1
W12995869,2001,1990-2004,True,True,False,,False,1,1
W2093531875,2001,1990-2004,False,,False,,False,0,4
W1982830265,2001,1990-2004,True,False,True,False,False,1,1
W4213206683,2001,1990-2004,False,,False,,False,0,1
W2036248797,2001,1990-2004,False,,False,,False,0,1
W2317695915,2001,1990-2004,True,False,True,False,False,1,0
W2115827027,2001,1990-2004,True,True,True,True,True,4,1
W2155328308,2001,1990-2004,True,True,True,True,False,1,1
W7131097549,2001,1990-2004,True,True,False,,True,2,1
W7131107615,2001,1990-2004,True,True,False,,True,2,1
W2124172110,2001,1990-2004,True,False,True,False,False,1,1
W2069529770,2001,1990-2004,True,True,True,True,False,1,1
W2083010201,2001,1990-2004,True,True,True,True,False,1,1
W1526079862,2002,1990-2004,False,,False,,False,0,2
W1551086479,2002,1990-2004,False,,False,,False,0,1
W2096969338,2002,1990-2004,True,False,True,False,False,1,1
W2098225443,2002,1990-2004,True,True,False,,False,1,1
W2255215246,2002,1990-2004,False,,False,,False,0,1
W2405627894,2002,1990-2004,True,True,False,,True,2,1
W2626081743,2002,1990-2004,False,,False,,False,0,1
W2753551881,2002,1990-2004,False,,False,,False,0,1
W3140321450,2002,1990-2004,False,,False,,False,0,1
W7131091553,2002,1990-2004,True,True,False,,False,1,1
W7131126326,2002,1990-2004,True,True,False,,False,1,1
W2018331508,2002,1990-2004,True,True,True,True,True,2,1
W2061505836,2002,1990-2004,True,False,False,,True,3,1
W2139088999,2002,1990-2004,True,False,True,False,False,1,0
W1987680890,2002,1990-2004,True,True,False,,False,1,1
W7131242066,2002,1990-2004,True,True,False,,True,2,1
W7131249349,2002,1990-2004,True,True,False,,True,2,1
W1147947042,2002,1990-2004,False,,False,,False,0,1
W2154889135,2002,1990-2004,True,False,True,False,False,1,1
W2170262181,2002,1990-2004,True,False,True,False,False,1,1
W2054010214,2002,1990-2004,True,True,True,True,False,1,1
W2080953408,2002,1990-2004,True,False,True,False,False,1,1
W2159243235,2002,1990-2004,True,True,True,True,False,1,1
W7134807586,2002,1990-2004,True,False,False,,True,3,1
W7134813687,2002,1990-2004,True,False,False,,True,3,1
W1964218604,2003,1990-2004,False,,False,,False,0,1
W2021831132,2003,1990-2004,True,True,True,True,False,1,1
W2097367275,2003,1990-2004,True,False,True,False,False,1,1
W2396647745,2003,1990-2004,False,,False,,False,0,0
W4399242733,2003,1990-2004,False,,False,,False,0,1
W7131409279,2003,1990-2004,True,True,False,,False,1,1
W7131432048,2003,1990-2004,True,True,False,,False,1,1
W1527449740,2003,1990-2004,True,True,True,True,False,1,1
W2117806352,2003,1990-2004,True,False,True,False,False,1,1
W2159763303,2003,1990-2004,False,,False,,False,0,4
W401625219,2003,1990-2004,False,,False,,False,0,4
W1986502480,2003,1990-2004,False,,False,,False,0,1
W2052813448,2003,1990-2004,True,False,True,False,False,1,1
W7131247946,2003,1990-2004,True,True,False,,False,1,1
W7131309110,2003,1990-2004,True,True,False,,False,1,1
W7131275855,2003,1990-2004,True,True,True,True,False,1,1
W7131302552,2003,1990-2004,True,True,True,True,False,1,1
W2064092222,2003,1990-2004,True,False,True,False,True,2,1
W2064188751,2003,1990-2004,True,True,True,True,True,2,0
W2151482750,2003,1990-2004,True,False,True,False,False,1,1
W1995361834,2003,1990-2004,True,False,True,False,True,2,0
W2130792261,2003,1990-2004,False,,False,,False,0,0
W2166174302,2003,1990-2004,True,False,True,False,False,1,0
W2416821716,2003,1990-2004,False,,False,,False,0,0
W1978636458,2003,1990-2004,True,True,True,True,False,1,0
W2139402916,2003,1990-2004,True,False,False,,False,1,1
W1976089603,2003,1990-2004,True,False,True,False,False,1,1
W2036460252,2003,1990-2004,True,False,True,False,False,1,1
W3013748429,2003,1990-2004,False,,False,,False,0,1
W2149003731,2003,1990-2004,True,True,True,True,False,1,1
W1503758158,2004,1990-2004,False,,False,,False,0,1
W1518619307,2004,1990-2004,False,,False,,False,0,1
W1974617460,2004,1990-2004,True,True,True,True,True,2,1
W2056284807,2004,1990-2004,True,True,True,True,False,1,1
W2119255184,2004,1990-2004,True,True,True,True,False,1,1
W217916963,2004,1990-2004,False,,False,,False,0,1
W2242137476,2004,1990-2004,False,,False,,False,0,2
W2287171832,2004,1990-2004,False,,False,,False,0,1
W2418339349,2004,1990-2004,False,,False,,False,0,1
W2520441209,2004,1990-2004,False,,False,,False,0,1
W2551503114,2004,1990-2004,False,,False,,False,0,1
W2738549349,2004,1990-2004,False,,False,,False,0,1
W2785749246,2004,1990-2004,False,,False,,False,0,1
W2805671332,2004,1990-2004,False,,False,,False,0,2
W2915141268,2004,1990-2004,False,,False,,False,0,1
W3201145119,2004,1990-2004,False,,False,,False,0,1
W7199457211,2004,1990-2004,False,,False,,False,0,1
W2016834351,2004,1990-2004,True,False,True,False,False,1,1
W1974833527,2004,1990-2004,True,False,True,False,True,4,0
W2045435898,2004,1990-2004,True,False,True,False,True,3,1
W2113109834,2004,1990-2004,True,False,True,False,False,1,1
W7131651194,2004,1990-2004,False,,False,,False,1,1
W7131678864,2004,1990-2004,False,,False,,False,1,1
W2160101293,2004,1990-2004,True,False,False,,True,2,1
W2482991958,2004,1990-2004,False,,False,,False,0,2
W7131624117,2004,1990-2004,True,True,False,,False,1,1
W7131644032,2004,1990-2004,True,True,False,,False,1,1
W2084498671,2004,1990-2004,True,False,True,False,True,2,1
W2088997733,2004,1990-2004,True,True,True,True,True,2,1
W2093394727,2004,1990-2004,True,False,True,False,False,1,0
W2011803017,2004,1990-2004,True,True,False,,False,1,1
W2141505973,2004,1990-2004,True,False,True,False,True,2,1
W7131623718,2004,1990-2004,True,True,True,True,True,2,1
W7131658718,2004,1990-2004,True,True,True,True,True,2,1
W7131833526,2004,1990-2004,True,True,False,,True,3,1
W7131870455,2004,1990-2004,True,True,False,,True,3,1
W1973682484,2004,1990-2004,True,True,False,,False,1,1
W2068556673,2004,1990-2004,True,True,False,,False,1,1
W2115011764,2004,1990-2004,True,False,True,False,False,1,0
W2146328835,2004,1990-2004,True,True,True,True,False,1,1
W7131625836,2004,1990-2004,True,True,False,,False,1,1
W7131681406,2004,1990-2004,True,True,False,,False,1,1
W2088277493,2004,1990-2004,True,False,True,False,False,1,7
W7131824097,2004,1990-2004,True,True,True,True,False,1,1
W7131891664,2004,1990-2004,True,True,True,True,False,1,1
W2137004111,2004,1990-2004,True,False,True,False,True,2,0
W278540085,2004,1990-2004,False,,False,,False,0,1
W7131846791,2004,1990-2004,True,True,False,,False,1,1
W7131860120,2004,1990-2004,True,True,False,,False,1,1
W1982236033,2004,1990-2004,True,False,True,False,True,2,1
W1850383037,2004,1990-2004,False,,False,,False,0,1
W2753665610,2004,1990-2004,False,,False,,False,0,1
W1516968758,2005,2005-2010,False,,False,,False,0,1
W2065882396,2005,2005-2010,True,False,True,False,False,1,1
W2228082570,2005,2005-2010,False,,False,,False,0,1
W2233328515,2005,2005-2010,False,,False,,False,0,1
W2276732711,2005,2005-2010,False,,False,,False,0,1
W2581266071,2005,2005-2010,False,,False,,False,0,1
W2624107331,2005,2005-2010,False,,False,,False,0,1
W2626698004,2005,2005-2010,False,,False,,False,0,3
W2738066317,2005,2005-2010,False,,False,,False,0,1
W1984965363,2005,2005-2010,True,False,True,False,False,1,1
W2055109873,2005,2005-2010,True,False,True,False,True,3,0
W2125553998,2005,2005-2010,True,False,False,,False,1,2
W4213361616,2005,2005-2010,True,False,True,False,True,2,0
W1992231976,2005,2005-2010,True,True,False,,False,1,1
W2037131397,2005,2005-2010,True,True,True,True,False,1,1
W3124915523,2005,2005-2010,False,,False,,False,0,1
W2015387837,2005,2005-2010,True,True,True,True,False,1,1
W3004027619,2005,2005-2010,False,,False,,False,0,0
W2050468852,2005,2005-2010,True,True,True,True,True,2,1
W2046606328,2005,2005-2010,False,,False,,False,0,1
W7133123382,2005,2005-2010,True,True,False,,False,1,1
W7133136199,2005,2005-2010,True,True,False,,False,1,1
W7132818935,2005,2005-2010,True,True,False,,False,1,1
W7132850320,2005,2005-2010,True,True,False,,False,1,1
W2144978826,2005,2005-2010,True,True,True,False,True,2,1
W2409304250,2005,2005-2010,True,True,False,,True,2,1
W1976408195,2005,2005-2010,False,,False,,False,0,1
W7132824097,2005,2005-2010,False,,False,,False,1,1
W7132836817,2005,2005-2010,False,,False,,False,1,1
W7131863264,2005,2005-2010,True,True,False,,False,1,1
W7131871883,2005,2005-2010,True,True,False,,False,1,1
W2058806358,2005,2005-2010,True,False,True,False,True,2,1
W1014991778,2005,2005-2010,False,,False,,False,0,1
W2060347839,2005,2005-2010,True,False,True,False,False,1,1
W2031976398,2005,2005-2010,True,True,True,True,True,3,1
W2029108737,2005,2005-2010,True,False,True,False,True,2,1
W1957699273,2005,2005-2010,True,True,True,True,True,3,1
W2013955600,2005,2005-2010,True,True,False,,True,3,0
W2019013274,2005,2005-2010,True,False,True,False,True,2,0
W2014191769,2005,2005-2010,False,,False,,False,0,1
W2162134907,2005,2005-2010,True,True,True,True,True,3,1
W2135263195,2005,2005-2010,True,True,True,True,True,5,1
W4396588492,2005,2005-2010,True,False,True,False,False,1,1
W7131831438,2005,2005-2010,True,True,False,,False,1,1
W7131844740,2005,2005-2010,True,True,False,,False,1,1
W16420272,2006,2005-2010,False,,False,,False,0,1
W2087983276,2006,2005-2010,True,False,True,True,True,7,0
W2186385265,2006,2005-2010,False,,False,,False,0,1
W2348281363,2006,2005-2010,True,False,True,False,False,1,1
W2565792105,2006,2005-2010,False,,False,,False,0,2
W3010147706,2006,2005-2010,False,,False,,False,0,1
W1986820232,2006,2005-2010,True,False,True,False,False,1,0
W2063453297,2006,2005-2010,True,True,False,,True,3,1
W7133196010,2006,2005-2010,True,True,False,,False,1,1
W7133217083,2006,2005-2010,True,True,False,,False,1,1
W2024508784,2006,2005-2010,True,True,True,True,False,1,1
W2027246844,2006,2005-2010,False,,False,,False,0,1
W2075551326,2006,2005-2010,True,False,True,False,True,4,0
W2018165022,2006,2005-2010,True,False,True,False,False,1,1
W2022963726,2006,2005-2010,True,False,True,False,True,2,1
W2095000104,2006,2005-2010,True,False,True,False,False,1,0
W1558805672,2006,2005-2010,True,False,True,False,False,1,1
W3171416639,2006,2005-2010,True,False,True,False,False,1,1
W2017924912,2006,2005-2010,True,True,True,True,False,1,1
W7133199547,2006,2005-2010,True,True,True,True,False,1,1
W7133216224,2006,2005-2010,True,True,True,True,False,1,1
W2141233142,2006,2005-2010,True,True,False,,False,1,1
W2046299851,2006,2005-2010,True,True,True,True,False,1,1
W2144685409,2006,2005-2010,True,False,False,,True,3,1
W3185885307,2006,2005-2010,True,False,False,,True,2,1
W3125999747,2006,2005-2010,False,,False,,False,0,0
W1976737856,2006,2005-2010,True,False,False,,False,1,0
W7133211013,2006,2005-2010,True,False,False,,True,2,1
W7133235192,2006,2005-2010,True,False,False,,True,2,1
W2129427091,2006,2005-2010,True,False,False,,False,1,1
W2149691825,2006,2005-2010,True,False,True,False,True,3,1
W2975002061,2006,2005-2010,False,,False,,False,0,1
W2104615087,2006,2005-2010,True,False,True,False,True,3,2
W2418806815,2006,2005-2010,True,True,True,True,False,1,1
W3122274823,2006,2005-2010,True,False,True,False,True,6,1
W2168497665,2006,2005-2010,True,False,False,,True,2,1
W2009996099,2006,2005-2010,True,False,True,False,True,4,1
W1782005721,2007,2005-2010,False,,False,,False,0,1
W1964348349,2007,2005-2010,True,False,False,,True,2,1
W2017127235,2007,2005-2010,True,False,True,False,True,2,0
W2184457845,2007,2005-2010,False,,False,,False,0,2
W2294868541,2007,2005-2010,True,False,False,,True,3,1
W2787026461,2007,2005-2010,False,,False,,False,0,1
W2888570404,2007,2005-2010,False,,False,,False,0,1
W4321635223,2007,2005-2010,False,,False,,False,0,1
W611904926,2007,2005-2010,False,,False,,False,0,1
W634210394,2007,2005-2010,False,,False,,False,0,1
W6966798914,2007,2005-2010,False,,False,,False,0,0
W7116065055,2007,2005-2010,False,,False,,False,0,1
W2063845273,2007,2005-2010,True,True,False,,False,1,1
W2745158619,2007,2005-2010,True,False,False,,False,1,1
W2158737809,2007,2005-2010,True,False,False,,False,1,1
W1978762554,2007,2005-2010,False,,False,,False,0,1
W2153621997,2007,2005-2010,True,True,True,True,True,2,1
W767269083,2007,2005-2010,True,False,False,,False,1,1
W2106664903,2007,2005-2010,True,True,True,True,True,3,1
W2131256423,2007,2005-2010,True,False,False,,True,2,1
W1968761924,2007,2005-2010,False,,False,,False,0,0
W2157330284,2007,2005-2010,True,False,True,False,False,1,0
W1930012473,2007,2005-2010,True,True,True,True,False,1,1
W7133315140,2007,2005-2010,True,True,False,,True,2,1
W7133360235,2007,2005-2010,True,True,False,,True,2,1
W2129103815,2007,2005-2010,True,False,True,False,True,3,1
W2536359454,2007,2005-2010,False,,False,,False,0,4
W7133321653,2007,2005-2010,True,True,False,,False,1,1
W7133340753,2007,2005-2010,True,True,False,,False,1,1
W2081911259,2007,2005-2010,True,False,True,False,False,1,1
W1985188225,2007,2005-2010,True,False,True,False,True,2,1
W117691792,2007,2005-2010,False,,False,,True,2,1
W216853604,2007,2005-2010,False,,False,,False,0,1
W2292071879,2007,2005-2010,True,True,False,,True,3,1
W2936613884,2007,2005-2010,True,True,True,True,False,1,1
W58347042,2007,2005-2010,True,True,False,,False,1,1
W2047901916,2007,2005-2010,True,True,True,False,True,2,1
W201708200,2007,2005-2010,True,False,False,,True,2,1
W2139639454,2007,2005-2010,True,False,False,,False,1,1
W2337732241,2007,2005-2010,True,True,False,,True,2,1
W1972086559,2007,2005-2010,True,True,True,False,True,3,1
W2075449345,2007,2005-2010,True,False,True,False,True,2,1
W7128304810,2007,2005-2010,True,True,False,,False,1,1
W7128310767,2007,2005-2010,True,True,False,,False,1,1
W1984157398,2007,2005-2010,True,True,True,True,True,2,1
W2158301499,2007,2005-2010,True,False,True,False,False,1,0
W2168902876,2007,2005-2010,True,True,True,True,True,6,1
W643840108,2007,2005-2010,False,,False,,False,0,1
W2277109011,2007,2005-2010,False,,False,,False,0,1
W835533863,2007,2005-2010,False,,False,,False,0,1
W2029975719,2007,2005-2010,True,False,False,,False,1,1
W3122433576,2007,2005-2010,True,False,True,False,False,1,1
W2093161076,2007,2005-2010,False,,False,,False,0,1
W1929141563,2007,2005-2010,True,True,True,False,True,2,1
W7133309182,2007,2005-2010,True,True,False,,False,1,1
W7133349843,2007,2005-2010,True,True,False,,False,1,1
W2161933266,2007,2005-2010,True,True,True,True,False,1,1
W7133504260,2007,2005-2010,True,True,False,,True,2,1
W7133519406,2007,2005-2010,True,True,False,,True,2,1
W2013370437,2007,2005-2010,True,True,True,True,True,4,1
W2528237813,2007,2005-2010,True,True,False,,True,2,1
W2622970365,2007,2005-2010,False,,False,,False,0,1
W152371,2008,2005-2010,False,,False,,False,0,1
W1577940492,2008,2005-2010,False,,False,,False,0,1
W1964610875,2008,2005-2010,False,,False,,False,0,1
W1981389471,2008,2005-2010,True,False,True,False,True,2,1
W2040077123,2008,2005-2010,True,False,True,False,False,1,3
W2141718762,2008,2005-2010,True,False,False,,False,1,1
W2158358215,2008,2005-2010,False,,False,,False,0,1
W2171863813,2008,2005-2010,True,True,True,True,False,1,1
W2185924709,2008,2005-2010,False,,False,,False,0,1
W2189326394,2008,2005-2010,False,,False,,False,0,3
W2263675135,2008,2005-2010,False,,False,,False,0,1
W2274310933,2008,2005-2010,False,,False,,False,0,1
W2353730090,2008,2005-2010,True,False,True,False,False,1,0
W2550966059,2008,2005-2010,False,,False,,False,0,1
W2556908596,2008,2005-2010,False,,False,,False,0,1
W2625491258,2008,2005-2010,False,,False,,False,0,4
W78478898,2008,2005-2010,False,,False,,False,0,1
W811236792,2008,2005-2010,False,,False,,False,0,1
W7133529922,2008,2005-2010,True,True,False,,True,3,1
W7133542920,2008,2005-2010,True,True,False,,True,3,1
W2141836141,2008,2005-2010,True,False,True,False,False,1,1
W1576853008,2008,2005-2010,True,True,True,False,True,2,3
W1971028749,2008,2005-2010,True,False,False,,False,1,0
W2004745343,2008,2005-2010,True,True,True,True,True,2,1
W2082262203,2008,2005-2010,True,True,True,True,False,1,2
W2300769307,2008,2005-2010,False,,False,,False,0,1
W1849673240,2008,2005-2010,True,False,False,,True,3,1
W2091955131,2008,2005-2010,False,,False,,False,0,2
W2113461266,2008,2005-2010,True,False,True,False,True,2,1
W1995026540,2008,2005-2010,True,False,True,False,False,1,0
W2081142866,2008,2005-2010,True,True,True,True,False,1,1
W2566145704,2008,2005-2010,False,,False,,False,0,1
W2297197934,2008,2005-2010,True,False,False,,False,1,0
W7133707086,2008,2005-2010,True,True,True,True,False,1,2
W7133883593,2008,2005-2010,True,True,True,True,False,1,2
W2038921220,2008,2005-2010,True,True,True,True,True,2,1
W2097898435,2008,2005-2010,True,True,False,,False,1,1
W2060761733,2008,2005-2010,True,True,True,True,True,3,1
W2112265786,2008,2005-2010,True,False,True,False,False,1,1
W7133492457,2008,2005-2010,True,True,True,True,False,1,2
W7133535567,2008,2005-2010,True,True,True,True,False,1,2
W7133596317,2008,2005-2010,True,True,False,,False,1,1
W7133717605,2008,2005-2010,True,True,False,,False,1,1
W2292704311,2008,2005-2010,False,,False,,True,2,1
W2037756818,2008,2005-2010,True,False,False,,True,2,1
W2053578727,2008,2005-2010,True,False,True,False,False,1,1
W2109496744,2008,2005-2010,True,False,False,,True,2,1
W2137137984,2008,2005-2010,True,True,False,,False,1,1
W2682099009,2008,2005-2010,False,,False,,False,0,1
W81300498,2008,2005-2010,True,True,True,True,False,1,1
W7133671830,2008,2005-2010,True,True,False,,False,1,1
W7133959631,2008,2005-2010,True,True,False,,False,1,1
W2084459675,2008,2005-2010,True,False,True,False,True,2,3
W2531614394,2008,2005-2010,True,False,False,,False,1,1
W7133488767,2008,2005-2010,True,True,False,,False,1,1
W7133549393,2008,2005-2010,True,True,False,,False,1,1
W2164656681,2008,2005-2010,True,False,True,False,False,1,1
W2042853072,2008,2005-2010,True,False,True,False,False,1,0
W1411504076,2008,2005-2010,False,,False,,False,0,1
W7133653622,2008,2005-2010,True,False,True,False,False,1,1
W7133782100,2008,2005-2010,True,False,True,False,False,1,1
W2161339587,2008,2005-2010,True,False,True,False,True,2,2
W1970933339,2008,2005-2010,False,,False,,False,0,1
W2044203638,2008,2005-2010,True,False,True,False,False,1,3
W2113270076,2008,2005-2010,True,False,True,False,False,1,0
W2614488324,2008,2005-2010,False,,False,,False,0,0
W2170598542,2008,2005-2010,True,False,True,False,False,1,1
W7133607123,2008,2005-2010,True,True,False,,False,1,1
W7133910107,2008,2005-2010,True,True,False,,False,1,1
W2101045591,2008,2005-2010,True,False,True,False,True,2,1
W2012190861,2008,2005-2010,True,False,True,False,True,3,1
W1993699110,2008,2005-2010,True,False,True,False,False,1,1
W1588628247,2009,2005-2010,True,False,False,,False,1,1
W2059376866,2009,2005-2010,True,True,True,True,True,2,1
W2150182604,2009,2005-2010,True,False,False,,False,1,0
W2170746509,2009,2005-2010,False,,False,,False,0,1
W2366801289,2009,2005-2010,True,False,True,False,False,1,0
W2470368371,2009,2005-2010,True,False,True,False,False,1,0
W2477408153,2009,2005-2010,False,,False,,False,0,1
W2565472073,2009,2005-2010,False,,False,,False,0,1
W2576098151,2009,2005-2010,False,,False,,False,0,1
W2776851780,2009,2005-2010,False,,False,,False,0,1
W2950330156,2009,2005-2010,False,,False,,False,0,1
W2993636376,2009,2005-2010,False,,False,,False,0,1
W3157172520,2009,2005-2010,False,,False,,False,0,1
W3189896696,2009,2005-2010,False,,False,,False,0,1
W40160677,2009,2005-2010,False,,False,,False,0,1
W40574678,2009,2005-2010,False,,False,,False,0,1
W4252832899,2009,2005-2010,False,,False,,False,0,1
W1977874966,2009,2005-2010,True,True,True,True,False,1,1
W2096790511,2009,2005-2010,True,True,True,True,True,2,1
W4390856915,2009,2005-2010,False,,False,,False,0,1
W2006348277,2009,2005-2010,False,,False,,False,0,1
W1971611286,2009,2005-2010,True,False,False,,True,2,1
W2114837773,2009,2005-2010,True,True,False,,False,1,1
W2090279254,2009,2005-2010,True,True,True,True,True,2,1
W2006767515,2009,2005-2010,True,False,True,False,False,1,1
W2031570565,2009,2005-2010,True,True,True,True,False,1,1
W2118541429,2009,2005-2010,True,True,True,True,True,5,3
W2041565281,2009,2005-2010,True,True,True,True,False,1,1
W2061514863,2009,2005-2010,True,False,True,False,False,1,0
W1981075066,2009,2005-2010,True,False,True,False,False,1,1
W2012586735,2009,2005-2010,True,False,False,,False,1,0
W2010634437,2009,2005-2010,True,True,True,True,True,2,3
W2527925316,2009,2005-2010,True,True,False,,True,2,1
W2062393093,2009,2005-2010,True,False,True,False,True,3,1
W2100997311,2009,2005-2010,True,True,False,,True,3,1
W2051345813,2009,2005-2010,True,False,True,False,False,1,1
W2755355810,2009,2005-2010,True,True,False,,False,1,1
W185164454,2009,2005-2010,True,True,False,,False,1,1
W2052312336,2009,2005-2010,True,False,False,,False,1,0
W2095731774,2009,2005-2010,True,True,False,,False,1,1
W2615367946,2009,2005-2010,False,,False,,False,0,1
W2624606582,2009,2005-2010,True,True,True,True,False,1,1
W7134133191,2009,2005-2010,True,False,False,,False,1,1
W7134139472,2009,2005-2010,True,False,False,,False,1,1
W2079694953,2009,2005-2010,False,,False,,False,0,1
W7132888447,2009,2005-2010,True,True,False,,True,2,1
W2116109518,2009,2005-2010,True,True,True,True,False,1,0
W4232119637,2009,2005-2010,False,,False,,False,0,1
W2152308396,2009,2005-2010,False,,False,,False,1,1
W2006696925,2009,2005-2010,True,False,True,False,True,2,1
W3122773638,2009,2005-2010,False,,False,,False,0,1
W1552480616,2009,2005-2010,True,False,True,False,True,3,1
W2104266780,2009,2005-2010,True,True,False,,False,1,0
W2067525088,2009,2005-2010,True,False,True,False,False,1,1
W2039554553,2009,2005-2010,True,False,True,False,False,1,0
W145363593,2009,2005-2010,False,,False,,False,0,1
W132191057,2009,2005-2010,True,True,True,True,False,1,1
W1520674914,2009,2005-2010,True,True,False,,False,1,1
W2145774132,2009,2005-2010,True,True,False,,False,1,1
W2054382611,2009,2005-2010,True,True,True,True,True,2,1
W2125857025,2009,2005-2010,True,True,True,True,True,3,1
W1979559150,2009,2005-2010,True,False,False,,False,1,1
W2100913762,2009,2005-2010,True,False,True,False,True,3,1
W2144033209,2009,2005-2010,True,True,True,True,True,2,1
W1989980427,2009,2005-2010,True,False,False,,True,2,1
W2327615008,2009,2005-2010,False,,False,,False,0,1
W3124089137,2009,2005-2010,True,False,False,,False,1,1
W245217469,2009,2005-2010,False,,False,,False,0,1
W2188925393,2009,2005-2010,False,,False,,False,0,1
W2625146816,2009,2005-2010,False,,False,,False,0,1
W2990503763,2009,2005-2010,False,,False,,False,0,1
W7133031091,2009,2005-2010,True,False,True,False,False,1,1
W2272358152,2009,2005-2010,False,,False,,False,0,1
W2149951967,2009,2005-2010,False,,False,,False,0,1
W2171473158,2009,2005-2010,False,,False,,True,2,0
W4300056453,2009,2005-2010,False,,False,,False,0,1
W2116853898,2009,2005-2010,True,True,True,False,True,2,1
W2144065913,2009,2005-2010,True,False,False,,True,2,1
W142225735,2010,2005-2010,False,,False,,False,0,1
W1505484790,2010,2005-2010,False,,False,,False,0,2
W1750441230,2010,2005-2010,False,,False,,False,0,1
W187265402,2010,2005-2010,False,,False,,False,0,1
W2034831427,2010,2005-2010,True,True,False,,False,1,1
W2101516828,2010,2005-2010,True,False,True,False,False,1,1
W2139153837,2010,2005-2010,True,True,True,True,False,1,1
W2146516674,2010,2005-2010,True,True,True,True,False,1,1
W2183456766,2010,2005-2010,False,,False,,False,0,4
W2186552322,2010,2005-2010,False,,False,,False,0,1
W2259502146,2010,2005-2010,False,,False,,False,0,1
W2279881007,2010,2005-2010,False,,False,,False,0,1
W2387564163,2010,2005-2010,False,,False,,False,0,1
W2469631362,2010,2005-2010,False,,False,,False,0,1
W2492843648,2010,2005-2010,False,,False,,False,0,1
W2586603111,2010,2005-2010,False,,False,,False,0,1
W2888712159,2010,2005-2010,False,,False,,False,0,1
W3094627331,2010,2005-2010,False,,False,,False,0,1
W3191574219,2010,2005-2010,False,,False,,False,0,1
W402260577,2010,2005-2010,False,,False,,False,0,3
W575194416,2010,2005-2010,False,,False,,False,0,1
W63832091,2010,2005-2010,False,,False,,False,0,1
W7153704436,2010,2005-2010,False,,False,,False,0,1
W762685374,2010,2005-2010,False,,False,,False,0,1
W2100376153,2010,2005-2010,True,False,True,False,False,1,1
W1982310692,2010,2005-2010,True,False,True,False,False,1,1
W2025521903,2010,2005-2010,True,False,False,,True,2,1
W3125419750,2010,2005-2010,False,,False,,False,0,1
W2126437652,2010,2005-2010,True,True,True,True,True,2,1
W2038438259,2010,2005-2010,True,False,False,,False,1,1
W2413701092,2010,2005-2010,True,True,False,,False,1,1
W1964612970,2010,2005-2010,False,,False,,False,0,1
W2128938742,2010,2005-2010,True,True,True,True,True,2,1
W2128833673,2010,2005-2010,True,True,True,True,False,1,1
W2154986790,2010,2005-2010,True,True,True,True,True,2,1
W1749356336,2010,2005-2010,False,,False,,False,0,1
W1822583513,2010,2005-2010,False,,False,,False,0,1
W2335692467,2010,2005-2010,True,True,False,,True,2,1
W7134184357,2010,2005-2010,True,True,False,,False,1,1
W7134190921,2010,2005-2010,True,True,False,,False,1,1
W2123346002,2010,2005-2010,True,False,True,False,False,1,1
W2103230603,2010,2005-2010,True,False,True,False,False,1,1
W2190328026,2010,2005-2010,False,,False,,False,0,1
W3217558292,2010,2005-2010,False,,False,,False,0,1
W1975773969,2010,2005-2010,True,True,True,False,True,2,4
W1503271126,2010,2005-2010,True,True,True,True,False,1,1
W1995889995,2010,2005-2010,True,True,True,True,True,2,1
W2009049397,2010,2005-2010,True,False,True,False,False,1,1
W2137305855,2010,2005-2010,True,True,False,,True,3,1
W7134162878,2010,2005-2010,True,True,False,,False,1,1
W7134167472,2010,2005-2010,True,True,False,,False,1,1
W2003000165,2010,2005-2010,True,True,True,True,True,2,1
W1868451784,2010,2005-2010,False,,False,,False,0,1
W2115588244,2010,2005-2010,True,False,True,False,False,1,1
W1528641501,2010,2005-2010,True,True,False,,False,1,1
W242212872,2010,2005-2010,False,,False,,False,0,1
W2031161394,2010,2005-2010,True,False,True,False,True,2,1
W7134109795,2010,2005-2010,True,True,False,,False,1,1
W7134112307,2010,2005-2010,True,True,False,,False,1,1
W1967630153,2010,2005-2010,False,,False,,False,0,1
W1981481198,2010,2005-2010,True,True,False,,False,1,1
W2036943691,2010,2005-2010,False,,False,,False,0,1
W2321317163,2010,2005-2010,True,True,True,True,False,1,1
W7134177745,2010,2005-2010,True,True,False,,True,2,1
W7134187393,2010,2005-2010,True,True,False,,True,2,1
W2119546174,2010,2005-2010,True,False,True,False,False,1,5
W1512697571,2010,2005-2010,True,True,False,,False,1,1
W1976615849,2010,2005-2010,True,True,True,True,True,3,1
W2153025271,2010,2005-2010,True,False,True,False,True,3,1
W2278935438,2010,2005-2010,False,,False,,False,0,2
W2103168267,2010,2005-2010,True,True,False,,True,2,1
W637203743,2010,2005-2010,False,,False,,False,0,1
W2136588091,2010,2005-2010,False,,False,,False,0,1
W1978731156,2010,2005-2010,True,False,True,False,False,1,1
W2088279196,2010,2005-2010,True,False,True,False,False,1,4
W2111454379,2010,2005-2010,True,False,True,False,True,2,1
W2029490365,2010,2005-2010,True,False,True,False,True,4,1
W2042003477,2010,2005-2010,True,True,True,True,True,3,1
W2164081166,2010,2005-2010,True,True,True,True,True,3,1
W2074059565,2010,2005-2010,True,False,True,False,True,3,1
W2108690384,2010,2005-2010,True,True,True,True,True,4,1
W3161270533,2010,2005-2010,False,,False,,False,0,1
W1982468539,2010,2005-2010,True,True,True,True,False,1,1
W2116542195,2010,2005-2010,True,True,True,True,True,2,1
W1891060768,2010,2005-2010,False,,False,,False,0,1
W1603565389,2010,2005-2010,True,True,True,True,False,1,1
W1917514719,2010,2005-2010,True,True,False,,False,1,1
W2116337813,2010,2005-2010,True,True,True,True,False,1,1
W2184214033,2010,2005-2010,True,True,False,,False,1,1
W1938054603,2010,2005-2010,False,,False,,False,0,1
W2007776877,2010,2005-2010,True,False,True,False,True,2,0
W2745275680,2010,2005-2010,True,True,False,,False,1,1
W1025296958,2011,2011-2015,False,,False,,False,0,1
W1560197455,2011,2011-2015,False,,False,,False,0,1
W1774562913,2011,2011-2015,True,True,False,,True,2,1
W1967740183,2011,2011-2015,False,,False,,False,0,1
W2001901547,2011,2011-2015,True,False,True,False,False,1,0
W2004167497,2011,2011-2015,True,True,False,,True,3,1
W2061007674,2011,2011-2015,True,True,False,,True,3,1
W2098963302,2011,2011-2015,True,False,False,,False,1,2
W2112093136,2011,2011-2015,True,False,True,False,False,1,1
W2125971925,2011,2011-2015,False,,False,,False,0,1
W2133874369,2011,2011-2015,True,False,False,,False,1,1
W2154208140,2011,2011-2015,True,True,True,True,True,2,1
W2181716359,2011,2011-2015,False,,False,,False,0,1
W2182592494,2011,2011-2015,False,,False,,False,0,1
W2273351902,2011,2011-2015,False,,False,,False,0,1
W2302932307,2011,2011-2015,False,,False,,False,0,1
W2314490296,2011,2011-2015,False,,False,,False,0,1
W2346649803,2011,2011-2015,False,,False,,False,0,1
W2401899747,2011,2011-2015,True,True,True,True,False,1,1
W2418148570,2011,2011-2015,True,True,True,True,False,1,1
W2425390133,2011,2011-2015,True,True,True,True,False,1,1
W2570626263,2011,2011-2015,False,,False,,False,0,1
W2590554738,2011,2011-2015,False,,False,,False,0,1
W2608705530,2011,2011-2015,False,,False,,False,0,1
W3122078042,2011,2011-2015,True,True,True,True,True,4,1
W3142415080,2011,2011-2015,False,,False,,False,0,1
W4299346584,2011,2011-2015,False,,False,,False,0,1
W657527591,2011,2011-2015,False,,False,,False,0,1
W2040493309,2011,2011-2015,True,True,True,True,True,2,0
W2094873822,2011,2011-2015,True,True,True,False,True,3,1
W2187452871,2011,2011-2015,True,True,True,True,False,1,1
W1956533389,2011,2011-2015,True,True,True,True,True,2,1
W2125902622,2011,2011-2015,True,False,False,,True,2,0
W2410342381,2011,2011-2015,True,True,True,True,False,1,1
W2614899874,2011,2011-2015,False,,False,,False,0,5
W3020859334,2011,2011-2015,False,,False,,False,0,1
W2312527586,2011,2011-2015,False,,False,,False,0,1
W2187190197,2011,2011-2015,True,True,False,,False,1,1
W1949437060,2011,2011-2015,True,False,False,,True,2,1
W3124334397,2011,2011-2015,False,,False,,False,0,1
W2118800444,2011,2011-2015,True,False,True,False,True,3,1
W2152146561,2011,2011-2015,True,False,True,False,True,3,1
W2181447890,2011,2011-2015,True,True,False,,False,1,2
W1925917161,2011,2011-2015,True,True,True,True,True,3,1
W2049349807,2011,2011-2015,True,False,True,False,False,1,0
W2597003002,2011,2011-2015,True,True,False,,True,2,1
W2110191864,2011,2011-2015,True,True,False,,True,2,1
W2130433929,2011,2011-2015,True,True,True,True,False,1,1
W2114027117,2011,2011-2015,True,True,True,True,True,2,1
W2626198423,2011,2011-2015,False,,False,,False,0,1
W1964153454,2011,2011-2015,True,False,True,False,True,2,1
W2165360302,2011,2011-2015,True,True,True,True,True,2,2
W2419149310,2011,2011-2015,True,True,False,,True,3,1
W3122629541,2011,2011-2015,True,True,False,,True,3,1
W2099540381,2011,2011-2015,True,False,True,False,True,4,2
W7134279884,2011,2011-2015,True,True,False,,False,1,1
W7134284789,2011,2011-2015,True,True,False,,False,1,1
W2120006888,2011,2011-2015,True,True,True,False,True,2,6
W2146812228,2011,2011-2015,True,False,True,False,True,3,1
W2166366481,2011,2011-2015,True,True,True,True,False,1,0
W2324048238,2011,2011-2015,True,True,False,,False,1,1
W2529231227,2011,2011-2015,True,True,False,,False,1,1
W2911619592,2011,2011-2015,False,,False,,False,0,1
W2912574445,2011,2011-2015,False,,False,,False,0,1
W2921809915,2011,2011-2015,False,,False,,False,0,1
W2142266278,2011,2011-2015,True,False,True,False,True,2,1
W2917938014,2011,2011-2015,False,,False,,False,0,1
W1972709683,2011,2011-2015,True,False,False,,True,3,1
W2760701613,2011,2011-2015,False,,False,,False,0,1
W331249888,2011,2011-2015,True,True,True,True,False,1,1
W2915825456,2011,2011-2015,False,,False,,False,0,1
W2018213469,2011,2011-2015,True,True,False,,False,1,1
W2030225023,2011,2011-2015,True,True,True,True,True,2,1
W2056632637,2011,2011-2015,True,True,False,,False,1,1
W2059577267,2011,2011-2015,True,False,False,,True,3,3
W2139353185,2011,2011-2015,False,,False,,False,1,1
W2164539492,2011,2011-2015,True,True,True,True,False,1,1
W2994569402,2011,2011-2015,False,,False,,False,0,1
W2058518682,2011,2011-2015,True,False,True,False,False,1,1
W2060281517,2011,2011-2015,True,True,True,True,False,1,1
W1553376056,2011,2011-2015,True,True,True,True,False,1,1
W2045685007,2011,2011-2015,True,False,False,,False,1,0
W2125828123,2011,2011-2015,True,False,False,,True,2,2
W2166687217,2011,2011-2015,True,False,True,False,False,1,0
W2977375510,2011,2011-2015,False,,False,,False,0,1
W4253170022,2011,2011-2015,True,False,True,False,True,2,2
W2148783666,2011,2011-2015,True,False,True,False,True,2,1
W2248845092,2011,2011-2015,True,False,True,False,False,1,1
W2165208658,2011,2011-2015,True,False,True,False,True,3,1
W2168799770,2011,2011-2015,True,True,True,True,True,2,1
W2031244839,2011,2011-2015,True,False,False,,False,1,1
W2002462121,2011,2011-2015,True,True,False,,False,1,1
W2330891410,2011,2011-2015,False,,False,,False,0,1
W2333196262,2011,2011-2015,False,,False,,False,0,1
W2138440797,2011,2011-2015,True,False,True,False,True,3,1
W2008944100,2011,2011-2015,True,True,False,,True,2,1
W1565006496,2011,2011-2015,True,False,True,False,False,1,0
W2143719820,2011,2011-2015,True,False,False,,False,1,1
W2096015732,2011,2011-2015,True,False,True,False,True,2,1
W2111468630,2011,2011-2015,True,True,True,True,True,3,1
W2121488352,2011,2011-2015,True,False,True,False,True,2,7
W2133416497,2011,2011-2015,True,True,True,True,True,3,1
W2137081808,2011,2011-2015,True,True,True,True,True,2,1
W2161314259,2011,2011-2015,True,True,True,True,True,5,0
W2165099433,2011,2011-2015,True,True,True,True,True,2,1
W2167536428,2011,2011-2015,True,True,True,True,True,5,6
W2168414695,2011,2011-2015,True,False,True,False,False,1,1
W2170473632,2011,2011-2015,True,True,True,True,False,1,1
W2170808594,2011,2011-2015,True,True,True,True,True,2,1
W2083232952,2011,2011-2015,True,True,True,True,True,3,0
W2334378765,2011,2011-2015,False,,False,,False,0,1
W7134247020,2011,2011-2015,True,True,True,True,False,1,1
W7134261343,2011,2011-2015,True,True,True,True,False,1,1
W7134252321,2011,2011-2015,True,True,False,,False,1,1
W7134287618,2011,2011-2015,True,True,False,,False,1,1
W4375824659,2011,2011-2015,False,,False,,False,0,1
W2099706492,2011,2011-2015,True,False,True,False,True,3,2
W2330367250,2011,2011-2015,True,True,False,,False,1,1
W2155737372,2011,2011-2015,False,,False,,False,0,1
W2159264195,2011,2011-2015,True,False,True,False,False,1,2
W1515677270,2011,2011-2015,True,False,False,,False,1,1
W2079867496,2011,2011-2015,True,True,True,True,True,2,1
W2334700582,2011,2011-2015,True,False,True,False,False,1,1
W2529629000,2011,2011-2015,True,True,False,,False,1,1
W1985019149,2011,2011-2015,True,False,True,False,False,1,0
W1821578620,2011,2011-2015,False,,False,,False,0,1
W94003194,2011,2011-2015,False,,False,,False,0,1
W1499297413,2011,2011-2015,False,,False,,False,0,1
W2791031895,2011,2011-2015,False,,False,,False,1,1
W129157702,2012,2011-2015,False,,False,,False,0,1
W1490708694,2012,2011-2015,False,,False,,False,0,1
W1540401813,2012,2011-2015,False,,False,,False,0,6
W1541244464,2012,2011-2015,False,,False,,False,0,1
W1552825802,2012,2011-2015,False,,False,,False,0,1
W1603765991,2012,2011-2015,True,True,False,,True,2,1
W1606860009,2012,2011-2015,False,,False,,False,0,1
W1696993935,2012,2011-2015,False,,False,,False,0,1
W189809314,2012,2011-2015,True,True,False,,False,1,1
W1966745785,2012,2011-2015,True,True,True,True,False,1,1
W2070617915,2012,2011-2015,True,True,True,True,True,2,1
W2099833367,2012,2011-2015,True,False,True,False,True,3,1
W2106458263,2012,2011-2015,False,,False,,False,0,1
W2116811557,2012,2011-2015,False,,False,,False,0,1
W2117433142,2012,2011-2015,True,False,False,,False,1,1
W2118749441,2012,2011-2015,False,,False,,False,0,1
W2121785731,2012,2011-2015,True,True,False,,False,1,1
W2136501145,2012,2011-2015,True,False,True,False,False,1,1
W2136755691,2012,2011-2015,True,True,False,,False,1,1
W2139322704,2012,2011-2015,True,True,False,,False,1,1
W2146419731,2012,2011-2015,True,True,False,,False,1,1
W2146891197,2012,2011-2015,True,True,False,,False,1,1
W2149958934,2012,2011-2015,True,False,True,False,False,1,0
W2169446934,2012,2011-2015,False,,False,,False,0,1
W2181588610,2012,2011-2015,False,,False,,False,0,0
W2182403964,2012,2011-2015,True,False,False,,False,1,1
W2184075695,2012,2011-2015,False,,False,,False,0,1
W2185061154,2012,2011-2015,False,,False,,False,0,1
W2188015578,2012,2011-2015,False,,False,,False,0,1
W2248908206,2012,2011-2015,True,False,False,,True,2,1
W2267290019,2012,2011-2015,False,,False,,False,0,1
W2294603341,2012,2011-2015,False,,False,,False,0,1
W2341653267,2012,2011-2015,False,,False,,False,0,1
W2414135402,2012,2011-2015,True,False,True,False,False,1,1
W2427183195,2012,2011-2015,False,,False,,False,0,1
W2499158088,2012,2011-2015,False,,False,,False,0,1
W2556730433,2012,2011-2015,False,,False,,False,0,1
W2574553245,2012,2011-2015,False,,False,,False,0,1
W2735821743,2012,2011-2015,False,,False,,False,0,1
W2893838786,2012,2011-2015,False,,False,,False,0,1
W2919874554,2012,2011-2015,False,,False,,False,0,1
W2974333416,2012,2011-2015,False,,False,,False,0,1
W2978286388,2012,2011-2015,False,,False,,False,0,1
W3020281166,2012,2011-2015,False,,False,,False,0,1
W3022220151,2012,2011-2015,False,,False,,False,0,1
W3137512791,2012,2011-2015,True,True,True,True,False,1,1
W3142773129,2012,2011-2015,False,,False,,False,0,0
W3151825262,2012,2011-2015,False,,False,,False,0,1
W7139791451,2012,2011-2015,False,,False,,False,0,1
W804742452,2012,2011-2015,False,,False,,False,0,1
W7134814558,2012,2011-2015,True,False,False,,False,1,1
W7134831150,2012,2011-2015,True,False,False,,False,1,1
W1552588913,2012,2011-2015,False,,False,,False,0,1
W2104928026,2012,2011-2015,True,False,True,False,False,1,0
W2097985845,2012,2011-2015,False,,False,,False,0,1
W2041961483,2012,2011-2015,True,True,True,True,False,1,1
W2065576387,2012,2011-2015,True,True,True,True,False,1,1
W2104578964,2012,2011-2015,True,True,True,True,True,2,1
W1508461984,2012,2011-2015,True,True,True,True,False,1,1
W2159629117,2012,2011-2015,True,False,True,True,True,3,1
W2002759467,2012,2011-2015,True,False,True,False,True,3,1
W2205732597,2012,2011-2015,False,,False,,False,0,1
W2782185527,2012,2011-2015,False,,False,,False,0,1
W2146715090,2012,2011-2015,False,,False,,False,0,1
W1968842406,2012,2011-2015,True,True,True,True,False,1,1
W1583411355,2012,2011-2015,True,False,True,False,True,2,1
W2100957014,2012,2011-2015,True,True,True,True,True,3,1
W2101909407,2012,2011-2015,True,True,True,True,False,1,1
W2111767427,2012,2011-2015,True,False,False,,True,2,2
W2148208833,2012,2011-2015,True,True,False,,False,1,1
W2152690293,2012,2011-2015,True,True,True,True,False,1,1
W2155478480,2012,2011-2015,True,True,True,True,True,4,1
W2164483809,2012,2011-2015,True,True,True,True,True,4,2
W2326333928,2012,2011-2015,True,False,True,False,False,1,1
W7134808120,2012,2011-2015,True,True,False,,False,1,1
W7134841688,2012,2011-2015,True,True,False,,False,1,1
W1999885038,2012,2011-2015,True,False,False,,True,2,1
W2079018576,2012,2011-2015,False,,False,,False,0,1
W1495569192,2012,2011-2015,False,,False,,False,0,1
W1534011785,2012,2011-2015,True,False,True,False,False,1,3
W7134850404,2012,2011-2015,True,True,False,,False,1,1
W7134857505,2012,2011-2015,True,True,False,,False,1,1
W2054879394,2012,2011-2015,True,True,True,True,False,1,1
W2089477946,2012,2011-2015,False,,False,,True,2,1
W2133582787,2012,2011-2015,True,False,True,False,True,3,1
W161813514,2012,2011-2015,False,,False,,False,0,1
W1564396607,2012,2011-2015,True,False,True,False,False,1,1
W1509722535,2012,2011-2015,True,False,True,False,True,2,1
W2918122897,2012,2011-2015,False,,False,,False,0,1
W2150620050,2012,2011-2015,True,False,True,False,True,4,1
W2727574886,2012,2011-2015,False,,False,,False,0,1
W2733149255,2012,2011-2015,False,,False,,False,0,1
W2138458832,2012,2011-2015,True,True,True,True,True,2,1
W2305482808,2012,2011-2015,False,,False,,False,0,1
W2610344059,2012,2011-2015,False,,False,,False,0,2
W2725738175,2012,2011-2015,False,,False,,False,0,1
W4382597906,2012,2011-2015,True,True,False,,False,1,1
W2152931564,2012,2011-2015,True,False,True,False,False,1,3
W1800613508,2012,2011-2015,False,,False,,False,0,1
W2090274609,2012,2011-2015,True,True,True,True,True,2,1
W145895808,2012,2011-2015,False,,False,,False,0,1
W7134820148,2012,2011-2015,True,True,True,True,False,1,1
W7134843863,2012,2011-2015,True,True,True,True,False,1,1
W1974221744,2012,2011-2015,True,True,True,True,False,1,1
W2059578001,2012,2011-2015,True,True,True,True,False,1,1
W2108970446,2012,2011-2015,True,False,False,,False,1,1
W2155407678,2012,2011-2015,False,,False,,False,0,1
W2325501190,2012,2011-2015,True,True,False,,False,1,1
W4405884555,2012,2011-2015,True,False,False,,False,1,1
W2137302511,2012,2011-2015,True,False,True,False,True,4,1
W2156167717,2012,2011-2015,True,True,True,True,False,1,1
W2107908051,2012,2011-2015,True,False,True,True,True,3,1
W2571745626,2012,2011-2015,False,,False,,False,0,1
W2044978626,2012,2011-2015,True,False,True,False,True,4,1
W2145099222,2012,2011-2015,True,True,True,True,True,2,1
W1925674387,2012,2011-2015,False,,False,,False,0,1
W7134954132,2012,2011-2015,True,True,False,,False,1,1
W7134974667,2012,2011-2015,True,True,False,,False,1,1
W2132666096,2012,2011-2015,True,True,True,True,False,1,1
W7134815879,2012,2011-2015,True,True,False,,False,1,1
W7134822061,2012,2011-2015,True,True,False,,False,1,1
W2089986496,2012,2011-2015,True,True,False,,False,1,1
W2135928265,2012,2011-2015,True,True,True,False,True,2,1
W2311913981,2012,2011-2015,True,True,False,,False,1,1
W2493150700,2012,2011-2015,False,,False,,False,0,1
W4237277138,2012,2011-2015,False,,False,,False,0,1
W7134885809,2012,2011-2015,False,,False,,False,0,1
W7134910662,2012,2011-2015,False,,False,,False,0,1
W2146045701,2012,2011-2015,False,,False,,False,0,1
W2016008891,2012,2011-2015,True,True,True,True,True,2,1
W2043814572,2012,2011-2015,True,True,True,True,True,3,1
W2041725211,2012,2011-2015,True,False,True,False,True,4,0
W2124360428,2012,2011-2015,True,False,False,,True,2,0
W2188736442,2012,2011-2015,False,,False,,False,0,1
W2325605424,2012,2011-2015,False,,False,,False,0,1
W2334900651,2012,2011-2015,True,True,True,True,False,1,2
W7134962589,2012,2011-2015,True,True,True,True,False,1,1
W7134983098,2012,2011-2015,True,True,True,True,False,1,1
W1978014860,2012,2011-2015,True,True,True,True,True,2,1
W2625260349,2012,2011-2015,False,,False,,False,0,1
W1972153781,2012,2011-2015,True,False,True,False,False,1,1
W2185440374,2012,2011-2015,False,,False,,False,0,1
W1483006975,2012,2011-2015,True,False,True,False,True,4,1
W1576960987,2012,2011-2015,True,True,False,,True,2,1
W1740714717,2012,2011-2015,True,False,False,,False,1,1
W1984860040,2012,2011-2015,True,False,True,False,False,1,1
W2088104295,2012,2011-2015,True,True,True,True,True,3,1
W2116580380,2012,2011-2015,True,True,False,,False,1,1
W2275249783,2012,2011-2015,True,True,False,,False,1,1
W7135042592,2012,2011-2015,True,True,False,,False,1,1
W7135086719,2012,2011-2015,True,True,False,,False,1,1
W2076536647,2012,2011-2015,True,False,True,True,True,3,1
W2157243936,2012,2011-2015,True,True,True,True,True,2,1
W2125828475,2012,2011-2015,True,False,True,True,True,2,1
W1990421959,2012,2011-2015,False,,False,,False,0,1
W2159629435,2012,2011-2015,True,True,True,True,True,2,1
W1770419531,2012,2011-2015,True,False,True,False,True,2,1
W2121077246,2012,2011-2015,True,False,True,False,False,1,1
W2049443002,2012,2011-2015,True,False,False,,True,2,1
W2065603083,2012,2011-2015,True,False,True,False,False,1,1
W2107691889,2012,2011-2015,True,False,True,False,True,2,1
W1584853831,2012,2011-2015,False,,False,,False,0,1
W2141350496,2012,2011-2015,True,True,False,,True,2,1
W2335330902,2012,2011-2015,True,True,False,,False,1,1
W2884992353,2012,2011-2015,False,,False,,False,0,1
W2130805214,2012,2011-2015,True,False,True,True,True,3,1
W3122377579,2012,2011-2015,True,False,False,,True,4,1
W2915911054,2012,2011-2015,False,,False,,False,0,1
W1542029620,2012,2011-2015,False,,False,,False,0,1
W2091912550,2012,2011-2015,True,False,True,False,False,1,9
W2047281080,2012,2011-2015,True,True,True,True,True,2,0
W2063956631,2012,2011-2015,True,True,True,True,True,2,1
W1970121848,2012,2011-2015,True,False,True,False,True,2,6
W2067543398,2012,2011-2015,True,False,True,False,True,2,1
W1493100476,2012,2011-2015,True,True,False,,False,1,1
W198338800,2012,2011-2015,True,True,False,,False,1,1
W2162209131,2012,2011-2015,True,True,False,,False,1,1
W2183683065,2012,2011-2015,True,False,True,False,False,1,1
W2314910458,2012,2011-2015,True,True,False,,False,1,1
W2326971126,2012,2011-2015,True,True,True,True,False,1,0
W2405088503,2012,2011-2015,True,True,False,,False,1,1
W2473296107,2012,2011-2015,True,True,False,,False,1,1
W2115585637,2012,2011-2015,True,False,True,False,True,2,1
W2099489532,2012,2011-2015,True,False,True,False,False,1,1
W4239352671,2012,2011-2015,False,,False,,False,0,1
W1501174316,2012,2011-2015,True,True,False,,False,1,1
W1933170434,2012,2011-2015,False,,False,,False,0,1
W2129747679,2012,2011-2015,True,False,False,,True,3,1
W2026207442,2012,2011-2015,True,False,True,False,False,1,1
W109582873,2013,2011-2015,False,,False,,False,0,1
W110860923,2013,2011-2015,False,,False,,False,0,1
W139170288,2013,2011-2015,False,,False,,False,0,1
W1493011171,2013,2011-2015,False,,False,,False,0,1
W1572497028,2013,2011-2015,True,False,True,False,False,1,1
W1578353965,2013,2011-2015,True,True,False,,False,1,1
W15795444,2013,2011-2015,False,,False,,False,0,1
W1583448133,2013,2011-2015,False,,False,,False,0,1
W1597576310,2013,2011-2015,True,True,False,,False,1,1
W162918569,2013,2011-2015,True,False,True,False,False,1,1
W167975449,2013,2011-2015,False,,False,,False,0,1
W1802977566,2013,2011-2015,False,,False,,False,0,1
W1860384405,2013,2011-2015,False,,False,,False,0,0
W1862310575,2013,2011-2015,True,True,True,True,False,1,1
W1865162502,2013,2011-2015,False,,False,,False,0,1
W1890260457,2013,2011-2015,False,,False,,False,0,1
W1894424363,2013,2011-2015,False,,False,,False,0,1
W1900050854,2013,2011-2015,False,,False,,False,0,1
W1907968909,2013,2011-2015,False,,False,,False,0,1
W1918514419,2013,2011-2015,False,,False,,False,0,1
W1921064104,2013,2011-2015,False,,False,,False,0,1
W1923068460,2013,2011-2015,False,,False,,False,0,1
W1929839555,2013,2011-2015,False,,False,,False,0,1
W1934263246,2013,2011-2015,False,,False,,False,0,1
W1946774437,2013,2011-2015,False,,False,,False,0,1
W1964826860,2013,2011-2015,False,,False,,False,0,1
W1965548914,2013,2011-2015,False,,False,,False,0,1
W1966105162,2013,2011-2015,False,,False,,False,0,1
W1968101255,2013,2011-2015,False,,False,,False,0,1
W1969752327,2013,2011-2015,False,,False,,False,0,1
W1970021279,2013,2011-2015,True,True,False,,True,3,1
W1973151254,2013,2011-2015,False,,False,,False,0,1
W1979745374,2013,2011-2015,True,True,False,,False,1,1
W1980256911,2013,2011-2015,False,,False,,False,0,1
W1982274831,2013,2011-2015,True,True,True,True,False,1,1
W1982358680,2013,2011-2015,False,,False,,False,0,1
W1983552843,2013,2011-2015,False,,False,,False,0,1
W1985424809,2013,2011-2015,False,,False,,False,0,1
W1987127904,2013,2011-2015,False,,False,,False,0,1
W1987745646,2013,2011-2015,False,,False,,False,0,1
W1988147404,2013,2011-2015,False,,False,,False,0,1
W1988833699,2013,2011-2015,False,,False,,False,0,1
W1989690508,2013,2011-2015,False,,False,,False,0,1
W1995880396,2013,2011-2015,False,,False,,False,0,1
W1996673073,2013,2011-2015,False,,False,,False,0,1
W1997860460,2013,2011-2015,False,,False,,False,0,1
W2008146865,2013,2011-2015,False,,False,,False,0,1
W2009243659,2013,2011-2015,False,,False,,False,0,1
W2011846243,2013,2011-2015,False,,False,,False,0,1
W2014883216,2013,2011-2015,False,,False,,False,0,1
W2018232920,2013,2011-2015,False,,False,,False,0,1
W2019769692,2013,2011-2015,False,,False,,False,0,1
W2024749225,2013,2011-2015,False,,False,,False,0,1
W2029929023,2013,2011-2015,False,,False,,False,0,1
W2032242125,2013,2011-2015,False,,False,,False,0,1
W2034112177,2013,2011-2015,False,,False,,False,0,1
W2038096748,2013,2011-2015,False,,False,,False,0,1
W2039132873,2013,2011-2015,False,,False,,False,0,1
W2039893839,2013,2011-2015,False,,False,,False,0,1
W2052330726,2013,2011-2015,False,,False,,False,0,1
W2052794753,2013,2011-2015,False,,False,,False,0,1
W2055737702,2013,2011-2015,False,,False,,False,0,1
W2056441235,2013,2011-2015,False,,False,,False,0,1
W2063259411,2013,2011-2015,True,True,False,,False,1,1
W2064881054,2013,2011-2015,True,True,False,,False,1,1
W2070612687,2013,2011-2015,True,True,False,,True,4,1
W2070733203,2013,2011-2015,True,True,False,,False,1,1
W2072384436,2013,2011-2015,False,,False,,False,0,1
W2072544653,2013,2011-2015,False,,False,,False,0,1
W2072817578,2013,2011-2015,False,,False,,False,0,1
W2080436877,2013,2011-2015,False,,False,,False,0,1
W2081128764,2013,2011-2015,False,,False,,False,0,1
W2089459372,2013,2011-2015,False,,False,,False,0,1
W2101820537,2013,2011-2015,False,,False,,False,0,1
W210367835,2013,2011-2015,False,,False,,False,0,1
W2105126186,2013,2011-2015,True,True,False,,False,1,1
W2105774435,2013,2011-2015,True,False,True,False,True,3,1
W2110043577,2013,2011-2015,False,,False,,False,0,1
W2115801153,2013,2011-2015,True,True,True,True,True,3,1
W2118723190,2013,2011-2015,False,,False,,False,0,1
W2121848822,2013,2011-2015,True,True,True,True,False,1,1
W2125903003,2013,2011-2015,False,,False,,False,0,1
W2131058461,2013,2011-2015,False,,False,,False,0,1
W2132203699,2013,2011-2015,False,,False,,False,0,1
W2133256829,2013,2011-2015,False,,False,,False,0,1
W2138444214,2013,2011-2015,True,True,False,,False,1,1
W2146650208,2013,2011-2015,False,,False,,False,0,1
W2151676404,2013,2011-2015,False,,False,,False,0,1
W2155075119,2013,2011-2015,True,False,True,False,False,1,2
W2157243299,2013,2011-2015,False,,False,,False,0,1
W2158571667,2013,2011-2015,False,,False,,False,0,1
W2162710091,2013,2011-2015,True,True,True,True,True,3,1
W2171029280,2013,2011-2015,True,True,True,True,False,1,1
W2181308700,2013,2011-2015,False,,False,,False,0,1
W2181908934,2013,2011-2015,False,,False,,False,0,1
W2183986779,2013,2011-2015,False,,False,,False,0,1
W2185209075,2013,2011-2015,False,,False,,False,0,1
W2186373104,2013,2011-2015,False,,False,,False,0,1
W2186452401,2013,2011-2015,False,,False,,False,0,1
W2186949210,2013,2011-2015,False,,False,,False,0,1
W2187201777,2013,2011-2015,False,,False,,False,0,1
W2187760663,2013,2011-2015,False,,False,,False,0,1
W2188342533,2013,2011-2015,False,,False,,False,0,1
W2231213928,2013,2011-2015,False,,False,,False,0,0
W2246555181,2013,2011-2015,True,True,True,True,False,1,1
W2258428330,2013,2011-2015,False,,False,,False,0,1
W2260429794,2013,2011-2015,False,,False,,False,0,1
W2271913548,2013,2011-2015,False,,False,,False,0,1
W2287327393,2013,2011-2015,False,,False,,False,0,1
W2306607117,2013,2011-2015,False,,False,,False,0,1
W2316333760,2013,2011-2015,True,True,True,True,True,3,1
W2332299733,2013,2011-2015,False,,False,,False,0,1
W2335434101,2013,2011-2015,True,True,True,True,False,1,1
W2572335019,2013,2011-2015,False,,False,,False,0,1
W2680078182,2013,2011-2015,False,,False,,False,0,1
W2808216661,2013,2011-2015,False,,False,,False,0,1
W2808277154,2013,2011-2015,False,,False,,False,0,1
W2978538235,2013,2011-2015,False,,False,,False,0,1
W3127888201,2013,2011-2015,False,,False,,False,0,1
W3138725132,2013,2011-2015,True,True,False,,False,1,1
W3151465182,2013,2011-2015,False,,False,,False,0,1
W3217551819,2013,2011-2015,False,,False,,False,0,1
W385265481,2013,2011-2015,False,,False,,False,0,1
W4251714730,2013,2011-2015,False,,False,,False,0,1
W616436564,2013,2011-2015,True,True,True,True,False,1,2
W66140923,2013,2011-2015,False,,False,,False,0,1
W86084100,2013,2011-2015,False,,False,,False,0,1
W96769757,2013,2011-2015,True,True,False,,False,1,1
W2137231988,2013,2011-2015,True,True,True,True,True,2,1
W2159989752,2013,2011-2015,True,False,True,False,True,3,1
W2133292180,2013,2011-2015,True,False,True,False,True,2,0
W7135172341,2013,2011-2015,True,True,False,,False,1,1
W7135232809,2013,2011-2015,True,True,False,,False,1,1
W2089188853,2013,2011-2015,True,True,True,True,False,1,2
W2124142618,2013,2011-2015,True,True,False,,True,2,2
W2470948838,2013,2011-2015,False,,False,,False,0,1
W2131483437,2013,2011-2015,True,True,True,True,False,1,1
W1966643791,2013,2011-2015,True,False,True,False,True,3,1
W2523679032,2013,2011-2015,False,,False,,False,0,1
W1961745394,2013,2011-2015,True,False,True,False,True,2,1
W1503177688,2013,2011-2015,True,True,True,True,True,2,1
W2092834803,2013,2011-2015,True,True,True,True,False,1,1
W2062939907,2013,2011-2015,True,False,True,False,False,1,1
W2123476128,2013,2011-2015,False,,False,,False,0,1
W1952932014,2013,2011-2015,True,True,False,,False,1,1
W2110997380,2013,2011-2015,False,,False,,False,0,1
W2144406024,2013,2011-2015,True,False,False,,False,1,1
W2432630918,2013,2011-2015,True,True,False,,False,1,1
W2112266075,2013,2011-2015,True,False,True,False,False,1,0
W2333836429,2013,2011-2015,True,True,True,True,False,1,1
W2917422097,2013,2011-2015,False,,False,,False,0,1
W1971593267,2013,2011-2015,True,True,False,,False,1,1
W2756786953,2013,2011-2015,False,,False,,False,0,1
W4210820406,2013,2011-2015,False,,False,,False,1,1
W2043031379,2013,2011-2015,True,True,True,True,False,1,1
W2281056081,2013,2011-2015,True,True,False,,False,1,1
W2019015755,2013,2011-2015,False,,False,,False,0,1
W2066740163,2013,2011-2015,True,True,True,True,True,4,1
W2139007023,2013,2011-2015,True,True,True,True,False,1,1
W2161053971,2013,2011-2015,False,,False,,False,0,1
W242663576,2013,2011-2015,False,,False,,False,0,1
W647259760,2013,2011-2015,True,True,True,True,False,1,1
W2065841141,2013,2011-2015,True,True,True,True,True,3,1
W2111869743,2013,2011-2015,True,True,True,True,True,2,1
W2158151648,2013,2011-2015,True,True,False,,True,2,1
W2066721004,2013,2011-2015,True,True,True,True,True,2,1
W2131042570,2013,2011-2015,True,True,False,,True,2,1
W1971217366,2013,2011-2015,True,False,True,False,False,1,0
W1982627246,2013,2011-2015,True,False,False,,True,3,0
W1997660179,2013,2011-2015,True,True,False,,False,1,1
W2021180317,2013,2011-2015,True,False,True,False,True,2,1
W2023328351,2013,2011-2015,True,True,True,True,False,1,1
W2033706187,2013,2011-2015,True,False,True,False,False,1,0
W2036912249,2013,2011-2015,True,False,False,,True,3,1
W2540750250,2013,2011-2015,True,False,True,False,True,3,0
W2170319657,2013,2011-2015,True,False,True,False,False,1,1
W2492464438,2013,2011-2015,False,,False,,False,0,1
W2129697894,2013,2011-2015,True,True,True,True,True,2,1
W2142357698,2013,2011-2015,True,True,True,True,False,1,1
W1976585805,2013,2011-2015,True,True,True,True,False,1,1
W2917724171,2013,2011-2015,False,,False,,False,0,1
W2083071550,2013,2011-2015,True,False,True,True,True,2,1
W2121896774,2013,2011-2015,True,True,True,True,True,2,1
W637568559,2013,2011-2015,False,,False,,False,0,1
W2040244529,2013,2011-2015,True,True,True,True,True,2,1
W2122016191,2013,2011-2015,True,True,True,True,False,1,1
W2141089373,2013,2011-2015,True,True,False,,False,1,1
W2008899658,2013,2011-2015,True,True,True,True,False,1,1
W1577690431,2013,2011-2015,True,True,False,,False,1,1
W1981067358,2013,2011-2015,True,True,False,,False,1,1
W1999540750,2013,2011-2015,True,False,True,False,False,1,1
W2133881081,2013,2011-2015,True,True,True,True,True,3,1
W2134962134,2013,2011-2015,False,,False,,False,0,1
W2078615356,2013,2011-2015,False,,False,,False,1,1
W2103170193,2013,2011-2015,False,,False,,False,0,1
W2098632310,2013,2011-2015,True,True,True,True,True,2,1
W1970012292,2013,2011-2015,True,True,True,True,True,3,1
W2126074718,2013,2011-2015,True,False,True,False,True,3,0
W2143814355,2013,2011-2015,True,True,True,True,True,2,1
W2139469027,2013,2011-2015,True,True,True,True,True,2,1
W2158321755,2013,2011-2015,True,True,True,True,False,1,1
W1968639916,2013,2011-2015,True,False,True,False,True,3,0
W2164178712,2013,2011-2015,True,False,True,False,False,1,1
W47879640,2013,2011-2015,False,,False,,False,0,1
W1601608664,2013,2011-2015,True,False,True,False,False,1,0
W2616497379,2013,2011-2015,False,,False,,False,1,1
W1844009424,2013,2011-2015,False,,False,,False,0,1
W1940420472,2013,2011-2015,True,False,True,False,False,1,1
W1975550520,2013,2011-2015,True,True,True,True,False,1,1
W206118805,2013,2011-2015,False,,False,,False,0,1
W7135225178,2013,2011-2015,True,True,True,True,False,1,1
W7135239593,2013,2011-2015,True,True,True,True,False,1,1
W2147014429,2013,2011-2015,True,True,False,,False,1,1
W7135048830,2013,2011-2015,True,True,False,,False,1,1
W7135089323,2013,2011-2015,True,True,False,,False,1,1
W2075845922,2013,2011-2015,True,True,True,True,True,2,2
W1968716268,2013,2011-2015,True,True,False,,False,1,1
W2103025907,2013,2011-2015,True,True,True,True,True,2,1
W2119365967,2013,2011-2015,True,True,True,True,True,2,5
W1891765040,2013,2011-2015,True,False,True,False,True,4,1
W2098543936,2013,2011-2015,True,False,True,False,True,2,4
W1564167416,2013,2011-2015,False,,False,,False,0,1
W1977976556,2013,2011-2015,True,True,True,True,True,3,1
W2219585828,2013,2011-2015,True,False,False,,False,1,1
W2314853465,2013,2011-2015,True,True,True,True,False,1,1
W4233129986,2013,2011-2015,False,,False,,False,0,1
W1486773356,2013,2011-2015,True,False,True,False,True,6,1
W2394053409,2013,2011-2015,False,,False,,False,0,1
W3121965091,2013,2011-2015,True,True,True,True,True,2,1
W2024814319,2013,2011-2015,True,False,True,False,True,3,1
W7135080067,2013,2011-2015,True,True,False,,False,1,1
W7135084857,2013,2011-2015,True,True,False,,False,1,1
W2944262909,2013,2011-2015,False,,False,,False,0,1
W2119998761,2013,2011-2015,True,False,False,,False,1,1
W2409004550,2013,2011-2015,False,,False,,False,0,1
W2096067302,2013,2011-2015,True,False,True,False,True,2,1
W2039548363,2013,2011-2015,True,True,True,True,True,2,1
W2088845385,2013,2011-2015,True,False,True,False,False,1,1
W1984010220,2013,2011-2015,True,True,True,True,False,1,1
W2119772757,2013,2011-2015,True,True,True,True,True,2,1
W2033493610,2013,2011-2015,True,False,True,False,True,3,1
W1861395942,2013,2011-2015,True,False,False,,False,1,0
W2100051440,2013,2011-2015,True,False,False,,False,1,0
W2122623329,2013,2011-2015,True,True,True,True,True,3,1
W2127302215,2013,2011-2015,True,True,True,True,False,1,1
W2164814804,2013,2011-2015,True,True,True,False,True,3,1
W71153847,2013,2011-2015,False,,False,,False,0,1
W1545817431,2013,2011-2015,True,True,True,False,True,4,1
W7135027622,2013,2011-2015,True,True,False,,False,1,1
W7135075805,2013,2011-2015,True,True,False,,False,1,1
W2151087002,2013,2011-2015,True,True,True,True,True,2,1
W1578581679,2013,2011-2015,True,False,True,False,False,1,1
W2211532273,2013,2011-2015,False,,False,,False,0,1
W1664349500,2013,2011-2015,False,,False,,False,0,1
W2915175783,2013,2011-2015,False,,False,,False,0,1
W1006867692,2014,2011-2015,False,,False,,False,0,1
W1218817796,2014,2011-2015,False,,False,,False,0,1
W1241580822,2014,2011-2015,False,,False,,False,0,1
W1571420971,2014,2011-2015,False,,False,,False,0,1
W1576426387,2014,2011-2015,False,,False,,False,0,1
W1627763267,2014,2011-2015,False,,False,,False,0,1
W17754131,2014,2011-2015,False,,False,,False,0,1
W1820547718,2014,2011-2015,False,,False,,False,0,0
W1897882966,2014,2011-2015,False,,False,,False,0,1
W1971840133,2014,2011-2015,True,True,True,True,False,1,1
W1992137942,2014,2011-2015,True,True,True,False,True,2,1
W2010694909,2014,2011-2015,False,,False,,False,0,1
W2019075518,2014,2011-2015,True,True,False,,False,1,1
W2028233728,2014,2011-2015,True,True,False,,False,1,1
W2034906941,2014,2011-2015,True,True,True,True,False,1,1
W2036217374,2014,2011-2015,True,True,False,,True,3,1
W2039382135,2014,2011-2015,True,True,False,,False,1,1
W2059521905,2014,2011-2015,False,,False,,False,0,0
W2059688596,2014,2011-2015,True,True,True,True,False,1,1
W2059810025,2014,2011-2015,True,True,True,True,False,1,1
W2064045353,2014,2011-2015,True,False,False,,False,1,1
W2083493236,2014,2011-2015,False,,False,,False,0,1
W2086648873,2014,2011-2015,True,True,False,,True,3,1
W2093512640,2014,2011-2015,True,True,False,,False,1,1
W2095007741,2014,2011-2015,False,,False,,False,1,1
W2102227921,2014,2011-2015,False,,False,,False,0,1
W2116975872,2014,2011-2015,True,False,True,False,True,2,3
W2125063457,2014,2011-2015,False,,False,,False,0,1
W2130145981,2014,2011-2015,True,True,True,True,True,3,1
W2150308400,2014,2011-2015,True,True,True,True,True,4,1
W2154843595,2014,2011-2015,True,True,True,True,True,2,1
W2155757507,2014,2011-2015,True,True,False,,False,1,1
W2158081837,2014,2011-2015,True,False,False,,True,2,1
W2181709492,2014,2011-2015,False,,False,,False,0,1
W2182820949,2014,2011-2015,False,,False,,False,0,1
W2185123016,2014,2011-2015,False,,False,,False,0,1
W2185664068,2014,2011-2015,False,,False,,False,0,1
W2186033448,2014,2011-2015,False,,False,,False,0,1
W2187336773,2014,2011-2015,False,,False,,False,0,1
W2188169935,2014,2011-2015,False,,False,,False,0,1
W2188320271,2014,2011-2015,True,True,True,True,False,1,1
W2209914802,2014,2011-2015,False,,False,,False,0,0
W2236764486,2014,2011-2015,True,True,True,True,False,1,1
W2270216573,2014,2011-2015,False,,False,,False,0,1
W2314551533,2014,2011-2015,True,True,False,,False,1,1
W2330209079,2014,2011-2015,False,,False,,False,0,4
W2343357203,2014,2011-2015,False,,False,,False,0,1
W2594895663,2014,2011-2015,False,,False,,False,0,1
W2620043272,2014,2011-2015,True,False,True,False,False,1,1
W2708558544,2014,2011-2015,False,,False,,False,0,1
W2745982068,2014,2011-2015,True,True,False,,False,1,1
W2786324376,2014,2011-2015,False,,False,,False,0,1
W2898282842,2014,2011-2015,False,,False,,False,0,1
W2900457562,2014,2011-2015,False,,False,,False,0,1
W2944557326,2014,2011-2015,False,,False,,False,0,1
W3084113229,2014,2011-2015,True,True,True,True,False,1,2
W310009784,2014,2011-2015,False,,False,,False,0,2
W3122266679,2014,2011-2015,True,False,True,True,True,3,2
W3137972490,2014,2011-2015,True,True,True,True,False,1,1
W3141833784,2014,2011-2015,False,,False,,False,0,1
W3146307460,2014,2011-2015,False,,False,,False,0,1
W59741413,2014,2011-2015,False,,False,,False,0,1
W758787922,2014,2011-2015,False,,False,,False,0,1
W7128401017,2014,2011-2015,True,True,False,,True,2,1
W7128404331,2014,2011-2015,True,True,False,,True,2,1
W2335000809,2014,2011-2015,True,True,True,True,False,1,1
W2044395152,2014,2011-2015,True,False,True,False,True,4,1
W2101907083,2014,2011-2015,True,True,True,True,True,3,1
W2021971813,2014,2011-2015,True,False,False,,False,1,1
W2130348380,2014,2011-2015,True,False,True,False,False,1,1
W2106826881,2014,2011-2015,False,,False,,False,0,1
W1577534264,2014,2011-2015,True,True,False,,True,2,1
W2089299295,2014,2011-2015,True,False,True,False,True,4,0
W1988496256,2014,2011-2015,False,,False,,False,0,1
W2034029746,2014,2011-2015,True,False,True,False,True,5,1
W2012529310,2014,2011-2015,True,False,False,,False,1,1
W2103936907,2014,2011-2015,False,,False,,False,0,1
W2060286783,2014,2011-2015,True,True,True,True,True,2,1
W1964106388,2014,2011-2015,True,False,True,False,False,1,1
W2011666058,2014,2011-2015,True,False,True,False,False,1,0
W1972171060,2014,2011-2015,True,False,True,False,True,3,1
W1993163466,2014,2011-2015,True,False,False,,False,1,1
W2915629424,2014,2011-2015,False,,False,,False,0,1
W2117702446,2014,2011-2015,True,False,True,False,False,1,1
W2006124462,2014,2011-2015,True,False,True,False,False,1,1
W2044975374,2014,2011-2015,True,True,False,,True,2,1
W1775980678,2014,2011-2015,False,,False,,False,0,1
W1930951158,2014,2011-2015,False,,False,,False,0,1
W2019907334,2014,2011-2015,True,False,True,False,True,2,1
W2006125272,2014,2011-2015,True,True,True,False,True,3,1
W2076156407,2014,2011-2015,True,False,True,False,True,2,1
W2011960622,2014,2011-2015,True,False,True,False,True,2,1
W2298513818,2014,2011-2015,True,False,False,,False,1,1
W1605756591,2014,2011-2015,False,,False,,False,0,1
W2094207006,2014,2011-2015,True,True,False,,True,3,1
W2150774329,2014,2011-2015,True,False,True,False,True,2,1
W2780293262,2014,2011-2015,False,,False,,False,0,1
W2090442174,2014,2011-2015,True,False,True,False,False,1,1
W2097279232,2014,2011-2015,True,True,True,True,False,1,1
W1986107854,2014,2011-2015,True,False,True,False,False,1,1
W2022193268,2014,2011-2015,True,False,True,True,True,3,2
W1504705426,2014,2011-2015,True,True,True,True,False,1,1
W2916626785,2014,2011-2015,False,,False,,False,0,1
W2135119343,2014,2011-2015,True,False,True,False,False,1,1
W2341664728,2014,2011-2015,False,,False,,False,0,1
W2138685100,2014,2011-2015,True,False,True,False,True,4,1
W7128355079,2014,2011-2015,True,True,True,True,False,1,1
W7128405392,2014,2011-2015,True,True,True,True,False,1,1
W1541484772,2014,2011-2015,True,False,True,False,True,2,2
W2116123458,2014,2011-2015,True,False,False,,False,1,1
W2014980199,2014,2011-2015,True,False,True,False,False,1,0
W2020929316,2014,2011-2015,True,True,True,True,False,1,1
W2075881696,2014,2011-2015,True,True,False,,False,1,1
W2092553616,2014,2011-2015,True,False,False,,False,1,1
W2306379740,2014,2011-2015,False,,False,,False,0,1
W2312590532,2014,2011-2015,True,False,True,False,True,5,0
W2073107253,2014,2011-2015,True,False,True,False,False,1,3
W2038848827,2014,2011-2015,True,True,True,True,True,2,1
W2116286095,2014,2011-2015,True,True,True,True,True,2,1
W2070591456,2014,2011-2015,True,True,False,,True,3,1
W2079533829,2014,2011-2015,True,True,True,True,True,4,1
W2917428778,2014,2011-2015,False,,False,,False,0,1
W1581008517,2014,2011-2015,False,,False,,False,0,1
W1609728510,2014,2011-2015,False,,False,,False,0,1
W2095088284,2014,2011-2015,True,True,True,True,False,1,1
W4238287260,2014,2011-2015,True,False,False,,True,20,10
W4389005719,2014,2011-2015,True,False,False,,False,1,13
W3096823623,2014,2011-2015,False,,False,,False,0,0
W2070148353,2014,2011-2015,True,True,True,True,True,2,1
W2151784577,2014,2011-2015,True,True,True,True,True,2,1
W2775365519,2014,2011-2015,False,,False,,False,0,1
W2401706533,2014,2011-2015,False,,False,,False,0,1
W2408235753,2014,2011-2015,False,,False,,False,0,1
W2317070370,2014,2011-2015,True,True,True,True,False,1,1
W2917732608,2014,2011-2015,False,,False,,False,0,1
W1978302395,2014,2011-2015,True,True,True,True,False,1,1
W2115389941,2014,2011-2015,True,True,False,,False,1,1
W2240264442,2014,2011-2015,True,True,False,,True,2,1
W2009920789,2014,2011-2015,True,False,True,False,False,1,1
W2025234210,2014,2011-2015,True,False,False,,False,1,1
W2049773891,2014,2011-2015,True,False,False,,False,1,1
W2119915169,2014,2011-2015,True,True,False,,True,2,1
W2131832273,2014,2011-2015,True,True,False,,False,1,1
W2148257455,2014,2011-2015,True,False,False,,False,1,1
W2054690527,2014,2011-2015,True,True,True,True,False,1,1
W2125881500,2014,2011-2015,True,True,True,True,True,3,1
W1992346786,2014,2011-2015,True,True,False,,False,1,1
W1982079600,2014,2011-2015,False,,False,,False,0,1
W2047264958,2014,2011-2015,True,False,False,,False,1,1
W2062281358,2014,2011-2015,True,True,True,True,False,1,1
W2331043728,2014,2011-2015,True,True,True,True,True,2,1
W2136762111,2014,2011-2015,True,True,True,True,False,1,1
W1968843910,2014,2011-2015,True,True,True,True,True,3,1
W1990448816,2014,2011-2015,True,False,True,False,True,2,1
W2583700108,2014,2011-2015,False,,False,,False,0,1
W2916931944,2014,2011-2015,False,,False,,False,0,1
W2228606769,2014,2011-2015,False,,False,,False,0,1
W1988364695,2014,2011-2015,True,True,True,True,False,1,1
W1577486738,2014,2011-2015,True,True,True,True,False,1,1
W2350505762,2014,2011-2015,False,,False,,True,2,1
W2270929714,2014,2011-2015,True,True,False,,False,1,1
W2092244946,2014,2011-2015,True,False,True,False,True,2,1
W2011705640,2014,2011-2015,True,True,False,,True,2,1
W2025486136,2014,2011-2015,True,True,True,True,True,4,1
W2153374977,2014,2011-2015,True,True,True,True,True,2,1
W1505135124,2014,2011-2015,True,True,True,True,True,2,1
W3123872225,2014,2011-2015,True,False,False,,True,2,1
W2139375001,2014,2011-2015,True,True,False,,False,1,1
W2111320175,2014,2011-2015,True,False,True,False,True,3,1
W2171889289,2014,2011-2015,True,True,True,True,True,2,1
W1971106327,2014,2011-2015,True,True,True,True,True,2,1
W2323284380,2014,2011-2015,True,True,True,True,False,1,1
W3125238766,2014,2011-2015,True,True,True,True,False,1,1
W2076265468,2014,2011-2015,True,False,False,,True,3,1
W2064906538,2014,2011-2015,True,True,True,True,True,3,1
W2916915162,2014,2011-2015,False,,False,,False,0,1
W1979043644,2014,2011-2015,True,False,True,False,False,1,1
W2055420630,2014,2011-2015,True,True,True,True,True,3,1
W2125714321,2014,2011-2015,False,,False,,True,6,1
W1965149071,2014,2011-2015,True,False,True,False,False,1,1
W1988642375,2014,2011-2015,True,True,True,False,True,3,1
W2067549818,2014,2011-2015,True,True,True,True,True,2,0
W1547323900,2014,2011-2015,True,True,False,,False,1,1
W2075593078,2014,2011-2015,True,True,False,,True,3,1
W2317819857,2014,2011-2015,True,True,True,True,True,2,1
W2090215738,2014,2011-2015,True,False,True,False,True,3,2
W2031581599,2014,2011-2015,True,True,True,True,False,1,1
W2918009608,2014,2011-2015,False,,False,,False,0,1
W1969881234,2014,2011-2015,True,True,True,True,True,3,1
W2037502951,2014,2011-2015,True,True,True,True,True,2,1
W2076682914,2014,2011-2015,True,False,False,,True,4,1
W2152394665,2014,2011-2015,True,False,True,False,True,6,1
W2297052857,2014,2011-2015,False,,False,,False,0,1
W2090389089,2014,2011-2015,True,False,True,False,False,1,1
W2107330413,2014,2011-2015,False,,False,,False,0,1
W2021742710,2014,2011-2015,True,False,False,,False,1,1
W1970212961,2014,2011-2015,True,False,True,False,True,2,2
W2020222317,2014,2011-2015,True,True,False,,False,1,1
W1974211587,2014,2011-2015,True,True,True,True,False,1,1
W2106895400,2014,2011-2015,True,True,False,,False,1,1
W2100897946,2014,2011-2015,True,True,True,True,False,1,1
W14464817,2015,2011-2015,False,,False,,False,0,1
W148658523,2015,2011-2015,False,,False,,False,0,1
W1501898971,2015,2011-2015,False,,False,,False,0,1
W1506550319,2015,2011-2015,False,,False,,False,0,1
W1522631495,2015,2011-2015,True,False,False,,True,2,1
W1586288352,2015,2011-2015,True,True,False,,True,2,1
W1667964276,2015,2011-2015,True,True,True,True,False,1,1
W1751258802,2015,2011-2015,True,True,False,,True,2,1
W1924668820,2015,2011-2015,True,True,False,,False,1,1
W1949707467,2015,2011-2015,True,True,False,,False,1,1
W2020999186,2015,2011-2015,True,True,False,,False,1,1
W2023321753,2015,2011-2015,False,,False,,False,0,1
W2037221605,2015,2011-2015,True,True,True,True,False,1,1
W2060313594,2015,2011-2015,False,,False,,False,0,1
W2066683423,2015,2011-2015,True,False,True,False,False,1,1
W2066844711,2015,2011-2015,False,,True,False,False,1,1
W2076080059,2015,2011-2015,True,True,False,,False,1,1
W2149091805,2015,2011-2015,False,,False,,False,0,1
W2164098948,2015,2011-2015,False,,False,,False,0,1
W2179908343,2015,2011-2015,True,True,True,True,True,3,1
W2184173351,2015,2011-2015,False,,False,,False,0,1
W2188253351,2015,2011-2015,False,,False,,False,0,1
W2188530756,2015,2011-2015,False,,False,,False,0,1
W2206217161,2015,2011-2015,False,,False,,False,0,1
W2208728359,2015,2011-2015,False,,False,,False,0,8
W2235936517,2015,2011-2015,True,True,False,,False,1,1
W2254057327,2015,2011-2015,False,,False,,False,0,1
W2254427408,2015,2011-2015,True,False,False,,False,1,1
W2258977109,2015,2011-2015,False,,False,,False,0,1
W2264528342,2015,2011-2015,False,,False,,False,0,1
W2284250460,2015,2011-2015,False,,False,,False,0,1
W2285456915,2015,2011-2015,True,True,True,True,False,1,1
W2289439200,2015,2011-2015,False,,False,,False,0,1
W2336486786,2015,2011-2015,False,,False,,False,0,1
W2337850121,2015,2011-2015,False,,False,,False,0,1
W2344235242,2015,2011-2015,False,,False,,False,0,1
W2439864836,2015,2011-2015,True,True,False,,False,1,1
W2487356003,2015,2011-2015,False,,False,,False,0,1
W2494622355,2015,2011-2015,False,,False,,False,0,1
W2508272809,2015,2011-2015,True,False,True,False,False,1,1
W2510403921,2015,2011-2015,True,True,True,True,False,1,1
W2528787922,2015,2011-2015,False,,False,,False,0,1
W2563183061,2015,2011-2015,False,,False,,False,0,1
W2564726288,2015,2011-2015,False,,False,,False,0,1
W2578111118,2015,2011-2015,False,,False,,False,0,1
W2596171971,2015,2011-2015,False,,False,,False,0,1
W2600571415,2015,2011-2015,False,,False,,False,0,1
W2605947092,2015,2011-2015,False,,False,,False,0,1
W2621029369,2015,2011-2015,False,,False,,False,0,1
W2740794227,2015,2011-2015,False,,False,,False,0,1
W2906023824,2015,2011-2015,False,,False,,False,0,1
W2931987700,2015,2011-2015,False,,False,,False,0,1
W2992813632,2015,2011-2015,False,,False,,False,0,4
W2993754586,2015,2011-2015,False,,False,,False,0,1
W3012706377,2015,2011-2015,False,,False,,False,0,1
W3015788168,2015,2011-2015,False,,False,,False,0,1
W3123608063,2015,2011-2015,False,,False,,False,0,1
W3150190882,2015,2011-2015,False,,False,,False,0,1
W7136154376,2015,2011-2015,False,,False,,False,0,1
W7136265092,2015,2011-2015,False,,False,,False,0,1
W7136281576,2015,2011-2015,False,,False,,False,0,1
W7136501886,2015,2011-2015,False,,False,,False,0,1
W7136792178,2015,2011-2015,False,,False,,False,0,1
W7137006990,2015,2011-2015,False,,False,,False,0,1
W7138026294,2015,2011-2015,False,,False,,False,0,1
W7138215304,2015,2011-2015,False,,False,,False,0,1
W845931578,2015,2011-2015,False,,False,,False,0,1
W1975398584,2015,2011-2015,True,False,True,False,True,3,1
W2040562305,2015,2011-2015,True,True,True,False,True,2,1
W2058287327,2015,2011-2015,True,False,True,False,True,3,1
W2119245718,2015,2011-2015,True,False,True,False,True,2,1
W2168477744,2015,2011-2015,True,True,True,True,True,3,1
W2249434536,2015,2011-2015,False,,False,,False,0,1
W2054881387,2015,2011-2015,True,True,True,True,True,5,1
W2072063065,2015,2011-2015,True,True,True,True,True,4,1
W2075100487,2015,2011-2015,True,False,True,False,False,1,1
W2147166564,2015,2011-2015,True,True,True,True,True,4,1
W2070449299,2015,2011-2015,True,False,True,False,True,3,1
W850226014,2015,2011-2015,True,True,True,True,False,1,1
W2129562991,2015,2011-2015,True,True,True,True,True,4,1
W3125633014,2015,2011-2015,True,True,False,,False,1,1
W2104112465,2015,2011-2015,True,True,True,True,True,4,1
W1869181570,2015,2011-2015,True,False,True,False,False,1,1
W2149534555,2015,2011-2015,True,False,False,,True,3,1
W2750688353,2015,2011-2015,True,True,True,True,False,1,1
W1975439124,2015,2011-2015,True,False,True,False,True,2,1
W2001440595,2015,2011-2015,True,True,False,,True,3,1
W2155414841,2015,2011-2015,True,False,True,False,True,3,1
W2137219548,2015,2011-2015,True,False,True,False,False,1,1
W2021273418,2015,2011-2015,True,True,True,True,True,2,1
W2528924313,2015,2011-2015,False,,False,,False,0,1
W2507568276,2015,2011-2015,True,False,True,False,False,1,1
W1973397233,2015,2011-2015,True,True,True,True,True,3,1
W2311317849,2015,2011-2015,False,,False,,False,0,1
W1999046978,2015,2011-2015,True,False,True,False,True,2,1
W2028018920,2015,2011-2015,True,False,True,False,True,3,1
W1979779539,2015,2011-2015,True,True,True,True,True,2,1
W2227030650,2015,2011-2015,True,True,False,,False,1,1
W3113702831,2015,2011-2015,False,,False,,False,0,1
W2020935088,2015,2011-2015,True,False,True,False,True,3,1
W2406543662,2015,2011-2015,True,True,True,True,False,1,1
W2046654605,2015,2011-2015,True,True,True,True,True,2,1
W2080196634,2015,2011-2015,True,False,True,False,True,2,1
W2100204575,2015,2011-2015,True,True,True,True,True,3,1
W1868627522,2015,2011-2015,True,True,False,,False,1,1
W1882333075,2015,2011-2015,False,,False,,False,0,1
W2165395022,2015,2011-2015,True,False,True,False,True,2,1
W2190126395,2015,2011-2015,True,True,True,True,False,1,1
W2580563272,2015,2011-2015,False,,False,,False,0,1
W2009671183,2015,2011-2015,True,False,True,False,False,1,3
W2270205814,2015,2011-2015,True,True,True,True,False,1,1
W2125617054,2015,2011-2015,True,False,True,True,True,2,1
W1497557685,2015,2011-2015,True,True,True,True,False,1,1
W2289680484,2015,2011-2015,False,,False,,True,3,0
W2601493720,2015,2011-2015,False,,False,,False,0,1
W1814175236,2015,2011-2015,True,True,True,True,False,1,1
W1956782950,2015,2011-2015,True,True,True,True,False,1,1
W2118104830,2015,2011-2015,True,False,True,False,True,2,1
W2124180548,2015,2011-2015,True,True,True,True,True,4,1
W2134203589,2015,2011-2015,True,False,True,False,True,3,1
W2306641684,2015,2011-2015,True,True,True,True,False,1,1
W2809609611,2015,2011-2015,False,,False,,False,0,1
W644329316,2015,2011-2015,False,,False,,False,0,1
W1463558478,2015,2011-2015,False,,False,,False,0,1
W2316147013,2015,2011-2015,True,True,True,True,False,1,1
W2516428860,2015,2011-2015,False,,False,,False,0,1
W2136000401,2015,2011-2015,True,True,True,True,True,4,1
W2198846339,2015,2011-2015,True,True,False,,False,1,1
W1954295016,2015,2011-2015,False,,False,,True,2,1
W744756824,2015,2011-2015,True,True,True,True,True,2,1
W2140069888,2015,2011-2015,True,False,True,False,True,3,2
W2157679390,2015,2011-2015,True,True,True,False,True,2,1
W2488977564,2015,2011-2015,False,,False,,False,0,3
W1848500936,2015,2011-2015,True,True,True,True,False,1,1
W2422913857,2015,2011-2015,False,,False,,False,0,1
W7128371400,2015,2011-2015,True,True,False,,False,1,1
W7128405631,2015,2011-2015,True,True,False,,False,1,1
W2161960747,2015,2011-2015,True,True,True,False,True,2,1
W1934455134,2015,2011-2015,True,False,True,False,True,3,1
W2193342869,2015,2011-2015,False,,False,,False,0,1
W2169491439,2015,2011-2015,True,True,True,True,True,4,1
W1891360074,2015,2011-2015,True,True,True,True,True,2,1
W1904926384,2015,2011-2015,True,True,True,True,True,3,1
W2138937488,2015,2011-2015,True,True,True,True,True,3,1
W2519745608,2015,2011-2015,True,True,False,,False,1,1
W2523422976,2015,2011-2015,True,True,False,,False,1,1
W2279472521,2015,2011-2015,True,True,True,True,False,1,1
W4245088298,2015,2011-2015,False,,False,,False,0,1
W2106385890,2015,2011-2015,True,False,True,False,True,2,1
W2115437162,2015,2011-2015,True,True,True,True,True,3,1
W2221003866,2015,2011-2015,True,False,False,,False,1,1
W4251108945,2015,2011-2015,False,,False,,False,0,1
W3122915308,2015,2011-2015,False,,False,,True,2,1
W1856494769,2015,2011-2015,True,False,True,False,False,1,0
W1659346504,2015,2011-2015,True,False,True,False,False,1,1
W1836020176,2015,2011-2015,True,False,True,False,False,1,1
W2132048440,2015,2011-2015,True,False,True,False,True,3,1
W4417090049,2015,2011-2015,True,True,False,,False,1,1
W1855715431,2015,2011-2015,True,True,True,True,False,1,1
W2187238386,2015,2011-2015,True,False,True,False,True,4,1
W2229204747,2015,2011-2015,True,True,False,,True,2,0
W2232399402,2015,2011-2015,True,False,False,,False,1,1
W2237639219,2015,2011-2015,True,True,True,True,False,1,1
W2249314550,2015,2011-2015,True,True,True,True,False,1,1
W2264688161,2015,2011-2015,False,,False,,False,0,1
W2211411397,2015,2011-2015,True,False,True,False,False,1,1
W2176078388,2015,2011-2015,True,False,True,False,True,3,1
W2215111820,2015,2011-2015,True,True,True,True,True,3,1
W2126468973,2015,2011-2015,True,True,True,True,True,2,1
W2113859194,2015,2011-2015,True,False,True,False,True,2,1
W2220068833,2015,2011-2015,True,True,True,True,False,1,1
W2501588651,2015,2011-2015,False,,False,,False,0,2
W1917996271,2015,2011-2015,True,False,True,False,True,2,1
W2149966302,2015,2011-2015,True,False,True,False,True,3,1
W2195492135,2015,2011-2015,True,True,False,,False,1,1
W2221926516,2015,2011-2015,True,True,True,True,True,2,1
W2405493390,2015,2011-2015,False,,False,,False,0,1
W2587989711,2015,2011-2015,False,,False,,False,0,1
W1994087165,2015,2011-2015,True,True,False,,True,2,1
W2106640884,2015,2011-2015,True,True,True,True,False,1,1
W2125468432,2015,2011-2015,True,True,True,True,True,3,4
W2130761568,2015,2011-2015,True,True,True,True,False,1,1
W2142060794,2015,2011-2015,True,True,True,True,True,2,3
W2156569473,2015,2011-2015,True,True,True,True,True,4,3
W2338542958,2015,2011-2015,True,False,True,False,False,1,1
W1797846795,2015,2011-2015,True,False,True,True,True,2,1
W2152137519,2015,2011-2015,True,False,False,,False,1,1
W2289307281,2015,2011-2015,True,False,True,False,True,2,1
W2562005841,2015,2011-2015,True,True,True,True,True,2,1
W2181582127,2015,2011-2015,True,True,True,True,True,5,1
W2192165285,2015,2011-2015,True,False,True,False,True,3,1
W2201573493,2015,2011-2015,True,True,True,True,True,2,1
W2218430854,2015,2011-2015,True,True,True,True,True,3,1
W2253498187,2015,2011-2015,True,True,True,True,True,2,1
W2296369666,2015,2011-2015,True,True,True,True,False,1,1
W2567512486,2015,2011-2015,True,True,False,,True,2,1
W2582398917,2015,2011-2015,True,True,True,True,False,1,1
W3042344461,2015,2011-2015,True,True,False,,True,2,1
W4255773270,2015,2011-2015,False,,False,,False,0,1
W2263331096,2015,2011-2015,True,False,True,False,True,2,1
W2523941570,2015,2011-2015,True,False,True,False,False,1,1
W2211725992,2015,2011-2015,True,True,True,True,True,2,1
W3208879607,2015,2011-2015,False,,False,,False,0,1
W2394730866,2015,2011-2015,False,,False,,False,0,1
W2212946077,2016,2016-2020,False,,False,,False,1,5
W2223387210,2016,2016-2020,True,False,True,False,False,1,1
W2230519701,2016,2016-2020,True,False,True,False,False,1,1
W2254843374,2016,2016-2020,True,True,True,True,False,1,1
W2292481918,2016,2016-2020,True,True,True,True,False,1,1
W2307463174,2016,2016-2020,False,,False,,False,0,1
W2311860458,2016,2016-2020,True,True,False,,False,1,1
W2337100750,2016,2016-2020,False,,False,,False,0,1
W2342380416,2016,2016-2020,True,True,False,,False,1,1
W2344612985,2016,2016-2020,False,,False,,True,3,1
W2365785243,2016,2016-2020,False,,False,,False,0,1
W2402470598,2016,2016-2020,False,,False,,False,0,1
W2427638540,2016,2016-2020,True,True,False,,False,1,1
W2438322500,2016,2016-2020,False,,False,,False,0,1
W2460379404,2016,2016-2020,False,,False,,False,0,5
W2461063239,2016,2016-2020,True,False,True,False,False,1,1
W2471816411,2016,2016-2020,False,,False,,False,0,1
W2474303096,2016,2016-2020,True,True,False,,False,1,1
W2474958636,2016,2016-2020,True,True,True,True,False,1,1
W2475086501,2016,2016-2020,True,True,True,True,False,1,1
W2480361778,2016,2016-2020,False,,False,,False,0,1
W2487248097,2016,2016-2020,False,,False,,False,0,1
W2487833913,2016,2016-2020,False,,False,,False,0,1
W2492087385,2016,2016-2020,True,True,False,,False,1,1
W2504975721,2016,2016-2020,True,True,True,True,False,1,1
W2509678508,2016,2016-2020,True,True,True,True,False,1,1
W2513233816,2016,2016-2020,False,,False,,False,0,1
W2515372507,2016,2016-2020,False,,False,,False,0,1
W2528602003,2016,2016-2020,False,,False,,False,0,1
W2529157628,2016,2016-2020,True,True,True,True,False,1,1
W2529394815,2016,2016-2020,False,,False,,False,0,1
W2534252065,2016,2016-2020,False,,False,,False,0,1
W2535490604,2016,2016-2020,True,True,False,,True,2,1
W2536252253,2016,2016-2020,True,True,True,True,False,1,1
W2550890598,2016,2016-2020,False,,False,,False,0,2
W2554673817,2016,2016-2020,False,,False,,False,0,1
W2559008866,2016,2016-2020,True,True,True,True,False,1,1
W2561216374,2016,2016-2020,True,True,True,True,True,2,1
W2561904393,2016,2016-2020,True,False,False,,True,3,1
W2562453364,2016,2016-2020,False,,False,,False,0,1
W2564540276,2016,2016-2020,True,True,True,True,False,1,1
W2580489372,2016,2016-2020,False,,False,,False,0,1
W2581908402,2016,2016-2020,False,,False,,False,0,1
W2582147108,2016,2016-2020,False,,False,,False,0,1
W2586429110,2016,2016-2020,False,,False,,False,0,1
W2591425825,2016,2016-2020,False,,False,,False,0,1
W2605487746,2016,2016-2020,False,,False,,False,0,1
W2611891960,2016,2016-2020,False,,False,,False,0,1
W2726770052,2016,2016-2020,False,,False,,False,0,1
W2737108669,2016,2016-2020,False,,False,,False,0,1
W2770699973,2016,2016-2020,False,,False,,False,0,1
W2771197999,2016,2016-2020,False,,False,,False,0,1
W2782290825,2016,2016-2020,False,,False,,False,0,1
W2801290671,2016,2016-2020,False,,False,,False,0,1
W2808426764,2016,2016-2020,False,,False,,False,0,0
W2883441291,2016,2016-2020,False,,False,,False,0,0
W2906307625,2016,2016-2020,False,,False,,False,0,2
W2920908072,2016,2016-2020,False,,False,,False,0,1
W2945263894,2016,2016-2020,False,,False,,False,0,1
W2972633178,2016,2016-2020,True,True,False,,False,1,1
W2992450641,2016,2016-2020,False,,False,,False,0,1
W2992596952,2016,2016-2020,False,,False,,False,0,1
W3011559665,2016,2016-2020,True,True,False,,False,1,1
W3198241223,2016,2016-2020,True,True,True,True,False,1,1
W4244254597,2016,2016-2020,True,False,False,,True,3,1
W4251227402,2016,2016-2020,False,,False,,False,0,1
W4312855721,2016,2016-2020,True,True,False,,False,1,1
W4385501285,2016,2016-2020,False,,False,,False,0,1
W7115005514,2016,2016-2020,False,,False,,False,0,1
W7136211492,2016,2016-2020,False,,False,,False,0,1
W7136212903,2016,2016-2020,False,,False,,False,0,1
W7136215711,2016,2016-2020,False,,False,,False,0,1
W7136707658,2016,2016-2020,False,,False,,False,0,1
W7136721226,2016,2016-2020,False,,False,,False,0,1
W7137006106,2016,2016-2020,False,,False,,False,0,1
W7137141520,2016,2016-2020,False,,False,,False,0,1
W7137311982,2016,2016-2020,False,,False,,False,0,1
W7138086238,2016,2016-2020,False,,False,,False,0,1
W7138147908,2016,2016-2020,False,,False,,False,0,1
W2301983211,2016,2016-2020,True,False,True,False,True,2,1
W2199487874,2016,2016-2020,True,True,True,True,False,1,1
W2222938756,2016,2016-2020,True,True,True,True,False,1,1
W2183187734,2016,2016-2020,False,,False,,False,0,1
W2312705223,2016,2016-2020,True,True,False,,False,1,1
W2483870212,2016,2016-2020,True,True,False,,False,1,1
W2507463693,2016,2016-2020,True,True,False,,False,1,1
W2510363189,2016,2016-2020,True,True,False,,False,1,1
W2528788334,2016,2016-2020,True,True,False,,False,1,1
W2419482701,2016,2016-2020,True,False,True,False,True,2,1
W2280402124,2016,2016-2020,True,True,True,True,True,4,1
W2421735860,2016,2016-2020,True,True,True,True,True,2,1
W2267522389,2016,2016-2020,True,False,True,False,True,4,2
W2295721414,2016,2016-2020,True,False,True,False,True,9,1
W2271241286,2016,2016-2020,True,True,True,True,True,4,1
W2280103407,2016,2016-2020,False,,False,,False,0,1
W2262217868,2016,2016-2020,True,False,True,False,False,1,1
W2253274572,2016,2016-2020,True,False,True,False,False,1,1
W2273157563,2016,2016-2020,True,False,True,False,False,1,1
W2253381850,2016,2016-2020,True,True,True,True,True,3,1
W2286123824,2016,2016-2020,True,False,True,False,True,2,1
W2999726219,2016,2016-2020,False,,False,,False,0,1
W2287685961,2016,2016-2020,True,False,True,False,True,2,1
W2276256851,2016,2016-2020,True,True,True,True,False,1,1
W2274923879,2016,2016-2020,True,True,False,,False,1,1
W2301283074,2016,2016-2020,True,False,True,False,True,2,1
W2277644172,2016,2016-2020,True,True,True,True,True,2,1
W2291747207,2016,2016-2020,True,True,True,True,False,1,1
W2321654804,2016,2016-2020,True,False,True,False,True,3,1
W3210720459,2016,2016-2020,False,,False,,False,0,1
W2288701754,2016,2016-2020,True,True,False,,True,5,1
W2304820100,2016,2016-2020,True,False,False,,True,3,1
W2312737313,2016,2016-2020,True,False,True,False,False,1,1
W2306642494,2016,2016-2020,True,True,True,True,False,1,1
W3123656608,2016,2016-2020,True,False,True,False,True,2,1
W2335391580,2016,2016-2020,True,True,True,True,True,2,1
W2299786411,2016,2016-2020,True,False,False,,False,1,0
W2311822834,2016,2016-2020,True,True,False,,False,1,1
W2342092120,2016,2016-2020,False,,False,,False,0,1
W2949987756,2016,2016-2020,True,False,True,False,False,1,1
W2307300713,2016,2016-2020,True,False,False,,True,4,1
W2313174010,2016,2016-2020,True,False,True,False,False,1,1
W2322279434,2016,2016-2020,False,,False,,False,0,1
W3152766441,2016,2016-2020,False,,False,,False,0,1
W2323293975,2016,2016-2020,True,False,True,False,False,1,0
W2333083026,2016,2016-2020,True,False,True,False,True,2,1
W2410506874,2016,2016-2020,False,,False,,False,0,1
W2619536202,2016,2016-2020,True,True,True,True,False,1,1
W2336552023,2016,2016-2020,True,True,False,,True,2,1
W3124765954,2016,2016-2020,True,False,False,,True,3,1
W2337089838,2016,2016-2020,True,False,True,False,False,1,0
W2337316715,2016,2016-2020,True,False,True,False,False,1,0
W2337043991,2016,2016-2020,True,False,True,False,True,2,4
W2336186317,2016,2016-2020,True,True,True,True,True,3,1
W2412804565,2016,2016-2020,True,True,False,,False,1,1
W2534160660,2016,2016-2020,False,,False,,False,0,1
W2344596143,2016,2016-2020,True,True,True,True,True,2,1
W2344619033,2016,2016-2020,True,False,True,False,True,2,0
W2365953715,2016,2016-2020,True,True,False,,False,1,1
W2343978254,2016,2016-2020,True,True,True,False,True,4,1
W2396322846,2016,2016-2020,True,False,False,,True,2,1
W2515267473,2016,2016-2020,False,,False,,False,0,1
W2345910739,2016,2016-2020,True,False,True,False,True,2,1
W2346405048,2016,2016-2020,False,,False,,False,1,1
W2916141446,2016,2016-2020,False,,False,,False,0,1
W2390222880,2016,2016-2020,True,False,True,False,True,2,1
W2362242061,2016,2016-2020,True,True,True,True,True,4,1
W2385106589,2016,2016-2020,True,True,True,True,True,2,1
W2359957288,2016,2016-2020,True,True,True,True,False,1,1
W2407298198,2016,2016-2020,True,False,False,,True,3,1
W2407280185,2016,2016-2020,True,True,True,True,False,1,1
W2395870396,2016,2016-2020,True,True,True,True,True,2,1
W2740534111,2016,2016-2020,False,,False,,False,0,1
W2403732203,2016,2016-2020,True,True,True,True,True,2,1
W2395803230,2016,2016-2020,True,True,True,True,False,1,1
W2538313373,2016,2016-2020,True,True,True,True,False,1,1
W2411477586,2016,2016-2020,True,True,False,,False,1,1
W2442738580,2016,2016-2020,True,True,True,True,False,1,1
W2493499133,2016,2016-2020,True,True,True,True,False,1,1
W2534758525,2016,2016-2020,True,True,False,,True,3,1
W2901627033,2016,2016-2020,True,True,True,True,False,1,1
W2418112180,2016,2016-2020,True,True,True,True,False,1,1
W2409195149,2016,2016-2020,True,False,True,False,False,1,1
W2428402357,2016,2016-2020,True,True,True,True,True,3,1
W2427765979,2016,2016-2020,True,True,True,True,True,3,1
W2462440246,2016,2016-2020,True,True,False,,False,1,1
W2474120624,2016,2016-2020,True,False,True,False,True,4,1
W2514714494,2016,2016-2020,True,False,False,,True,2,1
W2533538495,2016,2016-2020,True,False,True,False,False,1,1
W2470755097,2016,2016-2020,True,False,True,False,False,1,1
W2529416020,2016,2016-2020,True,False,True,False,False,1,1
W2529512341,2016,2016-2020,True,False,False,,True,2,1
W2472846104,2016,2016-2020,True,True,True,False,True,3,1
W2466631715,2016,2016-2020,True,True,True,True,True,3,1
W2472851771,2016,2016-2020,True,True,True,True,True,4,1
W2490987350,2016,2016-2020,True,False,True,False,False,1,1
W2494780705,2016,2016-2020,True,True,False,,False,1,1
W2499780129,2016,2016-2020,True,True,True,True,True,3,1
W2601780659,2016,2016-2020,False,,False,,False,0,1
W2477608981,2016,2016-2020,True,True,True,True,False,1,1
W2475895157,2016,2016-2020,True,True,True,True,True,2,1
W318596442,2016,2016-2020,True,True,False,,True,2,1
W2508115828,2016,2016-2020,False,,False,,False,0,4
W2588218022,2016,2016-2020,False,,False,,False,0,1
W2482758816,2016,2016-2020,True,True,True,True,False,1,1
W2500072955,2016,2016-2020,True,False,True,False,False,1,1
W2495051805,2016,2016-2020,True,True,True,True,False,1,1
W2495890517,2016,2016-2020,True,True,True,False,True,2,1
W2514530321,2016,2016-2020,False,,False,,False,0,1
W2508688171,2016,2016-2020,True,True,True,True,False,1,1
W2512648470,2016,2016-2020,True,False,True,False,True,2,1
W2511222657,2016,2016-2020,True,False,True,False,True,3,1
W2512356521,2016,2016-2020,True,False,True,False,True,2,0
W2511635158,2016,2016-2020,True,True,True,True,True,3,1
W2507907290,2016,2016-2020,True,True,True,True,True,2,1
W2510826209,2016,2016-2020,False,,False,,False,0,0
W7116599270,2016,2016-2020,False,,False,,False,0,1
W2510003349,2016,2016-2020,True,True,True,True,False,1,1
W2515812925,2016,2016-2020,True,True,True,True,False,1,1
W2516489230,2016,2016-2020,True,True,True,True,False,1,1
W2511499588,2016,2016-2020,True,True,True,True,False,1,1
W2517668233,2016,2016-2020,True,True,True,True,True,2,0
W2518975948,2016,2016-2020,False,,True,False,True,8,5
W2526285318,2016,2016-2020,True,True,True,True,False,1,1
W2510826594,2016,2016-2020,True,True,True,True,True,2,1
W4232421491,2016,2016-2020,True,True,True,True,True,2,1
W7128364057,2016,2016-2020,True,True,False,,False,1,1
W7128376709,2016,2016-2020,True,True,False,,False,1,1
W2519013430,2016,2016-2020,True,True,True,True,True,2,1
W2544445151,2016,2016-2020,True,True,False,,False,1,1
W2523250547,2016,2016-2020,True,True,False,,False,1,1
W2521338787,2016,2016-2020,True,True,True,True,True,2,1
W2597769987,2016,2016-2020,False,,False,,False,0,1
W1833028039,2016,2016-2020,True,False,False,,False,1,1
W2527316544,2016,2016-2020,True,False,True,False,True,2,1
W2529661385,2016,2016-2020,True,True,False,,True,3,1
W2608731741,2016,2016-2020,True,False,False,,False,1,1
W2743455550,2016,2016-2020,False,,False,,False,0,1
W7116593278,2016,2016-2020,False,,False,,False,0,1
W2527943966,2016,2016-2020,True,True,True,True,False,1,1
W2528775703,2016,2016-2020,True,False,True,False,False,1,2
W2528430532,2016,2016-2020,True,False,True,False,True,4,1
W2530009226,2016,2016-2020,True,True,True,True,True,3,1
W2535609127,2016,2016-2020,True,True,True,True,True,3,1
W2724598942,2016,2016-2020,True,True,False,,False,1,1
W2531745890,2016,2016-2020,True,False,True,False,True,3,1
W7209155440,2016,2016-2020,False,,False,,False,0,1
W2536600676,2016,2016-2020,True,False,True,True,True,3,1
W2533222366,2016,2016-2020,True,False,True,False,True,2,1
W2565481121,2016,2016-2020,True,False,False,,False,1,0
W2540386007,2016,2016-2020,True,False,True,False,False,1,1
W2543264325,2016,2016-2020,True,True,False,,False,1,1
W2543431069,2016,2016-2020,True,True,True,True,False,1,0
W2545581757,2016,2016-2020,True,True,False,,False,1,1
W2547015391,2016,2016-2020,True,True,True,True,False,1,1
W2560469668,2016,2016-2020,True,True,False,,True,3,1
W2916916436,2016,2016-2020,False,,False,,False,0,1
W2546981177,2016,2016-2020,True,False,True,False,True,2,0
W2546600682,2016,2016-2020,True,True,True,True,True,3,1
W2549703245,2016,2016-2020,True,True,True,True,True,2,1
W2554628493,2016,2016-2020,True,True,True,True,False,1,1
W2551591262,2016,2016-2020,True,False,True,False,False,1,1
W2556499396,2016,2016-2020,True,False,True,False,False,1,1
W2553993186,2016,2016-2020,True,True,True,True,False,1,1
W2551325642,2016,2016-2020,True,True,True,True,False,1,1
W2587588226,2016,2016-2020,False,,False,,False,0,1
W2550464690,2016,2016-2020,True,False,True,False,True,2,1
W2558562296,2016,2016-2020,True,False,True,False,True,3,1
W2560099763,2016,2016-2020,True,False,False,,True,2,1
W2560111223,2016,2016-2020,True,True,True,True,False,1,1
W2560671064,2016,2016-2020,True,True,True,True,True,2,1
W2568331873,2016,2016-2020,True,True,True,True,False,1,5
W3124491661,2016,2016-2020,False,,False,,False,0,1
W2560166614,2016,2016-2020,True,False,True,False,False,1,1
W2561027321,2016,2016-2020,True,True,False,,True,3,1
W2563207489,2016,2016-2020,True,True,False,,False,1,1
W2591955934,2016,2016-2020,False,,False,,False,0,1
W2889793610,2016,2016-2020,False,,False,,False,0,1
W2561498224,2016,2016-2020,True,True,True,True,True,2,1
W2561759926,2017,2016-2020,True,False,True,False,True,5,1
W2589968075,2017,2016-2020,False,,False,,False,0,1
W2593051949,2017,2016-2020,False,,False,,False,0,1
W2601147609,2017,2016-2020,False,,False,,False,0,3
W2605344441,2017,2016-2020,False,,False,,False,0,1
W2606497959,2017,2016-2020,False,,False,,False,0,1
W2607321409,2017,2016-2020,True,True,True,True,False,1,1
W2608221796,2017,2016-2020,True,True,False,,True,2,1
W2609963187,2017,2016-2020,True,True,True,True,False,1,1
W2611860875,2017,2016-2020,True,True,True,True,False,1,1
W2611908040,2017,2016-2020,False,,False,,False,0,1
W2613475274,2017,2016-2020,True,True,True,True,True,3,1
W2613534620,2017,2016-2020,True,True,True,True,False,1,1
W2614520124,2017,2016-2020,True,True,False,,False,1,1
W2615052556,2017,2016-2020,False,,False,,False,0,1
W2619036448,2017,2016-2020,True,True,True,True,False,1,1
W2621392735,2017,2016-2020,True,True,True,True,True,3,1
W2624708287,2017,2016-2020,True,False,True,False,True,2,1
W2625418049,2017,2016-2020,False,,False,,False,0,1
W2633228266,2017,2016-2020,True,True,True,True,False,1,1
W2735162919,2017,2016-2020,True,False,False,,False,1,1
W2735248694,2017,2016-2020,False,,False,,False,0,1
W2736252376,2017,2016-2020,False,,False,,False,0,1
W2739113619,2017,2016-2020,True,True,True,True,False,1,1
W2739185997,2017,2016-2020,False,,False,,False,0,1
W2740567218,2017,2016-2020,True,True,True,True,False,1,1
W2750776754,2017,2016-2020,False,,False,,False,0,1
W2752902565,2017,2016-2020,True,True,False,,False,1,1
W2753254784,2017,2016-2020,False,,False,,False,0,1
W2754132282,2017,2016-2020,True,True,False,,True,2,1
W2755058018,2017,2016-2020,False,,False,,False,0,1
W2756359813,2017,2016-2020,False,,False,,False,0,1
W2763339524,2017,2016-2020,False,,False,,False,0,1
W2765481075,2017,2016-2020,False,,False,,False,0,1
W2766014025,2017,2016-2020,True,True,False,,False,1,1
W2771304357,2017,2016-2020,False,,False,,False,0,1
W2772574040,2017,2016-2020,True,True,False,,False,1,1
W2777727734,2017,2016-2020,False,,False,,False,0,1
W2778069658,2017,2016-2020,True,True,True,True,True,2,1
W2784753020,2017,2016-2020,False,,False,,False,0,1
W2791907158,2017,2016-2020,False,,False,,False,0,1
W2801115097,2017,2016-2020,True,True,True,True,False,1,1
W2889386303,2017,2016-2020,False,,False,,False,0,1
W2890316301,2017,2016-2020,False,,False,,False,0,1
W2891025408,2017,2016-2020,False,,False,,False,0,1
W2902162433,2017,2016-2020,False,,False,,False,0,1
W2913810552,2017,2016-2020,True,True,True,True,False,1,1
W2944829345,2017,2016-2020,False,,False,,False,0,1
W2950658418,2017,2016-2020,False,,False,,False,0,1
W2954482693,2017,2016-2020,False,,False,,False,0,1
W2957825933,2017,2016-2020,False,,False,,False,0,1
W3000398837,2017,2016-2020,True,True,True,True,False,1,1
W3166595318,2017,2016-2020,False,,False,,False,0,1
W3196264445,2017,2016-2020,False,,False,,False,0,1
W3216902788,2017,2016-2020,False,,False,,False,0,1
W4239250375,2017,2016-2020,True,False,False,,False,1,1
W4394742800,2017,2016-2020,False,,False,,False,0,1
W7135376395,2017,2016-2020,False,,False,,False,0,1
W7135395170,2017,2016-2020,False,,False,,False,0,1
W7136034570,2017,2016-2020,False,,False,,False,0,1
W7136036203,2017,2016-2020,False,,False,,False,0,1
W7136041439,2017,2016-2020,False,,False,,False,0,1
W7136044770,2017,2016-2020,False,,False,,False,0,1
W7136047973,2017,2016-2020,False,,False,,False,0,1
W7136048261,2017,2016-2020,False,,False,,False,0,1
W7136048620,2017,2016-2020,False,,False,,False,0,1
W7136048711,2017,2016-2020,False,,False,,False,0,1
W7136049278,2017,2016-2020,False,,False,,False,0,1
W7136050627,2017,2016-2020,False,,False,,False,0,1
W7136052555,2017,2016-2020,False,,False,,False,0,1
W7136054211,2017,2016-2020,False,,False,,False,0,1
W7136054828,2017,2016-2020,False,,False,,False,0,1
W7136064215,2017,2016-2020,False,,False,,False,0,1
W7136064342,2017,2016-2020,False,,False,,False,0,1
W7136064904,2017,2016-2020,False,,False,,False,0,1
W7136066483,2017,2016-2020,False,,False,,False,0,1
W7136069662,2017,2016-2020,False,,False,,False,0,1
W7136077803,2017,2016-2020,False,,False,,False,0,1
W7136089594,2017,2016-2020,False,,False,,False,0,1
W7144154890,2017,2016-2020,False,,False,,False,0,1
W2594851752,2017,2016-2020,True,True,True,True,False,1,1
W2576666497,2017,2016-2020,False,,False,,False,0,1
W2569146336,2017,2016-2020,True,False,True,False,True,2,1
W2589108807,2017,2016-2020,True,True,False,,False,1,1
W2590740682,2017,2016-2020,True,True,False,,False,1,1
W2594340297,2017,2016-2020,True,True,False,,False,1,1
W2606439205,2017,2016-2020,True,True,False,,False,1,1
W2620656503,2017,2016-2020,True,True,False,,False,1,1
W2623205387,2017,2016-2020,True,True,False,,False,1,1
W2737518220,2017,2016-2020,True,True,True,True,False,1,1
W7115036009,2017,2016-2020,False,,False,,False,0,1
W2575512411,2017,2016-2020,True,True,True,True,False,1,1
W2576809816,2017,2016-2020,True,True,True,True,True,2,3
W2571560806,2017,2016-2020,True,False,True,False,True,2,1
W2336295655,2017,2016-2020,True,False,True,False,True,2,1
W2584890984,2017,2016-2020,False,,False,,False,0,1
W2580015894,2017,2016-2020,True,False,True,False,False,1,1
W2580242591,2017,2016-2020,True,False,True,False,True,4,1
W2549625881,2017,2016-2020,False,,True,False,False,1,1
W2581455737,2017,2016-2020,True,True,True,True,True,3,1
W2582358001,2017,2016-2020,True,True,True,True,False,1,1
W4232919638,2017,2016-2020,True,True,False,,False,1,1
W2586978861,2017,2016-2020,True,True,True,True,False,1,1
W2585057317,2017,2016-2020,True,False,True,False,True,2,1
W2585592226,2017,2016-2020,True,True,True,True,False,1,1
W2585785940,2017,2016-2020,True,False,True,False,True,2,1
W2587114702,2017,2016-2020,True,True,True,True,True,3,1
W2587739600,2017,2016-2020,True,True,True,True,False,1,1
W2598319394,2017,2016-2020,True,True,True,True,True,3,1
W2771796474,2017,2016-2020,False,,False,,False,0,1
W2587040090,2017,2016-2020,True,True,True,True,False,1,1
W2587723691,2017,2016-2020,True,True,True,True,True,4,1
W2593017794,2017,2016-2020,False,,False,,False,0,1
W2588801820,2017,2016-2020,True,True,True,True,True,4,1
W2592480739,2017,2016-2020,True,False,True,False,False,1,1
W2588511645,2017,2016-2020,True,False,True,False,True,2,1
W2589973700,2017,2016-2020,True,False,True,False,True,2,1
W2591003523,2017,2016-2020,True,True,True,False,True,3,1
W2589876326,2017,2016-2020,True,False,True,False,True,3,1
W2594909438,2017,2016-2020,True,False,True,False,True,2,1
W2593824445,2017,2016-2020,True,True,True,True,False,1,1
W2604674125,2017,2016-2020,True,False,False,,False,1,1
W2745760071,2017,2016-2020,False,,False,,False,0,1
W3198445644,2017,2016-2020,False,,False,,False,0,1
W3125873391,2017,2016-2020,True,False,True,False,False,1,1
W2803986997,2017,2016-2020,True,True,True,True,False,1,1
W2596338535,2017,2016-2020,True,False,True,False,False,1,1
W2595517553,2017,2016-2020,True,True,True,True,True,2,1
W2606118915,2017,2016-2020,True,False,True,False,True,2,1
W2598744999,2017,2016-2020,True,True,False,,False,1,1
W2598082505,2017,2016-2020,True,False,True,False,True,2,0
W2602623443,2017,2016-2020,True,False,True,False,True,4,0
W2601005047,2017,2016-2020,True,True,True,True,True,3,1
W2601794133,2017,2016-2020,True,True,False,,True,5,1
W2725151974,2017,2016-2020,True,True,False,,False,1,1
W4302594010,2017,2016-2020,True,True,True,True,False,1,1
W3200185690,2017,2016-2020,True,True,False,,False,1,1
W4298338034,2017,2016-2020,True,True,False,,False,1,1
W2606075880,2017,2016-2020,True,False,False,,False,1,1
W2608780141,2017,2016-2020,False,,False,,False,0,1
W3045281639,2017,2016-2020,False,,False,,False,0,1
W2605154842,2017,2016-2020,True,True,True,True,True,3,1
W2604132984,2017,2016-2020,True,False,True,False,False,1,2
W2604411311,2017,2016-2020,True,False,True,False,True,2,0
W2616192098,2017,2016-2020,True,False,False,,True,4,1
W2605428344,2017,2016-2020,True,True,True,True,True,12,0
W2607038984,2017,2016-2020,True,True,True,True,True,3,0
W2606081124,2017,2016-2020,True,False,True,False,False,1,2
W2606664208,2017,2016-2020,True,True,True,True,False,1,1
W2616977035,2017,2016-2020,False,,True,False,False,1,0
W2609475251,2017,2016-2020,True,True,False,,False,1,1
W2607847662,2017,2016-2020,True,True,True,True,False,1,1
W3009923430,2017,2016-2020,False,,False,,False,0,1
W2610218673,2017,2016-2020,True,True,False,,False,1,5
W2916077594,2017,2016-2020,False,,False,,False,0,1
W2612092231,2017,2016-2020,True,False,True,False,True,3,1
W2612727779,2017,2016-2020,True,True,True,True,False,1,1
W2613037625,2017,2016-2020,True,True,True,True,False,1,1
W2611345347,2017,2016-2020,False,,False,,False,1,1
W2618177743,2017,2016-2020,True,True,True,True,True,4,1
W2738833087,2017,2016-2020,True,False,True,False,True,3,1
W2614279385,2017,2016-2020,True,True,True,True,False,1,1
W2667482853,2017,2016-2020,True,False,True,False,False,1,1
W2617238115,2017,2016-2020,True,True,True,True,False,1,1
W2618659287,2017,2016-2020,True,True,True,True,True,2,1
W2617834844,2017,2016-2020,True,True,True,True,True,2,1
W2223015541,2017,2016-2020,True,True,True,True,False,1,1
W2562959475,2017,2016-2020,True,False,True,False,False,1,1
W2622398615,2017,2016-2020,True,True,False,,False,1,1
W2625911727,2017,2016-2020,True,True,False,,False,1,1
W2795497759,2017,2016-2020,False,,False,,False,0,1
W2888392489,2017,2016-2020,False,,False,,False,0,1
W2992805467,2017,2016-2020,True,False,True,False,False,1,0
W4302810322,2017,2016-2020,True,True,False,,False,1,1
W4384881273,2017,2016-2020,False,,False,,False,0,1
W2621009304,2017,2016-2020,True,False,True,False,True,3,1
W2521603034,2017,2016-2020,True,False,True,False,True,2,0
W2611637852,2017,2016-2020,True,True,True,True,False,1,1
W2623124580,2017,2016-2020,True,True,True,True,True,3,1
W2619025101,2017,2016-2020,True,True,True,True,False,1,7
W2694860238,2017,2016-2020,True,True,True,True,True,2,1
W2690203876,2017,2016-2020,True,True,True,True,False,1,1
W2622661755,2017,2016-2020,True,True,True,True,False,1,1
W2724739629,2017,2016-2020,False,,False,,False,0,1
W2951731023,2017,2016-2020,False,,False,,False,0,1
W3017493735,2017,2016-2020,False,,False,,False,0,1
W2735529749,2017,2016-2020,True,True,True,True,False,1,3
W3104157859,2017,2016-2020,False,,False,,False,0,1
W2729517813,2017,2016-2020,True,False,True,False,True,2,1
W2731511931,2017,2016-2020,True,True,False,,True,2,1
W2725164125,2017,2016-2020,True,True,True,True,False,1,1
W2729724181,2017,2016-2020,True,False,True,False,True,2,1
W2734528270,2017,2016-2020,False,,False,,False,0,1
W2735065805,2017,2016-2020,True,True,True,True,True,2,1
W2735888361,2017,2016-2020,False,,False,,False,0,1
W2736151623,2017,2016-2020,True,True,True,False,True,3,3
W2737522270,2017,2016-2020,True,True,False,,True,2,1
W2738294730,2017,2016-2020,True,True,True,False,True,2,1
W2740474871,2017,2016-2020,True,True,True,True,True,2,1
W2741077359,2017,2016-2020,True,True,True,True,True,3,1
W2742970456,2017,2016-2020,True,False,True,False,True,3,1
W3102853149,2017,2016-2020,False,,False,,False,0,1
W2744409800,2017,2016-2020,True,False,True,False,True,2,1
W2743992781,2017,2016-2020,True,False,True,False,False,1,1
W2744260351,2017,2016-2020,True,False,True,False,False,1,1
W2765087592,2017,2016-2020,True,True,True,True,False,1,1
W2742575526,2017,2016-2020,True,True,False,,True,2,1
W2750152956,2017,2016-2020,False,,False,,False,1,1
W2758217916,2017,2016-2020,True,False,True,False,False,1,1
W2736724982,2017,2016-2020,True,False,True,False,False,1,1
W2751343588,2017,2016-2020,True,True,False,,False,1,1
W2750969357,2017,2016-2020,True,True,True,True,True,2,1
W2755592242,2017,2016-2020,False,,False,,False,0,2
W2757599760,2017,2016-2020,True,False,True,False,True,3,0
W2795234188,2017,2016-2020,True,True,False,,False,1,1
W2751259005,2017,2016-2020,True,False,True,False,False,1,1
W2752690999,2017,2016-2020,True,False,True,False,True,4,1
W2752556434,2017,2016-2020,True,True,True,True,True,2,1
W2751639243,2017,2016-2020,True,False,True,False,True,3,1
W2754955793,2017,2016-2020,True,True,True,True,True,2,1
W2755046274,2017,2016-2020,True,True,True,True,False,1,1
W2126120445,2017,2016-2020,True,False,True,False,True,3,1
W2756449730,2017,2016-2020,True,True,True,True,False,1,1
W2759413229,2017,2016-2020,True,True,True,True,True,3,1
W2759696865,2017,2016-2020,True,True,True,True,True,2,1
W2765081836,2017,2016-2020,True,False,True,False,True,2,1
W2758803729,2017,2016-2020,True,False,True,False,False,1,1
W3129300496,2017,2016-2020,False,,False,,False,0,1
W2758254055,2017,2016-2020,True,True,True,True,True,3,1
W2757624671,2017,2016-2020,True,True,False,,False,1,1
W2759280129,2017,2016-2020,True,True,True,True,False,1,1
W2767068830,2017,2016-2020,True,False,True,False,True,2,1
W2762386757,2017,2016-2020,False,,False,,False,0,1
W2952996237,2017,2016-2020,False,,False,,False,0,1
W2766382315,2017,2016-2020,True,False,True,False,False,1,1
W2767023186,2017,2016-2020,True,True,False,,False,1,1
W2767079954,2017,2016-2020,True,True,False,,False,1,1
W2761401122,2017,2016-2020,True,True,True,True,False,1,1
W2762488870,2017,2016-2020,True,True,False,,False,1,1
W2775704861,2017,2016-2020,False,,False,,False,0,1
W3121610914,2017,2016-2020,True,False,True,False,False,1,1
W2766048625,2017,2016-2020,True,False,True,False,True,2,1
W2771380940,2017,2016-2020,True,True,False,,False,1,1
W2766578172,2017,2016-2020,True,True,False,,True,2,1
W2765173896,2017,2016-2020,False,,False,,False,0,1
W2765249305,2017,2016-2020,True,False,True,False,True,2,1
W2765577229,2017,2016-2020,True,True,True,False,True,2,1
W2770047670,2017,2016-2020,True,False,True,False,True,2,1
W2765165796,2017,2016-2020,True,True,True,True,True,2,1
W2770518721,2017,2016-2020,True,False,True,False,True,2,1
W2765595380,2017,2016-2020,True,True,False,,False,1,1
W2765740714,2017,2016-2020,True,False,True,False,True,2,1
W2798142707,2017,2016-2020,True,True,False,,False,1,1
W2885223811,2017,2016-2020,False,,False,,False,0,1
W2765785439,2017,2016-2020,True,True,True,True,False,1,1
W2775825777,2017,2016-2020,True,True,True,True,False,1,1
W2782677493,2017,2016-2020,True,True,True,True,True,2,5
W2902363325,2017,2016-2020,False,,False,,False,0,1
W2770169553,2017,2016-2020,True,True,True,True,True,2,1
W2769186987,2017,2016-2020,True,True,True,True,True,2,1
W2770086481,2017,2016-2020,True,True,True,True,True,2,1
W2768131485,2017,2016-2020,True,True,True,True,True,2,1
W2768656513,2017,2016-2020,False,,False,,False,0,1
W2769955085,2017,2016-2020,True,False,True,False,True,2,0
W2770096524,2017,2016-2020,True,False,True,False,False,1,1
W2768653505,2017,2016-2020,True,False,True,False,True,2,1
W2768821600,2017,2016-2020,False,,False,,False,0,1
W2770706529,2017,2016-2020,True,False,True,True,True,4,1
W2780496980,2017,2016-2020,True,True,True,True,True,2,1
W2774498340,2017,2016-2020,False,,False,,False,0,1
W2774714536,2017,2016-2020,True,True,True,True,True,2,1
W2779352005,2017,2016-2020,True,True,True,True,False,1,1
W2780946768,2017,2016-2020,True,False,True,True,True,5,5
W2797351793,2017,2016-2020,True,True,False,,False,1,1
W2771168715,2017,2016-2020,True,True,True,True,True,2,1
W2773930251,2017,2016-2020,True,True,False,,False,1,1
W2771072182,2017,2016-2020,False,,False,,False,0,1
W2773354292,2017,2016-2020,True,False,True,False,True,3,1
W2776579146,2017,2016-2020,False,,False,,False,0,1
W2774462176,2017,2016-2020,True,False,True,False,True,2,0
W2594773259,2017,2016-2020,True,True,False,,False,1,0
W3023615305,2017,2016-2020,True,False,True,False,False,1,1
W2776106072,2017,2016-2020,True,False,True,False,False,1,1
W2776002908,2017,2016-2020,True,False,True,False,True,2,1
W2779765605,2017,2016-2020,False,,False,,True,2,1
W2781689495,2017,2016-2020,True,False,True,False,False,1,1
W2782987071,2017,2016-2020,True,False,True,False,True,2,1
W2782129131,2017,2016-2020,False,,False,,False,0,1
W2338482348,2018,2016-2020,False,,False,,False,0,1
W2781723624,2018,2016-2020,True,False,True,False,True,2,4
W2782389958,2018,2016-2020,True,False,False,,True,2,1
W2782578447,2018,2016-2020,True,True,True,True,False,1,1
W2786220370,2018,2016-2020,True,True,True,True,True,3,1
W2786412850,2018,2016-2020,False,,False,,False,0,1
W2786497384,2018,2016-2020,True,False,True,False,False,1,0
W2786765055,2018,2016-2020,True,True,True,True,True,2,1
W2786984624,2018,2016-2020,False,,False,,False,0,1
W2789783047,2018,2016-2020,False,,False,,False,0,1
W2790049676,2018,2016-2020,False,,False,,False,0,1
W2791796883,2018,2016-2020,True,True,True,True,True,2,1
W2792809942,2018,2016-2020,True,True,True,True,False,1,1
W2796822199,2018,2016-2020,False,,False,,False,0,1
W2799512877,2018,2016-2020,False,,False,,False,0,1
W2800026610,2018,2016-2020,True,False,False,,False,1,1
W2800631693,2018,2016-2020,True,True,False,,False,1,1
W2800654492,2018,2016-2020,False,,False,,False,0,1
W2803041350,2018,2016-2020,True,True,False,,False,1,1
W2806559860,2018,2016-2020,True,True,True,True,False,1,1
W2814420259,2018,2016-2020,False,,False,,False,0,1
W2873794843,2018,2016-2020,False,,False,,False,0,1
W2885597453,2018,2016-2020,True,True,False,,False,1,1
W2886600856,2018,2016-2020,True,False,False,,True,2,1
W2889350751,2018,2016-2020,False,,False,,False,1,1
W2889857550,2018,2016-2020,False,,False,,False,0,1
W2890350372,2018,2016-2020,False,,False,,False,0,1
W2894834931,2018,2016-2020,True,True,True,True,True,2,1
W2895434880,2018,2016-2020,True,True,True,True,False,1,1
W2897089066,2018,2016-2020,False,,False,,False,0,1
W2897450480,2018,2016-2020,True,False,False,,True,2,1
W2901228496,2018,2016-2020,True,True,True,True,True,2,1
W2901446412,2018,2016-2020,True,True,False,,False,1,1
W2904394018,2018,2016-2020,True,True,False,,False,1,1
W2914252414,2018,2016-2020,False,,False,,False,0,1
W2914595624,2018,2016-2020,True,True,True,True,False,1,1
W2915867789,2018,2016-2020,False,,False,,False,0,1
W2919150012,2018,2016-2020,True,True,True,True,False,1,1
W2922765297,2018,2016-2020,False,,False,,False,0,1
W2924957690,2018,2016-2020,False,,False,,False,0,1
W2935809295,2018,2016-2020,False,,False,,False,0,1
W2936668263,2018,2016-2020,True,True,True,True,False,1,1
W2949478803,2018,2016-2020,False,,False,,False,0,1
W2951297010,2018,2016-2020,False,,False,,False,0,1
W2956639342,2018,2016-2020,False,,False,,False,0,0
W2960594010,2018,2016-2020,False,,False,,False,0,1
W3002253753,2018,2016-2020,False,,False,,False,0,1
W3031379865,2018,2016-2020,False,,False,,False,0,1
W3044007174,2018,2016-2020,False,,False,,False,0,1
W3124495674,2018,2016-2020,False,,False,,False,0,1
W3157699783,2018,2016-2020,True,True,True,True,False,1,1
W3171899638,2018,2016-2020,False,,False,,False,0,1
W3174964368,2018,2016-2020,False,,False,,False,0,1
W3206024867,2018,2016-2020,False,,False,,False,0,1
W4247432748,2018,2016-2020,True,True,False,,False,1,1
W2783134897,2018,2016-2020,True,True,False,,True,4,1
W2783170109,2018,2016-2020,True,True,True,False,True,2,1
W2782594514,2018,2016-2020,True,False,True,False,True,4,1
W850429234,2018,2016-2020,True,False,True,True,True,3,1
W2782664530,2018,2016-2020,True,True,True,True,True,2,1
W2783439708,2018,2016-2020,True,False,True,False,False,1,3
W2793146379,2018,2016-2020,True,False,True,False,False,1,1
W2785380028,2018,2016-2020,True,True,False,,True,5,1
W2980722554,2018,2016-2020,True,True,False,,True,4,1
W2786117346,2018,2016-2020,True,True,True,True,True,2,1
W2787359055,2018,2016-2020,True,True,True,True,True,3,1
W2787082714,2018,2016-2020,True,True,True,True,True,4,1
W2789049942,2018,2016-2020,True,False,True,False,False,1,1
W2789214588,2018,2016-2020,True,False,True,False,False,1,1
W2789286722,2018,2016-2020,True,True,True,True,True,2,1
W3092340648,2018,2016-2020,True,True,False,,False,1,1
W4302401721,2018,2016-2020,True,True,False,,False,1,1
W2788149713,2018,2016-2020,True,True,True,True,True,3,1
W2788184458,2018,2016-2020,True,True,True,True,True,3,1
W2788657075,2018,2016-2020,False,,False,,False,0,1
W2791541873,2018,2016-2020,True,False,True,False,False,1,1
W2793010825,2018,2016-2020,True,False,True,False,False,1,1
W2794150731,2018,2016-2020,True,False,True,False,False,1,1
W2921349471,2018,2016-2020,False,,False,,False,0,1
W4299511590,2018,2016-2020,True,False,False,,False,1,1
W2789892463,2018,2016-2020,True,True,True,True,True,3,1
W2805997730,2018,2016-2020,False,,False,,False,0,1
W2787071398,2018,2016-2020,True,False,True,False,False,1,0
W2789856579,2018,2016-2020,True,True,True,True,False,1,1
W2793114352,2018,2016-2020,True,True,True,True,False,1,1
W2789475861,2018,2016-2020,True,False,True,False,False,1,1
W2790502811,2018,2016-2020,True,False,True,False,False,1,1
W2806554384,2018,2016-2020,True,True,True,True,False,1,1
W2790454730,2018,2016-2020,True,False,True,False,False,1,1
W2792486039,2018,2016-2020,False,,False,,False,0,1
W2790351289,2018,2016-2020,True,False,True,False,False,1,1
W2794227554,2018,2016-2020,True,True,True,True,False,1,1
W2793161995,2018,2016-2020,True,False,True,False,True,2,2
W2789670387,2018,2016-2020,True,True,True,True,False,1,1
W3090639588,2018,2016-2020,True,True,False,,False,1,1
W4300999994,2018,2016-2020,True,True,False,,False,1,1
W2791534840,2018,2016-2020,True,True,True,False,True,3,1
W2791889803,2018,2016-2020,True,True,True,True,False,1,1
W2792376555,2018,2016-2020,True,False,True,False,True,4,1
W2944747604,2018,2016-2020,True,True,True,True,False,1,1
W2774494523,2018,2016-2020,False,,False,,False,0,1
W2797940964,2018,2016-2020,True,True,True,True,True,2,1
W2791790003,2018,2016-2020,True,False,True,False,True,2,0
W2794403447,2018,2016-2020,True,False,True,False,True,2,1
W2792953063,2018,2016-2020,True,True,False,,True,2,1
W2805505463,2018,2016-2020,True,True,True,True,True,2,1
W2790335437,2018,2016-2020,True,True,True,True,False,1,1
W2912388020,2018,2016-2020,False,,False,,False,0,1
W2795021851,2018,2016-2020,False,,False,,False,0,1
W2795007196,2018,2016-2020,True,False,True,False,False,1,1
W2914450528,2018,2016-2020,True,True,True,True,False,1,1
W2800431377,2018,2016-2020,True,False,True,False,False,1,1
W2805325779,2018,2016-2020,False,,False,,False,0,1
W2895514828,2018,2016-2020,True,True,False,,False,1,1
W2980540193,2018,2016-2020,False,,False,,False,0,1
W4241684912,2018,2016-2020,False,,False,,False,0,1
W2795671690,2018,2016-2020,True,False,True,False,True,2,1
W2807632235,2018,2016-2020,True,True,True,True,False,1,1
W2797129769,2018,2016-2020,True,True,True,True,True,3,1
W2802889637,2018,2016-2020,True,False,True,False,False,1,1
W2800902222,2018,2016-2020,True,True,True,True,False,1,1
W2804953991,2018,2016-2020,True,True,True,True,False,1,1
W2799888224,2018,2016-2020,True,False,True,False,False,1,0
W2801332385,2018,2016-2020,False,,False,,False,1,1
W7204225902,2018,2016-2020,True,False,True,False,False,1,0
W2799360640,2018,2016-2020,True,True,True,True,True,2,1
W2805568502,2018,2016-2020,True,False,True,False,False,1,1
W2800479309,2018,2016-2020,True,False,True,False,True,3,1
W2892476810,2018,2016-2020,False,,False,,False,0,1
W2800929401,2018,2016-2020,True,False,True,False,True,2,1
W2810464685,2018,2016-2020,False,,False,,False,0,1
W2923453059,2018,2016-2020,False,,False,,False,0,1
W2799852355,2018,2016-2020,True,True,True,True,True,2,1
W2800094334,2018,2016-2020,True,False,True,False,True,3,1
W3039747294,2018,2016-2020,True,True,True,True,False,1,1
W2802605114,2018,2016-2020,True,False,True,False,True,4,1
W2800358593,2018,2016-2020,True,True,True,True,False,1,1
W2801838590,2018,2016-2020,True,True,True,True,False,1,1
W2803144492,2018,2016-2020,True,True,True,True,True,2,1
W2805032000,2018,2016-2020,True,False,True,False,True,2,1
W2805038985,2018,2016-2020,True,False,True,False,True,2,3
W2808666109,2018,2016-2020,True,False,True,False,False,1,2
W2804103463,2018,2016-2020,True,True,True,False,True,2,1
W3097329950,2018,2016-2020,False,,False,,False,0,1
W2805196360,2018,2016-2020,True,False,True,False,False,1,1
W2804395384,2018,2016-2020,True,True,True,True,True,3,1
W2806623687,2018,2016-2020,True,True,True,True,True,2,1
W4300513427,2018,2016-2020,True,True,False,,True,2,1
W2807464039,2018,2016-2020,True,True,True,True,False,1,1
W2805793843,2018,2016-2020,False,,False,,False,0,1
W2810101634,2018,2016-2020,True,True,True,False,True,3,1
W3012681248,2018,2016-2020,False,,False,,False,0,1
W3035836137,2018,2016-2020,True,True,False,,False,1,1
W3174167283,2018,2016-2020,False,,False,,False,0,0
W2805559507,2018,2016-2020,True,True,False,,False,1,1
W2806266374,2018,2016-2020,True,True,True,True,True,2,1
W2807127125,2018,2016-2020,True,False,True,False,True,3,1
W2809345172,2018,2016-2020,False,,False,,False,0,1
W2950357024,2018,2016-2020,False,,False,,False,0,1
W2808621406,2018,2016-2020,True,False,True,False,True,2,1
W2808867063,2018,2016-2020,True,True,True,True,False,1,3
W2895383943,2018,2016-2020,True,True,True,True,False,1,1
W3047071203,2018,2016-2020,False,,False,,False,0,1
W3199319589,2018,2016-2020,True,True,False,,False,1,1
W2887219841,2018,2016-2020,True,False,True,False,False,1,1
W4293091045,2018,2016-2020,True,True,True,True,True,2,1
W2924689944,2018,2016-2020,False,,False,,False,0,1
W2980276341,2018,2016-2020,True,True,False,,False,1,1
W3099285306,2018,2016-2020,False,,False,,False,0,1
W2810453292,2018,2016-2020,True,False,True,False,False,1,1
W2854171733,2018,2016-2020,True,True,True,True,False,1,1
W2902748054,2018,2016-2020,True,True,True,True,False,1,1
W2824531766,2018,2016-2020,True,False,True,True,True,2,1
W2880576664,2018,2016-2020,True,True,True,True,True,5,1
W2881231859,2018,2016-2020,True,True,True,True,True,3,1
W2945781673,2018,2016-2020,True,True,True,True,False,1,1
W2888858351,2018,2016-2020,True,True,True,True,False,1,5
W4240164493,2018,2016-2020,False,,False,,False,0,2
W2883668528,2018,2016-2020,True,True,True,True,False,1,1
W2883164366,2018,2016-2020,True,True,True,True,True,2,1
W2883774671,2018,2016-2020,True,False,True,False,False,1,1
W2884076457,2018,2016-2020,True,True,True,True,False,1,1
W2884810548,2018,2016-2020,True,True,True,True,True,2,1
W2884768337,2018,2016-2020,True,False,True,False,False,1,0
W2886924394,2018,2016-2020,True,False,True,False,True,2,1
W3006860220,2018,2016-2020,True,True,True,True,False,1,1
W2887882212,2018,2016-2020,True,False,True,False,True,4,1
W2895891826,2018,2016-2020,True,True,False,,False,1,1
W2898810823,2018,2016-2020,True,True,True,True,False,1,1
W2885260301,2018,2016-2020,True,True,True,True,True,4,1
W2886520620,2018,2016-2020,True,False,True,False,False,1,4
W2887362152,2018,2016-2020,True,True,True,True,True,3,1
W2888753739,2018,2016-2020,True,False,True,False,False,1,1
W2887002839,2018,2016-2020,True,True,True,True,False,1,1
W2887085973,2018,2016-2020,True,True,True,True,False,1,4
W2897666396,2018,2016-2020,True,True,False,,True,2,1
W2894234659,2018,2016-2020,True,False,True,False,True,3,1
W2887127084,2018,2016-2020,True,True,False,,False,1,1
W2885941536,2018,2016-2020,True,True,True,True,False,1,1
W2887910788,2018,2016-2020,True,False,True,False,True,2,1
W2890159142,2018,2016-2020,True,True,False,,True,4,1
W2888307323,2018,2016-2020,True,True,True,True,False,1,1
W2896109193,2018,2016-2020,True,False,True,False,True,2,1
W2291946786,2018,2016-2020,True,True,False,,False,1,1
W2889493743,2018,2016-2020,True,True,True,True,True,2,1
W2899507951,2018,2016-2020,True,False,True,False,True,2,1
W2888794060,2018,2016-2020,True,True,True,True,True,2,1
W2889784316,2018,2016-2020,True,True,True,True,True,4,1
W2890593531,2018,2016-2020,True,True,False,,True,2,1
W2892810162,2018,2016-2020,True,False,True,False,False,1,2
W2899657329,2018,2016-2020,True,True,False,,False,1,1
W2899671887,2018,2016-2020,True,False,True,False,False,1,1
W2890933083,2018,2016-2020,False,,False,,False,0,1
W2953629349,2018,2016-2020,False,,False,,False,0,1
W2890915995,2018,2016-2020,True,False,True,False,False,1,1
W2889988734,2018,2016-2020,True,True,True,True,False,1,1
W2889713071,2018,2016-2020,True,True,True,True,False,1,1
W2890814362,2018,2016-2020,True,True,True,True,True,3,1
W2890596045,2018,2016-2020,True,True,True,True,True,4,1
W2892027101,2018,2016-2020,True,True,True,True,True,4,1
W2892784771,2018,2016-2020,True,True,True,True,True,3,1
W2894005935,2018,2016-2020,True,False,True,False,False,1,1
W2894057266,2018,2016-2020,True,True,True,True,True,2,1
W2894304375,2018,2016-2020,True,True,False,,False,1,1
W2892661195,2018,2016-2020,True,False,False,,True,2,0
W2892791935,2018,2016-2020,True,True,True,True,True,2,1
W2893263569,2018,2016-2020,True,True,True,False,True,3,1
W2898471392,2018,2016-2020,True,True,True,True,True,3,1
W3209217438,2018,2016-2020,True,True,False,,False,1,1
W2894921137,2018,2016-2020,True,False,True,False,False,1,1
W2898728955,2018,2016-2020,True,True,True,True,True,3,1
W3014150949,2018,2016-2020,False,,False,,False,0,1
W3186917788,2018,2016-2020,True,True,False,,False,1,1
W2897443860,2018,2016-2020,True,True,True,True,True,2,1
W2895984367,2018,2016-2020,True,False,True,False,True,2,2
W2897357636,2018,2016-2020,True,True,True,True,True,3,1
W2897399395,2018,2016-2020,True,True,True,True,False,1,1
W2896242456,2018,2016-2020,True,True,True,True,True,4,1
W2897419131,2018,2016-2020,True,False,True,False,True,3,1
W2896519275,2018,2016-2020,True,False,True,False,True,2,1
W2913331068,2018,2016-2020,True,False,True,False,True,2,1
W2896467115,2018,2016-2020,True,True,True,True,True,2,1
W2898584746,2018,2016-2020,True,True,True,True,True,3,1
W2899460807,2018,2016-2020,True,True,True,True,False,1,1
W2899502259,2018,2016-2020,True,False,False,,True,4,1
W2899338083,2018,2016-2020,True,True,True,True,False,1,1
W4237062537,2018,2016-2020,False,,False,,False,0,1
W4388054232,2018,2016-2020,True,True,True,True,False,1,2
W2899731980,2018,2016-2020,True,False,True,False,False,1,1
W2900704998,2018,2016-2020,True,True,True,True,True,5,1
W2901960877,2018,2016-2020,True,False,True,False,False,1,1
W2955629894,2018,2016-2020,False,,False,,False,0,1
W2149931223,2018,2016-2020,True,False,True,False,True,4,1
W2898618836,2018,2016-2020,True,True,True,True,False,1,1
W2899928645,2018,2016-2020,True,True,False,,True,3,1
W3195254547,2018,2016-2020,True,True,False,,False,1,0
W4231578425,2018,2016-2020,True,True,True,True,True,3,1
W2900704794,2018,2016-2020,True,True,True,True,False,1,1
W2901486299,2018,2016-2020,True,True,True,True,True,3,1
W2919034600,2018,2016-2020,False,,False,,False,0,1
W2901409012,2018,2016-2020,True,False,True,False,False,1,1
W2901979797,2018,2016-2020,True,True,True,True,False,1,1
W2901621121,2018,2016-2020,True,True,True,True,True,2,1
W2906048031,2018,2016-2020,True,True,False,,False,1,1
W3129631305,2018,2016-2020,False,,False,,False,0,1
W2901087938,2018,2016-2020,True,False,True,False,False,1,1
W4237806782,2018,2016-2020,True,False,True,False,True,2,1
W2897167542,2018,2016-2020,True,True,False,,False,1,2
W2902993977,2018,2016-2020,True,False,True,False,True,3,1
W2904188226,2018,2016-2020,True,True,False,,False,1,1
W2902380013,2018,2016-2020,True,False,True,False,True,3,1
W2902824949,2018,2016-2020,True,False,True,False,False,1,2
W2903592431,2018,2016-2020,True,True,False,,False,1,1
W2903864734,2018,2016-2020,True,True,True,True,True,2,7
W2904755727,2018,2016-2020,True,False,True,False,False,1,4
W2905051509,2018,2016-2020,True,False,True,False,False,1,1
W2952200272,2018,2016-2020,True,True,True,True,False,1,1
W2955869782,2018,2016-2020,True,True,False,,False,1,1
W2987787294,2018,2016-2020,False,,False,,False,0,1
W2904951663,2018,2016-2020,True,False,True,False,True,2,0
W2905451700,2018,2016-2020,True,True,True,True,False,1,1
W2903775227,2018,2016-2020,True,True,True,True,False,1,1
W2904113057,2018,2016-2020,True,True,False,,False,1,1
W2748821948,2018,2016-2020,True,True,False,,True,2,1
W2905117079,2018,2016-2020,True,True,True,True,False,1,1
W2920142725,2018,2016-2020,True,True,True,True,False,1,1
W2904977235,2018,2016-2020,True,False,True,False,False,1,0
W2903706327,2018,2016-2020,True,False,True,False,False,1,1
W2904382862,2018,2016-2020,False,,False,,False,0,1
W2919948752,2018,2016-2020,False,,False,,False,0,1
W2904723606,2018,2016-2020,True,True,True,True,False,1,1
W2981583006,2018,2016-2020,False,,False,,True,2,1
W2906433205,2018,2016-2020,True,True,True,True,False,1,1
W2909665062,2018,2016-2020,False,,False,,False,0,1
W2906393063,2018,2016-2020,True,False,True,False,True,3,1
W2906668932,2018,2016-2020,True,True,False,,False,1,1
W2906096230,2018,2016-2020,False,,False,,False,0,1
W2908358383,2018,2016-2020,True,True,True,True,False,1,1
W2908397911,2018,2016-2020,False,,False,,False,0,1
W2914214731,2018,2016-2020,False,,True,True,False,1,1
W2924072296,2018,2016-2020,True,True,False,,False,1,1
W4404282069,2018,2016-2020,True,False,True,False,False,1,1
W2912538887,2019,2016-2020,True,True,False,,False,1,1
W2913278596,2019,2016-2020,True,True,False,,False,1,1
W2920731002,2019,2016-2020,True,True,False,,False,1,1
W2922166805,2019,2016-2020,True,True,True,True,False,1,1
W2927582167,2019,2016-2020,False,,False,,False,0,1
W2934451186,2019,2016-2020,False,,False,,False,0,1
W2938654300,2019,2016-2020,True,True,True,True,False,1,1
W2942923419,2019,2016-2020,False,,False,,False,0,1
W2943576584,2019,2016-2020,True,True,False,,False,1,1
W2945325802,2019,2016-2020,True,True,True,True,False,1,1
W2946972483,2019,2016-2020,False,,False,,False,0,1
W2948250687,2019,2016-2020,False,,False,,False,0,1
W2954521312,2019,2016-2020,True,True,False,,True,3,1
W2956144548,2019,2016-2020,True,True,True,True,False,1,1
W2962280836,2019,2016-2020,True,True,True,True,False,1,1
W2965504247,2019,2016-2020,False,,False,,False,0,1
W2966118735,2019,2016-2020,True,True,True,True,False,1,1
W2967108541,2019,2016-2020,True,False,True,False,False,1,1
W2970122091,2019,2016-2020,True,True,False,,False,1,1
W2970589648,2019,2016-2020,True,True,False,,False,1,1
W2970713672,2019,2016-2020,False,,False,,False,0,2
W2974358288,2019,2016-2020,True,True,True,True,False,1,1
W2975076262,2019,2016-2020,True,False,False,,True,4,1
W2975106851,2019,2016-2020,True,True,True,True,False,1,1
W2987217153,2019,2016-2020,True,True,False,,False,1,1
W2988421790,2019,2016-2020,False,,False,,False,0,1
W2989519200,2019,2016-2020,False,,False,,False,0,1
W2991343601,2019,2016-2020,True,True,True,True,False,1,1
W2991377369,2019,2016-2020,True,False,True,False,False,1,1
W2994617749,2019,2016-2020,False,,False,,False,0,1
W2995769858,2019,2016-2020,True,True,True,True,False,1,1
W2996901367,2019,2016-2020,True,True,True,True,False,1,1
W2997963020,2019,2016-2020,True,True,False,,False,1,1
W3005473823,2019,2016-2020,False,,False,,False,0,1
W3006600355,2019,2016-2020,False,,False,,False,0,1
W3007962412,2019,2016-2020,False,,False,,False,0,1
W3012049248,2019,2016-2020,False,,False,,False,0,1
W3012286603,2019,2016-2020,False,,False,,False,0,1
W3021765327,2019,2016-2020,False,,False,,False,0,1
W3034859546,2019,2016-2020,False,,False,,False,0,3
W3049226824,2019,2016-2020,False,,False,,False,0,1
W3125052172,2019,2016-2020,False,,False,,False,0,1
W3127580329,2019,2016-2020,True,False,False,,False,1,1
W3137113463,2019,2016-2020,False,,False,,False,0,1
W3137620571,2019,2016-2020,True,False,True,False,False,1,1
W3140486502,2019,2016-2020,False,,False,,False,0,1
W3166072246,2019,2016-2020,False,,False,,False,0,1
W3188074893,2019,2016-2020,False,,False,,False,0,1
W3191852511,2019,2016-2020,False,,False,,False,0,1
W3194015019,2019,2016-2020,True,False,False,,True,2,1
W3216249352,2019,2016-2020,True,True,False,,False,1,1
W4205493015,2019,2016-2020,True,True,True,True,False,1,1
W4230247779,2019,2016-2020,False,,False,,False,0,1
W4243190141,2019,2016-2020,False,,False,,False,0,1
W2911040325,2019,2016-2020,True,True,True,False,True,3,1
W2909918991,2019,2016-2020,True,True,True,True,True,3,1
W2911588592,2019,2016-2020,True,True,True,True,True,2,1
W2916388022,2019,2016-2020,True,True,True,True,False,1,1
W2916589975,2019,2016-2020,True,True,True,True,False,1,1
W2910518357,2019,2016-2020,True,True,True,True,False,1,1
W2915900317,2019,2016-2020,True,True,True,True,True,2,1
W2908574231,2019,2016-2020,True,False,True,False,True,3,1
W2912968703,2019,2016-2020,True,False,True,False,False,1,1
W2912549667,2019,2016-2020,True,False,True,False,False,1,1
W2921324259,2019,2016-2020,True,True,True,True,False,1,1
W2921256638,2019,2016-2020,True,False,False,,True,4,1
W2911369282,2019,2016-2020,True,True,True,True,False,1,1
W2989775795,2019,2016-2020,True,True,False,,True,2,1
W2890707452,2019,2016-2020,True,False,True,False,False,1,1
W2911528143,2019,2016-2020,True,False,True,False,True,3,3
W2914494683,2019,2016-2020,True,True,False,,False,1,1
W2912931039,2019,2016-2020,True,True,True,True,True,2,1
W2917246772,2019,2016-2020,True,False,True,False,True,3,1
W2934562666,2019,2016-2020,True,False,False,,True,2,1
W2935755891,2019,2016-2020,False,,False,,False,0,1
W2941658618,2019,2016-2020,True,False,False,,False,1,1
W4327510383,2019,2016-2020,True,True,False,,False,1,1
W2921473255,2019,2016-2020,True,True,True,True,True,2,1
W2911560900,2019,2016-2020,True,True,True,True,False,1,1
W3032621235,2019,2016-2020,True,True,False,,False,1,1
W2914328976,2019,2016-2020,True,True,True,True,True,3,1
W2970161894,2019,2016-2020,False,,False,,False,0,2
W2912523210,2019,2016-2020,True,False,True,False,True,3,1
W2912814020,2019,2016-2020,True,True,False,,False,1,1
W2757153932,2019,2016-2020,True,False,True,False,True,2,1
W2915488395,2019,2016-2020,True,True,False,,False,1,1
W2917344416,2019,2016-2020,False,,False,,False,0,1
W2917263953,2019,2016-2020,True,True,True,True,True,2,1
W2916762122,2019,2016-2020,True,True,True,True,False,1,1
W2916239100,2019,2016-2020,True,False,False,,False,1,1
W2923314642,2019,2016-2020,True,True,False,,True,2,1
W2934990189,2019,2016-2020,True,True,True,True,False,1,1
W2946662133,2019,2016-2020,True,True,True,True,False,1,3
W2956777880,2019,2016-2020,True,True,True,True,False,1,1
W4238089986,2019,2016-2020,False,,False,,False,0,1
W2921371517,2019,2016-2020,True,True,True,True,False,1,1
W3011160740,2019,2016-2020,False,,False,,False,0,0
W2922179253,2019,2016-2020,True,True,False,,False,1,1
W2936504925,2019,2016-2020,True,True,False,,False,1,1
W2952256366,2019,2016-2020,False,,False,,False,0,1
W2936839065,2019,2016-2020,True,True,False,,False,1,1
W4288415040,2019,2016-2020,True,True,False,,False,1,1
W2912068239,2019,2016-2020,True,False,False,,True,2,1
W2924227237,2019,2016-2020,True,True,False,,False,1,1
W2943699614,2019,2016-2020,True,True,True,True,False,1,1
W2941812033,2019,2016-2020,True,True,False,,False,1,1
W2940757498,2019,2016-2020,True,True,True,True,True,3,1
W2943790350,2019,2016-2020,True,False,True,False,True,3,1
W2605369700,2019,2016-2020,True,False,True,False,True,3,1
W2942368047,2019,2016-2020,True,True,True,True,False,1,1
W2954941636,2019,2016-2020,True,True,False,,False,1,1
W2975463049,2019,2016-2020,True,False,False,,False,1,1
W3030928791,2019,2016-2020,True,True,True,True,False,1,1
W4286814401,2019,2016-2020,True,True,False,,False,1,1
W2928629343,2019,2016-2020,True,True,False,,False,1,1
W2938236930,2019,2016-2020,True,False,True,False,True,3,1
W2942069840,2019,2016-2020,True,True,False,,False,1,1
W2942655986,2019,2016-2020,True,False,True,False,False,1,1
W2943089745,2019,2016-2020,True,False,False,,True,2,1
W2935995840,2019,2016-2020,True,True,True,True,False,1,1
W2945063603,2019,2016-2020,True,False,True,False,True,3,1
W2938541072,2019,2016-2020,True,True,True,True,False,1,1
W2935989485,2019,2016-2020,True,True,True,True,False,1,1
W2937017294,2019,2016-2020,True,False,True,False,True,3,1
W2617342448,2019,2016-2020,True,True,False,,True,3,1
W2944719246,2019,2016-2020,True,False,True,False,False,1,1
W2941926021,2019,2016-2020,True,False,False,,True,2,0
W2942365671,2019,2016-2020,True,False,True,False,False,1,4
W2961425147,2019,2016-2020,False,,False,,False,0,1
W2940959869,2019,2016-2020,True,True,True,True,True,2,1
W2947629765,2019,2016-2020,True,True,True,True,True,4,1
W2942668541,2019,2016-2020,True,True,True,True,False,1,1
W2981640539,2019,2016-2020,True,True,True,True,True,4,1
W4231673012,2019,2016-2020,False,,False,,False,0,1
W2942682696,2019,2016-2020,False,,False,,False,0,1
W3209469623,2019,2016-2020,False,,False,,False,0,1
W2944750717,2019,2016-2020,True,True,False,,False,1,1
W2945846458,2019,2016-2020,True,True,True,True,False,1,1
W2945463311,2019,2016-2020,False,,False,,False,0,1
W2944888903,2019,2016-2020,True,True,True,False,True,3,1
W2969562412,2019,2016-2020,True,True,False,,False,1,1
W2947198940,2019,2016-2020,True,False,True,False,True,2,1
W2946341499,2019,2016-2020,False,,False,,True,2,0
W2946091609,2019,2016-2020,True,True,False,,False,1,1
W2947012878,2019,2016-2020,True,False,False,,True,2,1
W2986094796,2019,2016-2020,False,,False,,False,0,1
W4312253457,2019,2016-2020,False,,False,,False,0,1
W2903019509,2019,2016-2020,True,False,True,False,True,5,1
W2946793199,2019,2016-2020,True,False,False,,False,1,1
W4288349062,2019,2016-2020,True,True,True,True,False,1,1
W2945258260,2019,2016-2020,True,True,True,True,True,2,1
W2947241540,2019,2016-2020,True,False,True,False,True,2,1
W2958035139,2019,2016-2020,True,True,False,,False,1,1
W2947472523,2019,2016-2020,True,True,True,True,False,1,1
W3174569584,2019,2016-2020,True,True,False,,False,1,1
W2947077894,2019,2016-2020,True,True,True,True,False,1,0
W2950028790,2019,2016-2020,False,,False,,False,0,1
W2947822469,2019,2016-2020,True,True,True,True,True,4,1
W2948113497,2019,2016-2020,True,True,False,,False,1,1
W2953295511,2019,2016-2020,True,False,True,False,True,2,1
W3008480754,2019,2016-2020,True,True,True,True,False,1,1
W3011523381,2019,2016-2020,True,True,True,True,False,1,1
W3126060502,2019,2016-2020,False,,False,,False,1,1
W7128238695,2019,2016-2020,False,,False,,False,0,1
W2972975362,2019,2016-2020,True,True,False,,False,1,1
W2967505828,2019,2016-2020,True,True,True,True,True,2,1
W2951422600,2019,2016-2020,True,False,True,False,False,1,0
W2955416661,2019,2016-2020,True,True,True,True,True,3,1
W2953188013,2019,2016-2020,True,False,True,False,True,3,1
W7134819332,2019,2016-2020,True,True,True,True,False,1,1
W7134837559,2019,2016-2020,True,True,True,True,False,1,1
W2953310925,2019,2016-2020,True,True,True,True,False,1,1
W2952845970,2019,2016-2020,True,False,False,,True,3,1
W2988554983,2019,2016-2020,False,,False,,False,0,1
W2953254557,2019,2016-2020,True,True,False,,False,1,1
W2946735585,2019,2016-2020,True,False,True,False,False,1,1
W2952257537,2019,2016-2020,True,True,True,True,True,2,1
W2954307162,2019,2016-2020,True,True,True,True,False,1,1
W2955190172,2019,2016-2020,True,True,True,True,False,1,1
W2954630718,2019,2016-2020,True,True,False,,True,3,1
W2982241847,2019,2016-2020,True,True,False,,False,1,1
W2996664575,2019,2016-2020,False,,False,,False,0,1
W4286432084,2019,2016-2020,False,,False,,False,0,1
W2955455290,2019,2016-2020,True,True,True,True,True,2,1
W2960231910,2019,2016-2020,True,True,False,,True,2,1
W2972687185,2019,2016-2020,True,False,True,False,True,2,3
W3165516800,2019,2016-2020,False,,False,,False,0,1
W3175780645,2019,2016-2020,False,,False,,False,0,1
W4366737003,2019,2016-2020,False,,False,,False,0,1
W4387436329,2019,2016-2020,False,,False,,False,0,2
W2993140160,2019,2016-2020,False,,False,,False,0,1
W2794035615,2019,2016-2020,True,True,True,True,False,1,1
W2955418193,2019,2016-2020,False,,False,,False,0,1
W2956028902,2019,2016-2020,True,True,True,True,True,2,1
W2956049473,2019,2016-2020,True,False,False,,True,2,1
W2971543944,2019,2016-2020,True,True,False,,False,1,1
W2960240509,2019,2016-2020,True,True,True,True,True,4,1
W2962080089,2019,2016-2020,True,False,True,False,False,1,1
W2971485651,2019,2016-2020,True,True,True,True,False,1,1
W2958076513,2019,2016-2020,False,,False,,False,0,1
W2961303537,2019,2016-2020,True,False,True,False,False,1,1
W2958852235,2019,2016-2020,True,False,False,,True,3,1
W2957958554,2019,2016-2020,True,False,True,False,True,2,1
W2958195859,2019,2016-2020,True,True,True,True,False,1,1
W2962299315,2019,2016-2020,False,,False,,False,0,1
W2963089996,2019,2016-2020,True,False,True,False,True,2,1
W2963635322,2019,2016-2020,True,False,True,False,False,1,1
W2986324329,2019,2016-2020,True,True,False,,False,1,1
W2962960925,2019,2016-2020,True,True,True,True,False,1,1
W2962704993,2019,2016-2020,True,True,True,True,False,1,1
W2963308154,2019,2016-2020,True,True,False,,False,1,1
W2982530864,2019,2016-2020,True,True,True,True,True,5,1
W4232246548,2019,2016-2020,False,,False,,False,0,1
W4249381088,2019,2016-2020,False,,False,,False,0,1
W2965589451,2019,2016-2020,True,False,False,,True,2,1
W2996462952,2019,2016-2020,True,True,True,True,False,1,1
W2970651605,2019,2016-2020,True,True,True,True,True,2,1
W2970927732,2019,2016-2020,True,True,True,True,True,2,1
W3009330242,2019,2016-2020,True,True,True,True,False,1,1
W4404656154,2019,2016-2020,False,,False,,False,0,1
W2965395863,2019,2016-2020,True,True,True,True,False,1,1
W2966105833,2019,2016-2020,True,True,True,True,False,1,1
W2969938425,2019,2016-2020,True,False,True,False,True,2,1
W4243586056,2019,2016-2020,True,False,True,False,True,9,5
W2996599204,2019,2016-2020,True,True,True,True,True,4,1
W2968065444,2019,2016-2020,False,,False,,False,0,1
W2968699775,2019,2016-2020,True,True,False,,False,1,1
W2990543113,2019,2016-2020,True,True,True,True,True,5,1
W2967459475,2019,2016-2020,True,True,True,True,True,2,1
W2994042741,2019,2016-2020,True,True,False,,False,1,1
W2973728870,2019,2016-2020,True,False,True,False,True,5,1
W2967664065,2019,2016-2020,True,False,True,False,False,1,1
W2966955317,2019,2016-2020,True,True,False,,False,1,1
W2970845593,2019,2016-2020,True,True,False,,True,2,1
W4298278733,2019,2016-2020,True,False,False,,True,2,1
W4298587511,2019,2016-2020,False,,False,,False,1,1
W4298880528,2019,2016-2020,True,False,False,,True,2,1
W2969455288,2019,2016-2020,True,True,True,True,True,2,1
W2969808968,2019,2016-2020,True,False,True,False,True,2,1
W2969272039,2019,2016-2020,True,True,True,True,False,1,1
W2969568427,2019,2016-2020,True,True,True,True,False,1,2
W2971406182,2019,2016-2020,True,True,False,,False,1,1
W2970013095,2019,2016-2020,True,True,True,True,False,1,0
W2970122682,2019,2016-2020,True,True,True,True,True,2,1
W2970509707,2019,2016-2020,True,True,False,,True,2,1
W2971345757,2019,2016-2020,True,False,True,False,False,1,1
W2981539096,2019,2016-2020,True,True,False,,False,1,1
W2970941491,2019,2016-2020,False,,False,,False,0,1
W3003320123,2019,2016-2020,True,True,True,True,False,1,1
W2982546116,2019,2016-2020,True,True,False,,False,1,1
W2982608762,2019,2016-2020,False,,False,,False,0,1
W2991452909,2019,2016-2020,True,False,False,,False,1,1
W3003244637,2019,2016-2020,False,,False,,False,0,1
W3011897178,2019,2016-2020,True,True,True,True,False,1,1
W2971477033,2019,2016-2020,True,True,True,True,True,2,1
W2981945958,2019,2016-2020,True,False,True,False,False,1,0
W2971782522,2019,2016-2020,True,True,False,,False,1,1
W2974640105,2019,2016-2020,True,False,True,False,True,2,1
W2977526381,2019,2016-2020,True,False,True,False,True,2,1
W2988625974,2019,2016-2020,False,,False,,False,1,0
W2973033472,2019,2016-2020,True,True,False,,False,1,1
W2973229482,2019,2016-2020,True,True,True,True,True,3,1
W2977062219,2019,2016-2020,True,True,False,,False,1,1
W2972706087,2019,2016-2020,True,True,True,True,False,1,2
W2972383937,2019,2016-2020,True,True,True,True,True,2,2
W2974099805,2019,2016-2020,True,True,True,True,False,1,1
W2972150586,2019,2016-2020,True,True,False,,False,1,1
W3123566129,2019,2016-2020,True,False,False,,True,3,1
W2974080042,2019,2016-2020,True,True,False,,False,1,1
W2997541896,2019,2016-2020,False,,False,,False,0,1
W4235131845,2019,2016-2020,True,True,False,,False,1,1
W2978033565,2019,2016-2020,False,,False,,False,0,1
W4285785123,2019,2016-2020,True,True,False,,True,2,1
W2977560806,2019,2016-2020,True,True,True,True,False,1,1
W2978797280,2019,2016-2020,True,True,True,True,True,3,0
W2979191750,2019,2016-2020,True,True,True,True,False,1,1
W4288100876,2019,2016-2020,True,False,False,,False,1,3
W3200122472,2019,2016-2020,False,,False,,False,0,1
W2980330140,2019,2016-2020,True,True,True,True,False,1,1
W2980803540,2019,2016-2020,True,False,False,,False,1,0
W2981266374,2019,2016-2020,True,False,False,,False,1,0
W2982571719,2019,2016-2020,False,,False,,False,0,1
W2982706434,2019,2016-2020,False,,False,,False,0,1
W2980763865,2019,2016-2020,True,False,True,False,True,2,1
W2996613524,2019,2016-2020,False,,False,,False,0,1
W2980444363,2019,2016-2020,True,True,True,True,False,1,1
W2981146520,2019,2016-2020,True,False,True,False,True,3,1
W2981427202,2019,2016-2020,True,False,True,False,True,4,1
W2981754129,2019,2016-2020,True,True,True,True,True,4,1
W4288090118,2019,2016-2020,False,,False,,False,0,1
W2981955973,2019,2016-2020,True,False,True,False,False,1,1
W2990062823,2019,2016-2020,True,True,True,True,True,3,1
W2982349006,2019,2016-2020,True,True,True,True,True,3,1
W2984560919,2019,2016-2020,False,,False,,False,0,1
W2983869529,2019,2016-2020,False,,False,,False,1,1
W2984472928,2019,2016-2020,True,False,True,False,True,2,6
W2991303002,2019,2016-2020,True,False,True,False,True,5,1
W3001503460,2019,2016-2020,True,False,False,,False,1,1
W2988825696,2019,2016-2020,True,True,True,True,False,1,1
W2985610084,2019,2016-2020,True,True,True,True,True,2,1
W2983194435,2019,2016-2020,True,False,True,False,False,1,1
W2990023177,2019,2016-2020,True,True,False,,False,1,1
W2990025465,2019,2016-2020,True,True,False,,False,1,1
W3011180030,2019,2016-2020,True,True,True,True,False,1,1
W2983866971,2019,2016-2020,True,False,True,False,False,1,1
W2997362495,2019,2016-2020,False,,False,,False,0,1
W2989956389,2019,2016-2020,True,True,True,True,False,1,1
W2988820578,2019,2016-2020,True,False,True,False,True,3,1
W2992447135,2019,2016-2020,False,,False,,False,0,1
W2990099100,2019,2016-2020,False,,False,,False,0,1
W2990535936,2019,2016-2020,True,False,True,False,False,1,1
W2989592660,2019,2016-2020,True,True,False,,False,1,1
W2991249645,2019,2016-2020,True,True,True,True,True,4,1
W2991182247,2019,2016-2020,True,False,True,False,False,1,0
W3184782050,2019,2016-2020,False,,False,,False,1,1
W4245483616,2019,2016-2020,False,,False,,False,0,1
W2994675196,2019,2016-2020,True,False,True,False,True,4,1
W2995916535,2019,2016-2020,True,False,True,False,True,4,4
W2996011492,2019,2016-2020,True,False,True,False,True,2,1
W2996213823,2019,2016-2020,True,True,True,True,True,2,1
W2996459169,2019,2016-2020,True,False,True,False,False,1,1
W2996736258,2019,2016-2020,True,False,True,False,False,1,1
W2996883435,2019,2016-2020,True,True,True,True,True,3,1
W2997221478,2019,2016-2020,True,True,True,True,True,4,1
W2998244172,2019,2016-2020,True,True,False,,False,1,1
W2993364502,2019,2016-2020,True,True,False,,False,1,1
W3003707546,2019,2016-2020,True,True,True,False,True,2,1
W3002612337,2019,2016-2020,True,False,True,False,True,3,1
W2993094320,2019,2016-2020,True,True,False,,False,1,1
W7104818014,2019,2016-2020,False,,False,,False,0,1
W3000585507,2019,2016-2020,False,,False,,False,1,1
W2996711974,2019,2016-2020,True,True,True,True,True,2,1
W2996964456,2019,2016-2020,True,False,False,,False,1,1
W3003512913,2019,2016-2020,True,False,True,False,True,2,1
W2995278626,2019,2016-2020,True,True,True,True,False,1,1
W3001943009,2019,2016-2020,False,,False,,False,0,1
W2995622090,2019,2016-2020,True,True,True,True,False,1,1
W2996733056,2019,2016-2020,True,False,True,False,True,2,1
W2996612461,2019,2016-2020,False,,False,,False,0,1
W2996366183,2019,2016-2020,True,True,True,True,True,4,1
W2999147585,2019,2016-2020,True,True,True,True,False,1,1
W3083698822,2019,2016-2020,False,,False,,False,0,1
W4233229679,2019,2016-2020,False,,False,,False,0,1
W2994917639,2019,2016-2020,True,True,True,True,False,1,1
W3214418684,2019,2016-2020,False,,False,,False,1,1
W2954035155,2019,2016-2020,True,False,True,False,False,1,1
W3013942104,2019,2016-2020,True,True,True,True,True,2,1
W4210538147,2019,2016-2020,True,True,False,,False,1,1
W3000262471,2020,2016-2020,True,True,True,True,True,3,1
W3000665504,2020,2016-2020,True,True,False,,False,1,1
W3000825292,2020,2016-2020,True,True,False,,False,1,1
W3007448455,2020,2016-2020,True,True,False,,True,5,1
W3008343569,2020,2016-2020,True,True,False,,False,1,1
W3009740131,2020,2016-2020,True,True,True,True,True,2,1
W3009983698,2020,2016-2020,True,True,True,True,False,1,1
W3012069628,2020,2016-2020,True,True,False,,False,1,1
W3015440021,2020,2016-2020,True,True,True,True,False,1,1
W3017331013,2020,2016-2020,True,True,True,True,False,1,1
W3023428372,2020,2016-2020,True,True,True,True,False,1,1
W3024057820,2020,2016-2020,False,,False,,False,0,1
W3025111223,2020,2016-2020,False,,False,,False,0,1
W3025739243,2020,2016-2020,True,True,False,,False,1,1
W3026447609,2020,2016-2020,True,True,False,,True,2,1
W3032337505,2020,2016-2020,True,True,True,True,False,1,1
W3036931242,2020,2016-2020,True,True,True,True,False,1,1
W3037419688,2020,2016-2020,True,True,True,True,False,1,1
W3043152195,2020,2016-2020,True,True,True,True,False,1,1
W3043546005,2020,2016-2020,False,,False,,False,0,1
W3046012687,2020,2016-2020,True,True,False,,False,1,1
W3046678729,2020,2016-2020,True,True,False,,False,1,1
W3047365713,2020,2016-2020,True,True,True,True,False,1,1
W3086915092,2020,2016-2020,True,True,False,,True,2,1
W3087296350,2020,2016-2020,False,,False,,False,0,1
W3087776717,2020,2016-2020,True,True,True,True,False,1,1
W3088334514,2020,2016-2020,True,True,True,True,False,1,1
W3088567015,2020,2016-2020,True,True,True,True,False,1,1
W3089025004,2020,2016-2020,True,True,True,True,False,1,1
W3089045720,2020,2016-2020,False,,False,,False,0,1
W3092039388,2020,2016-2020,True,True,False,,False,1,1
W3092732789,2020,2016-2020,False,,False,,False,0,1
W3093245412,2020,2016-2020,False,,False,,False,0,1
W3096386273,2020,2016-2020,False,,False,,False,0,1
W3107354066,2020,2016-2020,False,,False,,False,0,1
W3108825865,2020,2016-2020,False,,False,,False,0,1
W3111091694,2020,2016-2020,True,True,False,,False,1,1
W3116266965,2020,2016-2020,True,True,False,,False,1,1
W3117303560,2020,2016-2020,True,True,False,,True,2,1
W3124624270,2020,2016-2020,False,,False,,False,0,1
W3128247717,2020,2016-2020,False,,False,,False,0,1
W3129447407,2020,2016-2020,False,,False,,False,0,1
W3129490525,2020,2016-2020,False,,False,,False,0,1
W3133466826,2020,2016-2020,False,,False,,False,0,1
W3134991547,2020,2016-2020,True,True,False,,False,1,1
W3138737414,2020,2016-2020,True,True,True,True,False,1,1
W3143593914,2020,2016-2020,False,,False,,False,0,1
W3153856057,2020,2016-2020,False,,False,,False,0,1
W3156973649,2020,2016-2020,True,True,False,,False,1,1
W3159646615,2020,2016-2020,False,,False,,False,0,1
W3166245161,2020,2016-2020,True,True,True,True,False,1,1
W3169002274,2020,2016-2020,False,,False,,False,0,1
W3184111323,2020,2016-2020,False,,False,,False,0,1
W3190445421,2020,2016-2020,False,,False,,False,0,1
W3197510208,2020,2016-2020,False,,False,,False,0,1
W3208476285,2020,2016-2020,False,,False,,False,0,2
W3210441226,2020,2016-2020,True,True,False,,False,1,1
W3210825447,2020,2016-2020,False,,False,,False,0,1
W4239029170,2020,2016-2020,True,True,True,True,False,1,1
W4252401277,2020,2016-2020,False,,False,,False,0,1
W4389499657,2020,2016-2020,False,,False,,False,0,1
W4411497586,2020,2016-2020,True,True,False,,False,1,1
W2998329601,2020,2016-2020,True,False,True,False,False,1,1
W3083297461,2020,2016-2020,False,,False,,False,0,1
W3083632363,2020,2016-2020,False,,False,,False,0,1
W2998551504,2020,2016-2020,True,False,True,False,True,4,1
W3013405220,2020,2016-2020,True,True,True,True,False,1,1
W2936084556,2020,2016-2020,True,False,True,False,False,1,0
W3009231844,2020,2016-2020,False,,False,,False,0,1
W2999835181,2020,2016-2020,True,True,True,True,True,2,1
W2999274207,2020,2016-2020,True,True,True,True,True,2,1
W2999373582,2020,2016-2020,True,True,False,,False,1,1
W3194451684,2020,2016-2020,True,True,True,True,False,1,1
W3005372782,2020,2016-2020,True,True,True,True,True,2,1
W3004768766,2020,2016-2020,True,False,True,False,True,2,1
W2984916683,2020,2016-2020,False,,False,,False,0,1
W3001146110,2020,2016-2020,True,True,True,True,False,1,1
W3001945795,2020,2016-2020,True,False,True,False,False,1,1
W3013307117,2020,2016-2020,True,False,True,False,True,3,1
W3004220492,2020,2016-2020,False,,False,,False,0,1
W3013814632,2020,2016-2020,True,True,True,True,True,2,1
W3036832477,2020,2016-2020,True,True,True,True,False,1,1
W3132200929,2020,2016-2020,False,,False,,False,0,1
W3007820775,2020,2016-2020,True,False,True,False,True,6,1
W3008076145,2020,2016-2020,True,True,True,True,False,1,1
W3004042624,2020,2016-2020,True,True,True,True,False,1,1
W3004765656,2020,2016-2020,True,False,True,False,False,1,1
W3006090931,2020,2016-2020,True,True,True,True,True,3,1
W3005861257,2020,2016-2020,True,False,False,,False,1,1
W3011693046,2020,2016-2020,True,True,False,,False,1,1
W3034137377,2020,2016-2020,False,,False,,False,0,1
W3010770657,2020,2016-2020,False,,False,,False,0,1
W3010568454,2020,2016-2020,True,True,True,False,True,3,1
W3045188953,2020,2016-2020,True,True,False,,False,1,1
W3009432889,2020,2016-2020,True,True,True,True,True,6,1
W3011712238,2020,2016-2020,True,True,True,True,False,1,1
W3012789895,2020,2016-2020,True,True,True,True,False,1,1
W3010637987,2020,2016-2020,True,False,True,False,True,3,1
W3009960619,2020,2016-2020,True,False,True,False,True,2,1
W3010144659,2020,2016-2020,True,True,True,True,False,1,1
W3012419326,2020,2016-2020,True,False,True,False,False,1,1
W3010831243,2020,2016-2020,True,True,True,True,True,2,1
W3011564015,2020,2016-2020,True,False,False,,True,2,1
W3011228847,2020,2016-2020,True,True,True,True,False,1,1
W3011468811,2020,2016-2020,True,False,True,False,True,3,1
W3011691683,2020,2016-2020,True,True,True,True,True,2,1
W3026439485,2020,2016-2020,True,False,True,False,True,2,1
W3011711188,2020,2016-2020,True,True,True,True,False,1,1
W3012714359,2020,2016-2020,True,True,True,True,False,1,1
W3012284688,2020,2016-2020,True,True,True,True,True,2,1
W3011155643,2020,2016-2020,True,True,False,,False,1,1
W3012441154,2020,2016-2020,True,True,True,True,False,1,1
W3013025035,2020,2016-2020,True,False,False,,False,1,1
W3009396940,2020,2016-2020,True,False,True,False,True,2,3
W3013825311,2020,2016-2020,True,True,False,,False,1,1
W4255895354,2020,2016-2020,False,,False,,False,0,1
W3014713361,2020,2016-2020,False,,False,,False,0,1
W3013675093,2020,2016-2020,False,,False,,False,0,1
W3014023120,2020,2016-2020,False,,False,,False,0,1
W3013808022,2020,2016-2020,True,False,True,False,False,1,1
W3015175282,2020,2016-2020,False,,False,,False,0,1
W3083268841,2020,2016-2020,False,,False,,False,0,1
W3025703949,2020,2016-2020,False,,False,,False,0,1
W3016310662,2020,2016-2020,True,True,True,True,False,1,1
W3096500336,2020,2016-2020,True,True,False,,False,1,1
W3045308384,2020,2016-2020,False,,False,,False,0,1
W3015930148,2020,2016-2020,True,True,False,,True,2,1
W3020552975,2020,2016-2020,True,False,True,False,False,1,1
W3016840628,2020,2016-2020,True,True,False,,False,1,1
W3016395862,2020,2016-2020,True,True,True,True,False,1,1
W3033572894,2020,2016-2020,True,True,True,True,True,3,1
W3103586166,2020,2016-2020,True,True,False,,False,1,1
W3019175973,2020,2016-2020,True,False,True,False,False,1,1
W3047870957,2020,2016-2020,True,True,True,True,True,3,1
W3082422768,2020,2016-2020,True,True,False,,True,2,1
W3162649797,2020,2016-2020,True,False,False,,False,1,1
W3021108708,2020,2016-2020,True,True,True,True,False,1,1
W3027395574,2020,2016-2020,True,True,True,True,True,3,3
W3030061796,2020,2016-2020,True,True,True,True,True,2,1
W3023481695,2020,2016-2020,True,False,True,False,True,4,2
W3024179239,2020,2016-2020,True,False,False,,True,3,1
W3023885219,2020,2016-2020,True,True,True,True,False,1,1
W3021577374,2020,2016-2020,True,False,True,False,True,3,1
W3023144858,2020,2016-2020,True,True,True,True,False,1,1
W3034557054,2020,2016-2020,True,False,True,False,True,2,1
W3025643711,2020,2016-2020,True,True,True,True,False,1,1
W4242250040,2020,2016-2020,True,True,False,,True,2,1
W3026274676,2020,2016-2020,True,True,False,,False,1,1
W3028024400,2020,2016-2020,True,True,True,True,False,1,1
W3040255266,2020,2016-2020,True,True,True,True,True,4,1
W3087037258,2020,2016-2020,True,True,False,,False,1,1
W3030359336,2020,2016-2020,True,True,True,True,True,2,1
W3031824665,2020,2016-2020,True,False,True,False,True,2,1
W3030505051,2020,2016-2020,True,True,False,,False,1,1
W3029759406,2020,2016-2020,True,True,True,True,False,1,1
W3033492290,2020,2016-2020,True,True,False,,False,1,1
W4392973038,2020,2016-2020,True,False,False,,False,1,1
W3039605262,2020,2016-2020,True,True,True,True,False,1,1
W3030912641,2020,2016-2020,True,True,True,True,False,1,1
W3031945804,2020,2016-2020,True,True,True,True,True,4,1
W3116619230,2020,2016-2020,True,False,False,,False,1,1
W3034691851,2020,2016-2020,True,False,True,False,True,4,1
W3033822055,2020,2016-2020,True,False,False,,True,2,1
W3046725953,2020,2016-2020,False,,False,,False,0,1
W3034419513,2020,2016-2020,True,True,False,,False,1,1
W3035412171,2020,2016-2020,True,False,True,False,True,3,1
W3040248762,2020,2016-2020,False,,False,,False,0,1
W3036925360,2020,2016-2020,True,False,False,,True,4,1
W3037401695,2020,2016-2020,False,,False,,False,0,3
W3037901711,2020,2016-2020,True,True,True,True,False,1,1
W3048950197,2020,2016-2020,True,True,True,True,False,1,1
W3036930777,2020,2016-2020,True,True,True,True,False,1,1
W3083507829,2020,2016-2020,False,,False,,False,0,1
W3083630293,2020,2016-2020,False,,False,,False,0,1
W3135926594,2020,2016-2020,True,True,False,,False,1,1
W3189855505,2020,2016-2020,True,True,False,,False,1,1
W3032522652,2020,2016-2020,True,True,False,,False,1,1
W3038863852,2020,2016-2020,True,True,False,,True,2,1
W3039385583,2020,2016-2020,True,True,False,,False,1,1
W3040066705,2020,2016-2020,True,True,True,False,True,2,1
W3042895879,2020,2016-2020,True,True,True,True,False,1,1
W3045053563,2020,2016-2020,True,True,True,True,True,2,1
W3046770406,2020,2016-2020,True,False,False,,True,2,1
W4323775851,2020,2016-2020,True,True,True,True,False,1,1
W3038982912,2020,2016-2020,True,True,True,True,False,1,1
W3041514591,2020,2016-2020,True,True,False,,False,1,1
W3040970918,2020,2016-2020,True,True,True,False,True,4,1
W3118808661,2020,2016-2020,True,False,True,False,True,2,1
W3042354312,2020,2016-2020,True,False,True,False,False,1,3
W3042280389,2020,2016-2020,True,True,True,True,True,2,1
W3043978828,2020,2016-2020,True,True,False,,False,1,1
W3045352733,2020,2016-2020,True,True,True,True,True,3,1
W3045969145,2020,2016-2020,True,False,False,,True,4,1
W3047288416,2020,2016-2020,True,True,True,True,True,5,1
W3047395891,2020,2016-2020,True,True,True,True,True,3,1
W3112957891,2020,2016-2020,True,True,False,,False,1,1
W4248651083,2020,2016-2020,True,True,True,True,False,1,1
W3048237873,2020,2016-2020,True,True,False,,False,1,1
W3080721605,2020,2016-2020,True,True,True,False,True,2,1
W4327510399,2020,2016-2020,True,True,False,,False,1,1
W4387389087,2020,2016-2020,False,,False,,False,0,1
W4404791923,2020,2016-2020,False,,False,,False,0,1
W3048709494,2020,2016-2020,True,True,True,True,False,1,1
W3048446315,2020,2016-2020,True,True,True,True,True,6,1
W3048582991,2020,2016-2020,True,False,True,True,True,5,1
W3080771597,2020,2016-2020,True,True,True,True,False,1,1
W3106967268,2020,2016-2020,True,False,True,False,False,1,1
W3082927279,2020,2016-2020,False,,False,,False,0,1
W3088616903,2020,2016-2020,True,True,True,True,False,1,1
W3081692353,2020,2016-2020,True,True,True,True,False,1,1
W3118235016,2020,2016-2020,False,,False,,False,0,1
W3087191008,2020,2016-2020,True,False,True,False,True,2,1
W3088311118,2020,2016-2020,True,True,True,True,False,1,1
W3089511757,2020,2016-2020,True,True,True,True,True,3,2
W3089813054,2020,2016-2020,True,True,False,,False,1,1
W3090397070,2020,2016-2020,True,False,True,False,True,4,1
W3092181462,2020,2016-2020,True,False,False,,True,4,2
W3092606724,2020,2016-2020,True,True,False,,False,1,1
W3081530418,2020,2016-2020,True,True,False,,False,1,1
W3082039256,2020,2016-2020,True,False,True,False,True,2,1
W3083378898,2020,2016-2020,True,True,True,True,False,1,1
W3083183911,2020,2016-2020,True,False,True,False,True,2,1
W3083134612,2020,2016-2020,True,False,True,False,False,1,1
W3084070859,2020,2016-2020,True,False,True,False,True,4,1
W3108939017,2020,2016-2020,True,False,True,False,True,2,1
W3085955235,2020,2016-2020,True,True,False,,False,1,1
W3128138540,2020,2016-2020,True,False,True,False,False,1,1
W3085492512,2020,2016-2020,True,True,True,True,False,1,5
W3086070081,2020,2016-2020,True,False,True,False,True,3,1
W3085953795,2020,2016-2020,True,False,True,False,True,2,1
W3085986236,2020,2016-2020,True,True,True,True,False,1,1
W3087566629,2020,2016-2020,True,True,True,True,True,3,1
W3087715450,2020,2016-2020,True,True,True,True,False,1,1
W3178510506,2020,2016-2020,True,True,False,,False,1,1
W3087705705,2020,2016-2020,True,False,True,False,True,2,1
W3087234972,2020,2016-2020,True,True,True,True,False,1,1
W3087879422,2020,2016-2020,True,True,True,True,True,2,1
W3088035549,2020,2016-2020,True,False,False,,False,1,1
W3088718406,2020,2016-2020,True,True,False,,False,1,1
W3106746136,2020,2016-2020,True,True,True,True,True,2,1
W3089577919,2020,2016-2020,True,True,True,True,True,2,1
W3089764314,2020,2016-2020,True,True,True,True,False,1,1
W3091743194,2020,2016-2020,True,True,True,True,False,1,1
W3092470882,2020,2016-2020,False,,False,,False,0,1
W3092600786,2020,2016-2020,False,,False,,False,0,1
W3127476137,2020,2016-2020,False,,False,,False,1,1
W3196025524,2020,2016-2020,False,,False,,False,1,1
W4287658855,2020,2016-2020,True,True,False,,False,1,1
W3089893416,2020,2016-2020,True,False,True,False,True,2,1
W3090393259,2020,2016-2020,True,True,True,True,False,1,1
W3093623985,2020,2016-2020,True,True,True,True,False,1,1
W3093786034,2020,2016-2020,True,True,True,False,True,2,1
W3208450827,2020,2016-2020,False,,False,,False,0,1
W4391757864,2020,2016-2020,False,,False,,False,0,1
W4391939939,2020,2016-2020,False,,False,,False,0,1
W3089990662,2020,2016-2020,True,False,True,False,False,1,1
W3090303178,2020,2016-2020,True,True,True,False,True,2,1
W3090965901,2020,2016-2020,False,,False,,False,0,1
W3092640595,2020,2016-2020,True,True,False,,False,1,1
W3197993228,2020,2016-2020,True,True,False,,False,1,1
W3091875346,2020,2016-2020,True,True,False,,False,1,1
W3045495571,2020,2016-2020,True,True,False,,True,2,1
W3092575285,2020,2016-2020,True,True,True,True,True,2,1
W3107778404,2020,2016-2020,True,False,True,False,True,2,1
W3091880156,2020,2016-2020,True,False,True,False,True,2,1
W3094256785,2020,2016-2020,True,True,True,True,False,1,1
W3121942650,2020,2016-2020,False,,False,,False,0,1
W3093845979,2020,2016-2020,True,True,False,,False,1,1
W3096019236,2020,2016-2020,True,True,False,,False,1,1
W3116788467,2020,2016-2020,True,False,True,False,False,1,1
W3094984029,2020,2016-2020,False,,True,False,True,3,5
W3095165813,2020,2016-2020,True,True,True,True,False,1,1
W3095001346,2020,2016-2020,True,False,False,,True,2,1
W3103295788,2020,2016-2020,False,,False,,False,0,1
W3105628008,2020,2016-2020,True,True,True,True,False,1,1
W3107964117,2020,2016-2020,True,True,True,True,False,1,1
W4391940550,2020,2016-2020,False,,False,,False,0,1
W4392012627,2020,2016-2020,False,,False,,False,0,1
W4405300229,2020,2016-2020,False,,False,,False,0,1
W3097259712,2020,2016-2020,True,True,True,True,False,1,1
W3008362288,2020,2016-2020,True,False,True,False,False,1,3
W3099354105,2020,2016-2020,True,True,True,True,False,1,1
W3100199461,2020,2016-2020,True,False,False,,True,3,1
W3101031426,2020,2016-2020,True,True,True,True,True,2,1
W3098555777,2020,2016-2020,True,False,True,False,True,3,1
W3156779370,2020,2016-2020,False,,False,,False,0,1
W3102871994,2020,2016-2020,True,False,True,False,True,2,1
W3087127169,2020,2016-2020,True,True,True,True,False,1,1
W3108287252,2020,2016-2020,True,True,True,True,False,1,1
W3134792596,2020,2016-2020,False,,False,,False,1,1
W3109356386,2020,2016-2020,True,False,True,False,True,5,1
W3137113343,2020,2016-2020,False,,False,,False,0,1
W3108245020,2020,2016-2020,True,True,False,,False,1,1
W3109913567,2020,2016-2020,True,False,True,False,True,3,1
W3109715853,2020,2016-2020,True,True,True,True,True,2,1
W3108288403,2020,2016-2020,True,True,True,True,False,1,1
W3134718012,2020,2016-2020,False,,False,,False,1,1
W3094783354,2020,2016-2020,True,False,True,False,True,2,1
W3107406390,2020,2016-2020,True,True,False,,False,1,1
W3109870745,2020,2016-2020,True,True,True,True,True,2,1
W3110712347,2020,2016-2020,True,True,True,True,False,1,1
W3111588121,2020,2016-2020,True,False,True,False,True,4,2
W3111604709,2020,2016-2020,True,True,True,True,False,1,1
W3111932808,2020,2016-2020,True,False,True,False,False,1,0
W3112005050,2020,2016-2020,True,True,False,,False,1,1
W3113192949,2020,2016-2020,True,True,True,True,False,1,1
W3113579526,2020,2016-2020,True,True,True,True,False,1,1
W3116008021,2020,2016-2020,True,True,True,True,False,1,1
W3125011881,2020,2016-2020,True,True,True,True,False,1,1
W3126930835,2020,2016-2020,True,True,True,True,False,1,1
W3127153949,2020,2016-2020,True,True,False,,False,1,1
W3129442704,2020,2016-2020,True,True,True,True,False,1,1
W3152513036,2020,2016-2020,True,True,False,,False,1,1
W3154701621,2020,2016-2020,True,True,False,,False,1,1
W3156572096,2020,2016-2020,True,True,True,True,False,1,1
W4232528854,2020,2016-2020,True,True,False,,False,1,1
W4287572070,2020,2016-2020,False,,False,,False,0,1
W4391939831,2020,2016-2020,False,,False,,False,0,1
W4393952169,2020,2016-2020,False,,False,,False,0,1
W4396871790,2020,2016-2020,False,,False,,False,0,1
W3115365857,2020,2016-2020,True,False,False,,True,2,1
W3113162277,2020,2016-2020,False,,False,,False,0,1
W3024310168,2020,2016-2020,True,True,True,True,True,2,1
W3121838515,2020,2016-2020,True,False,True,False,False,1,5
W3111280078,2020,2016-2020,True,True,True,True,False,1,1
W3177844930,2020,2016-2020,True,True,False,,False,1,1
W3112212522,2020,2016-2020,True,True,True,True,False,1,1
W3135516563,2020,2016-2020,True,True,True,True,False,1,1
W2941291171,2020,2016-2020,True,False,True,False,False,1,1
W3113211709,2020,2016-2020,True,False,True,False,False,1,1
W2972311945,2020,2016-2020,True,False,True,False,True,4,1
W3134510128,2020,2016-2020,True,True,True,True,False,1,1
W3117914736,2020,2016-2020,True,True,True,True,True,2,1
W4233421065,2020,2016-2020,True,True,False,,False,1,1
W7143645862,2020,2016-2020,False,,False,,False,0,1
W7143950561,2020,2016-2020,False,,False,,False,0,1
W7207857948,2020,2016-2020,False,,False,,False,0,1
W3113768752,2020,2016-2020,True,False,True,False,False,1,1
W3117893825,2020,2016-2020,True,False,True,False,False,1,1
W3120476499,2020,2016-2020,True,True,False,,False,1,1
W3124710241,2020,2016-2020,True,True,True,True,False,1,1
W3114490832,2020,2016-2020,True,True,False,,False,1,1
W3123589057,2020,2016-2020,True,False,True,False,True,2,1
W3134217841,2020,2016-2020,True,True,False,,False,1,1
W4406916348,2020,2016-2020,True,True,False,,False,1,1
W3118442004,2021,2021-2026,True,True,False,,True,2,1
W3119076279,2021,2021-2026,True,True,True,True,False,1,1
W3120405068,2021,2021-2026,True,True,False,,False,1,1
W3121761445,2021,2021-2026,True,True,False,,False,1,1
W3123300544,2021,2021-2026,True,True,True,True,False,1,1
W3123735941,2021,2021-2026,True,True,True,True,True,2,5
W3130157128,2021,2021-2026,False,,False,,False,0,1
W3131832615,2021,2021-2026,True,True,True,True,False,1,1
W3133306518,2021,2021-2026,True,True,False,,True,2,1
W3134963897,2021,2021-2026,False,,False,,False,0,1
W3138952953,2021,2021-2026,False,,False,,False,0,1
W3155173074,2021,2021-2026,True,True,True,True,False,1,1
W3157475437,2021,2021-2026,False,,False,,False,0,1
W3160644846,2021,2021-2026,True,True,False,,False,1,1
W3161213163,2021,2021-2026,True,True,True,True,False,1,1
W3161822775,2021,2021-2026,True,True,True,True,False,1,1
W3163143527,2021,2021-2026,False,,False,,False,0,1
W3163999281,2021,2021-2026,True,True,True,True,False,1,1
W3165763379,2021,2021-2026,True,True,True,True,False,1,1
W3166525555,2021,2021-2026,False,,False,,False,0,1
W3169610437,2021,2021-2026,False,,False,,False,0,1
W3170255772,2021,2021-2026,False,,False,,False,0,1
W3171715054,2021,2021-2026,False,,False,,False,0,1
W3174752338,2021,2021-2026,True,True,False,,False,1,1
W3175144512,2021,2021-2026,True,True,True,True,False,1,1
W3185633763,2021,2021-2026,False,,False,,False,0,1
W3185755821,2021,2021-2026,True,True,True,True,False,1,1
W3190148522,2021,2021-2026,True,True,True,True,False,1,1
W3193895300,2021,2021-2026,True,False,True,False,False,1,5
W3199109466,2021,2021-2026,True,True,True,True,False,1,1
W3201309632,2021,2021-2026,True,True,True,True,False,1,1
W3204772998,2021,2021-2026,True,False,False,,True,2,1
W3205085361,2021,2021-2026,True,False,True,False,False,1,1
W3207979942,2021,2021-2026,False,,False,,False,0,1
W3209358875,2021,2021-2026,False,,False,,False,0,1
W3209578170,2021,2021-2026,True,True,False,,False,1,1
W3210667708,2021,2021-2026,True,True,True,True,True,2,1
W3211894718,2021,2021-2026,True,True,False,,False,1,1
W3215301191,2021,2021-2026,True,False,True,False,False,1,1
W4205644942,2021,2021-2026,False,,False,,False,0,1
W4212998877,2021,2021-2026,True,True,True,True,False,1,1
W4214865396,2021,2021-2026,True,False,True,False,False,1,1
W4287428404,2021,2021-2026,False,,False,,False,0,1
W4287522988,2021,2021-2026,False,,False,,False,0,1
W4289976414,2021,2021-2026,True,True,False,,True,2,1
W4291327357,2021,2021-2026,False,,False,,False,0,1
W4291327358,2021,2021-2026,False,,False,,False,0,1
W4293128074,2021,2021-2026,False,,False,,False,0,1
W4411448622,2021,2021-2026,True,True,False,,False,1,1
W7128300194,2021,2021-2026,True,True,True,True,True,2,1
W7171995165,2021,2021-2026,False,,False,,False,0,1
W7201083972,2021,2021-2026,False,,False,,False,0,1
W3119502440,2021,2021-2026,True,False,True,False,False,1,0
W3119095493,2021,2021-2026,True,True,False,,True,2,1
W3120762771,2021,2021-2026,True,False,True,False,True,2,1
W3126947277,2021,2021-2026,True,True,False,,False,1,1
W4407382811,2021,2021-2026,True,True,False,,False,1,1
W3121755168,2021,2021-2026,True,True,False,,False,1,1
W3111031952,2021,2021-2026,True,True,True,True,False,1,1
W3120605809,2021,2021-2026,True,True,True,True,False,1,1
W3121645082,2021,2021-2026,True,True,False,,False,1,1
W3119191785,2021,2021-2026,True,True,True,True,False,1,1
W3132668258,2021,2021-2026,False,,False,,False,0,1
W3121572168,2021,2021-2026,True,True,True,True,False,1,1
W3126139912,2021,2021-2026,True,True,True,True,False,1,1
W3123389186,2021,2021-2026,True,True,True,True,False,1,1
W3125797568,2021,2021-2026,True,True,True,True,False,1,1
W3127103320,2021,2021-2026,True,True,False,,False,1,1
W3125696585,2021,2021-2026,True,True,False,,False,1,1
W4236813358,2021,2021-2026,True,True,False,,False,1,1
W3191175511,2021,2021-2026,True,True,False,,False,1,1
W3122586893,2021,2021-2026,True,True,True,True,False,1,1
W3138287266,2021,2021-2026,False,,False,,False,0,1
W3120954219,2021,2021-2026,True,True,True,True,True,6,1
W3126676898,2021,2021-2026,True,True,True,True,False,1,1
W3127258692,2021,2021-2026,True,False,True,False,True,3,0
W3127384555,2021,2021-2026,True,True,False,,False,1,2
W3128404768,2021,2021-2026,True,True,False,,False,1,1
W3158965486,2021,2021-2026,True,True,False,,False,1,1
W2745187776,2021,2021-2026,True,False,True,False,True,2,1
W3126151838,2021,2021-2026,True,False,False,,True,4,1
W3126632830,2021,2021-2026,True,True,False,,False,1,1
W3131997043,2021,2021-2026,True,True,False,,False,1,1
W3126951764,2021,2021-2026,True,True,True,True,False,1,1
W3126658660,2021,2021-2026,True,False,True,False,True,3,1
W3128294410,2021,2021-2026,True,True,True,True,True,2,1
W3130121767,2021,2021-2026,True,True,True,True,False,1,1
W3132164567,2021,2021-2026,True,True,True,True,False,1,1
W3132626434,2021,2021-2026,True,True,True,True,False,1,1
W3158592576,2021,2021-2026,True,False,True,False,False,1,1
W3132106654,2021,2021-2026,True,False,True,False,True,3,1
W3132848742,2021,2021-2026,True,False,True,False,True,2,1
W3131368213,2021,2021-2026,True,False,True,False,True,2,1
W3133475360,2021,2021-2026,True,True,True,True,True,2,1
W3132076554,2021,2021-2026,True,True,False,,False,1,1
W3129990307,2021,2021-2026,True,True,False,,False,1,1
W3130690995,2021,2021-2026,True,True,True,True,False,1,1
W3132178407,2021,2021-2026,True,False,True,False,True,3,1
W3119863583,2021,2021-2026,True,True,False,,True,3,1
W3134920534,2021,2021-2026,True,True,False,,False,1,1
W3133550489,2021,2021-2026,True,True,False,,True,2,1
W3134406765,2021,2021-2026,True,True,False,,True,2,1
W3134574480,2021,2021-2026,True,False,True,False,True,2,2
W3138916146,2021,2021-2026,False,,False,,False,0,1
W3135210107,2021,2021-2026,True,True,True,True,False,1,1
W3136174473,2021,2021-2026,True,True,True,True,True,2,1
W3148181690,2021,2021-2026,True,True,False,,False,1,1
W3181048760,2021,2021-2026,False,,False,,False,0,1
W2611204678,2021,2021-2026,False,,False,,False,1,1
W3135715434,2021,2021-2026,True,True,True,True,True,2,1
W4252753591,2021,2021-2026,True,True,True,True,False,1,1
W3134966325,2021,2021-2026,True,True,True,True,False,1,1
W3135270810,2021,2021-2026,True,True,True,True,True,2,1
W3135886254,2021,2021-2026,True,True,True,False,True,3,1
W4229079298,2021,2021-2026,True,False,True,False,True,4,1
W3133793837,2021,2021-2026,True,True,True,True,True,2,1
W3135733685,2021,2021-2026,True,False,True,True,True,2,1
W3136984557,2021,2021-2026,True,True,True,True,True,2,1
W3157467971,2021,2021-2026,True,True,False,,False,1,1
W3137750772,2021,2021-2026,True,True,True,True,True,2,2
W3111880970,2021,2021-2026,True,True,True,True,False,1,1
W3136814514,2021,2021-2026,True,True,True,True,False,1,1
W3140858089,2021,2021-2026,True,False,True,False,True,2,1
W3190549215,2021,2021-2026,False,,False,,False,0,1
W3153440756,2021,2021-2026,False,,False,,False,0,1
W3148768872,2021,2021-2026,True,True,True,True,False,1,1
W3155270343,2021,2021-2026,True,True,False,,False,1,1
W7208508297,2021,2021-2026,False,,False,,False,0,1
W3152866043,2021,2021-2026,True,True,True,True,False,1,1
W3154882584,2021,2021-2026,True,False,True,False,False,1,0
W3155908596,2021,2021-2026,True,True,True,True,False,1,1
W3159717852,2021,2021-2026,True,True,True,True,True,2,3
W4387000399,2021,2021-2026,False,,False,,False,0,1
W3160865103,2021,2021-2026,False,,False,,False,0,1
W3141267365,2021,2021-2026,True,True,True,True,True,3,1
W3155006118,2021,2021-2026,True,True,True,True,False,1,1
W3154818019,2021,2021-2026,True,True,False,,True,3,1
W3154915794,2021,2021-2026,True,False,True,False,False,1,1
W3153544601,2021,2021-2026,True,True,True,True,True,2,1
W3153801067,2021,2021-2026,False,,False,,False,1,1
W3154518314,2021,2021-2026,True,True,False,,False,1,1
W3157884239,2021,2021-2026,False,,False,,True,2,1
W3113002221,2021,2021-2026,True,True,True,True,True,2,1
W3156618879,2021,2021-2026,True,True,True,True,False,1,1
W3153121613,2021,2021-2026,True,True,True,True,True,3,1
W3183747904,2021,2021-2026,True,True,True,True,True,2,1
W3157467604,2021,2021-2026,True,True,True,True,True,2,1
W3159787585,2021,2021-2026,True,True,False,,False,1,1
W3157662731,2021,2021-2026,True,True,True,True,True,2,1
W3157845095,2021,2021-2026,True,True,False,,False,1,1
W3157853527,2021,2021-2026,True,True,False,,False,1,1
W3158276293,2021,2021-2026,True,True,False,,False,1,1
W3159835972,2021,2021-2026,True,True,True,True,True,3,1
W3159089216,2021,2021-2026,True,True,True,True,False,1,1
W3161785194,2021,2021-2026,True,True,False,,False,1,1
W3160357317,2021,2021-2026,True,False,True,False,True,2,1
W3160151102,2021,2021-2026,True,True,True,True,True,2,1
W3162671375,2021,2021-2026,True,True,True,True,False,1,1
W3171015790,2021,2021-2026,True,True,True,True,False,1,1
W3167205277,2021,2021-2026,False,,False,,False,0,1
W3165436180,2021,2021-2026,True,True,True,True,True,2,1
W3217445700,2021,2021-2026,True,True,True,True,False,1,1
W3119045441,2021,2021-2026,True,False,True,False,False,1,1
W3164963558,2021,2021-2026,True,False,True,False,True,2,1
W3164790675,2021,2021-2026,True,False,True,False,True,3,1
W3169220140,2021,2021-2026,True,True,False,,True,2,1
W3169147575,2021,2021-2026,True,True,True,True,False,1,1
W3165718598,2021,2021-2026,True,False,True,False,False,1,1
W3165457599,2021,2021-2026,True,False,True,False,True,3,1
W3195709746,2021,2021-2026,True,True,False,,False,1,1
W3168764052,2021,2021-2026,True,True,True,True,False,1,1
W3172028458,2021,2021-2026,True,True,True,True,False,1,1
W3173655447,2021,2021-2026,True,True,True,True,True,3,1
W3194521628,2021,2021-2026,True,True,False,,False,1,1
W3200700833,2021,2021-2026,False,,False,,False,1,1
W4287137491,2021,2021-2026,True,True,False,,False,1,1
W4287139764,2021,2021-2026,True,True,False,,False,1,1
W3164382592,2021,2021-2026,True,True,True,True,True,2,1
W3169284248,2021,2021-2026,True,True,False,,True,2,1
W3166958434,2021,2021-2026,True,True,True,True,False,1,1
W3166474790,2021,2021-2026,True,True,False,,False,1,1
W3175527005,2021,2021-2026,True,False,True,False,False,1,1
W3164865984,2021,2021-2026,True,True,True,True,True,2,1
W3169412237,2021,2021-2026,True,True,True,True,False,1,2
W3170122149,2021,2021-2026,True,True,True,True,False,1,1
W3170531845,2021,2021-2026,True,True,True,True,False,1,1
W3173110976,2021,2021-2026,False,,False,,False,0,1
W4287121784,2021,2021-2026,True,True,False,,False,1,1
W3172199828,2021,2021-2026,True,False,True,False,False,1,1
W3191983822,2021,2021-2026,True,True,True,True,False,1,1
W3172295726,2021,2021-2026,True,True,True,True,True,2,1
W3166384968,2021,2021-2026,False,,False,,False,0,1
W3173149923,2021,2021-2026,True,True,True,True,False,1,1
W3174923144,2021,2021-2026,True,True,True,True,True,3,1
W7203448036,2021,2021-2026,True,True,False,,False,1,1
W3174020660,2021,2021-2026,True,True,True,True,False,1,1
W2965325631,2021,2021-2026,True,False,False,,False,1,1
W3173514474,2021,2021-2026,True,True,True,True,False,1,1
W3176329475,2021,2021-2026,True,True,False,,True,2,1
W3176978467,2021,2021-2026,True,True,True,False,True,4,1
W3183557657,2021,2021-2026,True,True,False,,False,1,1
W3178426069,2021,2021-2026,False,,False,,False,0,1
W3183596280,2021,2021-2026,True,True,True,True,True,2,1
W3185176478,2021,2021-2026,False,,False,,False,0,1
W4207003830,2021,2021-2026,True,True,False,,False,1,1
W4214708049,2021,2021-2026,True,True,True,True,True,2,1
W3153515174,2021,2021-2026,True,False,True,False,True,6,1
W3158892029,2021,2021-2026,True,False,False,,True,3,1
W3184477805,2021,2021-2026,True,True,False,,False,1,10
W3186723371,2021,2021-2026,True,True,True,True,False,1,1
W3196027488,2021,2021-2026,True,True,True,True,False,1,1
W4287487209,2021,2021-2026,True,True,True,True,False,1,1
W4386240922,2021,2021-2026,False,,False,,False,0,10
W4386956645,2021,2021-2026,True,True,False,,False,1,1
W3179342822,2021,2021-2026,True,True,True,True,False,1,1
W3180285398,2021,2021-2026,True,True,True,True,True,3,1
W3180327610,2021,2021-2026,True,True,True,True,True,3,1
W3201482074,2021,2021-2026,False,,False,,False,0,1
W3180998168,2021,2021-2026,True,True,True,True,False,1,1
W3216619279,2021,2021-2026,True,True,True,True,False,1,1
W3177623847,2021,2021-2026,True,True,True,False,True,4,1
W3206165457,2021,2021-2026,True,False,False,,False,1,0
W3183940112,2021,2021-2026,True,False,True,False,True,3,1
W3186049202,2021,2021-2026,True,True,True,True,True,2,1
W3184342852,2021,2021-2026,False,,False,,False,0,1
W3186701459,2021,2021-2026,True,False,True,False,True,3,1
W3184326925,2021,2021-2026,True,True,False,,True,3,1
W3206011323,2021,2021-2026,True,True,False,,False,1,1
W3183777648,2021,2021-2026,True,True,False,,False,1,1
W3185684342,2021,2021-2026,True,True,True,True,False,1,1
W3183270517,2021,2021-2026,True,False,True,False,True,5,1
W3184520290,2021,2021-2026,True,False,True,False,True,2,1
W3189401454,2021,2021-2026,True,True,False,,True,2,1
W3190289377,2021,2021-2026,True,True,True,True,False,1,1
W3192885795,2021,2021-2026,True,True,True,True,False,1,1
W4287062989,2021,2021-2026,True,True,False,,False,1,1
W3187290866,2021,2021-2026,True,False,False,,True,2,1
W3187429044,2021,2021-2026,True,True,True,True,False,1,1
W3187397804,2021,2021-2026,False,,False,,False,0,1
W3194677418,2021,2021-2026,True,False,True,False,True,5,1
W3192937136,2021,2021-2026,True,True,True,True,False,1,1
W3192811555,2021,2021-2026,True,False,True,False,True,3,1
W3197806052,2021,2021-2026,True,True,True,True,False,1,1
W3194433701,2021,2021-2026,True,False,True,False,True,3,1
W3194034983,2021,2021-2026,True,True,True,True,False,1,1
W3193403880,2021,2021-2026,True,True,False,,False,1,1
W3195580287,2021,2021-2026,True,True,True,True,True,2,1
W3196087339,2021,2021-2026,True,False,True,False,True,2,1
W3196096077,2021,2021-2026,True,True,True,True,False,1,1
W3195443028,2021,2021-2026,True,True,False,,False,1,1
W3196176049,2021,2021-2026,True,False,True,False,True,3,1
W3194325448,2021,2021-2026,True,True,True,True,True,2,0
W3197904489,2021,2021-2026,True,False,False,,False,1,1
W3216305416,2021,2021-2026,True,False,False,,False,1,1
W7128383027,2021,2021-2026,True,True,False,,True,3,1
W7128401880,2021,2021-2026,True,True,False,,True,3,1
W2910316964,2021,2021-2026,True,False,True,False,False,1,0
W3123892342,2021,2021-2026,True,True,True,True,False,1,1
W3196621779,2021,2021-2026,True,False,False,,False,1,1
W3198155308,2021,2021-2026,True,True,True,True,True,2,1
W3196394937,2021,2021-2026,True,True,False,,False,1,1
W3196535248,2021,2021-2026,True,True,True,True,False,1,1
W3197643440,2021,2021-2026,True,True,False,,True,6,1
W3201484293,2021,2021-2026,True,True,True,True,False,1,1
W3197379184,2021,2021-2026,True,True,True,True,False,1,0
W3197555284,2021,2021-2026,True,True,True,True,False,1,1
W3196925307,2021,2021-2026,True,True,True,True,True,3,1
W7128371979,2021,2021-2026,True,True,False,,True,2,1
W7128390518,2021,2021-2026,True,True,False,,True,2,1
W3197240520,2021,2021-2026,True,False,True,False,False,1,1
W3200407228,2021,2021-2026,True,True,True,True,True,2,1
W3199266684,2021,2021-2026,True,True,True,True,False,1,1
W3203102839,2021,2021-2026,True,False,True,False,True,3,1
W3199493325,2021,2021-2026,True,False,True,False,False,1,0
W3204077594,2021,2021-2026,True,True,False,,False,1,1
W4206994170,2021,2021-2026,True,False,True,False,False,1,0
W3202229214,2021,2021-2026,True,True,True,True,False,1,1
W3201675209,2021,2021-2026,True,False,True,False,False,1,5
W3203995886,2021,2021-2026,False,,False,,False,0,1
W4415152089,2021,2021-2026,True,True,True,True,False,1,1
W3202027239,2021,2021-2026,True,True,True,True,True,2,1
W3203164029,2021,2021-2026,True,True,False,,False,1,1
W3216130213,2021,2021-2026,True,True,True,True,False,1,1
W4287444226,2021,2021-2026,True,True,True,True,False,1,1
W3206113327,2021,2021-2026,True,True,True,True,True,2,1
W7138915701,2021,2021-2026,False,,False,,False,0,0
W3207264306,2021,2021-2026,True,False,True,False,True,2,1
W3209712379,2021,2021-2026,True,True,False,,False,1,1
W3160953218,2021,2021-2026,True,True,True,True,True,2,1
W3191592357,2021,2021-2026,True,False,True,False,True,2,1
W3206707843,2021,2021-2026,True,True,False,,False,1,1
W3207651758,2021,2021-2026,True,False,True,False,True,5,1
W3216860384,2021,2021-2026,True,True,False,,False,1,1
W3205456459,2021,2021-2026,True,False,True,False,False,1,5
W3173165556,2021,2021-2026,True,False,True,False,False,1,1
W3205898131,2021,2021-2026,True,True,True,True,False,1,1
W3206350276,2021,2021-2026,True,True,True,True,False,1,1
W3208679467,2021,2021-2026,True,True,True,True,False,1,1
W3207542969,2021,2021-2026,True,False,True,False,True,5,1
W3206476513,2021,2021-2026,True,True,True,True,True,2,1
W3208067948,2021,2021-2026,True,True,True,True,False,1,1
W3209106107,2021,2021-2026,True,True,True,True,False,1,1
W3209828640,2021,2021-2026,True,False,False,,False,1,1
W3210447818,2021,2021-2026,True,True,True,True,True,4,1
W3211172248,2021,2021-2026,True,True,True,True,False,1,1
W3211063944,2021,2021-2026,True,True,True,True,True,2,1
W27369628,2021,2021-2026,True,False,False,,True,2,1
W3209980579,2021,2021-2026,True,True,True,True,True,2,1
W7165894670,2021,2021-2026,False,,False,,False,0,1
W3208629696,2021,2021-2026,True,True,True,True,False,1,1
W3210193162,2021,2021-2026,True,False,False,,True,3,1
W3210278555,2021,2021-2026,True,False,True,False,True,5,1
W3214945580,2021,2021-2026,True,True,True,True,False,1,1
W4200150536,2021,2021-2026,False,,False,,False,0,4
W4206503695,2021,2021-2026,True,True,True,True,False,1,1
W4206528548,2021,2021-2026,True,True,True,True,False,1,1
W7135297637,2021,2021-2026,False,,False,,False,0,6
W4200577456,2021,2021-2026,True,True,False,,True,2,1
W3208854790,2021,2021-2026,True,False,True,False,False,1,1
W3210475918,2021,2021-2026,True,False,True,False,False,1,0
W3123459293,2021,2021-2026,True,False,True,False,True,2,1
W3212181260,2021,2021-2026,False,,False,,False,1,1
W3212985121,2021,2021-2026,True,True,True,True,True,2,1
W7135037366,2021,2021-2026,False,,False,,False,0,1
W4200054040,2021,2021-2026,True,False,True,False,True,16,1
W3211792805,2021,2021-2026,False,,False,,False,0,1
W3216623474,2021,2021-2026,True,False,True,False,False,1,1
W3214955731,2021,2021-2026,True,True,True,True,False,1,1
W4200251139,2021,2021-2026,True,True,False,,True,5,3
W3217418889,2021,2021-2026,True,False,True,False,False,1,1
W4213253685,2021,2021-2026,True,True,False,,True,2,1
W3215071423,2021,2021-2026,True,False,True,False,False,1,1
W3215645239,2021,2021-2026,True,True,True,True,False,1,1
W4313232974,2021,2021-2026,False,,False,,False,0,1
W4313232986,2021,2021-2026,True,True,True,True,False,1,1
W4205143789,2021,2021-2026,True,True,False,,False,1,1
W3216634619,2021,2021-2026,True,True,True,True,False,1,1
W4285330235,2021,2021-2026,True,True,True,True,False,1,1
W3215848504,2021,2021-2026,True,True,True,True,False,1,1
W3216192697,2021,2021-2026,True,True,False,,False,1,1
W4200054871,2021,2021-2026,True,True,True,True,False,1,1
W4200200414,2021,2021-2026,True,True,True,True,True,2,1
W4200320077,2021,2021-2026,True,True,True,True,True,3,1
W4200355147,2021,2021-2026,True,False,True,False,True,3,1
W4200549936,2021,2021-2026,True,True,True,True,True,2,1
W4200611194,2021,2021-2026,True,True,True,True,False,1,1
W4205896100,2021,2021-2026,True,True,True,True,False,1,1
W4206768596,2021,2021-2026,True,True,True,True,False,1,1
W4225738735,2021,2021-2026,True,False,True,False,True,3,1
W4297264210,2021,2021-2026,True,True,False,,False,1,1
W4226199683,2021,2021-2026,True,True,False,,False,1,2
W4407383100,2021,2021-2026,True,False,False,,True,2,1
W4200384332,2021,2021-2026,True,False,True,False,False,1,1
W4200335988,2021,2021-2026,True,True,True,True,True,2,1
W4200115803,2021,2021-2026,True,True,True,True,False,1,0
W4200368740,2021,2021-2026,True,True,False,,False,1,1
W4200244570,2021,2021-2026,True,True,True,True,False,1,1
W4200371114,2021,2021-2026,True,False,False,,False,1,1
W4226331188,2021,2021-2026,True,False,False,,False,1,1
W4226472693,2021,2021-2026,True,False,False,,False,1,1
W4200011338,2021,2021-2026,True,True,True,True,False,1,1
W4205578456,2021,2021-2026,True,True,False,,False,1,1
W4205635235,2021,2021-2026,True,True,False,,False,1,1
W4210518977,2021,2021-2026,True,True,True,True,False,1,1
W4210540793,2021,2021-2026,True,True,False,,False,1,1
W4226515728,2021,2021-2026,True,True,False,,False,1,1
W4226530744,2021,2021-2026,True,True,False,,False,1,1
W4285311106,2021,2021-2026,True,True,False,,False,1,1
W4312317115,2021,2021-2026,True,True,False,,False,1,1
W4391268108,2021,2021-2026,True,True,False,,False,1,1
W4205857961,2022,2021-2026,True,True,False,,True,2,1
W4206248815,2022,2021-2026,True,True,False,,False,1,1
W4207016748,2022,2021-2026,True,True,True,True,True,3,1
W4214532264,2022,2021-2026,False,,False,,False,0,1
W4214838895,2022,2021-2026,True,True,False,,True,2,1
W4214940839,2022,2021-2026,True,True,True,True,False,1,1
W4225515670,2022,2021-2026,True,True,True,True,False,1,1
W4226104415,2022,2021-2026,False,,False,,False,0,1
W4226137199,2022,2021-2026,True,True,False,,False,1,1
W4226171086,2022,2021-2026,True,False,False,,True,3,1
W4226291150,2022,2021-2026,False,,False,,False,0,1
W4226414827,2022,2021-2026,False,,False,,False,0,1
W4285108465,2022,2021-2026,True,True,True,True,True,2,1
W4285193921,2022,2021-2026,False,,False,,False,0,1
W4285199587,2022,2021-2026,True,False,True,False,False,1,1
W4285208373,2022,2021-2026,True,False,True,False,True,4,3
W4285237232,2022,2021-2026,True,True,True,True,False,1,1
W4289323795,2022,2021-2026,True,True,False,,True,2,1
W4291498016,2022,2021-2026,True,True,False,,False,1,1
W4293016728,2022,2021-2026,True,False,False,,False,1,2
W4293338126,2022,2021-2026,True,True,True,True,True,2,1
W4294023479,2022,2021-2026,True,True,False,,False,1,1
W4294976161,2022,2021-2026,True,True,False,,False,1,1
W4295021971,2022,2021-2026,False,,False,,False,0,1
W4295224640,2022,2021-2026,True,False,True,False,True,3,1
W4295917081,2022,2021-2026,True,True,True,True,False,1,1
W4300817962,2022,2021-2026,True,True,True,True,False,1,1
W4309362316,2022,2021-2026,True,True,True,True,False,1,1
W4311281306,2022,2021-2026,True,True,True,True,False,1,1
W4313137614,2022,2021-2026,True,True,True,True,True,2,1
W4313209808,2022,2021-2026,True,False,True,False,False,1,1
W4313296198,2022,2021-2026,True,True,True,True,False,1,1
W4321130345,2022,2021-2026,False,,False,,False,0,1
W4322752012,2022,2021-2026,True,True,True,True,False,1,2
W4392319299,2022,2021-2026,True,True,True,True,False,1,1
W4400604287,2022,2021-2026,False,,False,,False,0,1
W4411452350,2022,2021-2026,True,True,True,True,False,1,1
W4414850376,2022,2021-2026,True,False,True,False,False,1,1
W7171957662,2022,2021-2026,True,True,True,True,False,1,1
W4206465195,2022,2021-2026,True,True,False,,False,1,1
W4205310117,2022,2021-2026,True,True,True,True,True,3,1
W4206740868,2022,2021-2026,True,False,True,False,True,2,1
W4206386816,2022,2021-2026,True,False,False,,False,1,1
W4206237600,2022,2021-2026,True,True,True,True,True,2,1
W4225254800,2022,2021-2026,True,True,True,True,True,2,1
W4205099875,2022,2021-2026,True,True,True,True,True,3,1
W4206101549,2022,2021-2026,False,,False,,False,1,1
W4220843697,2022,2021-2026,True,True,True,True,False,1,1
W4206761728,2022,2021-2026,True,False,True,False,True,6,0
W4206932855,2022,2021-2026,False,,False,,False,0,1
W4220739023,2022,2021-2026,False,,False,,False,0,1
W4210512236,2022,2021-2026,True,True,True,True,True,3,1
W4210712499,2022,2021-2026,True,True,True,True,False,1,1
W4210743860,2022,2021-2026,False,,False,,False,0,1
W4210278561,2022,2021-2026,True,False,True,False,True,3,1
W4210321660,2022,2021-2026,True,True,False,,False,1,1
W4210521191,2022,2021-2026,True,True,True,True,True,2,1
W3186927946,2022,2021-2026,True,True,True,True,True,5,1
W4210332994,2022,2021-2026,True,False,True,False,True,4,2
W4210300298,2022,2021-2026,True,True,True,True,False,1,1
W3176753518,2022,2021-2026,False,,False,,False,1,1
W4210475238,2022,2021-2026,True,False,True,False,False,1,1
W4210700937,2022,2021-2026,True,True,True,True,False,1,1
W4210748003,2022,2021-2026,True,True,True,True,True,2,1
W4210418521,2022,2021-2026,True,False,True,False,False,1,1
W4225774149,2022,2021-2026,True,True,True,True,False,1,1
W4210872495,2022,2021-2026,True,True,True,True,False,1,1
W4211108341,2022,2021-2026,False,,False,,False,0,1
W4211233301,2022,2021-2026,True,True,True,True,False,1,1
W4211198361,2022,2021-2026,True,True,True,True,True,5,4
W4211031559,2022,2021-2026,True,True,True,True,True,2,1
W4213346671,2022,2021-2026,True,False,True,False,False,1,0
W4212944443,2022,2021-2026,False,,False,,False,0,1
W4212763895,2022,2021-2026,True,True,True,True,False,1,1
W4225354195,2022,2021-2026,True,False,True,False,True,8,1
W4220754291,2022,2021-2026,True,False,True,False,True,2,1
W4214484173,2022,2021-2026,True,True,True,True,True,4,1
W4214540443,2022,2021-2026,True,False,True,False,False,1,1
W4214653631,2022,2021-2026,True,True,False,,False,1,1
W4214620722,2022,2021-2026,True,True,True,True,False,1,1
W4214560160,2022,2021-2026,True,True,True,True,True,2,1
W4220733626,2022,2021-2026,True,True,True,True,False,1,1
W4220827104,2022,2021-2026,True,False,True,False,False,1,5
W4221030309,2022,2021-2026,True,True,False,,True,2,1
W4282601084,2022,2021-2026,True,True,True,True,True,2,1
W4282825018,2022,2021-2026,True,True,True,True,True,2,1
W4282834624,2022,2021-2026,True,True,True,True,False,1,1
W4283711877,2022,2021-2026,True,True,False,,False,1,1
W4283821283,2022,2021-2026,True,True,True,True,True,4,1
W4290975005,2022,2021-2026,True,True,True,True,True,3,1
W4292633344,2022,2021-2026,True,True,True,True,False,1,1
W4297266170,2022,2021-2026,True,True,True,True,True,2,1
W4214874317,2022,2021-2026,True,True,True,True,False,1,1
W4214895039,2022,2021-2026,True,True,True,True,False,1,1
W4220908975,2022,2021-2026,True,False,True,False,False,1,1
W4220768886,2022,2021-2026,True,False,True,False,False,1,1
W4220885941,2022,2021-2026,True,True,True,True,True,2,1
W4220662375,2022,2021-2026,True,False,True,False,False,1,1
W4409996486,2022,2021-2026,False,,False,,False,0,1
W4220737220,2022,2021-2026,True,True,True,True,True,4,0
W4221011473,2022,2021-2026,True,True,True,True,False,1,1
W4220899717,2022,2021-2026,True,True,True,True,False,1,1
W4221086367,2022,2021-2026,True,False,True,False,True,4,1
W4220653931,2022,2021-2026,True,True,True,True,False,1,1
W4220759954,2022,2021-2026,True,True,True,True,False,1,1
W4286324155,2022,2021-2026,True,True,True,True,False,1,1
W4220884377,2022,2021-2026,True,True,True,True,True,4,1
W4221033156,2022,2021-2026,True,True,True,True,True,2,1
W4226407735,2022,2021-2026,True,True,True,True,False,1,1
W4220911011,2022,2021-2026,False,,False,,False,0,1
W4405020285,2022,2021-2026,False,,False,,False,0,1
W2588659678,2022,2021-2026,True,True,False,,False,1,1
W4229371731,2022,2021-2026,True,True,False,,False,1,1
W4224211218,2022,2021-2026,True,False,True,False,True,2,1
W4224272730,2022,2021-2026,True,True,True,True,False,1,1
W4225410175,2022,2021-2026,True,False,True,False,False,1,1
W4225524958,2022,2021-2026,True,True,True,True,False,1,1
W4225992522,2022,2021-2026,True,True,True,True,False,1,1
W4281560414,2022,2021-2026,True,True,True,True,False,1,1
W4283071305,2022,2021-2026,True,False,True,False,True,2,1
W4313500836,2022,2021-2026,False,,False,,False,1,1
W4399196766,2022,2021-2026,False,,False,,False,0,2
W4226117423,2022,2021-2026,True,True,True,True,False,1,1
W4226506629,2022,2021-2026,True,False,True,False,False,1,1
W4226021843,2022,2021-2026,True,True,True,True,False,1,1
W7161516715,2022,2021-2026,True,False,False,,False,1,1
W4223445436,2022,2021-2026,True,True,True,False,True,2,1
W4223599502,2022,2021-2026,True,True,True,True,False,1,1
W4223493019,2022,2021-2026,True,False,True,False,True,3,1
W4223518859,2022,2021-2026,True,False,True,False,False,1,4
W4223560714,2022,2021-2026,True,False,True,False,False,1,1
W2232028631,2022,2021-2026,True,True,False,,False,1,1
W4223946768,2022,2021-2026,True,True,True,True,False,1,1
W4280632921,2022,2021-2026,True,True,False,,False,1,1
W4224044254,2022,2021-2026,True,True,True,True,False,1,1
W4224064683,2022,2021-2026,True,True,True,False,True,2,2
W4224087006,2022,2021-2026,True,True,True,True,False,1,1
W7153713974,2022,2021-2026,True,False,True,False,False,1,1
W7153796652,2022,2021-2026,True,False,True,False,False,1,1
W4224323684,2022,2021-2026,False,,False,,False,0,1
W4282833260,2022,2021-2026,True,False,False,,False,1,1
W3197857318,2022,2021-2026,True,False,True,False,False,1,1
W4224301373,2022,2021-2026,False,,False,,False,0,1
W4407346166,2022,2021-2026,True,False,False,,True,2,1
W4224284339,2022,2021-2026,True,True,True,True,True,2,1
W4224935326,2022,2021-2026,True,False,True,False,False,1,1
W4293254453,2022,2021-2026,True,False,True,False,False,1,0
W4225140940,2022,2021-2026,False,,False,,False,0,1
W4225132500,2022,2021-2026,True,False,True,False,True,2,1
W4225301772,2022,2021-2026,True,True,True,True,True,2,1
W4280497853,2022,2021-2026,True,True,True,True,True,3,1
W4280534534,2022,2021-2026,True,False,True,False,False,1,0
W4280590036,2022,2021-2026,True,True,True,True,True,2,1
W4281483420,2022,2021-2026,True,True,True,False,True,2,1
W4386956859,2022,2021-2026,True,True,False,,False,1,1
W4225376792,2022,2021-2026,True,True,True,True,False,1,1
W4229019747,2022,2021-2026,True,True,True,False,True,4,1
W4229032778,2022,2021-2026,True,True,True,True,False,1,1
W4229331730,2022,2021-2026,True,True,True,True,True,3,1
W4280531306,2022,2021-2026,False,,False,,False,0,1
W4280646730,2022,2021-2026,False,,False,,False,0,1
W4280489257,2022,2021-2026,False,,False,,False,0,1
W4280506485,2022,2021-2026,False,,False,,False,0,1
W4280632387,2022,2021-2026,False,,False,,False,0,1
W4280561378,2022,2021-2026,True,True,True,True,True,2,1
W4280529090,2022,2021-2026,True,True,True,True,True,2,1
W4280565239,2022,2021-2026,True,False,False,,True,2,1
W4280507668,2022,2021-2026,True,True,True,True,False,1,1
W4280534557,2022,2021-2026,True,False,True,False,True,2,1
W4280631041,2022,2021-2026,False,,False,,False,0,1
W4280512213,2022,2021-2026,True,True,True,True,True,2,1
W4280550231,2022,2021-2026,True,True,True,True,True,2,1
W4281807570,2022,2021-2026,True,True,True,True,False,1,1
W4281256048,2022,2021-2026,True,False,False,,False,1,1
W4281400685,2022,2021-2026,True,False,True,False,True,2,1
W7128362433,2022,2021-2026,True,True,False,,False,1,1
W7128375856,2022,2021-2026,True,True,False,,False,1,1
W4281400599,2022,2021-2026,True,False,True,False,False,1,1
W4281557459,2022,2021-2026,True,False,True,False,True,4,1
W4281958716,2022,2021-2026,True,False,True,True,True,3,1
W4281782840,2022,2021-2026,True,False,True,False,True,3,1
W4281607053,2022,2021-2026,True,True,False,,False,1,1
W4281652546,2022,2021-2026,True,True,True,True,False,1,1
W4281774088,2022,2021-2026,True,False,True,False,True,4,1
W4281737340,2022,2021-2026,False,,False,,False,0,1
W4282929076,2022,2021-2026,True,False,False,,False,1,1
W4285123981,2022,2021-2026,False,,False,,False,0,1
W4312544765,2022,2021-2026,False,,False,,False,0,1
W4385850655,2022,2021-2026,True,False,False,,True,4,1
W7202273074,2022,2021-2026,True,False,False,,False,1,1
W4281649576,2022,2021-2026,True,True,True,True,False,1,1
W4281751095,2022,2021-2026,True,True,True,True,False,1,1
W4281836967,2022,2021-2026,True,True,True,True,False,1,1
W4281874150,2022,2021-2026,True,True,True,True,True,3,1
W4281783710,2022,2021-2026,False,,False,,True,2,1
W4281649649,2022,2021-2026,True,True,False,,False,1,1
W4282936495,2022,2021-2026,True,True,True,True,False,1,1
W4283260976,2022,2021-2026,True,True,False,,True,2,1
W4283018351,2022,2021-2026,True,True,True,True,False,1,0
W4285608020,2022,2021-2026,True,True,False,,False,1,1
W4283075183,2022,2021-2026,True,True,False,,True,2,3
W4283158905,2022,2021-2026,True,False,True,False,False,1,1
W4283274978,2022,2021-2026,True,True,False,,False,1,1
W4283277595,2022,2021-2026,True,True,False,,False,1,1
W4283276092,2022,2021-2026,True,True,True,True,False,1,1
W4283391445,2022,2021-2026,True,True,True,True,True,2,1
W4300456666,2022,2021-2026,False,,False,,False,0,1
W4312460679,2022,2021-2026,True,True,False,,True,3,1
W4283779723,2022,2021-2026,True,True,False,,False,1,1
W4283802588,2022,2021-2026,True,True,False,,False,1,1
W4293315419,2022,2021-2026,True,True,True,True,False,1,1
W4300689218,2022,2021-2026,True,True,True,True,True,2,1
W4310463335,2022,2021-2026,True,True,True,True,False,1,1
W4311502023,2022,2021-2026,True,True,True,True,False,1,1
W4361227506,2022,2021-2026,True,True,True,True,True,3,2
W4283800384,2022,2021-2026,True,True,True,True,False,1,1
W4283808027,2022,2021-2026,True,True,True,True,True,2,1
W4283816200,2022,2021-2026,True,True,True,True,False,1,1
W4284706547,2022,2021-2026,True,True,True,True,False,1,1
W4385682760,2022,2021-2026,True,True,False,,False,1,1
W4284967178,2022,2021-2026,True,True,True,True,True,3,1
W4292544111,2022,2021-2026,True,True,True,True,False,1,1
W4285033909,2022,2021-2026,True,True,True,True,False,1,1
W4285077075,2022,2021-2026,True,False,True,False,False,1,2
W4285077465,2022,2021-2026,True,True,True,True,False,1,1
W4285082778,2022,2021-2026,True,True,True,True,False,1,1
W4384211822,2022,2021-2026,True,True,True,True,False,1,1
W4285085388,2022,2021-2026,True,True,True,True,False,1,1
W4285389595,2022,2021-2026,True,True,True,True,False,1,1
W4286751122,2022,2021-2026,True,True,False,,True,2,1
W4287961290,2022,2021-2026,False,,False,,False,0,1
W4285588827,2022,2021-2026,True,True,True,True,True,3,1
W4285726669,2022,2021-2026,True,True,True,True,False,1,1
W4285796663,2022,2021-2026,True,True,True,True,False,1,1
W4286111214,2022,2021-2026,True,True,True,True,False,1,1
W4286007567,2022,2021-2026,True,True,True,True,False,1,1
W4286699760,2022,2021-2026,True,True,False,,False,1,1
W4287837765,2022,2021-2026,True,True,False,,False,1,1
W4288535721,2022,2021-2026,True,True,True,True,True,2,1
W4288758331,2022,2021-2026,True,True,True,True,True,2,1
W4288808728,2022,2021-2026,True,True,True,True,True,2,1
W4297941777,2022,2021-2026,True,True,False,,False,1,1
W4393025507,2022,2021-2026,True,False,False,,False,1,2
W4289528988,2022,2021-2026,True,True,False,,False,1,1
W4291377852,2022,2021-2026,True,True,True,True,False,1,1
W4399062788,2022,2021-2026,False,,False,,False,0,1
W4289544398,2022,2021-2026,True,True,True,True,False,1,1
W4289745605,2022,2021-2026,True,False,True,False,True,2,1
W4289840669,2022,2021-2026,False,,False,,False,0,1
W4289879048,2022,2021-2026,True,True,True,True,False,1,1
W4289940700,2022,2021-2026,True,True,True,True,True,5,2
W4290271408,2022,2021-2026,True,True,True,True,False,1,1
W4292155355,2022,2021-2026,True,False,True,False,True,3,1
W4290779494,2022,2021-2026,True,True,True,False,True,3,1
W4291020284,2022,2021-2026,True,True,True,True,False,1,1
W4297830890,2022,2021-2026,True,True,True,True,False,1,1
W4291732986,2022,2021-2026,True,True,True,True,True,2,1
W4291237291,2022,2021-2026,True,False,True,True,True,3,1
W4292323903,2022,2021-2026,True,True,True,True,True,2,1
W4292219955,2022,2021-2026,True,True,True,True,False,1,1
W4292403427,2022,2021-2026,True,True,True,True,True,2,1
W4292440792,2022,2021-2026,True,False,True,False,True,3,1
W4292461699,2022,2021-2026,True,True,True,True,False,1,1
W4294295343,2022,2021-2026,True,False,False,,False,1,1
W4292616000,2022,2021-2026,True,True,True,True,False,1,1
W4292622748,2022,2021-2026,True,False,True,False,True,2,1
W4293105746,2022,2021-2026,True,True,True,True,False,1,1
W4293546753,2022,2021-2026,True,False,True,False,False,1,0
W4293662938,2022,2021-2026,True,True,False,,False,1,1
W4293354603,2022,2021-2026,True,True,True,False,True,3,1
W4293493670,2022,2021-2026,True,True,True,True,False,1,1
W4297143860,2022,2021-2026,False,,False,,False,0,1
W4294087153,2022,2021-2026,True,False,True,False,False,1,1
W4294740828,2022,2021-2026,True,True,True,True,False,1,1
W4362712646,2022,2021-2026,True,True,False,,False,1,1
W4294884747,2022,2021-2026,True,True,True,True,False,1,1
W4295122596,2022,2021-2026,True,True,True,True,False,1,1
W4295292867,2022,2021-2026,True,True,True,True,True,4,1
W4295419523,2022,2021-2026,True,True,True,True,True,2,1
W4323544997,2022,2021-2026,True,True,False,,False,1,1
W4296033938,2022,2021-2026,True,False,True,False,True,2,1
W4296161894,2022,2021-2026,True,False,True,False,True,3,1
W4296483044,2022,2021-2026,True,True,True,True,True,3,1
W4306911247,2022,2021-2026,True,True,False,,False,1,1
W4360973767,2022,2021-2026,False,,False,,False,1,1
W4296879627,2022,2021-2026,True,True,True,True,False,1,1
W4297063763,2022,2021-2026,True,True,False,,True,2,1
W4296977076,2022,2021-2026,True,False,True,False,True,2,1
W4297186513,2022,2021-2026,True,True,False,,False,1,1
W4302024460,2022,2021-2026,True,False,False,,False,1,1
W4297988669,2022,2021-2026,True,True,True,True,True,2,1
W4409517322,2022,2021-2026,True,True,True,True,False,1,1
W4306404003,2022,2021-2026,True,False,True,False,False,1,1
W4306411379,2022,2021-2026,True,True,True,True,False,1,1
W4307384267,2022,2021-2026,False,,False,,False,0,4
W4307846579,2022,2021-2026,True,True,True,True,False,1,1
W4310783933,2022,2021-2026,True,True,True,True,False,1,1
W4301430913,2022,2021-2026,True,True,True,True,False,1,1
W4302007525,2022,2021-2026,True,False,False,,True,3,1
W4302009643,2022,2021-2026,True,True,True,True,False,1,1
W4302012061,2022,2021-2026,True,True,True,True,True,2,1
W4302283738,2022,2021-2026,True,True,True,True,False,1,1
W4304165682,2022,2021-2026,True,True,False,,False,1,1
W4303627653,2022,2021-2026,True,True,False,,False,1,1
W4304092412,2022,2021-2026,True,True,True,True,False,1,1
W4304593256,2022,2021-2026,True,True,True,True,False,1,1
W4304609129,2022,2021-2026,True,True,False,,False,1,1
W2899694056,2022,2021-2026,True,False,True,False,False,1,1
W4305016423,2022,2021-2026,True,False,True,False,True,5,1
W4306165683,2022,2021-2026,True,True,True,True,True,3,1
W4306167405,2022,2021-2026,True,True,True,True,True,2,0
W4306175099,2022,2021-2026,True,True,True,True,False,1,1
W4308666212,2022,2021-2026,False,,False,,False,0,1
W4308714199,2022,2021-2026,False,,False,,False,0,2
W4306399671,2022,2021-2026,True,True,True,True,False,1,1
W4306670566,2022,2021-2026,True,False,True,False,True,2,1
W4307106779,2022,2021-2026,True,False,True,False,False,1,1
W4307124509,2022,2021-2026,True,True,True,True,False,1,1
W4307412788,2022,2021-2026,True,False,True,False,True,2,1
W4307441278,2022,2021-2026,True,True,True,True,True,3,1
W4307709166,2022,2021-2026,True,True,True,True,True,2,1
W4308128463,2022,2021-2026,True,True,True,True,True,4,1
W4308003017,2022,2021-2026,True,True,True,True,False,1,1
W4307739468,2022,2021-2026,True,False,True,False,True,5,1
W4308014761,2022,2021-2026,True,True,False,,False,1,1
W4308103035,2022,2021-2026,True,False,True,False,True,7,1
W4309066549,2022,2021-2026,True,True,True,True,True,3,1
W4309656092,2022,2021-2026,True,True,True,True,False,1,1
W4310358384,2022,2021-2026,True,True,True,True,True,2,1
W4310629377,2022,2021-2026,True,True,False,,True,3,1
W4312128305,2022,2021-2026,True,False,False,,False,1,1
W4313208553,2022,2021-2026,True,True,True,True,True,2,1
W4308191483,2022,2021-2026,True,False,True,False,False,1,1
W4308255190,2022,2021-2026,True,False,True,False,True,2,1
W4308440503,2022,2021-2026,True,True,True,True,False,1,1
W4308550647,2022,2021-2026,True,False,True,False,True,2,1
W4309044603,2022,2021-2026,True,True,False,,False,1,1
W4308951983,2022,2021-2026,True,True,True,True,False,1,1
W4308968899,2022,2021-2026,True,True,False,,True,2,1
W4308987999,2022,2021-2026,True,True,True,True,True,3,1
W4308997007,2022,2021-2026,True,True,True,False,True,3,1
W4310023090,2022,2021-2026,True,True,False,,True,2,1
W4309677565,2022,2021-2026,True,True,True,True,False,1,1
W4309840135,2022,2021-2026,True,True,True,True,False,1,1
W4309706708,2022,2021-2026,True,True,True,True,False,1,1
W4311791246,2022,2021-2026,True,False,False,,True,4,1
W4309889770,2022,2021-2026,True,True,True,True,False,1,1
W4313584539,2022,2021-2026,True,True,True,True,False,1,4
W4310222645,2022,2021-2026,True,True,False,,True,4,0
W4323060331,2022,2021-2026,True,True,False,,False,1,1
W7135567876,2022,2021-2026,False,,False,,False,0,1
W4311310491,2022,2021-2026,True,True,True,True,False,1,1
W4311993301,2022,2021-2026,True,True,True,True,False,1,1
W4313622175,2022,2021-2026,False,,False,,False,0,1
W4319297733,2022,2021-2026,True,True,True,True,False,1,1
W4310937573,2022,2021-2026,True,False,True,False,True,3,1
W4310948014,2022,2021-2026,True,True,True,True,True,2,1
W4311707121,2022,2021-2026,True,False,True,False,False,1,1
W4310931201,2022,2021-2026,True,True,True,True,False,1,1
W4311476487,2022,2021-2026,True,True,False,,True,2,1
W4311476496,2022,2021-2026,True,True,False,,False,1,1
W4311955502,2022,2021-2026,True,False,False,,False,1,1
W4311180715,2022,2021-2026,True,False,True,False,True,2,5
W4311238883,2022,2021-2026,True,True,False,,False,1,1
W4311327454,2022,2021-2026,True,True,True,True,True,3,1
W4311481156,2022,2021-2026,True,True,True,True,False,1,1
W4311506835,2022,2021-2026,True,True,True,True,True,3,1
W4311714054,2022,2021-2026,True,True,False,,False,1,1
W4311752084,2022,2021-2026,True,True,True,True,False,1,1
W4313364115,2022,2021-2026,True,True,True,True,False,1,1
W4312066154,2022,2021-2026,True,False,True,False,True,3,1
W4311985959,2022,2021-2026,True,True,True,True,False,1,1
W4312080281,2022,2021-2026,True,False,True,False,True,3,1
W4313465978,2022,2021-2026,True,True,True,True,True,3,1
W4312173188,2022,2021-2026,True,True,False,,False,1,1
W4312187288,2022,2021-2026,True,True,False,,False,1,1
W4313417268,2022,2021-2026,True,True,True,True,False,1,1
W4313329962,2022,2021-2026,True,True,True,True,False,1,1
W4313363951,2022,2021-2026,True,True,False,,False,1,1
W4313410212,2022,2021-2026,True,False,True,False,True,5,1
W4362500778,2022,2021-2026,True,True,True,True,False,1,1
W4379411067,2022,2021-2026,True,True,False,,True,2,1
W4399739468,2022,2021-2026,True,True,True,True,False,1,1
W4318168552,2023,2021-2026,True,True,True,True,False,1,1
W4318711897,2023,2021-2026,True,True,True,True,True,2,1
W4318714313,2023,2021-2026,True,True,True,True,True,4,2
W4320502320,2023,2021-2026,True,True,False,,False,1,1
W4321230662,2023,2021-2026,True,True,False,,True,2,1
W4323967659,2023,2021-2026,True,True,True,True,False,1,1
W4360917651,2023,2021-2026,True,False,True,False,False,1,1
W4361860325,2023,2021-2026,True,True,True,True,False,1,2
W4365128964,2023,2021-2026,True,True,True,True,False,1,1
W4375825256,2023,2021-2026,True,True,True,True,False,1,1
W4378187859,2023,2021-2026,True,True,True,False,True,3,1
W4378648617,2023,2021-2026,True,True,True,True,False,1,0
W4380630945,2023,2021-2026,True,True,True,True,True,2,1
W4381251315,2023,2021-2026,True,True,True,True,False,1,1
W4381431304,2023,2021-2026,True,True,True,True,True,3,1
W4383824478,2023,2021-2026,False,,False,,False,0,1
W4384079094,2023,2021-2026,True,False,True,False,True,2,2
W4384570880,2023,2021-2026,True,False,False,,True,2,1
W4386615604,2023,2021-2026,True,True,True,True,False,1,1
W4386627727,2023,2021-2026,True,True,False,,True,2,1
W4386831409,2023,2021-2026,False,,False,,False,0,1
W4387271093,2023,2021-2026,False,,False,,False,0,1
W4387337018,2023,2021-2026,True,True,False,,False,1,1
W4387414437,2023,2021-2026,True,True,True,True,False,1,1
W4387915512,2023,2021-2026,True,True,True,True,True,2,1
W4388677118,2023,2021-2026,True,True,False,,True,2,1
W4389151776,2023,2021-2026,True,True,True,True,True,2,1
W4390996206,2023,2021-2026,True,True,False,,False,1,1
W4391566024,2023,2021-2026,True,True,True,True,False,1,1
W4391997060,2023,2021-2026,False,,False,,False,1,1
W4398771292,2023,2021-2026,True,True,True,True,False,1,1
W4402122133,2023,2021-2026,True,True,True,True,True,2,1
W4411896828,2023,2021-2026,False,,False,,False,0,1
W7162098677,2023,2021-2026,False,,False,,True,2,1
W4367723311,2023,2021-2026,False,,False,,False,0,1
W4313641578,2023,2021-2026,True,True,True,True,True,2,1
W4313650102,2023,2021-2026,True,False,True,False,True,3,1
W4313650756,2023,2021-2026,True,True,True,True,False,1,1
W4315649389,2023,2021-2026,True,True,True,False,True,3,1
W4315701760,2023,2021-2026,True,True,True,True,True,3,1
W4315620167,2023,2021-2026,True,True,True,True,False,1,1
W4316036863,2023,2021-2026,True,True,True,True,False,1,1
W7153780330,2023,2021-2026,True,False,True,False,False,1,1
W7153795830,2023,2021-2026,True,False,True,False,False,1,1
W4391665674,2023,2021-2026,False,,False,,True,2,1
W4321348804,2023,2021-2026,True,True,True,True,False,1,1
W4321353200,2023,2021-2026,True,False,True,False,False,1,1
W4317356314,2023,2021-2026,True,True,True,True,False,1,1
W4321353247,2023,2021-2026,True,True,False,,True,3,1
W4317433948,2023,2021-2026,True,True,False,,True,3,1
W4317543142,2023,2021-2026,True,True,True,True,True,2,1
W4317548782,2023,2021-2026,True,True,True,True,False,1,1
W4317716365,2023,2021-2026,True,True,True,True,True,4,1
W4317761471,2023,2021-2026,True,True,False,,False,1,1
W4317797532,2023,2021-2026,True,True,False,,False,1,1
W3174907952,2023,2021-2026,True,True,True,True,True,2,1
W4377942648,2023,2021-2026,True,True,True,True,False,1,1
W4377942747,2023,2021-2026,True,True,False,,True,2,1
W4378071844,2023,2021-2026,True,True,False,,True,2,1
W4317932886,2023,2021-2026,True,True,True,True,False,1,0
W4317937561,2023,2021-2026,True,True,True,True,False,1,1
W4319791091,2023,2021-2026,True,False,True,False,False,1,2
W4318243954,2023,2021-2026,True,True,False,,False,1,1
W4318264116,2023,2021-2026,True,True,True,True,False,1,1
W4318275180,2023,2021-2026,True,False,True,False,False,1,0
W4318334785,2023,2021-2026,True,False,True,False,True,3,1
W4318426713,2023,2021-2026,True,True,True,False,True,2,1
W4318696706,2023,2021-2026,True,True,False,,False,1,1
W4318821540,2023,2021-2026,True,False,True,False,False,1,1
W4321117938,2023,2021-2026,False,,False,,False,0,1
W4398758723,2023,2021-2026,False,,False,,False,0,1
W4318752910,2023,2021-2026,False,,False,,False,0,1
W4319005734,2023,2021-2026,True,True,True,True,False,1,1
W4318974598,2023,2021-2026,False,,False,,True,2,1
W4319063401,2023,2021-2026,True,False,True,False,True,2,0
W4319071896,2023,2021-2026,True,False,True,False,True,2,1
W4319297485,2023,2021-2026,True,True,True,True,True,3,1
W4319297863,2023,2021-2026,True,True,True,True,True,2,1
W4319333435,2023,2021-2026,True,False,True,False,False,1,1
W4319444155,2023,2021-2026,True,True,True,True,True,4,1
W4320481247,2023,2021-2026,True,True,True,True,True,2,1
W4320507717,2023,2021-2026,True,True,True,True,True,4,1
W4321352584,2023,2021-2026,True,False,True,False,False,1,2
W4321352598,2023,2021-2026,True,False,False,,True,4,1
W4320712193,2023,2021-2026,False,,False,,False,0,1
W4320728700,2023,2021-2026,True,True,True,True,True,2,1
W4320856262,2023,2021-2026,True,True,True,True,False,1,1
W4320857179,2023,2021-2026,True,True,True,True,False,1,1
W4320856891,2023,2021-2026,True,True,True,True,False,1,1
W4321004086,2023,2021-2026,True,True,True,True,False,1,1
W4321174647,2023,2021-2026,False,,False,,False,0,2
W4321600290,2023,2021-2026,True,True,True,True,False,1,1
W4322503800,2023,2021-2026,True,True,True,True,False,1,1
W4322616986,2023,2021-2026,True,False,True,False,False,1,1
W4324128054,2023,2021-2026,True,False,False,,False,1,1
W4327576334,2023,2021-2026,True,True,False,,False,1,1
W4323316819,2023,2021-2026,True,True,True,True,False,1,1
W4323317110,2023,2021-2026,True,True,True,True,False,1,1
W4323664616,2023,2021-2026,True,True,False,,False,1,1
W4324017602,2023,2021-2026,True,True,False,,True,2,1
W4324063750,2023,2021-2026,True,True,False,,True,2,1
W4327580811,2023,2021-2026,True,True,False,,False,1,1
W4327967862,2023,2021-2026,True,True,True,True,False,1,1
W4360981231,2023,2021-2026,False,,False,,False,0,1
W4362475852,2023,2021-2026,True,True,True,True,False,1,1
W4323044400,2023,2021-2026,True,True,True,True,False,1,1
W4323318541,2023,2021-2026,True,True,True,True,True,2,1
W4323354653,2023,2021-2026,True,False,True,False,True,2,1
W4323534547,2023,2021-2026,True,True,True,False,True,3,1
W4323652673,2023,2021-2026,True,True,True,True,True,2,1
W4323665961,2023,2021-2026,True,True,True,True,False,1,1
W4323812552,2023,2021-2026,True,True,True,True,True,3,1
W4323971751,2023,2021-2026,True,True,True,True,False,1,1
W4385956858,2023,2021-2026,False,,False,,False,0,1
W4388159826,2023,2021-2026,False,,False,,False,1,1
W4388160220,2023,2021-2026,True,True,False,,False,1,1
W4388930868,2023,2021-2026,False,,False,,False,0,1
W4327861849,2023,2021-2026,True,True,True,True,False,1,1
W4328049572,2023,2021-2026,True,True,True,True,False,1,1
W4353014967,2023,2021-2026,True,True,True,True,False,1,1
W4353082272,2023,2021-2026,True,True,True,True,False,1,1
W4383889011,2023,2021-2026,True,True,True,True,False,1,1
W4361008289,2023,2021-2026,True,True,True,True,True,3,1
W4361009693,2023,2021-2026,True,True,True,True,True,2,1
W4361214839,2023,2021-2026,True,True,True,True,False,1,1
W4361282543,2023,2021-2026,True,True,True,True,True,3,1
W4361283117,2023,2021-2026,True,True,False,,True,2,1
W4361296314,2023,2021-2026,True,True,True,True,False,1,1
W4361266799,2023,2021-2026,True,True,True,False,True,5,2
W4361276785,2023,2021-2026,True,True,True,True,False,1,1
W4361988187,2023,2021-2026,True,False,True,False,False,1,1
W4381295172,2023,2021-2026,True,True,True,True,False,1,1
W4367306770,2023,2021-2026,True,True,False,,False,1,1
W4368376705,2023,2021-2026,True,True,True,True,False,1,1
W4381514702,2023,2021-2026,False,,False,,False,0,2
W4362507303,2023,2021-2026,True,True,True,True,True,2,1
W4375952317,2023,2021-2026,True,True,True,True,False,1,2
W4376136058,2023,2021-2026,True,True,True,True,False,1,1
W4380182384,2023,2021-2026,True,True,True,True,False,1,1
W4386869370,2023,2021-2026,True,True,False,,False,1,1
W4362640801,2023,2021-2026,True,True,True,True,True,2,1
W4362657738,2023,2021-2026,True,False,True,False,True,2,1
W4362698349,2023,2021-2026,True,True,False,,True,3,1
W4363674650,2023,2021-2026,True,True,False,,True,2,1
W4364374963,2023,2021-2026,True,False,True,False,False,1,0
W4365512775,2023,2021-2026,True,True,False,,True,4,1
W4384433249,2023,2021-2026,False,,False,,False,0,1
W4365445567,2023,2021-2026,True,False,True,True,True,2,1
W4365447394,2023,2021-2026,True,True,True,True,True,2,1
W4365449925,2023,2021-2026,True,True,True,True,False,1,1
W4376491577,2023,2021-2026,True,True,True,True,True,2,1
W4365479180,2023,2021-2026,True,True,True,True,False,1,1
W4365815889,2023,2021-2026,True,True,True,True,False,1,1
W4366004057,2023,2021-2026,True,True,True,True,False,1,1
W4367856956,2023,2021-2026,True,True,False,,False,1,2
W4366425560,2023,2021-2026,True,False,False,,False,1,1
W4366779197,2023,2021-2026,True,True,True,True,False,1,0
W4366815091,2023,2021-2026,True,True,True,True,False,1,1
W4367602592,2023,2021-2026,False,,False,,False,0,1
W4367602895,2023,2021-2026,False,,False,,False,0,1
W4367312541,2023,2021-2026,False,,False,,False,0,1
W4367666674,2023,2021-2026,True,True,False,,False,1,1
W4380415694,2023,2021-2026,True,True,True,True,False,1,1
W4367678086,2023,2021-2026,True,True,False,,False,1,1
W4381537950,2023,2021-2026,True,True,False,,False,1,1
W4386971583,2023,2021-2026,True,True,False,,False,1,1
W4367838955,2023,2021-2026,True,True,True,True,False,1,1
W4367844605,2023,2021-2026,True,True,True,True,False,1,1
W4368367890,2023,2021-2026,True,True,True,True,False,1,1
W4372333705,2023,2021-2026,True,True,True,True,True,2,1
W4372361449,2023,2021-2026,True,True,True,True,False,1,1
W4376629781,2023,2021-2026,True,False,True,False,False,1,1
W4376138152,2023,2021-2026,True,True,True,True,True,4,1
W4378516465,2023,2021-2026,True,False,False,,True,2,5
W4382753926,2023,2021-2026,True,True,True,True,True,4,1
W4376149338,2023,2021-2026,True,True,True,True,False,1,1
W4376891135,2023,2021-2026,True,False,False,,True,2,1
W4377028196,2023,2021-2026,True,True,False,,False,1,1
W4376603879,2023,2021-2026,True,False,True,False,True,2,1
W4376610503,2023,2021-2026,True,False,True,False,True,4,1
W4377047209,2023,2021-2026,False,,False,,False,0,1
W4376645888,2023,2021-2026,True,True,True,True,False,1,1
W4376956843,2023,2021-2026,True,True,True,True,False,1,1
W4388533087,2023,2021-2026,True,True,False,,False,1,1
W4377289001,2023,2021-2026,True,False,False,,False,1,1
W4377294276,2023,2021-2026,True,True,False,,False,1,1
W4377245494,2023,2021-2026,True,True,False,,False,1,1
W4377287101,2023,2021-2026,True,True,True,True,False,1,1
W4378233366,2023,2021-2026,True,True,True,True,True,2,1
W4378640011,2023,2021-2026,True,True,False,,False,1,1
W4378745571,2023,2021-2026,True,True,False,,False,1,1
W4378781921,2023,2021-2026,True,True,True,True,True,2,1
W4378783605,2023,2021-2026,True,True,True,True,True,2,1
W4378904070,2023,2021-2026,True,True,True,True,False,1,1
W4378907265,2023,2021-2026,True,True,False,,True,2,1
W4379053841,2023,2021-2026,True,True,True,True,True,2,1
W4379057602,2023,2021-2026,True,True,True,True,True,2,1
W4380204225,2023,2021-2026,True,True,True,True,True,3,1
W4382680206,2023,2021-2026,True,True,True,True,False,1,1
W4384833822,2023,2021-2026,False,,False,,False,0,1
W4385476120,2023,2021-2026,True,True,True,True,False,1,1
W4379143218,2023,2021-2026,True,True,True,True,True,2,1
W4379376202,2023,2021-2026,True,True,True,True,False,1,1
W4379534972,2023,2021-2026,True,True,True,True,True,3,1
W4379875651,2023,2021-2026,True,False,True,False,True,2,1
W4379966638,2023,2021-2026,True,False,True,False,True,2,1
W4380047128,2023,2021-2026,True,True,True,True,True,3,1
W4380434262,2023,2021-2026,True,True,True,True,False,1,1
W4380682477,2023,2021-2026,True,True,True,True,False,1,1
W4380684215,2023,2021-2026,True,True,True,True,True,2,1
W4382279923,2023,2021-2026,False,,False,,False,0,2
W4380787276,2023,2021-2026,True,True,True,True,True,2,1
W4380996576,2023,2021-2026,True,True,False,,True,2,1
W4380879680,2023,2021-2026,True,True,False,,True,2,1
W4381250748,2023,2021-2026,True,True,True,True,False,1,1
W4381187221,2023,2021-2026,True,True,False,,False,1,1
W4381684433,2023,2021-2026,True,False,True,False,True,2,1
W4381989114,2023,2021-2026,True,True,False,,False,1,1
W4382068189,2023,2021-2026,True,True,True,True,False,1,1
W4382344969,2023,2021-2026,True,False,True,False,True,4,1
W2907933032,2023,2021-2026,True,False,False,,True,2,1
W4382502108,2023,2021-2026,True,True,True,True,False,1,1
W4382631105,2023,2021-2026,True,True,False,,False,1,1
W4382776835,2023,2021-2026,True,True,False,,False,1,1
W4382681597,2023,2021-2026,True,False,True,False,False,1,1
W4382698627,2023,2021-2026,True,False,True,False,False,1,1
W4382752066,2023,2021-2026,True,True,True,True,False,1,1
W4382777490,2023,2021-2026,True,True,True,True,True,2,1
W4382795342,2023,2021-2026,True,True,False,,False,1,1
W4383998821,2023,2021-2026,True,False,True,False,True,2,1
W4385078381,2023,2021-2026,True,True,True,True,True,3,1
W4386492958,2023,2021-2026,False,,False,,False,0,1
W4410792076,2023,2021-2026,False,,False,,False,0,1
W4383103422,2023,2021-2026,True,True,True,True,True,2,1
W4383227544,2023,2021-2026,True,True,True,True,True,2,1
W4383874514,2023,2021-2026,True,True,True,True,False,1,1
W4384469426,2023,2021-2026,True,True,False,,False,1,1
W4384913591,2023,2021-2026,True,True,True,True,False,1,1
W4385064596,2023,2021-2026,True,False,True,False,True,8,4
W4385246554,2023,2021-2026,True,True,True,True,False,1,1
W4385447375,2023,2021-2026,True,True,True,True,False,1,1
W4386610535,2023,2021-2026,True,True,True,True,True,3,1
W4382866791,2023,2021-2026,True,True,True,True,False,1,1
W4383293709,2023,2021-2026,True,True,True,True,False,1,1
W4383163950,2023,2021-2026,True,True,False,,False,1,1
W4383345782,2023,2021-2026,True,True,True,True,True,3,1
W4383571099,2023,2021-2026,True,True,False,,False,1,1
W4383599117,2023,2021-2026,True,True,False,,False,1,1
W4384070631,2023,2021-2026,True,True,False,,False,1,1
W4389684160,2023,2021-2026,True,True,False,,False,1,1
W4384204303,2023,2021-2026,True,True,True,False,True,3,1
W4384153328,2023,2021-2026,True,True,True,True,False,1,1
W4384339409,2023,2021-2026,True,True,True,True,True,5,1
W4384501832,2023,2021-2026,True,True,True,True,True,4,1
W4384822980,2023,2021-2026,True,True,True,True,False,1,1
W4384934287,2023,2021-2026,True,True,True,True,True,2,1
W4385075350,2023,2021-2026,True,True,True,True,True,4,1
W4385335533,2023,2021-2026,True,True,True,True,True,4,1
W4385417505,2023,2021-2026,True,False,True,True,True,2,1
W4385478531,2023,2021-2026,True,True,True,True,False,1,1
W4386003051,2023,2021-2026,True,False,True,False,True,2,1
W4386226730,2023,2021-2026,True,True,False,,False,1,1
W4386227275,2023,2021-2026,True,True,True,True,True,4,1
W4385483235,2023,2021-2026,True,True,True,True,False,1,1
W4385484360,2023,2021-2026,True,True,True,True,False,1,1
W4385552660,2023,2021-2026,True,True,False,,False,1,1
W4385968276,2023,2021-2026,False,,False,,False,0,1
W4385576162,2023,2021-2026,True,False,True,False,True,3,1
W4386936685,2023,2021-2026,False,,False,,False,0,1
W4385662888,2023,2021-2026,True,False,True,False,True,2,1
W4385693989,2023,2021-2026,True,False,True,False,True,3,2
W4385723290,2023,2021-2026,True,False,False,,True,3,0
W4385897029,2023,2021-2026,True,True,True,True,False,1,1
W4385755529,2023,2021-2026,False,,False,,False,0,1
W4385760425,2023,2021-2026,True,False,True,False,True,2,1
W4385772282,2023,2021-2026,True,True,False,,True,2,1
W4394563848,2023,2021-2026,True,True,False,,False,1,1
W4385811247,2023,2021-2026,True,True,False,,False,1,1
W4385840114,2023,2021-2026,True,True,True,True,True,4,1
W4394991163,2023,2021-2026,False,,False,,False,0,1
W4385850886,2023,2021-2026,True,True,True,True,False,1,1
W4386030471,2023,2021-2026,False,,False,,False,1,1
W4385890871,2023,2021-2026,True,True,True,True,False,1,1
W4385955537,2023,2021-2026,True,True,True,True,True,2,1
W4385988803,2023,2021-2026,True,False,True,False,False,1,1
W4386010705,2023,2021-2026,True,True,True,True,True,2,2
W4386086076,2023,2021-2026,True,True,False,,True,3,1
W4386164325,2023,2021-2026,True,True,True,True,False,1,1
W4386207134,2023,2021-2026,True,True,False,,False,1,1
W4386309324,2023,2021-2026,True,True,True,True,False,1,1
W4386397726,2023,2021-2026,True,True,True,True,False,1,1
W4386308988,2023,2021-2026,True,False,False,,False,1,1
W4386323490,2023,2021-2026,True,True,False,,True,2,1
W4386344226,2023,2021-2026,True,False,False,,True,3,2
W4388737836,2023,2021-2026,True,True,False,,False,1,1
W4386398856,2023,2021-2026,True,True,True,True,False,1,1
W4387025933,2023,2021-2026,True,True,True,True,False,1,1
W4387172659,2023,2021-2026,True,True,True,True,False,1,1
W4387358655,2023,2021-2026,True,False,False,,True,2,1
W4386800881,2023,2021-2026,True,True,False,,False,1,1
W4386492762,2023,2021-2026,False,,False,,False,0,1
W4389456784,2023,2021-2026,False,,False,,False,0,1
W4386621022,2023,2021-2026,True,False,True,False,False,1,1
W4386694450,2023,2021-2026,True,True,True,True,True,3,1
W4386692382,2023,2021-2026,False,,False,,False,0,1
W4386701015,2023,2021-2026,True,True,True,True,True,3,1
W4386714057,2023,2021-2026,True,False,True,False,True,2,1
W4386715604,2023,2021-2026,True,True,False,,False,1,1
W4386727117,2023,2021-2026,True,True,True,True,False,1,1
W4386746106,2023,2021-2026,True,False,True,False,True,4,0
W7153708413,2023,2021-2026,True,False,True,False,False,1,1
W7153832750,2023,2021-2026,True,False,True,False,False,1,1
W4386846183,2023,2021-2026,True,False,True,True,True,3,1
W7112021543,2023,2021-2026,False,,False,,False,0,2
W4386997278,2023,2021-2026,True,False,True,False,False,1,1
W4387140997,2023,2021-2026,True,True,False,,False,1,1
W4386979632,2023,2021-2026,True,False,True,False,True,18,5
W4403343870,2023,2021-2026,False,,False,,False,0,1
W4386997775,2023,2021-2026,True,True,True,True,True,3,1
W4387035263,2023,2021-2026,True,False,False,,False,1,1
W4387094984,2023,2021-2026,True,True,True,True,True,2,1
W4387128779,2023,2021-2026,True,False,True,False,False,1,1
W4387141582,2023,2021-2026,True,True,True,True,True,3,1
W4387366748,2023,2021-2026,False,,False,,False,0,1
W4390574349,2023,2021-2026,True,True,False,,False,1,1
W4387784524,2023,2021-2026,True,True,True,True,True,2,1
W4398793922,2023,2021-2026,True,True,True,True,False,1,1
W4387262368,2023,2021-2026,True,True,True,True,False,1,1
W4387305095,2023,2021-2026,True,True,True,True,True,2,2
W4387739444,2023,2021-2026,False,,False,,False,0,1
W4391437993,2023,2021-2026,True,False,True,False,True,2,1
W4387344391,2023,2021-2026,True,False,True,False,True,3,1
W4387376682,2023,2021-2026,True,True,True,True,False,1,1
W4387392824,2023,2021-2026,True,True,True,True,False,1,1
W4387403765,2023,2021-2026,True,True,True,True,False,1,1
W4387458824,2023,2021-2026,True,True,True,True,False,1,1
W4388305299,2023,2021-2026,False,,False,,False,0,1
W4387572283,2023,2021-2026,True,False,False,,True,2,1
W4387640304,2023,2021-2026,True,True,True,True,True,2,1
W4387652384,2023,2021-2026,True,True,False,,True,2,1
W4387728893,2023,2021-2026,True,True,True,True,True,2,1
W4387739748,2023,2021-2026,True,True,True,True,False,1,1
W4387740097,2023,2021-2026,True,True,True,True,False,1,1
W4387745715,2023,2021-2026,True,True,True,True,True,2,1
W4388489530,2023,2021-2026,True,True,False,,False,1,1
W4387814956,2023,2021-2026,True,True,True,True,False,1,1
W4387833365,2023,2021-2026,True,True,False,,False,1,1
W4387876470,2023,2021-2026,True,True,True,True,False,1,1
W4388202148,2023,2021-2026,True,True,True,True,True,2,1
W4387970897,2023,2021-2026,True,True,True,True,True,2,1
W4388541131,2023,2021-2026,True,True,False,,False,1,1
W4389917497,2023,2021-2026,True,True,False,,False,1,1
W4388160803,2023,2021-2026,True,True,False,,False,1,1
W4388706847,2023,2021-2026,True,False,True,False,True,2,0
W4388997756,2023,2021-2026,True,True,False,,False,1,1
W4388125741,2023,2021-2026,True,True,True,True,False,1,1
W4388347815,2023,2021-2026,True,True,True,True,False,1,1
W4388672782,2023,2021-2026,True,False,True,False,True,2,2
W4388672805,2023,2021-2026,True,False,True,False,False,1,1
W4388673972,2023,2021-2026,True,True,True,True,True,2,1
W4391455825,2023,2021-2026,True,True,True,True,False,1,1
W4388304111,2023,2021-2026,True,True,True,True,False,1,1
W4390845475,2023,2021-2026,False,,False,,False,0,1
W4389042449,2023,2021-2026,True,True,False,,True,2,1
W4388487178,2023,2021-2026,True,True,True,True,False,1,1
W4388520043,2023,2021-2026,True,True,True,True,False,1,1
W4388628759,2023,2021-2026,True,True,True,True,False,1,1
W4388827781,2023,2021-2026,True,True,True,True,False,1,1
W4388834047,2023,2021-2026,True,True,True,True,False,1,1
W4388910800,2023,2021-2026,True,False,True,True,True,2,1
W4388941879,2023,2021-2026,False,,False,,False,0,1
W4389060430,2023,2021-2026,True,True,True,True,True,4,1
W4389077041,2023,2021-2026,True,True,True,True,True,2,1
W4389087954,2023,2021-2026,True,True,True,True,True,2,1
W4389098469,2023,2021-2026,True,True,True,True,False,1,1
W4389135387,2023,2021-2026,True,False,True,False,False,1,1
W4389163176,2023,2021-2026,True,True,True,True,True,3,1
W4389180664,2023,2021-2026,True,True,True,True,False,1,1
W4389484964,2023,2021-2026,True,True,True,True,False,1,1
W4389566116,2023,2021-2026,True,True,False,,True,2,1
W4389623916,2023,2021-2026,True,True,True,True,True,2,1
W4389704584,2023,2021-2026,False,,False,,False,0,1
W4390053777,2023,2021-2026,True,True,True,True,False,1,1
W4390143480,2023,2021-2026,True,True,True,True,False,1,1
W4391516654,2023,2021-2026,False,,False,,False,0,1
W7128916415,2023,2021-2026,True,True,False,,False,1,1
W4389435152,2023,2021-2026,True,True,True,True,False,1,1
W4389297388,2023,2021-2026,True,True,True,True,True,2,1
W4389333831,2023,2021-2026,True,True,True,True,False,1,1
W4389334736,2023,2021-2026,True,True,True,True,False,1,1
W4389386988,2023,2021-2026,True,True,True,True,False,1,1
W4389462011,2023,2021-2026,True,True,True,True,False,1,1
W4389487955,2023,2021-2026,True,True,True,True,True,3,1
W4389496161,2023,2021-2026,True,True,False,,True,2,1
W4401445988,2023,2021-2026,False,,False,,False,0,1
W4390349109,2023,2021-2026,False,,False,,False,0,1
W4389575008,2023,2021-2026,True,True,True,False,True,7,4
W4389615158,2023,2021-2026,True,True,True,True,True,2,1
W4407330685,2023,2021-2026,True,True,False,,False,1,1
W4389965793,2023,2021-2026,True,False,True,False,False,1,1
W4390078179,2023,2021-2026,True,True,False,,False,1,5
W4389991764,2023,2021-2026,True,False,True,False,True,3,1
W4390063485,2023,2021-2026,True,True,True,True,False,1,1
W4390084273,2023,2021-2026,True,True,True,True,True,2,1
W4390197525,2023,2021-2026,True,True,False,,False,1,1
W4393340307,2023,2021-2026,False,,False,,False,0,1
W7133964442,2023,2021-2026,True,True,True,True,True,2,1
W4390468376,2023,2021-2026,True,True,False,,False,1,1
W4391187383,2023,2021-2026,True,True,False,,False,1,1
W4391635757,2023,2021-2026,True,True,False,,True,3,1
W4399547060,2023,2021-2026,True,True,True,True,False,1,0
W4413225124,2023,2021-2026,True,False,True,False,False,1,1
W4413740711,2023,2021-2026,True,True,False,,False,1,1
W4391235492,2024,2021-2026,False,,False,,False,0,1
W4391619309,2024,2021-2026,False,,False,,False,0,1
W4391826238,2024,2021-2026,True,True,True,True,True,3,1
W4395673073,2024,2021-2026,True,True,True,True,False,1,1
W4399086861,2024,2021-2026,True,True,False,,False,1,1
W4399416561,2024,2021-2026,True,True,True,True,False,1,1
W4399464308,2024,2021-2026,True,True,True,True,True,2,1
W4399868879,2024,2021-2026,False,,False,,True,3,1
W4400007782,2024,2021-2026,False,,False,,False,0,1
W4400982701,2024,2021-2026,False,,False,,False,0,1
W4401179873,2024,2021-2026,False,,False,,False,0,1
W4401274159,2024,2021-2026,False,,False,,False,0,1
W4401788419,2024,2021-2026,True,True,False,,False,1,1
W4401916375,2024,2021-2026,True,False,False,,True,3,1
W4402135024,2024,2021-2026,True,False,False,,False,1,1
W4402776153,2024,2021-2026,True,True,False,,True,4,1
W4402901006,2024,2021-2026,False,,False,,False,0,1
W4402917487,2024,2021-2026,True,True,False,,False,1,1
W4403183627,2024,2021-2026,True,True,False,,False,1,1
W4403603395,2024,2021-2026,False,,False,,False,0,1
W4404184153,2024,2021-2026,True,True,True,True,False,1,1
W4405374354,2024,2021-2026,False,,False,,False,0,1
W4405662676,2024,2021-2026,True,True,False,,True,2,1
W4405769956,2024,2021-2026,True,True,False,,False,1,1
W4413227601,2024,2021-2026,True,False,False,,True,2,1
W7126166556,2024,2021-2026,False,,False,,False,0,1
W7204432028,2024,2021-2026,False,,False,,False,0,1
W4390495617,2024,2021-2026,True,True,True,True,False,1,1
W4390504426,2024,2021-2026,True,True,False,,False,1,1
W4390547737,2024,2021-2026,True,False,True,False,True,4,1
W4390584355,2024,2021-2026,True,True,True,True,False,1,1
W4390665098,2024,2021-2026,True,True,True,True,False,1,1
W4390771839,2024,2021-2026,True,True,True,True,False,1,1
W4390858963,2024,2021-2026,True,True,True,True,False,1,1
W4390817314,2024,2021-2026,True,True,True,True,True,3,1
W4390838976,2024,2021-2026,True,True,True,True,False,1,1
W4390877858,2024,2021-2026,True,True,False,,False,1,1
W4392393607,2024,2021-2026,True,True,True,True,False,1,1
W4404144719,2024,2021-2026,False,,False,,True,2,1
W4403434994,2024,2021-2026,True,True,True,True,False,1,1
W4390946555,2024,2021-2026,True,True,True,True,False,1,1
W4390971822,2024,2021-2026,True,False,True,False,False,1,1
W4391026547,2024,2021-2026,True,True,True,True,False,1,1
W4391028856,2024,2021-2026,True,True,True,True,False,1,1
W4391061407,2024,2021-2026,True,True,False,,False,1,1
W4392000012,2024,2021-2026,False,,False,,False,0,1
W4391250673,2024,2021-2026,True,False,True,False,False,1,0
W4391253669,2024,2021-2026,True,False,True,False,True,3,1
W4391276076,2024,2021-2026,True,True,True,True,False,1,1
W4392664926,2024,2021-2026,True,True,True,True,False,1,1
W4393083765,2024,2021-2026,True,True,True,True,False,1,1
W4391351985,2024,2021-2026,True,False,True,True,True,2,1
W4391399053,2024,2021-2026,True,True,True,False,True,3,1
W4391387450,2024,2021-2026,True,True,False,,False,1,1
W4391444859,2024,2021-2026,True,True,False,,False,1,1
W4394761203,2024,2021-2026,True,True,False,,False,1,1
W7130428468,2024,2021-2026,True,True,False,,True,2,1
W4392787180,2024,2021-2026,True,True,True,True,True,2,1
W4391522076,2024,2021-2026,True,True,True,True,False,1,1
W4391677550,2024,2021-2026,True,True,True,True,True,2,1
W4391684473,2024,2021-2026,True,True,True,True,True,3,1
W4391686176,2024,2021-2026,True,False,False,,False,1,1
W4399656466,2024,2021-2026,True,True,False,,False,1,1
W4401058024,2024,2021-2026,True,True,True,True,False,1,1
W4405091902,2024,2021-2026,True,True,False,,False,1,1
W4391818727,2024,2021-2026,True,False,True,False,True,3,0
W4391881931,2024,2021-2026,True,True,True,True,False,1,1
W4391885196,2024,2021-2026,True,True,True,True,False,1,1
W4392242931,2024,2021-2026,True,True,True,True,False,1,1
W4391929335,2024,2021-2026,True,False,True,False,True,3,1
W4391991688,2024,2021-2026,True,True,True,True,True,5,1
W4392389393,2024,2021-2026,False,,False,,False,0,1
W7153772695,2024,2021-2026,True,False,True,False,False,1,1
W7153798623,2024,2021-2026,True,False,True,False,False,1,1
W4392124869,2024,2021-2026,True,True,False,,False,1,1
W4392190497,2024,2021-2026,True,True,True,True,True,2,1
W4400479141,2024,2021-2026,True,True,False,,False,1,1
W4392243076,2024,2021-2026,True,True,False,,False,1,1
W4392296129,2024,2021-2026,True,True,False,,False,1,1
W4392303074,2024,2021-2026,True,False,True,False,True,3,1
W4392656914,2024,2021-2026,True,True,False,,True,2,1
W4392765873,2024,2021-2026,True,False,True,False,True,3,1
W4392852028,2024,2021-2026,True,False,True,False,False,1,1
W4393345987,2024,2021-2026,True,False,True,False,True,2,1
W4392561370,2024,2021-2026,False,,False,,False,1,1
W4392563918,2024,2021-2026,True,True,True,True,True,2,1
W4400095215,2024,2021-2026,True,True,True,True,False,1,1
W4392622986,2024,2021-2026,True,True,False,,True,2,1
W4392923919,2024,2021-2026,True,False,True,False,False,1,1
W4392702376,2024,2021-2026,False,,False,,False,0,1
W4392706157,2024,2021-2026,True,True,True,True,True,2,1
W4392753808,2024,2021-2026,True,True,True,True,False,1,1
W4392861231,2024,2021-2026,True,True,True,True,True,2,1
W4392867385,2024,2021-2026,True,True,True,True,False,1,1
W4393201507,2024,2021-2026,True,True,False,,False,1,1
W7154638197,2024,2021-2026,True,True,True,True,False,1,1
W4393163055,2024,2021-2026,True,True,True,True,False,1,1
W4393183061,2024,2021-2026,True,True,True,True,False,1,1
W4393196363,2024,2021-2026,True,True,True,True,False,1,1
W4393272223,2024,2021-2026,True,True,False,,False,1,1
W4394016163,2024,2021-2026,True,True,True,True,False,1,1
W54281539,2024,2021-2026,True,True,False,,False,1,1
W4393233025,2024,2021-2026,True,False,True,False,False,1,1
W4393235030,2024,2021-2026,True,True,True,True,False,1,1
W4393302580,2024,2021-2026,True,True,True,True,True,2,1
W4393392691,2024,2021-2026,True,True,True,True,True,2,1
W4396214787,2024,2021-2026,True,True,True,True,False,1,1
W4396224232,2024,2021-2026,True,True,False,,False,1,1
W4398203333,2024,2021-2026,True,True,False,,True,2,1
W4399484808,2024,2021-2026,True,False,True,False,True,2,1
W4414950767,2024,2021-2026,True,True,False,,False,1,1
W4393950570,2024,2021-2026,True,True,True,True,False,1,1
W4393991112,2024,2021-2026,True,False,True,False,True,5,0
W4394012800,2024,2021-2026,True,True,True,True,False,1,1
W4394063119,2024,2021-2026,True,True,False,,False,1,1
W4394784184,2024,2021-2026,True,True,True,True,False,1,1
W4394795996,2024,2021-2026,True,False,True,False,False,1,1
W4394819238,2024,2021-2026,True,True,True,True,True,2,1
W4395038666,2024,2021-2026,True,False,True,False,False,1,1
W4394847483,2024,2021-2026,True,False,True,True,True,2,1
W4394859594,2024,2021-2026,True,True,True,True,True,2,1
W4395073398,2024,2021-2026,False,,False,,False,0,1
W4394902753,2024,2021-2026,False,,False,,True,2,1
W4394933971,2024,2021-2026,True,True,True,True,True,4,1
W4396657116,2024,2021-2026,False,,False,,False,0,1
W4400699074,2024,2021-2026,True,True,False,,True,2,1
W4395114865,2024,2021-2026,True,True,False,,True,3,1
W4395467431,2024,2021-2026,True,False,True,False,True,2,1
W4396219222,2024,2021-2026,True,True,True,True,False,1,1
W4396496392,2024,2021-2026,True,False,False,,True,2,1
W4396514028,2024,2021-2026,True,True,True,True,False,1,1
W4396672557,2024,2021-2026,False,,False,,False,0,1
W4396601774,2024,2021-2026,True,True,True,True,False,1,1
W4398146049,2024,2021-2026,True,True,True,True,False,1,1
W4399173449,2024,2021-2026,True,True,False,,True,7,5
W4400956156,2024,2021-2026,False,,False,,False,0,1
W4402037067,2024,2021-2026,False,,False,,False,0,1
W4396583344,2024,2021-2026,True,True,True,True,False,1,1
W4396596353,2024,2021-2026,True,True,False,,False,1,1
W4396870436,2024,2021-2026,True,True,False,,False,1,1
W4396669473,2024,2021-2026,True,True,True,True,True,4,1
W4396802139,2024,2021-2026,True,True,False,,True,2,1
W4396807953,2024,2021-2026,True,True,True,True,False,1,1
W4396850571,2024,2021-2026,True,True,True,True,True,3,1
W4396900055,2024,2021-2026,True,True,True,True,False,1,1
W4404504749,2024,2021-2026,True,True,False,,True,2,1
W4396948573,2024,2021-2026,True,False,True,False,True,10,0
W4396999941,2024,2021-2026,True,True,True,True,False,1,1
W4397016994,2024,2021-2026,True,True,True,True,False,1,1
W4397036452,2024,2021-2026,True,True,True,True,True,2,1
W4399027996,2024,2021-2026,True,True,False,,False,1,1
W4398143332,2024,2021-2026,True,True,True,True,False,1,1
W4398773556,2024,2021-2026,True,True,True,True,False,1,1
W4398782429,2024,2021-2026,True,True,True,True,True,2,1
W4400135681,2024,2021-2026,False,,False,,False,0,1
W4399116618,2024,2021-2026,True,False,True,False,True,3,1
W4399159368,2024,2021-2026,True,True,True,True,False,1,1
W4399172317,2024,2021-2026,True,True,True,True,False,1,1
W4401592147,2024,2021-2026,True,True,True,True,False,1,1
W4401462567,2024,2021-2026,True,True,False,,False,1,1
W4399265658,2024,2021-2026,True,True,True,True,True,2,1
W4400511313,2024,2021-2026,True,True,False,,False,1,1
W7202213091,2024,2021-2026,False,,False,,False,0,1
W4399356846,2024,2021-2026,True,True,True,True,False,1,1
W4399297212,2024,2021-2026,True,True,True,True,True,4,0
W4408203575,2024,2021-2026,True,True,False,,True,2,2
W4399387583,2024,2021-2026,True,True,True,True,False,1,1
W4399430274,2024,2021-2026,True,True,True,True,False,1,1
W4399441467,2024,2021-2026,True,True,False,,False,1,1
W4399441608,2024,2021-2026,True,False,False,,True,2,1
W4399445270,2024,2021-2026,True,False,False,,False,1,1
W4399457325,2024,2021-2026,True,False,True,False,False,1,2
W4399473312,2024,2021-2026,True,True,False,,False,1,1
W4399612545,2024,2021-2026,True,True,False,,False,1,1
W4399548178,2024,2021-2026,True,False,True,False,True,4,1
W4399584441,2024,2021-2026,True,False,True,False,False,1,0
W4399698792,2024,2021-2026,True,False,True,True,True,2,1
W7148825053,2024,2021-2026,True,True,True,True,False,1,6
W4399760405,2024,2021-2026,True,True,True,True,True,2,1
W4399923591,2024,2021-2026,True,True,False,,False,1,1
W4399862506,2024,2021-2026,True,True,True,False,True,3,1
W4399922112,2024,2021-2026,True,True,True,True,False,1,1
W4401427557,2024,2021-2026,False,,False,,False,0,1
W4399938116,2024,2021-2026,True,False,False,,True,2,1
W7128428549,2024,2021-2026,True,False,False,,True,2,1
W4402661554,2024,2021-2026,True,True,True,True,True,2,1
W4400112095,2024,2021-2026,True,True,True,False,True,3,1
W4400119625,2024,2021-2026,False,,False,,False,1,0
W4400164018,2024,2021-2026,True,True,True,False,True,3,1
W4400203146,2024,2021-2026,True,True,False,,False,1,1
W4402456804,2024,2021-2026,True,True,False,,True,2,1
W4403710698,2024,2021-2026,True,True,True,True,False,1,1
W4407611169,2024,2021-2026,True,True,False,,False,1,1
W4412438817,2024,2021-2026,True,True,False,,False,1,1
W4400177529,2024,2021-2026,True,True,False,,False,1,1
W4400201814,2024,2021-2026,True,True,True,True,True,4,2
W4400570201,2024,2021-2026,True,False,True,False,False,1,2
W4400616492,2024,2021-2026,False,,False,,False,0,1
W4405890629,2024,2021-2026,True,True,False,,False,1,1
W4400248287,2024,2021-2026,True,True,True,True,False,1,1
W4400257400,2024,2021-2026,True,False,True,False,False,1,1
W4400272712,2024,2021-2026,True,True,False,,False,1,1
W4400298333,2024,2021-2026,True,True,True,True,True,3,1
W4400320375,2024,2021-2026,True,True,False,,True,2,1
W4400333937,2024,2021-2026,True,True,True,True,False,1,1
W4401053687,2024,2021-2026,True,True,False,,False,1,1
W4400464706,2024,2021-2026,True,True,False,,False,1,1
W4400508087,2024,2021-2026,True,True,True,True,False,1,1
W4400591490,2024,2021-2026,True,True,True,True,False,1,1
W4400647772,2024,2021-2026,True,True,True,True,True,2,1
W4400650791,2024,2021-2026,True,True,True,True,False,1,1
W4400733858,2024,2021-2026,True,True,True,True,False,1,1
W4400779526,2024,2021-2026,True,True,False,,False,1,1
W4403607746,2024,2021-2026,False,,False,,False,0,3
W4400813216,2024,2021-2026,True,True,True,True,True,3,1
W4400881803,2024,2021-2026,True,True,False,,False,1,1
W4401487296,2024,2021-2026,True,True,False,,False,1,1
W4400923553,2024,2021-2026,True,True,False,,False,1,1
W4400871178,2024,2021-2026,True,False,True,False,True,3,3
W4401053085,2024,2021-2026,True,True,False,,False,1,1
W4400913908,2024,2021-2026,True,True,True,True,False,1,1
W4400941257,2024,2021-2026,True,True,True,False,True,2,1
W4401016844,2024,2021-2026,True,True,True,True,True,2,1
W4401054744,2024,2021-2026,True,True,False,,False,1,1
W4401184673,2024,2021-2026,True,True,True,True,False,1,1
W4401120059,2024,2021-2026,True,False,True,True,True,2,1
W4401199700,2024,2021-2026,True,True,False,,False,1,1
W4401211352,2024,2021-2026,False,,False,,False,0,1
W4401548595,2024,2021-2026,True,True,True,True,True,2,1
W4402016780,2024,2021-2026,True,True,True,True,False,1,1
W4404834714,2024,2021-2026,True,True,True,True,False,1,1
W4401252253,2024,2021-2026,True,True,True,True,False,1,1
W4401282948,2024,2021-2026,True,False,True,False,True,2,1
W4401284095,2024,2021-2026,True,False,True,False,False,1,1
W4401290445,2024,2021-2026,True,True,True,True,False,1,1
W4401367013,2024,2021-2026,True,True,False,,False,1,1
W4401313302,2024,2021-2026,True,True,True,True,False,1,1
W4401369929,2024,2021-2026,True,True,True,True,False,1,1
W4401391657,2024,2021-2026,True,True,True,True,False,1,1
W4401476855,2024,2021-2026,True,True,True,True,True,2,1
W4401613618,2024,2021-2026,False,,True,True,False,1,1
W4401515774,2024,2021-2026,True,True,False,,False,1,1
W4401516183,2024,2021-2026,True,True,True,True,False,1,1
W4401520436,2024,2021-2026,True,True,True,True,True,4,1
W4401557769,2024,2021-2026,True,True,False,,True,2,1
W4401570845,2024,2021-2026,True,True,True,True,True,2,1
W4401589524,2024,2021-2026,True,True,True,True,False,1,1
W4401816393,2024,2021-2026,False,,False,,False,1,1
W7153715432,2024,2021-2026,True,False,True,False,False,1,1
W7153870738,2024,2021-2026,True,False,True,False,False,1,1
W4401649742,2024,2021-2026,True,True,True,True,False,1,1
W4402574939,2024,2021-2026,True,True,False,,True,2,0
W4401659540,2024,2021-2026,True,False,True,False,False,1,1
W4401698736,2024,2021-2026,True,True,True,True,True,2,1
W4401976921,2024,2021-2026,True,True,True,True,True,2,1
W4401812095,2024,2021-2026,True,False,True,False,True,3,1
W4402099508,2024,2021-2026,False,,False,,False,0,1
W4402491346,2024,2021-2026,True,True,False,,True,2,1
W4401866149,2024,2021-2026,False,,False,,False,0,1
W4401888989,2024,2021-2026,True,False,True,False,True,2,1
W4401894103,2024,2021-2026,True,True,True,True,True,2,1
W4401862124,2024,2021-2026,True,True,True,True,False,1,0
W4401941395,2024,2021-2026,True,True,True,True,False,1,1
W4402264492,2024,2021-2026,True,True,False,,False,1,1
W4402801197,2024,2021-2026,True,True,False,,False,1,1
W4411202630,2024,2021-2026,True,True,False,,False,1,1
W4402254739,2024,2021-2026,True,False,True,False,True,6,0
W4402560242,2024,2021-2026,True,True,False,,False,1,0
W4402748452,2024,2021-2026,True,True,False,,False,1,1
W4402829455,2024,2021-2026,True,True,True,True,False,1,1
W4403552719,2024,2021-2026,False,,False,,False,0,1
W4402210770,2024,2021-2026,True,True,True,True,False,1,1
W4402216423,2024,2021-2026,True,False,True,False,False,1,2
W4402267403,2024,2021-2026,True,True,False,,False,1,1
W4402287469,2024,2021-2026,True,True,True,True,True,4,1
W4403396428,2024,2021-2026,True,True,True,True,False,1,2
W4402456222,2024,2021-2026,True,True,False,,False,1,1
W4402389539,2024,2021-2026,True,True,True,True,True,3,1
W4402458760,2024,2021-2026,True,True,True,True,True,4,1
W4402493459,2024,2021-2026,True,True,False,,False,1,1
W4402476384,2024,2021-2026,True,True,True,True,True,2,1
W4402580500,2024,2021-2026,True,True,True,True,True,2,1
W4402810443,2024,2021-2026,True,True,False,,False,1,1
W4402773245,2024,2021-2026,True,True,True,True,False,1,1
W4402731074,2024,2021-2026,True,True,False,,True,2,1
W4403395737,2024,2021-2026,True,True,False,,False,1,1
W4402758481,2024,2021-2026,True,True,True,True,False,1,1
W4402850202,2024,2021-2026,False,,False,,False,0,1
W4402853417,2024,2021-2026,True,True,True,True,False,1,1
W4402860501,2024,2021-2026,True,False,True,True,True,2,1
W4402898560,2024,2021-2026,True,True,True,True,False,1,1
W3190378268,2024,2021-2026,True,False,False,,True,2,1
W4402968374,2024,2021-2026,True,True,True,True,True,2,1
W4402976279,2024,2021-2026,True,True,True,True,True,2,1
W4402990892,2024,2021-2026,True,True,False,,True,2,1
W4402999382,2024,2021-2026,True,True,True,True,True,2,1
W4403769667,2024,2021-2026,True,True,False,,False,1,1
W4406827596,2024,2021-2026,True,True,False,,True,2,1
W4403504346,2024,2021-2026,True,True,False,,False,1,1
W4405009570,2024,2021-2026,True,True,True,True,False,1,1
W4403083809,2024,2021-2026,True,True,True,True,True,2,1
W4403092521,2024,2021-2026,True,True,True,True,True,2,1
W4403132103,2024,2021-2026,True,True,True,True,False,1,1
W4403146378,2024,2021-2026,True,True,True,True,False,1,1
W4403155018,2024,2021-2026,True,True,True,True,True,3,1
W4403338695,2024,2021-2026,True,True,True,True,True,2,1
W4403165434,2024,2021-2026,False,,False,,False,1,1
W4403181134,2024,2021-2026,True,True,True,True,False,1,1
W4403226794,2024,2021-2026,False,,False,,False,0,1
W4403359367,2024,2021-2026,False,,False,,False,1,1
W4403306352,2024,2021-2026,True,False,True,False,False,1,1
W4403485283,2024,2021-2026,False,,False,,False,0,0
W4411347119,2024,2021-2026,True,False,False,,False,1,1
W4403337850,2024,2021-2026,True,True,True,True,True,2,1
W4403338007,2024,2021-2026,True,True,True,True,False,1,1
W4403376465,2024,2021-2026,True,True,True,True,False,1,1
W4415491703,2024,2021-2026,True,True,False,,False,1,1
W4403430197,2024,2021-2026,True,True,True,True,True,2,1
W4403431941,2024,2021-2026,True,False,True,True,True,3,1
W4403432151,2024,2021-2026,True,False,True,False,True,3,1
W4403497994,2024,2021-2026,True,True,False,,False,1,1
W4403565056,2024,2021-2026,True,True,False,,True,2,1
W4406046975,2024,2021-2026,False,,False,,False,0,0
W4415764555,2024,2021-2026,True,True,False,,False,1,1
W4403475220,2024,2021-2026,True,True,True,True,False,1,1
W4403475605,2024,2021-2026,True,True,True,True,True,4,1
W4403496244,2024,2021-2026,True,True,True,False,True,2,1
W4403504713,2024,2021-2026,True,False,True,False,False,1,0
W4403510840,2024,2021-2026,True,True,True,True,True,3,1
W4403518873,2024,2021-2026,True,True,True,True,True,3,1
W4403514834,2024,2021-2026,True,True,True,True,False,1,1
W4403610743,2024,2021-2026,False,,False,,False,0,1
W4403608263,2024,2021-2026,True,True,True,True,False,1,1
W7164345772,2024,2021-2026,True,True,False,,False,1,1
W4403824952,2024,2021-2026,True,False,True,False,True,2,2
W4403867077,2024,2021-2026,True,True,True,True,False,1,1
W4403905559,2024,2021-2026,True,True,False,,False,1,1
W4403905566,2024,2021-2026,True,True,True,True,False,1,1
W4403915516,2024,2021-2026,True,True,False,,False,1,1
W4403888651,2024,2021-2026,True,True,True,True,True,4,1
W4403891661,2024,2021-2026,True,True,True,True,True,5,1
W4408026466,2024,2021-2026,True,True,False,,False,1,1
W4404328307,2024,2021-2026,True,False,False,,True,3,1
W4404539829,2024,2021-2026,True,False,False,,True,2,1
W4404620034,2024,2021-2026,True,False,False,,True,2,0
W4404620218,2024,2021-2026,True,True,True,True,True,3,1
W4405943914,2024,2021-2026,True,False,True,False,False,1,1
W4406613955,2024,2021-2026,True,True,True,True,False,1,1
W4404016287,2024,2021-2026,True,False,True,False,False,1,1
W4404037933,2024,2021-2026,True,True,True,True,False,1,1
W4404061057,2024,2021-2026,True,True,True,True,True,2,1
W4404134954,2024,2021-2026,True,True,True,True,True,6,1
W4404137168,2024,2021-2026,True,False,False,,True,2,1
W4404159636,2024,2021-2026,True,True,True,True,False,1,1
W4404164029,2024,2021-2026,True,True,False,,False,1,1
W4404222894,2024,2021-2026,True,True,False,,False,1,1
W4404171087,2024,2021-2026,True,False,False,,True,4,1
W4404171485,2024,2021-2026,True,True,True,True,True,3,1
W4404236038,2024,2021-2026,False,,False,,False,0,1
W4404198691,2024,2021-2026,False,,False,,False,0,1
W4404434567,2024,2021-2026,True,True,False,,False,1,1
W4404434676,2024,2021-2026,True,False,False,,True,3,1
W4404252597,2024,2021-2026,True,True,True,True,False,1,1
W4404258892,2024,2021-2026,True,True,True,True,True,3,1
W4404453777,2024,2021-2026,True,True,False,,True,2,3
W4404392774,2024,2021-2026,True,True,True,True,True,2,1
W4404585360,2024,2021-2026,True,True,False,,False,1,1
W4404464727,2024,2021-2026,True,False,True,False,True,2,1
W4404524943,2024,2021-2026,True,True,True,True,True,3,1
W7117301610,2024,2021-2026,True,False,False,,True,2,2
W4404572392,2024,2021-2026,True,False,True,False,True,4,1
W4404639570,2024,2021-2026,True,True,False,,False,1,1
W4405645047,2024,2021-2026,True,True,False,,True,2,3
W4404702865,2024,2021-2026,True,True,True,True,False,1,1
W4408416212,2024,2021-2026,True,True,False,,True,2,1
W4404723452,2024,2021-2026,True,True,True,True,True,2,1
W4404725977,2024,2021-2026,True,False,True,False,False,1,1
W4404820761,2024,2021-2026,True,True,False,,True,3,1
W4404874746,2024,2021-2026,True,True,False,,False,1,1
W4404882262,2024,2021-2026,True,True,False,,True,2,1
W4404882279,2024,2021-2026,True,True,False,,True,2,1
W4404882353,2024,2021-2026,True,True,False,,False,1,1
W4404882610,2024,2021-2026,True,True,False,,False,1,1
W4404843125,2024,2021-2026,True,True,True,True,False,1,1
W4405349345,2024,2021-2026,True,False,True,False,False,1,1
W4406147445,2024,2021-2026,False,,False,,False,0,1
W4405417012,2024,2021-2026,True,True,True,True,False,1,1
W4405080469,2024,2021-2026,True,False,True,False,True,3,1
W7160374969,2024,2021-2026,True,False,False,,False,1,1
W7160381313,2024,2021-2026,True,False,False,,False,1,1
W4405114551,2024,2021-2026,False,,False,,False,0,1
W4405165294,2024,2021-2026,True,True,False,,False,1,1
W4405207376,2024,2021-2026,True,True,False,,False,1,1
W4413798434,2024,2021-2026,False,,False,,False,0,1
W4405151755,2024,2021-2026,True,True,False,,True,2,1
W4405193970,2024,2021-2026,True,False,True,True,True,3,1
W4405238903,2024,2021-2026,True,True,True,True,False,1,1
W4405233998,2024,2021-2026,True,True,True,True,True,3,1
W4405247881,2024,2021-2026,True,True,True,True,False,1,1
W4405278029,2024,2021-2026,True,True,True,True,False,1,1
W4405293366,2024,2021-2026,True,True,True,True,False,1,1
W4405322804,2024,2021-2026,True,True,True,True,False,1,1
W4405416905,2024,2021-2026,True,True,True,True,False,1,1
W4405356219,2024,2021-2026,True,True,True,False,True,4,1
W4405378376,2024,2021-2026,True,True,False,,False,1,1
W4405378433,2024,2021-2026,True,True,True,True,True,2,1
W4405431701,2024,2021-2026,True,False,True,False,True,2,1
W7153726646,2024,2021-2026,True,False,True,False,False,1,1
W7153783411,2024,2021-2026,True,False,True,False,False,1,1
W4405597590,2024,2021-2026,True,True,False,,False,1,1
W4405552663,2024,2021-2026,True,True,True,True,True,4,1
W4406757310,2024,2021-2026,True,True,True,True,True,2,0
W4405568979,2024,2021-2026,True,True,True,True,False,1,1
W4405769704,2024,2021-2026,True,True,True,True,False,1,1
W4406964177,2024,2021-2026,True,True,False,,True,2,1
W4410019256,2024,2021-2026,True,True,False,,False,1,1
W4405690528,2024,2021-2026,True,True,False,,False,1,1
W4405804386,2024,2021-2026,True,True,True,True,True,2,1
W4405817306,2024,2021-2026,True,False,True,False,False,1,1
W4405994214,2024,2021-2026,True,True,False,,False,1,1
W7203570532,2024,2021-2026,True,True,False,,False,1,1
W4405855356,2024,2021-2026,False,,False,,False,0,1
W4407238906,2024,2021-2026,True,True,False,,False,1,1
W4406045555,2024,2021-2026,True,True,False,,False,1,1
W4405955049,2024,2021-2026,True,True,True,True,False,1,1
W4406075456,2024,2021-2026,True,True,True,True,True,2,1
W4406105450,2024,2021-2026,True,True,True,True,False,1,1
W4406334671,2024,2021-2026,True,True,True,True,False,1,1
W4406866249,2024,2021-2026,True,True,False,,True,2,1
W4407674411,2024,2021-2026,True,True,False,,False,1,1
W4407795442,2024,2021-2026,True,True,True,True,False,1,1
W4407867820,2024,2021-2026,True,False,False,,True,2,1
W4408271008,2024,2021-2026,True,True,True,True,False,1,1
W4410132067,2024,2021-2026,True,True,False,,False,1,1
W4410510722,2024,2021-2026,True,True,True,True,False,1,1
W4406292312,2025,2021-2026,True,False,True,False,True,3,1
W4406371087,2025,2021-2026,True,True,False,,True,7,2
W4406388218,2025,2021-2026,True,True,True,True,False,1,1
W4406683837,2025,2021-2026,False,,False,,False,0,1
W4406810980,2025,2021-2026,True,True,True,True,True,2,1
W4407076142,2025,2021-2026,False,,False,,True,2,1
W4408129327,2025,2021-2026,True,False,False,,True,2,1
W4408869773,2025,2021-2026,False,,False,,False,0,1
W4409889378,2025,2021-2026,True,True,True,True,False,1,1
W4410326326,2025,2021-2026,True,True,True,True,False,1,1
W4410427386,2025,2021-2026,False,,False,,True,2,1
W4410871514,2025,2021-2026,True,True,False,,False,1,1
W4411213392,2025,2021-2026,True,True,False,,False,1,1
W4411220009,2025,2021-2026,True,True,False,,False,1,1
W4411252377,2025,2021-2026,True,True,False,,False,1,1
W4411300847,2025,2021-2026,True,True,True,True,True,2,1
W4411608725,2025,2021-2026,True,True,False,,True,2,1
W4412194826,2025,2021-2026,True,True,True,True,True,2,1
W4412724825,2025,2021-2026,True,True,False,,False,1,1
W4412730997,2025,2021-2026,False,,False,,False,0,1
W4412732564,2025,2021-2026,True,True,False,,False,1,1
W4412824335,2025,2021-2026,True,True,True,True,True,2,1
W4413447577,2025,2021-2026,True,True,True,True,False,1,1
W4414201167,2025,2021-2026,True,True,True,True,False,1,1
W4415196187,2025,2021-2026,False,,False,,False,0,1
W4415773833,2025,2021-2026,False,,False,,False,0,1
W4415804844,2025,2021-2026,False,,False,,False,0,1
W4415867301,2025,2021-2026,True,True,True,True,True,2,1
W4415954650,2025,2021-2026,False,,False,,False,1,1
W4416165742,2025,2021-2026,False,,False,,False,0,1
W4416272845,2025,2021-2026,True,True,False,,False,1,1
W4416384655,2025,2021-2026,True,True,True,True,False,1,1
W4416741880,2025,2021-2026,True,True,False,,True,2,1
W4417272492,2025,2021-2026,True,True,False,,True,2,1
W7105891921,2025,2021-2026,False,,False,,False,0,1
W7107948312,2025,2021-2026,True,False,False,,True,2,1
W7107959424,2025,2021-2026,True,False,False,,True,2,1
W7108000020,2025,2021-2026,False,,False,,False,0,1
W7108205754,2025,2021-2026,False,,False,,False,0,1
W7108208280,2025,2021-2026,False,,False,,False,0,1
W7116054490,2025,2021-2026,False,,False,,False,0,1
W7117135577,2025,2021-2026,True,False,False,,True,3,1
W7117156781,2025,2021-2026,True,False,False,,True,3,1
W7117325747,2025,2021-2026,False,,False,,False,0,1
W7122838662,2025,2021-2026,False,,False,,False,0,1
W7127370505,2025,2021-2026,True,False,True,False,False,1,1
W7133503112,2025,2021-2026,True,True,False,,True,2,1
W7133535685,2025,2021-2026,True,True,False,,True,3,1
W7135061556,2025,2021-2026,True,False,True,False,False,1,1
W7141049604,2025,2021-2026,True,True,False,,False,1,1
W4406039790,2025,2021-2026,True,True,True,True,True,4,1
W4406230838,2025,2021-2026,True,False,True,False,False,1,0
W4406274065,2025,2021-2026,False,,False,,False,0,1
W4406350404,2025,2021-2026,True,True,True,True,True,2,1
W4406360129,2025,2021-2026,False,,False,,False,0,1
W4406383218,2025,2021-2026,True,True,True,True,False,1,1
W4406403927,2025,2021-2026,True,True,True,True,True,2,1
W4406420289,2025,2021-2026,True,True,True,True,False,1,1
W4406439571,2025,2021-2026,True,True,True,True,False,1,1
W4406462873,2025,2021-2026,True,False,True,False,True,2,1
W4406467057,2025,2021-2026,True,True,True,True,False,1,1
W4406587324,2025,2021-2026,True,True,False,,False,1,1
W4406822895,2025,2021-2026,True,True,False,,True,2,1
W4406749422,2025,2021-2026,True,True,True,True,False,1,1
W4406774320,2025,2021-2026,True,True,True,True,False,1,1
W4408067927,2025,2021-2026,False,,False,,False,0,1
W4406788112,2025,2021-2026,True,False,True,False,True,2,1
W4406855052,2025,2021-2026,True,True,True,True,True,4,1
W4406915414,2025,2021-2026,True,False,True,True,True,4,1
W4406934749,2025,2021-2026,True,True,True,True,True,5,1
W4407296001,2025,2021-2026,True,True,False,,False,1,1
W4407039689,2025,2021-2026,True,True,True,True,True,5,1
W4407327870,2025,2021-2026,True,True,True,True,True,3,1
W4407405607,2025,2021-2026,True,False,False,,True,4,0
W4407694137,2025,2021-2026,True,False,False,,True,3,1
W4407097990,2025,2021-2026,True,True,True,True,False,1,1
W4407100734,2025,2021-2026,True,False,True,False,True,5,1
W4407139042,2025,2021-2026,True,True,True,True,False,1,1
W4407140864,2025,2021-2026,True,True,True,True,False,1,1
W4407144573,2025,2021-2026,True,True,True,True,False,1,1
W4407253938,2025,2021-2026,True,True,True,True,True,2,1
W4407392323,2025,2021-2026,True,False,False,,False,1,1
W4407406793,2025,2021-2026,True,True,True,True,True,2,1
W4407738664,2025,2021-2026,True,True,False,,True,4,2
W4408810491,2025,2021-2026,False,,False,,False,1,1
W4407684408,2025,2021-2026,True,True,True,True,True,3,1
W4408411517,2025,2021-2026,True,True,False,,False,1,1
W4407831671,2025,2021-2026,True,False,True,False,False,1,1
W4407860045,2025,2021-2026,True,True,True,True,False,1,1
W4407868586,2025,2021-2026,False,,False,,False,0,1
W4407929532,2025,2021-2026,True,False,False,,True,5,1
W4407931206,2025,2021-2026,True,False,True,True,True,5,1
W4408025909,2025,2021-2026,True,False,False,,True,4,1
W4408049026,2025,2021-2026,True,True,True,True,False,1,1
W4408052653,2025,2021-2026,True,False,True,False,True,2,1
W7162101796,2025,2021-2026,False,,False,,False,1,1
W4408079253,2025,2021-2026,True,True,True,True,False,1,1
W4408221193,2025,2021-2026,True,True,False,,True,2,1
W4408418343,2025,2021-2026,True,True,True,True,False,1,1
W4408424301,2025,2021-2026,True,True,True,True,False,1,1
W4408839092,2025,2021-2026,True,True,False,,True,5,1
W4408947704,2025,2021-2026,True,True,True,True,False,1,1
W4409274249,2025,2021-2026,True,False,False,,False,1,2
W4409366208,2025,2021-2026,True,True,True,True,False,1,1
W4408261907,2025,2021-2026,True,True,False,,False,1,1
W4408383262,2025,2021-2026,True,True,True,True,True,2,1
W4409614042,2025,2021-2026,True,True,False,,False,1,1
W4408251137,2025,2021-2026,True,False,False,,True,2,1
W4406602927,2025,2021-2026,True,True,True,True,True,3,1
W4408349005,2025,2021-2026,True,False,False,,False,1,2
W4408838401,2025,2021-2026,True,True,False,,False,1,1
W4408502605,2025,2021-2026,True,True,True,True,True,2,1
W4409087928,2025,2021-2026,True,True,False,,True,2,1
W4408581425,2025,2021-2026,True,True,True,True,False,1,1
W4408676235,2025,2021-2026,True,True,True,True,False,1,1
W4408706093,2025,2021-2026,True,False,True,False,True,2,1
W4408764375,2025,2021-2026,True,True,True,True,True,2,1
W4408827345,2025,2021-2026,True,True,True,True,False,1,1
W4408827377,2025,2021-2026,True,True,True,True,False,1,1
W4410057440,2025,2021-2026,False,,False,,False,0,1
W4408942937,2025,2021-2026,False,,False,,False,0,0
W4412192410,2025,2021-2026,False,,False,,False,0,1
W4408996620,2025,2021-2026,True,True,True,True,False,1,1
W4409006139,2025,2021-2026,True,True,True,True,False,1,1
W4409198396,2025,2021-2026,True,True,False,,False,1,1
W4409459598,2025,2021-2026,True,True,True,True,False,1,1
W4409049519,2025,2021-2026,True,True,True,True,True,2,1
W4409068932,2025,2021-2026,True,False,True,False,True,2,1
W4409133737,2025,2021-2026,True,True,True,True,False,1,1
W4409205144,2025,2021-2026,True,True,True,True,False,1,1
W4409620065,2025,2021-2026,True,True,False,,False,1,1
W4409858482,2025,2021-2026,True,True,True,True,False,1,1
W4410371088,2025,2021-2026,True,True,True,True,False,1,1
W4411921073,2025,2021-2026,True,True,True,True,False,1,1
W4412414456,2025,2021-2026,True,True,True,True,False,1,1
W4409137389,2025,2021-2026,True,False,True,False,True,4,1
W4409181356,2025,2021-2026,True,False,True,False,False,1,1
W4411299386,2025,2021-2026,True,True,True,True,False,1,1
W4412946433,2025,2021-2026,False,,False,,False,1,1
W4409149918,2025,2021-2026,True,True,True,True,True,4,1
W4409177704,2025,2021-2026,True,False,False,,True,3,1
W4409232195,2025,2021-2026,True,False,True,False,True,2,1
W4409308473,2025,2021-2026,True,True,True,False,True,3,1
W4409312397,2025,2021-2026,True,True,True,True,False,1,1
W4409327104,2025,2021-2026,True,True,True,True,True,2,1
W4409327618,2025,2021-2026,True,False,True,False,True,5,1
W4409518497,2025,2021-2026,True,True,True,True,False,1,1
W4409349834,2025,2021-2026,True,True,True,True,False,1,1
W4410206397,2025,2021-2026,True,True,False,,False,1,1
W4409405258,2025,2021-2026,True,False,True,False,False,1,1
W4409544995,2025,2021-2026,True,False,False,,False,1,1
W4414662340,2025,2021-2026,True,True,True,True,False,1,1
W4409836726,2025,2021-2026,False,,False,,False,0,1
W4409620061,2025,2021-2026,True,False,True,False,True,3,1
W4409653275,2025,2021-2026,True,True,True,True,False,1,1
W4409667807,2025,2021-2026,True,True,True,True,False,1,1
W4409676368,2025,2021-2026,True,True,False,,True,3,1
W4409704927,2025,2021-2026,True,True,True,True,True,2,1
W4409712325,2025,2021-2026,True,True,True,True,True,2,1
W4409733244,2025,2021-2026,True,True,True,True,True,2,1
W4409760103,2025,2021-2026,True,False,True,False,True,2,1
W7110815073,2025,2021-2026,False,,False,,False,0,1
W7111182769,2025,2021-2026,False,,False,,False,0,1
W4409860511,2025,2021-2026,True,True,False,,True,2,1
W4409835921,2025,2021-2026,True,True,False,,False,1,1
W4409863092,2025,2021-2026,False,,False,,False,0,1
W4409869223,2025,2021-2026,False,,False,,False,0,1
W4409882502,2025,2021-2026,True,True,True,True,True,4,1
W7110927017,2025,2021-2026,False,,False,,False,0,1
W7110969183,2025,2021-2026,False,,False,,False,0,1
W7111099250,2025,2021-2026,False,,False,,False,0,1
W4409904513,2025,2021-2026,False,,False,,False,0,1
W4409966211,2025,2021-2026,True,True,False,,False,1,1
W4410145420,2025,2021-2026,True,True,True,True,True,2,1
W7133346109,2025,2021-2026,True,True,False,,False,1,1
W4410285301,2025,2021-2026,False,,False,,False,0,2
W4410299401,2025,2021-2026,True,True,False,,False,1,1
W4411396282,2025,2021-2026,True,True,False,,False,1,1
W4410029656,2025,2021-2026,True,False,True,False,False,1,1
W4410057323,2025,2021-2026,True,True,True,True,False,1,1
W4410057678,2025,2021-2026,True,True,True,True,False,1,1
W4410081415,2025,2021-2026,True,True,True,True,True,2,1
W4410100088,2025,2021-2026,True,True,False,,False,1,1
W4410118533,2025,2021-2026,True,False,False,,True,3,1
W4410156098,2025,2021-2026,True,True,True,True,True,2,1
W4410198718,2025,2021-2026,True,True,True,True,True,8,2
W4410213656,2025,2021-2026,True,True,True,True,True,2,1
W4410220234,2025,2021-2026,True,True,True,True,False,1,1
W4410378379,2025,2021-2026,True,False,False,,True,2,1
W4410314519,2025,2021-2026,True,True,True,True,False,1,1
W4410322757,2025,2021-2026,True,True,False,,False,1,1
W7153762165,2025,2021-2026,True,False,True,False,False,1,1
W7153827055,2025,2021-2026,True,False,True,False,False,1,1
W4410377066,2025,2021-2026,True,False,False,,True,2,2
W4410382133,2025,2021-2026,True,True,False,,False,1,1
W4410565242,2025,2021-2026,True,True,False,,False,1,1
W4410454225,2025,2021-2026,True,True,True,True,False,1,3
W7117687715,2025,2021-2026,False,,False,,False,0,1
W4410478731,2025,2021-2026,False,,False,,False,0,1
W4410542973,2025,2021-2026,True,True,True,True,False,1,1
W4410548283,2025,2021-2026,True,True,True,True,True,2,1
W4410609522,2025,2021-2026,True,True,True,True,True,2,1
W4410634100,2025,2021-2026,True,True,False,,False,1,1
W7110972901,2025,2021-2026,False,,False,,False,0,1
W7111036315,2025,2021-2026,False,,False,,False,0,1
W7111194844,2025,2021-2026,False,,False,,False,0,1
W4410618090,2025,2021-2026,False,,False,,False,0,1
W4410811002,2025,2021-2026,True,True,True,True,True,7,1
W4410824350,2025,2021-2026,True,False,True,False,True,4,1
W4410827762,2025,2021-2026,True,False,True,False,True,10,3
W4410852299,2025,2021-2026,True,True,True,True,True,6,1
W4410858941,2025,2021-2026,True,True,True,True,True,4,1
W4410924493,2025,2021-2026,True,True,True,True,True,3,1
W7128959626,2025,2021-2026,True,True,True,True,False,1,1
W4410925815,2025,2021-2026,True,True,True,True,True,2,1
W4410958401,2025,2021-2026,True,True,True,True,False,1,1
W4410975697,2025,2021-2026,True,True,False,,False,1,1
W4411256693,2025,2021-2026,True,True,False,,True,3,1
W4411492485,2025,2021-2026,True,True,True,True,False,1,1
W4411494217,2025,2021-2026,True,True,True,True,False,1,3
W4411494674,2025,2021-2026,True,True,True,True,False,1,1
W4410976575,2025,2021-2026,True,False,True,False,False,1,1
W4412488865,2025,2021-2026,True,True,True,True,False,1,1
W4411053903,2025,2021-2026,True,False,True,False,True,3,2
W4411054859,2025,2021-2026,True,True,True,True,True,2,1
W4411049611,2025,2021-2026,True,True,True,True,False,1,1
W4411107912,2025,2021-2026,True,True,False,,False,1,1
W4411780062,2025,2021-2026,True,True,True,True,False,1,1
W4411131528,2025,2021-2026,True,False,True,True,True,2,1
W4411147061,2025,2021-2026,True,True,False,,False,1,1
W4411179888,2025,2021-2026,False,,False,,False,0,1
W4411253324,2025,2021-2026,True,True,True,True,False,1,1
W4416862308,2025,2021-2026,False,,False,,False,0,1
W4411394996,2025,2021-2026,True,False,True,True,True,2,1
W4411780132,2025,2021-2026,True,True,False,,True,2,1
W4411622318,2025,2021-2026,True,True,False,,False,1,1
W4411506407,2025,2021-2026,True,True,True,True,False,1,1
W4411545393,2025,2021-2026,True,False,True,False,True,3,1
W4411609738,2025,2021-2026,True,True,False,,False,1,1
W4411614704,2025,2021-2026,True,True,True,True,False,1,1
W4411615163,2025,2021-2026,True,True,True,True,False,1,1
W7114783861,2025,2021-2026,True,False,False,,True,2,1
W4411631925,2025,2021-2026,True,True,True,True,False,1,1
W4411631928,2025,2021-2026,True,True,True,False,True,2,1
W4411687283,2025,2021-2026,True,True,True,False,True,2,1
W4411688061,2025,2021-2026,True,False,True,False,True,2,1
W4411736088,2025,2021-2026,True,True,True,True,False,1,1
W4411750884,2025,2021-2026,True,True,True,True,False,1,1
W4412034666,2025,2021-2026,False,,False,,False,1,1
W4414986670,2025,2021-2026,True,True,False,,True,2,1
W4412627069,2025,2021-2026,True,True,True,True,False,1,1
W4413180536,2025,2021-2026,True,False,False,,False,1,3
W4411855183,2025,2021-2026,True,True,False,,False,1,1
W4412008048,2025,2021-2026,True,True,False,,False,1,1
W4412771701,2025,2021-2026,True,True,True,True,False,1,1
W4413097951,2025,2021-2026,True,True,False,,False,1,1
W4414036417,2025,2021-2026,True,True,False,,False,1,2
W4416412026,2025,2021-2026,True,True,False,,False,1,1
W4416412094,2025,2021-2026,True,True,False,,False,1,1
W7134047334,2025,2021-2026,True,False,False,,True,2,1
W7160501519,2025,2021-2026,True,True,False,,False,1,1
W7203589414,2025,2021-2026,True,False,False,,False,1,1
W4411850014,2025,2021-2026,True,True,True,True,True,4,1
W4412460860,2025,2021-2026,True,False,True,False,False,1,0
W4413003577,2025,2021-2026,True,True,True,True,False,1,1
W4417412765,2025,2021-2026,False,,False,,False,0,1
W7117557073,2025,2021-2026,True,True,False,,False,1,1
W4411947453,2025,2021-2026,True,True,True,True,True,2,0
W4412011834,2025,2021-2026,True,True,True,True,False,1,1
W4412050049,2025,2021-2026,True,True,True,True,False,1,1
W4412094425,2025,2021-2026,False,,False,,False,0,1
W4412157494,2025,2021-2026,True,True,False,,True,4,1
W4412177674,2025,2021-2026,True,False,True,False,False,1,3
W4412199051,2025,2021-2026,True,True,True,True,False,1,1
W4412345666,2025,2021-2026,True,True,True,True,True,3,6
W4412354586,2025,2021-2026,True,True,True,True,True,2,1
W4412450053,2025,2021-2026,True,False,True,False,True,2,1
W4412457511,2025,2021-2026,True,True,False,,False,1,1
W4412462831,2025,2021-2026,True,True,True,True,False,1,3
W4412463204,2025,2021-2026,True,True,True,True,False,1,1
W4412475082,2025,2021-2026,True,True,True,True,True,3,1
W4413092818,2025,2021-2026,True,True,True,True,False,1,1
W4413075492,2025,2021-2026,True,True,True,True,True,2,1
W4413082031,2025,2021-2026,True,True,False,,False,1,1
W4412957364,2025,2021-2026,True,True,True,True,True,4,1
W4412522850,2025,2021-2026,True,True,True,True,False,1,1
W4412914103,2025,2021-2026,True,True,False,,False,1,1
W4412535619,2025,2021-2026,True,True,True,True,True,2,1
W4412537988,2025,2021-2026,True,True,True,True,True,3,1
W4413505652,2025,2021-2026,False,,False,,False,0,1
W4412593339,2025,2021-2026,True,True,False,,False,1,1
W4412808132,2025,2021-2026,True,True,False,,False,1,1
W4412925713,2025,2021-2026,True,True,False,,False,1,1
W4412766641,2025,2021-2026,False,,False,,False,0,1
W4412847369,2025,2021-2026,True,True,True,True,False,1,1
W4412711461,2025,2021-2026,True,True,True,True,False,1,1
W4412862976,2025,2021-2026,True,True,True,True,True,2,1
W4412898894,2025,2021-2026,True,False,True,False,True,2,1
W4412870508,2025,2021-2026,False,,False,,False,0,2
W4412793588,2025,2021-2026,True,True,True,True,True,4,1
W7154123406,2025,2021-2026,False,,False,,False,0,1
W7154138598,2025,2021-2026,False,,False,,False,0,1
W4413598757,2025,2021-2026,True,True,False,,False,1,1
W4413771114,2025,2021-2026,True,True,False,,True,2,1
W4413895018,2025,2021-2026,True,True,True,True,False,1,1
W4412935776,2025,2021-2026,True,False,True,False,True,3,1
W4413170956,2025,2021-2026,True,True,False,,False,1,1
W4412980682,2025,2021-2026,True,True,True,True,False,1,1
W4412990564,2025,2021-2026,True,True,True,True,True,4,1
W4413052047,2025,2021-2026,True,True,True,True,True,2,1
W4413104157,2025,2021-2026,True,True,True,True,False,1,1
W4413198450,2025,2021-2026,True,True,True,True,False,1,1
W4413285266,2025,2021-2026,True,True,False,,True,2,1
W4413270768,2025,2021-2026,True,False,True,False,True,3,1
W7128182371,2025,2021-2026,False,,False,,False,0,1
W4413442350,2025,2021-2026,True,True,False,,False,1,1
W4413278938,2025,2021-2026,True,True,True,True,False,1,1
W4413283628,2025,2021-2026,True,True,True,True,True,2,1
W4413288783,2025,2021-2026,True,False,True,False,True,4,1
W4413304967,2025,2021-2026,True,False,True,False,False,1,1
W7110919078,2025,2021-2026,False,,False,,False,0,1
W4413309913,2025,2021-2026,True,True,True,True,False,1,1
W4413326120,2025,2021-2026,True,True,True,True,False,1,1
W7104020674,2025,2021-2026,True,True,False,,False,1,1
W4414710385,2025,2021-2026,True,True,True,True,False,1,1
W4413384732,2025,2021-2026,True,False,True,True,True,2,1
W7110810517,2025,2021-2026,False,,False,,False,0,1
W7111110282,2025,2021-2026,False,,False,,False,0,1
W4413453115,2025,2021-2026,True,True,False,,False,1,1
W4413479832,2025,2021-2026,False,,False,,False,0,1
W4413609773,2025,2021-2026,True,True,True,True,True,2,1
W4413636998,2025,2021-2026,True,False,True,False,True,3,1
W4413681603,2025,2021-2026,True,True,False,,False,1,1
W4413699650,2025,2021-2026,False,,False,,False,0,1
W4413764655,2025,2021-2026,True,True,False,,False,1,1
W4413804278,2025,2021-2026,False,,False,,False,0,1
W4413961819,2025,2021-2026,False,,False,,False,0,6
W7134912527,2025,2021-2026,False,,False,,False,0,1
W4413773128,2025,2021-2026,True,True,False,,True,2,1
W4413842286,2025,2021-2026,True,True,True,True,False,1,1
W4413808401,2025,2021-2026,False,,False,,False,0,1
W4413817470,2025,2021-2026,True,True,True,True,False,1,1
W4414073302,2025,2021-2026,True,True,True,True,False,1,1
W4413872090,2025,2021-2026,True,True,False,,True,3,1
W4413878290,2025,2021-2026,True,True,False,,False,1,1
W4414311420,2025,2021-2026,True,True,False,,True,2,1
W4414395055,2025,2021-2026,True,True,True,True,False,1,1
W4414404386,2025,2021-2026,True,True,True,True,True,2,1
W4415933142,2025,2021-2026,True,True,False,,True,2,1
W7125786328,2025,2021-2026,True,True,True,True,False,1,1
W7147245518,2025,2021-2026,False,,False,,False,0,1
W4413960972,2025,2021-2026,True,True,True,True,False,1,1
W4413973104,2025,2021-2026,True,False,True,False,True,2,1
W4413990505,2025,2021-2026,True,True,True,True,False,1,0
W4416440860,2025,2021-2026,False,,False,,False,0,1
W4414015439,2025,2021-2026,True,False,True,False,False,1,1
W4414020198,2025,2021-2026,True,False,True,False,True,4,1
W4414027307,2025,2021-2026,True,True,False,,False,1,1
W7118177232,2025,2021-2026,True,True,True,True,False,1,1
W7171627295,2025,2021-2026,True,True,False,,False,1,1
W4414077267,2025,2021-2026,True,True,False,,False,1,1
W4414472655,2025,2021-2026,True,False,True,False,False,1,2
W4414097429,2025,2021-2026,True,True,False,,False,1,3
W4414116849,2025,2021-2026,True,True,True,True,False,1,1
W4414146151,2025,2021-2026,True,True,False,,False,1,1
W4414160158,2025,2021-2026,True,False,True,False,True,4,1
W4414260380,2025,2021-2026,True,False,False,,False,1,3
W4414261731,2025,2021-2026,True,False,True,False,False,1,1
W4414269416,2025,2021-2026,True,True,False,,False,1,1
W4414248639,2025,2021-2026,True,False,False,,True,2,1
W4414304626,2025,2021-2026,False,,False,,False,1,6
W4414288023,2025,2021-2026,True,True,True,True,False,1,1
W4414299593,2025,2021-2026,True,False,True,False,True,2,1
W4414333967,2025,2021-2026,True,True,True,True,False,1,1
W4414367205,2025,2021-2026,True,True,True,True,True,4,1
W4414577259,2025,2021-2026,True,True,True,True,False,1,1
W4415674597,2025,2021-2026,False,,False,,False,0,1
W7104506605,2025,2021-2026,False,,False,,False,0,1
W4414410282,2025,2021-2026,True,True,True,True,False,1,1
W4414425292,2025,2021-2026,True,True,True,True,False,1,1
W4414481739,2025,2021-2026,True,True,True,False,True,2,1
W4414515900,2025,2021-2026,True,True,False,,True,2,1
W4416890983,2025,2021-2026,True,False,False,,False,1,3
W4414584438,2025,2021-2026,True,True,True,True,False,1,1
W4414570500,2025,2021-2026,False,,False,,False,0,1
W4414575243,2025,2021-2026,False,,False,,False,0,1
W4414576509,2025,2021-2026,True,True,False,,True,3,1
W7104584408,2025,2021-2026,True,False,True,False,False,1,1
W7171303447,2025,2021-2026,False,,False,,False,0,1
W7171329101,2025,2021-2026,False,,False,,False,0,1
W4414592566,2025,2021-2026,True,False,True,False,True,2,0
W4414601132,2025,2021-2026,True,True,True,True,False,1,1
W4414754576,2025,2021-2026,False,,False,,False,0,1
W4415814605,2025,2021-2026,False,,False,,False,1,1
W4414625936,2025,2021-2026,True,True,True,True,True,4,7
W4414664608,2025,2021-2026,True,True,True,True,True,2,1
W4414812475,2025,2021-2026,True,False,False,,True,2,1
W4415046306,2025,2021-2026,True,True,False,,False,1,1
W4415854853,2025,2021-2026,True,False,False,,True,3,1
W7154827802,2025,2021-2026,False,,False,,False,0,1
W4415098073,2025,2021-2026,True,True,False,,False,1,1
W4415113314,2025,2021-2026,True,True,True,True,False,1,1
W4415385748,2025,2021-2026,True,True,True,True,True,4,1
W4415544720,2025,2021-2026,True,True,False,,False,1,1
W4415614762,2025,2021-2026,True,True,True,True,False,1,1
W4415855010,2025,2021-2026,True,True,True,True,True,2,2
W4415958039,2025,2021-2026,True,True,True,True,True,2,1
W4417335229,2025,2021-2026,True,True,True,True,False,1,1
W7105820834,2025,2021-2026,True,True,False,,False,1,1
W7118092729,2025,2021-2026,True,True,True,True,False,1,1
W4414788804,2025,2021-2026,True,True,True,True,False,1,1
W4414853618,2025,2021-2026,True,True,True,True,True,2,1
W4414874407,2025,2021-2026,True,True,True,True,True,2,4
W4414971388,2025,2021-2026,True,True,True,True,False,1,1
W4414967701,2025,2021-2026,True,True,True,True,True,5,1
W4415046397,2025,2021-2026,True,True,False,,False,1,1
W4415084473,2025,2021-2026,True,True,True,True,False,1,1
W4415104159,2025,2021-2026,False,,False,,False,0,1
W4415105994,2025,2021-2026,True,True,False,,False,1,1
W4415172726,2025,2021-2026,True,False,True,True,True,3,1
W7133189709,2025,2021-2026,True,True,True,True,True,2,1
W7133215341,2025,2021-2026,True,True,True,True,True,2,1
W4415167948,2025,2021-2026,True,True,True,True,True,5,1
W7104035817,2025,2021-2026,True,True,False,,True,2,1
W4415191028,2025,2021-2026,True,True,False,,False,1,1
W4415260732,2025,2021-2026,True,True,False,,False,1,1
W4415235122,2025,2021-2026,False,,False,,False,0,5
W4415253904,2025,2021-2026,True,True,True,True,False,1,1
W4415298684,2025,2021-2026,True,True,True,True,False,1,1
W7112782207,2025,2021-2026,False,,False,,False,0,1
W4415420704,2025,2021-2026,True,True,True,True,False,1,1
W4415446031,2025,2021-2026,True,False,True,False,True,2,1
W4416118000,2025,2021-2026,False,,False,,False,1,1
W4415584695,2025,2021-2026,True,False,True,False,True,2,1
W4415624059,2025,2021-2026,True,True,False,,False,1,1
W4415726869,2025,2021-2026,True,False,True,False,False,1,1
W4415682434,2025,2021-2026,True,False,True,True,True,4,1
W4415682846,2025,2021-2026,True,False,True,False,True,4,0
W4415705878,2025,2021-2026,True,False,True,False,True,4,4
W4415735214,2025,2021-2026,False,,False,,False,0,1
W4415748754,2025,2021-2026,True,True,True,True,False,1,1
W4415757758,2025,2021-2026,True,True,False,,False,1,1
W4415907626,2025,2021-2026,False,,False,,False,1,1
W4415757042,2025,2021-2026,True,True,True,True,True,3,2
W4415906361,2025,2021-2026,True,False,False,,True,4,4
W4416048968,2025,2021-2026,True,True,True,True,False,1,2
W4416083053,2025,2021-2026,True,True,False,,False,1,1
W4416949713,2025,2021-2026,False,,False,,False,1,1
W4415796134,2025,2021-2026,True,True,False,,True,2,1
W4415906118,2025,2021-2026,True,False,False,,False,1,1
W4415916770,2025,2021-2026,True,True,False,,False,1,1
W4415906410,2025,2021-2026,False,,False,,False,0,1
W7103994207,2025,2021-2026,False,,False,,False,0,1
W7104002748,2025,2021-2026,False,,False,,False,0,1
W7104005240,2025,2021-2026,False,,False,,False,0,1
W7104047428,2025,2021-2026,False,,False,,False,0,1
W4415954416,2025,2021-2026,True,True,True,True,True,2,1
W4416067668,2025,2021-2026,True,True,False,,False,1,1
W4416142879,2025,2021-2026,True,False,False,,False,1,1
W4416149320,2025,2021-2026,True,True,True,True,True,4,1
W4416238769,2025,2021-2026,True,True,False,,False,1,1
W4416263435,2025,2021-2026,True,True,False,,True,2,3
W4416165690,2025,2021-2026,True,True,False,,True,3,1
W4416197394,2025,2021-2026,True,True,True,True,True,2,1
W4416231441,2025,2021-2026,True,True,False,,False,1,1
W4416240451,2025,2021-2026,False,,False,,False,0,1
W4416284933,2025,2021-2026,True,False,True,False,False,1,2
W7105882852,2025,2021-2026,False,,False,,False,0,1
W7105905961,2025,2021-2026,False,,False,,False,0,1
W7125929601,2025,2021-2026,True,True,False,,True,2,1
W4416407868,2025,2021-2026,True,False,True,False,True,2,3
W4416353867,2025,2021-2026,True,True,True,True,True,4,1
W4416393271,2025,2021-2026,True,True,True,True,True,3,1
W4416396414,2025,2021-2026,True,True,True,True,False,1,1
W4416409926,2025,2021-2026,True,True,True,True,False,1,1
W4416753410,2025,2021-2026,True,True,True,True,False,1,1
W4416441567,2025,2021-2026,True,True,True,True,False,1,0
W4416501160,2025,2021-2026,True,True,True,True,False,1,1
W7106210870,2025,2021-2026,True,False,True,False,False,1,1
W7106228191,2025,2021-2026,True,False,True,False,False,1,1
W7106321728,2025,2021-2026,True,False,True,False,False,1,1
W4416904897,2025,2021-2026,True,True,True,True,False,1,1
W7106484381,2025,2021-2026,False,,False,,True,2,1
W7117966841,2025,2021-2026,False,,False,,False,0,1
W7115586150,2025,2021-2026,True,True,True,True,False,1,1
W7128504224,2025,2021-2026,True,True,False,,False,1,1
W4416782884,2025,2021-2026,True,True,False,,False,1,1
W4416784342,2025,2021-2026,True,False,False,,False,1,1
W4416785040,2025,2021-2026,True,True,True,True,False,1,1
W4416787782,2025,2021-2026,True,False,True,False,True,4,1
W4416904237,2025,2021-2026,True,True,True,True,False,1,1
W4416813146,2025,2021-2026,True,True,False,,False,1,1
W7107945251,2025,2021-2026,True,True,False,,False,1,3
W7109523396,2025,2021-2026,True,True,True,True,False,1,1
W7109701742,2025,2021-2026,True,True,True,True,False,1,1
W4416841945,2025,2021-2026,True,True,True,True,False,1,1
W4416854678,2025,2021-2026,True,False,True,False,True,2,1
W4416855449,2025,2021-2026,True,True,True,True,False,1,1
W4417000018,2025,2021-2026,True,False,False,,False,1,6
W4417104116,2025,2021-2026,True,False,False,,True,2,1
W4417304671,2025,2021-2026,True,True,True,True,False,1,1
W4417315782,2025,2021-2026,True,True,False,,True,2,0
W4417433458,2025,2021-2026,True,True,False,,True,5,1
W7114789460,2025,2021-2026,False,,False,,False,1,2
W7115170157,2025,2021-2026,False,,False,,False,0,1
W4417077918,2025,2021-2026,False,,False,,False,0,1
W4416937001,2025,2021-2026,False,,False,,False,1,1
W7113052112,2025,2021-2026,False,,False,,False,0,1
W4416977649,2025,2021-2026,True,True,True,True,True,2,0
W4417025654,2025,2021-2026,True,True,True,False,True,3,1
W4417121871,2025,2021-2026,True,True,True,True,True,2,1
W4417123421,2025,2021-2026,True,True,False,,True,3,1
W7110853197,2025,2021-2026,False,,False,,False,0,1
W7110968690,2025,2021-2026,False,,False,,False,0,1
W4417147705,2025,2021-2026,True,False,True,False,True,3,1
W4417304646,2025,2021-2026,True,True,True,True,True,7,2
W7111209714,2025,2021-2026,True,True,True,True,False,1,1
W4417178787,2025,2021-2026,True,True,True,True,False,1,1
W4417189296,2025,2021-2026,False,,False,,False,0,1
W4417193752,2025,2021-2026,True,False,False,,False,1,1
W7134922514,2025,2021-2026,True,True,False,,True,2,1
W4417214245,2025,2021-2026,True,False,True,False,True,2,1
W4417232066,2025,2021-2026,True,True,True,True,True,3,1
W4417234780,2025,2021-2026,False,,False,,False,1,1
W7115797001,2025,2021-2026,True,True,False,,True,3,1
W4417261611,2025,2021-2026,True,True,True,True,False,1,1
W4417305144,2025,2021-2026,True,True,True,True,True,2,1
W4417321395,2025,2021-2026,True,True,True,True,False,1,1
W4417330479,2025,2021-2026,True,True,True,True,True,3,1
W4417415898,2025,2021-2026,True,True,True,True,True,2,2
W4417456917,2025,2021-2026,True,False,True,False,False,1,4
W7131313399,2025,2021-2026,True,True,False,,True,2,1
W4417485663,2025,2021-2026,True,True,True,False,True,2,1
W4417535386,2025,2021-2026,True,True,True,True,True,5,1
W7116758617,2025,2021-2026,True,False,True,False,True,3,1
W7117467758,2025,2021-2026,True,True,True,True,False,1,1
W7119549724,2025,2021-2026,True,True,False,,False,1,1
W7124710982,2025,2021-2026,False,,False,,False,0,1
W7117253869,2025,2021-2026,False,,False,,False,0,1
W7125920907,2025,2021-2026,True,True,False,,False,1,1
W7117295520,2025,2021-2026,True,True,True,True,True,2,1
W7117309999,2025,2021-2026,True,False,True,False,False,1,1
W7117357850,2025,2021-2026,True,True,True,True,False,1,1
W7117358682,2025,2021-2026,False,,False,,True,2,1
W7128479650,2025,2021-2026,True,True,False,,False,1,1
W7117412538,2025,2021-2026,False,,False,,False,0,1
W7117533882,2025,2021-2026,True,False,False,,False,1,2
W7117707155,2025,2021-2026,True,True,True,True,True,3,1
W7130577400,2025,2021-2026,True,True,True,True,True,2,1
W7143660304,2025,2021-2026,True,True,False,,True,2,1
W7163915153,2025,2021-2026,True,True,True,True,False,1,1
W7117680879,2025,2021-2026,True,False,False,,True,2,1
W7117719807,2025,2021-2026,True,True,False,,False,1,1
W7117751226,2025,2021-2026,True,False,False,,True,2,1
W7117757284,2025,2021-2026,True,False,False,,True,3,1
W7117968966,2025,2021-2026,True,True,True,True,False,1,1
W7117985830,2025,2021-2026,True,True,True,True,False,1,1
W7118000111,2025,2021-2026,True,True,False,,False,1,1
W7118011712,2025,2021-2026,False,,False,,False,0,1
W7119709177,2025,2021-2026,False,,False,,False,0,1
W7124746122,2025,2021-2026,True,True,True,True,False,1,1
W7125928850,2025,2021-2026,True,True,True,True,False,1,1
W7125957304,2025,2021-2026,True,True,True,True,False,1,1
W7126033868,2025,2021-2026,True,True,False,,True,3,1
W7126058597,2025,2021-2026,True,True,False,,True,3,1
W7128604493,2025,2021-2026,True,True,False,,True,2,1
W7128629482,2025,2021-2026,True,True,False,,True,2,1
W7147635634,2025,2021-2026,True,True,True,True,False,1,1
W7153820912,2025,2021-2026,True,True,False,,False,1,1
W7154973286,2025,2021-2026,True,True,False,,False,1,1
W7156918176,2025,2021-2026,True,True,False,,False,1,1
W7117883780,2026,2021-2026,True,False,False,,True,2,1
W7122690039,2026,2021-2026,True,True,False,,False,1,1
W7123845677,2026,2021-2026,True,True,False,,False,1,1
W7124168217,2026,2021-2026,True,True,True,True,False,1,1
W7124242939,2026,2021-2026,True,True,False,,False,1,1
W7124287813,2026,2021-2026,True,False,True,False,False,1,6
W7124585316,2026,2021-2026,True,False,True,False,False,1,1
W7125499179,2026,2021-2026,True,True,True,True,False,1,1
W7126262255,2026,2021-2026,False,,False,,False,0,1
W7127060372,2026,2021-2026,True,True,True,True,False,1,1
W7127109005,2026,2021-2026,False,,False,,False,0,1
W7127906537,2026,2021-2026,True,True,True,True,False,1,1
W7128292890,2026,2021-2026,True,True,False,,False,1,1
W7128934299,2026,2021-2026,True,False,False,,True,2,1
W7129118742,2026,2021-2026,True,True,True,True,True,2,1
W7131117258,2026,2021-2026,True,True,False,,False,1,1
W7131406589,2026,2021-2026,True,True,False,,True,2,1
W7131406720,2026,2021-2026,True,True,False,,True,2,1
W7131648936,2026,2021-2026,True,True,False,,False,1,1
W7131781592,2026,2021-2026,True,True,True,True,False,1,1
W7135059063,2026,2021-2026,True,True,False,,False,1,1
W7137215394,2026,2021-2026,True,True,False,,True,2,1
W7137871867,2026,2021-2026,True,True,True,True,False,1,2
W7139053945,2026,2021-2026,False,,False,,False,0,1
W7139071709,2026,2021-2026,False,,False,,False,0,1
W7141225728,2026,2021-2026,True,True,False,,True,2,1
W7153952446,2026,2021-2026,False,,False,,False,0,1
W7155387277,2026,2021-2026,True,True,True,True,False,1,1
W7156863973,2026,2021-2026,True,True,False,,True,3,1
W7160201703,2026,2021-2026,True,True,False,,True,2,1
W7160707470,2026,2021-2026,True,False,True,False,False,1,0
W7161039512,2026,2021-2026,True,True,False,,False,1,1
W7161133465,2026,2021-2026,True,True,True,True,True,2,1
W7161135389,2026,2021-2026,True,False,False,,False,1,1
W7161715771,2026,2021-2026,False,,False,,False,1,1
W7164205678,2026,2021-2026,False,,False,,False,0,1
W7165120360,2026,2021-2026,True,True,True,True,False,1,1
W7165256475,2026,2021-2026,False,,False,,False,0,5
W7165500668,2026,2021-2026,False,,False,,False,0,5
W7165500708,2026,2021-2026,False,,False,,False,0,5
W7165501256,2026,2021-2026,False,,False,,False,0,5
W7165501579,2026,2021-2026,False,,False,,False,0,5
W7165502462,2026,2021-2026,False,,False,,False,0,5
W7165504699,2026,2021-2026,False,,False,,False,0,5
W7165511474,2026,2021-2026,False,,False,,False,0,5
W7166577228,2026,2021-2026,True,True,True,True,False,1,2
W7167721205,2026,2021-2026,True,True,False,,True,2,1
W7167928605,2026,2021-2026,True,True,False,,False,1,1
W7169652883,2026,2021-2026,False,,False,,False,0,1
W7170173850,2026,2021-2026,True,True,False,,False,1,1
W7171664942,2026,2021-2026,True,True,False,,False,1,1
W7171738089,2026,2021-2026,True,True,False,,True,2,1
W7171932887,2026,2021-2026,True,True,True,True,False,1,1
W7172341257,2026,2021-2026,True,True,False,,False,1,1
W7172453634,2026,2021-2026,True,True,False,,False,1,1
W7202210407,2026,2021-2026,False,,False,,False,0,1
W7202221749,2026,2021-2026,False,,False,,False,0,1
W7203596133,2026,2021-2026,True,True,False,,False,1,1
W7203601076,2026,2021-2026,False,,False,,False,0,1
W7203603091,2026,2021-2026,False,,False,,False,0,1
W7203608372,2026,2021-2026,True,True,True,True,True,2,1
W7203629631,2026,2021-2026,False,,False,,False,0,1
W7203885526,2026,2021-2026,True,True,False,,False,1,1
W7204265671,2026,2021-2026,True,True,True,True,False,1,1
W7204488096,2026,2021-2026,True,True,False,,False,1,1
W7204840528,2026,2021-2026,True,True,False,,False,1,1
W7204987815,2026,2021-2026,False,,False,,False,1,1
W7211987544,2026,2021-2026,False,,False,,False,0,1
W7118087490,2026,2021-2026,True,True,True,True,False,1,1
W7123953391,2026,2021-2026,True,False,False,,False,1,1
W7127047140,2026,2021-2026,False,,False,,False,0,1
W7140034001,2026,2021-2026,True,True,False,,False,1,1
W7119519212,2026,2021-2026,True,True,True,False,True,2,1
W7119895634,2026,2021-2026,True,True,True,True,True,3,1
W7120156798,2026,2021-2026,False,,False,,True,2,1
W7120061480,2026,2021-2026,True,True,True,True,False,1,1
W7122455085,2026,2021-2026,True,False,True,False,True,4,1
W7122526021,2026,2021-2026,True,True,True,True,True,2,1
W7122794105,2026,2021-2026,True,True,True,True,True,3,1
W7123357128,2026,2021-2026,True,True,True,True,True,3,1
W7124158170,2026,2021-2026,True,True,False,,False,1,1
W7124310996,2026,2021-2026,True,False,False,,False,1,1
W7125437099,2026,2021-2026,True,True,False,,False,1,1
W7126155147,2026,2021-2026,True,True,False,,False,1,1
W7126187257,2026,2021-2026,True,True,False,,False,1,1
W7124419064,2026,2021-2026,True,False,True,False,False,1,0
W7124430446,2026,2021-2026,True,False,True,False,True,3,1
W7124926901,2026,2021-2026,True,False,False,,False,1,2
W7125523516,2026,2021-2026,False,,False,,False,0,1
W7143460909,2026,2021-2026,True,True,False,,False,1,1
W7124540289,2026,2021-2026,False,,False,,False,0,1
W7124681186,2026,2021-2026,True,False,True,False,False,1,1
W7124764556,2026,2021-2026,True,True,False,,False,1,1
W7139933368,2026,2021-2026,True,True,False,,False,1,1
W7139958319,2026,2021-2026,True,True,False,,False,1,1
W7140181375,2026,2021-2026,False,,False,,False,0,1
W7125214253,2026,2021-2026,True,True,True,True,True,2,1
W7125378004,2026,2021-2026,False,,False,,False,0,1
W7125403044,2026,2021-2026,True,True,True,True,False,1,1
W7125405440,2026,2021-2026,False,,False,,False,0,1
W7125475152,2026,2021-2026,True,False,True,False,True,4,1
W7125608683,2026,2021-2026,True,False,False,,False,1,1
W7125799563,2026,2021-2026,False,,False,,False,0,1
W7125781520,2026,2021-2026,True,True,True,True,False,1,1
W7125925180,2026,2021-2026,True,False,True,False,True,5,1
W7125950573,2026,2021-2026,True,True,True,True,False,1,1
W7125960960,2026,2021-2026,True,True,True,True,False,1,1
W7125926820,2026,2021-2026,True,True,True,True,True,2,1
W7126093255,2026,2021-2026,True,True,False,,False,1,1
W7126213839,2026,2021-2026,True,True,False,,False,1,1
W7126238514,2026,2021-2026,False,,False,,False,0,1
W7126254766,2026,2021-2026,True,True,True,True,False,1,1
W7126369669,2026,2021-2026,True,True,True,True,True,2,1
W7126384391,2026,2021-2026,True,True,True,True,True,2,1
W7126404736,2026,2021-2026,True,True,False,,False,1,1
W7127985593,2026,2021-2026,False,,False,,False,1,1
W7127055821,2026,2021-2026,True,True,True,True,False,1,1
W7128988288,2026,2021-2026,True,True,False,,False,1,1
W7134952123,2026,2021-2026,True,True,False,,True,2,1
W7127179045,2026,2021-2026,True,True,True,True,False,1,1
W7128524888,2026,2021-2026,True,True,True,True,False,1,1
W7127368175,2026,2021-2026,True,True,True,True,False,1,1
W7127383021,2026,2021-2026,True,True,True,True,True,2,1
W7130841546,2026,2021-2026,True,True,True,True,False,1,1
W7127999366,2026,2021-2026,True,True,True,True,False,1,1
W7128004946,2026,2021-2026,True,True,True,True,False,1,1
W7133335390,2026,2021-2026,False,,False,,False,1,1
W7128057472,2026,2021-2026,True,False,False,,True,2,1
W7128158859,2026,2021-2026,True,True,True,True,True,2,1
W7128169150,2026,2021-2026,True,False,True,False,True,3,1
W7128374632,2026,2021-2026,True,True,True,True,False,1,1
W7128438445,2026,2021-2026,True,True,True,True,True,2,1
W7128498406,2026,2021-2026,True,True,True,True,False,1,1
W7128547295,2026,2021-2026,True,True,True,True,False,1,1
W7128470337,2026,2021-2026,True,False,True,True,True,4,1
W7128590873,2026,2021-2026,True,True,True,True,False,1,1
W7162054163,2026,2021-2026,False,,False,,False,0,1
W7128765637,2026,2021-2026,True,True,False,,True,2,1
W7128771783,2026,2021-2026,True,True,False,,True,4,1
W7128910203,2026,2021-2026,True,True,True,True,True,2,1
W7135368910,2026,2021-2026,True,False,False,,False,1,1
W7135370600,2026,2021-2026,True,False,False,,False,1,1
W7129074269,2026,2021-2026,True,True,False,,True,2,1
W7129261621,2026,2021-2026,True,True,True,True,False,1,0
W7130502667,2026,2021-2026,True,True,False,,False,1,1
W7131657773,2026,2021-2026,True,True,False,,False,1,1
W7131308563,2026,2021-2026,True,True,True,True,True,2,1
W7130843198,2026,2021-2026,False,,False,,False,0,1
W7130853125,2026,2021-2026,True,True,True,True,False,1,1
W7130884291,2026,2021-2026,False,,False,,False,0,1
W7133233309,2026,2021-2026,True,True,False,,False,1,4
W7211876464,2026,2021-2026,True,False,False,,True,2,1
W7211910159,2026,2021-2026,True,False,False,,True,2,1
W7133514519,2026,2021-2026,False,,False,,False,0,1
W7132840049,2026,2021-2026,True,True,True,True,False,1,1
W7131816178,2026,2021-2026,False,,False,,False,0,1
W7131850736,2026,2021-2026,False,,False,,False,0,1
W7131631331,2026,2021-2026,True,True,True,True,True,2,1
W7131812454,2026,2021-2026,True,True,True,True,False,1,1
W7131845720,2026,2021-2026,True,False,True,False,False,1,1
W7131850343,2026,2021-2026,True,True,True,True,False,1,1
W7133218643,2026,2021-2026,True,True,False,,False,1,1
W7133336497,2026,2021-2026,True,True,True,True,True,3,1
W7162197161,2026,2021-2026,True,True,True,True,False,1,1
W7162214368,2026,2021-2026,True,True,True,True,False,1,1
W7131843076,2026,2021-2026,False,,False,,False,0,1
W7131895202,2026,2021-2026,False,,False,,False,0,1
W7134060381,2026,2021-2026,True,True,True,True,False,1,1
W7139093141,2026,2021-2026,True,True,True,True,False,1,1
W7151820346,2026,2021-2026,False,,False,,False,1,1
W7152118237,2026,2021-2026,True,True,False,,True,2,1
W7167816924,2026,2021-2026,False,,False,,False,0,1
W7133487182,2026,2021-2026,False,,False,,False,0,1
W7133518509,2026,2021-2026,False,,False,,False,0,1
W7133569798,2026,2021-2026,True,True,True,True,False,1,0
W7133694987,2026,2021-2026,False,,False,,False,0,1
W7162551920,2026,2021-2026,True,True,True,True,False,1,1
W7203464230,2026,2021-2026,True,True,False,,True,2,1
W7134909073,2026,2021-2026,True,True,True,True,True,2,6
W7134177570,2026,2021-2026,False,,False,,False,0,1
W7134228573,2026,2021-2026,True,True,True,True,True,2,1
W7134240806,2026,2021-2026,False,,False,,False,0,1
W7134256609,2026,2021-2026,True,True,False,,False,1,1
W7135100091,2026,2021-2026,True,True,False,,False,1,3
W7134847514,2026,2021-2026,True,True,True,True,False,1,1
W7169667369,2026,2021-2026,True,False,True,False,False,1,1
W7169684245,2026,2021-2026,True,False,True,False,False,1,1
W7135025986,2026,2021-2026,True,True,True,True,False,1,1
W7135088843,2026,2021-2026,True,True,True,True,False,1,1
W7154227534,2026,2021-2026,True,True,True,True,False,1,1
W7154379520,2026,2021-2026,True,True,True,True,False,1,1
W7135101966,2026,2021-2026,True,True,True,True,True,4,1
W7140097106,2026,2021-2026,True,True,True,True,False,1,1
W7160008268,2026,2021-2026,False,,False,,True,2,1
W7140083767,2026,2021-2026,True,True,False,,False,1,1
W7140085488,2026,2021-2026,True,True,False,,False,1,1
W7138235259,2026,2021-2026,True,True,False,,True,3,1
W7138855099,2026,2021-2026,False,,False,,False,0,1
W7138925091,2026,2021-2026,True,True,False,,False,1,1
W7202246555,2026,2021-2026,True,False,True,False,False,1,2
W7202250509,2026,2021-2026,True,False,True,False,False,1,2
W7138920331,2026,2021-2026,True,True,True,True,True,2,1
W7140108100,2026,2021-2026,True,True,True,True,False,1,1
W7140144628,2026,2021-2026,True,True,True,True,False,1,1
W7139924681,2026,2021-2026,True,True,True,True,False,1,1
W7170058263,2026,2021-2026,True,True,False,,False,1,1
W7140130927,2026,2021-2026,True,True,True,True,False,1,1
W7140279672,2026,2021-2026,True,False,True,False,True,2,1
W7140288947,2026,2021-2026,True,True,True,True,True,2,1
W7163880911,2026,2021-2026,True,True,False,,False,1,1
W7140535953,2026,2021-2026,False,,False,,False,0,1
W7142721005,2026,2021-2026,False,,False,,False,0,1
W7143014168,2026,2021-2026,False,,False,,False,0,1
W7143510596,2026,2021-2026,True,True,True,True,False,1,1
W7164989229,2026,2021-2026,True,True,False,,False,1,1
W7172481204,2026,2021-2026,False,,False,,False,0,1
W7140065675,2026,2021-2026,False,,False,,False,1,1
W7143595033,2026,2021-2026,True,True,True,True,True,2,0
W7143898592,2026,2021-2026,True,True,False,,False,1,1
W7143983020,2026,2021-2026,True,True,False,,False,1,1
W7144145829,2026,2021-2026,True,True,False,,True,3,1
W7146957814,2026,2021-2026,True,True,False,,False,1,1
W7146996017,2026,2021-2026,False,,False,,False,0,1
W7147416974,2026,2021-2026,True,True,False,,True,2,1
W7147418199,2026,2021-2026,True,False,False,,True,2,1
W7147541039,2026,2021-2026,True,True,False,,True,2,1
W7147618149,2026,2021-2026,False,,False,,False,0,1
W7155556422,2026,2021-2026,True,True,False,,True,2,1
W7160500102,2026,2021-2026,True,True,False,,False,1,1
W7162335509,2026,2021-2026,True,True,False,,True,2,1
W7164920545,2026,2021-2026,False,,False,,True,2,1
W7154183727,2026,2021-2026,True,True,True,True,True,2,1
W7154618151,2026,2021-2026,True,True,True,True,True,3,1
W7154827569,2026,2021-2026,False,,False,,False,0,1
W7155362483,2026,2021-2026,True,True,True,True,False,1,1
W7158035153,2026,2021-2026,True,True,False,,False,1,1
W7158425414,2026,2021-2026,True,True,True,True,True,2,1
W7159017039,2026,2021-2026,True,True,False,,True,3,1
W7165020919,2026,2021-2026,True,True,False,,False,1,1
W7165181136,2026,2021-2026,True,True,False,,True,2,1
W7165186367,2026,2021-2026,True,False,True,False,True,2,1
W7169711517,2026,2021-2026,True,True,False,,False,1,1
W7148554638,2026,2021-2026,True,True,True,True,True,2,1
W7150141536,2026,2021-2026,True,True,False,,False,1,1
W7150896838,2026,2021-2026,True,True,False,,False,1,1
W7150025262,2026,2021-2026,True,False,True,False,False,1,5
W7152020660,2026,2021-2026,False,,False,,False,0,1
W7152068219,2026,2021-2026,False,,False,,False,0,1
W7153627451,2026,2021-2026,False,,False,,False,0,1
W7152740636,2026,2021-2026,True,True,True,True,False,1,1
W7162138819,2026,2021-2026,False,,False,,False,0,1
W7153472197,2026,2021-2026,True,True,False,,True,2,1
W7153527503,2026,2021-2026,True,False,False,,True,3,1
W7153810707,2026,2021-2026,True,True,False,,False,1,1
W7153820836,2026,2021-2026,True,True,False,,False,1,1
W7153996606,2026,2021-2026,True,True,True,False,True,8,1
W7154177552,2026,2021-2026,True,False,True,False,False,1,3
W7154458315,2026,2021-2026,True,False,True,False,True,4,1
W7154459167,2026,2021-2026,True,True,True,True,False,1,1
W7154462371,2026,2021-2026,True,True,False,,False,1,1
W7154491375,2026,2021-2026,True,True,True,True,False,1,1
W7164838341,2026,2021-2026,True,True,False,,False,1,1
W7154722204,2026,2021-2026,True,False,True,False,False,1,1
W7154701175,2026,2021-2026,False,,False,,False,0,1
W7154752456,2026,2021-2026,False,,False,,False,0,1
W7154753502,2026,2021-2026,True,False,True,False,True,2,1
W7154858071,2026,2021-2026,True,True,True,True,True,2,1
W7154968985,2026,2021-2026,True,True,True,True,False,1,1
W7155178719,2026,2021-2026,True,True,False,,False,1,1
W7155034526,2026,2021-2026,True,True,True,False,True,2,1
W7155189921,2026,2021-2026,True,True,True,True,False,1,1
W7155194470,2026,2021-2026,True,False,True,False,True,6,2
W7155214016,2026,2021-2026,True,True,False,,False,1,1
W7156260853,2026,2021-2026,True,True,False,,False,1,1
W7165752201,2026,2021-2026,True,True,False,,False,1,1
W7155568038,2026,2021-2026,True,True,True,False,True,2,1
W7155606585,2026,2021-2026,True,True,False,,False,1,1
W7156869913,2026,2021-2026,True,False,False,,True,2,1
W7202147462,2026,2021-2026,True,True,True,True,False,1,1
W7155764523,2026,2021-2026,True,True,True,True,False,1,1
W7155950773,2026,2021-2026,True,True,True,True,False,1,1
W7155969429,2026,2021-2026,False,,False,,False,0,1
W7155976856,2026,2021-2026,False,,False,,False,0,1
W7157848841,2026,2021-2026,True,True,True,True,False,1,1
W7160188439,2026,2021-2026,False,,False,,False,0,1
W7159624065,2026,2021-2026,False,,False,,False,0,1
W7151470116,2026,2021-2026,True,True,True,True,False,1,1
W7151585186,2026,2021-2026,True,True,True,True,False,1,1
W7160556111,2026,2021-2026,True,False,True,False,True,2,1
W7166524377,2026,2021-2026,True,False,True,False,False,1,1
W7166569645,2026,2021-2026,True,False,True,False,False,1,1
W7166736845,2026,2021-2026,True,False,False,,False,1,1
W7171267735,2026,2021-2026,True,True,False,,True,5,1
W7159829035,2026,2021-2026,True,True,True,True,True,2,1
W7159866654,2026,2021-2026,True,False,True,False,True,2,1
W7160243422,2026,2021-2026,True,True,False,,True,2,1
W7160893805,2026,2021-2026,False,,False,,False,0,1
W7160955978,2026,2021-2026,True,False,True,False,False,1,6
W7160963166,2026,2021-2026,False,,False,,False,0,1
W7161396743,2026,2021-2026,True,True,True,True,False,1,1
W7162036942,2026,2021-2026,True,True,True,True,True,2,1
W7162193199,2026,2021-2026,False,,False,,False,0,1
W7162202677,2026,2021-2026,False,,False,,False,0,1
W7162581987,2026,2021-2026,True,True,False,,False,1,1
W7163985424,2026,2021-2026,True,False,True,False,False,1,0
W7160254381,2026,2021-2026,True,True,False,,False,1,1
W7160323272,2026,2021-2026,False,,False,,False,0,1
W7160553512,2026,2021-2026,True,False,True,False,False,1,1
W7160279740,2026,2021-2026,True,True,True,True,True,5,1
W7160096888,2026,2021-2026,True,True,False,,False,1,1
W7160195159,2026,2021-2026,True,False,False,,True,3,2
W7160247918,2026,2021-2026,True,True,True,True,False,1,1
W7160268499,2026,2021-2026,False,,False,,False,1,1
W7160285547,2026,2021-2026,False,,False,,False,0,1
W7160332411,2026,2021-2026,False,,False,,False,0,1
W7162462017,2026,2021-2026,True,True,False,,True,3,1
W4410758588,2026,2021-2026,True,True,True,True,False,1,1
W7160708968,2026,2021-2026,True,False,True,False,False,1,1
W7160763897,2026,2021-2026,True,True,False,,False,1,1
W7160851731,2026,2021-2026,True,True,False,,False,1,1
W7160852868,2026,2021-2026,True,True,False,,False,1,1
W7160889188,2026,2021-2026,True,True,True,True,False,1,1
W7161007275,2026,2021-2026,True,False,True,False,True,4,1
W7161065683,2026,2021-2026,True,True,True,True,True,2,1
W7161109623,2026,2021-2026,True,True,False,,False,1,1
W7161134461,2026,2021-2026,True,True,True,True,False,1,1
W7161155984,2026,2021-2026,False,,False,,False,0,1
W7162410041,2026,2021-2026,True,True,False,,False,1,1
W7161475053,2026,2021-2026,True,True,False,,True,2,1
W7161382735,2026,2021-2026,True,True,False,,False,1,1
W7161408827,2026,2021-2026,True,True,True,True,True,2,1
W7161487620,2026,2021-2026,True,True,False,,False,1,1
W7161797875,2026,2021-2026,True,True,True,True,False,1,1
W7161477557,2026,2021-2026,False,,False,,False,0,1
W7161626433,2026,2021-2026,True,False,False,,True,2,1
W7161622977,2026,2021-2026,True,False,True,False,True,2,0
W7161641013,2026,2021-2026,True,True,True,True,False,1,1
W7161795462,2026,2021-2026,True,False,True,False,True,2,1
W7161795467,2026,2021-2026,True,True,False,,False,1,1
W7161766206,2026,2021-2026,True,True,True,True,False,1,1
W7161767015,2026,2021-2026,True,False,False,,True,2,1
W7161776297,2026,2021-2026,True,True,True,True,True,3,1
W7161778541,2026,2021-2026,True,True,False,,False,1,1
W7161840658,2026,2021-2026,True,True,True,True,False,1,1
W7168371352,2026,2021-2026,True,True,False,,True,3,1
W7168385518,2026,2021-2026,True,True,False,,True,3,1
W7162450074,2026,2021-2026,False,,False,,False,0,1
W7162471763,2026,2021-2026,False,,False,,False,0,1
W7166849443,2026,2021-2026,True,True,False,,True,2,1
W7168473490,2026,2021-2026,False,,False,,False,0,1
W7168572557,2026,2021-2026,False,,False,,False,0,1
W7162093084,2026,2021-2026,False,,False,,False,0,1
W7162104946,2026,2021-2026,True,True,True,True,False,1,1
W7162106434,2026,2021-2026,True,True,True,True,False,1,1
W7162187417,2026,2021-2026,False,,False,,False,0,1
W7162288550,2026,2021-2026,True,False,True,False,True,4,1
W7162299172,2026,2021-2026,True,True,False,,True,2,1
W7162301085,2026,2021-2026,True,True,True,True,False,1,1
W7162304918,2026,2021-2026,True,True,True,True,True,5,1
W7162328281,2026,2021-2026,True,True,False,,True,2,1
W7162289770,2026,2021-2026,True,True,True,True,False,1,1
W7162441767,2026,2021-2026,False,,False,,False,0,1
W7162641247,2026,2021-2026,True,True,True,True,True,3,5
W7162566574,2026,2021-2026,True,True,True,True,False,1,1
W4417145479,2026,2021-2026,True,True,False,,False,1,1
W7162672095,2026,2021-2026,True,True,False,,False,1,1
W7162698070,2026,2021-2026,True,True,True,True,False,1,1
W7160171050,2026,2021-2026,True,True,False,,True,2,1
W7162758476,2026,2021-2026,True,True,False,,False,1,1
W7163017144,2026,2021-2026,False,,False,,False,0,1
W7162753049,2026,2021-2026,True,True,True,True,False,1,1
W7162854895,2026,2021-2026,True,True,True,True,False,1,1
W7162862720,2026,2021-2026,True,True,True,True,False,1,1
W7162870505,2026,2021-2026,True,True,False,,False,1,1
W7162877933,2026,2021-2026,False,,False,,False,0,1
W7162878051,2026,2021-2026,False,,False,,False,0,1
W7171796184,2026,2021-2026,True,False,True,False,False,1,1
W7163213248,2026,2021-2026,False,,False,,False,0,1
W7162942548,2026,2021-2026,True,True,True,True,False,1,1
W7163347297,2026,2021-2026,False,,False,,False,1,1
W7163691656,2026,2021-2026,False,,False,,False,0,1
W7163715959,2026,2021-2026,False,,False,,False,0,1
W7164202117,2026,2021-2026,True,True,True,True,False,1,1
W7164552396,2026,2021-2026,True,True,False,,False,1,1
W7164933275,2026,2021-2026,True,True,False,,False,1,1
W7165684635,2026,2021-2026,False,,False,,False,1,1
W7167576615,2026,2021-2026,True,True,True,True,False,1,1
W7163132312,2026,2021-2026,False,,False,,False,0,1
W7163153362,2026,2021-2026,False,,False,,False,0,1
W7163418720,2026,2021-2026,True,False,True,False,True,5,1
W7167281046,2026,2021-2026,True,True,True,True,True,2,1
W7163508012,2026,2021-2026,True,False,False,,True,2,1
W7163538422,2026,2021-2026,True,True,True,True,False,1,1
W7163639984,2026,2021-2026,True,False,True,False,True,9,2
W7163681049,2026,2021-2026,True,True,True,True,True,2,1
W7163892820,2026,2021-2026,False,,False,,False,0,1
W7163906157,2026,2021-2026,False,,False,,False,0,1
W7163919418,2026,2021-2026,True,True,True,True,False,1,1
W7163992015,2026,2021-2026,True,True,True,True,True,3,1
W7164011943,2026,2021-2026,True,True,True,True,True,2,1
W7164019823,2026,2021-2026,True,False,True,True,True,2,1
W7164152084,2026,2021-2026,True,False,True,True,True,3,1
W7164163170,2026,2021-2026,False,,False,,False,0,1
W7164492263,2026,2021-2026,False,,False,,False,0,1
W7164549866,2026,2021-2026,False,,False,,False,0,1
W7164551552,2026,2021-2026,True,True,True,True,False,1,1
W7164564930,2026,2021-2026,True,True,True,True,False,1,1
W7164664247,2026,2021-2026,False,,False,,False,0,1
W7164672901,2026,2021-2026,True,False,True,False,True,2,1
W7203867453,2026,2021-2026,True,False,False,,True,2,1
W7203882752,2026,2021-2026,True,False,False,,True,2,1
W4416510766,2026,2021-2026,True,True,True,True,False,1,1
W7167932025,2026,2021-2026,True,True,False,,False,1,1
W7167972611,2026,2021-2026,True,True,False,,False,1,1
W7164931098,2026,2021-2026,True,True,True,True,False,1,1
W7165049556,2026,2021-2026,True,True,True,True,True,2,1
W7165055560,2026,2021-2026,False,,False,,False,0,1
W7165168439,2026,2021-2026,True,True,False,,False,1,1
W7165372670,2026,2021-2026,False,,False,,False,0,1
W7165362273,2026,2021-2026,True,True,True,True,False,1,1
W7203683386,2026,2021-2026,True,True,False,,False,1,1
W7165611640,2026,2021-2026,True,True,False,,False,1,1
W7165658903,2026,2021-2026,True,True,True,True,False,1,1
W7165659177,2026,2021-2026,True,True,True,True,False,1,1
W7165668701,2026,2021-2026,True,True,True,True,False,1,1
W7165747819,2026,2021-2026,False,,False,,False,0,1
W7165787366,2026,2021-2026,False,,False,,False,0,1
W7165907467,2026,2021-2026,True,True,False,,True,3,1
W7167034702,2026,2021-2026,False,,False,,False,0,1
W7165933439,2026,2021-2026,True,True,True,True,False,1,1
W7166358531,2026,2021-2026,True,True,True,True,False,1,1
W7166307543,2026,2021-2026,False,,False,,False,0,1
W7166324680,2026,2021-2026,False,,False,,False,0,1
W7166463166,2026,2021-2026,True,True,True,True,False,1,1
W7165473935,2026,2021-2026,True,True,True,True,True,4,5
W7166560519,2026,2021-2026,False,,False,,False,0,1
W7166714688,2026,2021-2026,True,True,True,True,True,2,1
W7166717811,2026,2021-2026,True,True,False,,True,2,1
W7166885650,2026,2021-2026,False,,False,,False,1,1
W7171616694,2026,2021-2026,True,False,False,,True,3,1
W7203655382,2026,2021-2026,True,True,False,,False,1,1
W7166798251,2026,2021-2026,True,True,False,,False,1,1
W7166833709,2026,2021-2026,False,,False,,False,0,1
W7166850844,2026,2021-2026,False,,False,,False,0,1
W7166862457,2026,2021-2026,True,True,False,,False,1,1
W7166863095,2026,2021-2026,True,True,False,,False,1,1
W7167059325,2026,2021-2026,True,True,True,True,False,1,1
W7167877614,2026,2021-2026,False,,False,,False,0,1
W7168271761,2026,2021-2026,True,False,True,False,False,1,1
W7168455761,2026,2021-2026,True,True,True,True,False,1,1
W7168679049,2026,2021-2026,True,True,False,,True,3,1
W7168715121,2026,2021-2026,True,True,True,True,False,1,1
W7169863796,2026,2021-2026,True,True,False,,False,1,1
W7171065414,2026,2021-2026,False,,False,,False,1,1
W7171085903,2026,2021-2026,True,True,True,True,True,2,1
W7204538010,2026,2021-2026,True,False,False,,True,2,1
W7210279198,2026,2021-2026,True,True,True,True,False,1,1
W7211951619,2026,2021-2026,True,True,False,,False,1,1
W7167029597,2026,2021-2026,True,True,True,True,False,1,1
W7167038769,2026,2021-2026,True,True,True,True,False,1,1
W7167066189,2026,2021-2026,True,True,False,,False,1,1
W7167070078,2026,2021-2026,True,True,True,True,False,1,1
W7167499128,2026,2021-2026,True,True,False,,False,1,1
W7167343350,2026,2021-2026,True,True,True,True,False,1,1
W7167536901,2026,2021-2026,True,False,True,False,False,1,1
W7168088619,2026,2021-2026,False,,False,,False,0,1
W7168097747,2026,2021-2026,False,,False,,False,0,1
W7172398912,2026,2021-2026,True,True,True,True,False,1,1
W7167799220,2026,2021-2026,True,False,True,False,True,3,0
W7167799869,2026,2021-2026,False,,False,,False,0,1
W7167811410,2026,2021-2026,False,,False,,False,0,1
W7167911619,2026,2021-2026,False,,False,,False,0,1
W7167943774,2026,2021-2026,True,False,True,False,True,4,1
W7168033255,2026,2021-2026,True,True,True,True,False,1,3
W7169200275,2026,2021-2026,True,True,False,,False,1,1
W7168085534,2026,2021-2026,False,,False,,False,0,1
W7168141613,2026,2021-2026,True,True,True,True,False,1,1
W4415362638,2026,2021-2026,False,,False,,False,1,1
W4415829886,2026,2021-2026,True,True,True,True,False,1,1
W7168361283,2026,2021-2026,True,True,True,True,False,1,1
W7170746226,2026,2021-2026,True,True,False,,False,1,1
W7204700269,2026,2021-2026,True,True,False,,False,1,1
W7204710810,2026,2021-2026,True,True,False,,False,1,1
W7204718057,2026,2021-2026,True,True,False,,False,1,1
W7204728986,2026,2021-2026,True,True,False,,False,1,1
W7169031129,2026,2021-2026,True,True,False,,True,3,1
W7169625399,2026,2021-2026,True,False,True,False,True,2,1
W7169772482,2026,2021-2026,True,True,True,True,False,1,1
W7169791674,2026,2021-2026,True,True,True,True,True,2,1
W7169814059,2026,2021-2026,True,True,True,True,False,1,1
W7169829087,2026,2021-2026,True,True,True,True,False,1,1
W7170057942,2026,2021-2026,True,True,False,,True,5,1
W7170074910,2026,2021-2026,False,,False,,False,0,1
W7170132943,2026,2021-2026,False,,False,,False,0,1
W7170625991,2026,2021-2026,True,True,False,,True,6,1
W7170137825,2026,2021-2026,True,True,True,True,False,1,1
W7170154170,2026,2021-2026,True,False,True,False,True,5,1
W7170479425,2026,2021-2026,False,,False,,False,0,1
W7170858328,2026,2021-2026,False,,False,,False,1,1
W7171532937,2026,2021-2026,True,True,True,True,False,1,1
W7171052422,2026,2021-2026,True,True,True,True,True,4,1
W7171060873,2026,2021-2026,False,,False,,False,0,1
W7171267659,2026,2021-2026,False,,False,,False,0,1
W7171546451,2026,2021-2026,True,True,False,,False,1,1
W7171681848,2026,2021-2026,False,,False,,False,0,1
W7171707689,2026,2021-2026,True,True,True,True,False,1,1
W7171713784,2026,2021-2026,True,True,True,True,True,3,1
W7171972324,2026,2021-2026,True,False,True,False,False,1,0
W7172216754,2026,2021-2026,True,True,False,,False,1,1
W7172218439,2026,2021-2026,True,True,False,,False,1,1
W7171822765,2026,2021-2026,False,,False,,False,0,1
W7171840377,2026,2021-2026,True,True,True,True,True,2,1
W7172210877,2026,2021-2026,True,True,False,,True,2,1
W7172310081,2026,2021-2026,True,True,False,,False,1,1
W7172450154,2026,2021-2026,False,,False,,False,0,1
W7204462648,2026,2021-2026,True,True,False,,False,1,1
W7171982725,2026,2021-2026,False,,False,,False,0,1
W7172017130,2026,2021-2026,True,True,True,True,False,1,1
W7172537604,2026,2021-2026,True,False,False,,True,3,1
W7203610643,2026,2021-2026,True,True,True,True,False,1,1
W7204109314,2026,2021-2026,True,True,True,True,False,1,1
W7204168307,2026,2021-2026,True,True,True,True,False,1,1
W7204616156,2026,2021-2026,True,True,False,,True,2,1
W7207951085,2026,2021-2026,False,,False,,False,0,1
W7172448746,2026,2021-2026,True,True,False,,False,1,1
W7172349460,2026,2021-2026,True,True,True,True,False,1,1
W7172531169,2026,2021-2026,True,False,True,False,True,2,1
W7172513329,2026,2021-2026,True,False,True,False,True,4,3
W7202297058,2026,2021-2026,True,True,True,True,False,1,1
W7196956696,2026,2021-2026,False,,False,,False,0,1
W7201879436,2026,2021-2026,True,True,True,True,False,1,1
W7203447683,2026,2021-2026,True,True,True,True,False,1,1
W7201966909,2026,2021-2026,True,True,False,,False,1,1
W7201976261,2026,2021-2026,True,True,False,,False,1,1
W7201991978,2026,2021-2026,True,False,True,False,True,2,1
W7202000238,2026,2021-2026,True,True,False,,True,2,1
W7202074124,2026,2021-2026,True,True,True,True,False,1,1
W7202149737,2026,2021-2026,True,True,False,,True,2,1
W7202162528,2026,2021-2026,False,,False,,False,0,1
W7202211233,2026,2021-2026,False,,False,,False,0,1
W7202342191,2026,2021-2026,False,,False,,False,1,1
W7202345619,2026,2021-2026,False,,False,,False,1,1
W7202244569,2026,2021-2026,True,False,True,False,False,1,3
W7202301896,2026,2021-2026,True,True,False,,False,1,1
W7202348807,2026,2021-2026,True,True,True,True,False,1,0
W7202359144,2026,2021-2026,False,,False,,False,1,1
W7203450933,2026,2021-2026,True,True,True,True,False,1,1
W7203577160,2026,2021-2026,False,,False,,False,0,1
W7203574630,2026,2021-2026,True,True,False,,True,2,1
W7203645891,2026,2021-2026,True,True,False,,False,1,1
W7203701494,2026,2021-2026,True,True,True,True,False,1,1
W7203975645,2026,2021-2026,True,True,False,,False,1,1
W7203820306,2026,2021-2026,True,True,False,,False,1,1
W7203922624,2026,2021-2026,True,False,True,False,False,1,1
W7203944972,2026,2021-2026,True,True,False,,True,2,1
W7203954177,2026,2021-2026,True,False,True,False,False,1,1
W7204054234,2026,2021-2026,True,True,False,,False,1,1
W7204071973,2026,2021-2026,True,True,True,True,True,2,1
W7204087307,2026,2021-2026,True,True,False,,True,3,1
W7204114638,2026,2021-2026,True,True,False,,True,2,1
W7204233021,2026,2021-2026,True,True,True,True,False,1,1
W7204884223,2026,2021-2026,True,True,False,,False,1,1
W7204083597,2026,2021-2026,True,True,True,True,False,1,1
W7204150216,2026,2021-2026,True,True,True,True,False,1,1
W7204164256,2026,2021-2026,True,True,False,,False,1,1
W7133830383,2026,2021-2026,True,False,True,False,True,2,1
W7204222504,2026,2021-2026,True,True,True,True,True,2,1
W7204239136,2026,2021-2026,True,True,True,True,False,1,1
W7204445725,2026,2021-2026,True,False,True,False,False,1,1
W7204463101,2026,2021-2026,True,True,True,True,False,1,1
W7204485075,2026,2021-2026,True,True,True,True,True,2,1
W7204550901,2026,2021-2026,True,True,True,False,True,3,1
W7202129979,2026,2021-2026,True,True,True,True,False,1,1
W7204703036,2026,2021-2026,False,,False,,False,0,1
W7204852413,2026,2021-2026,True,True,False,,True,2,1
W7204861853,2026,2021-2026,True,True,False,,True,2,1
W7204911278,2026,2021-2026,True,False,False,,True,2,1
W7204919343,2026,2021-2026,True,True,False,,False,1,1
W7204972531,2026,2021-2026,True,True,False,,True,4,1
W7205008244,2026,2021-2026,True,False,False,,True,3,1
W7211884913,2026,2021-2026,True,True,True,True,True,2,1
W7211963959,2026,2021-2026,True,True,True,True,True,2,1
W7212060664,2026,2021-2026,True,True,False,,True,2,1
W7206215729,2026,2021-2026,False,,False,,False,1,1
W7207653272,2026,2021-2026,True,True,True,True,False,1,1
W7208756523,2026,2021-2026,False,,False,,False,1,1
W7208713479,2026,2021-2026,True,True,False,,False,1,1
W7208713780,2026,2021-2026,True,True,False,,False,1,1
W7210294423,2026,2021-2026,True,True,False,,False,1,1
W7211869614,2026,2021-2026,True,True,True,True,False,1,15
W7211870842,2026,2021-2026,True,True,True,True,True,4,1
W7212057775,2026,2021-2026,True,True,False,,False,1,1
W7212003960,2026,2021-2026,False,,False,,False,0,1
W7212034801,2026,2021-2026,True,True,True,True,False,1,1
W7212038015,2026,2021-2026,False,,False,,False,0,1
W7212049541,2026,2021-2026,False,,False,,False,0,1
