reference_id,local_citations
W2125849337,360
W4285719527,336
W2119775317,256
W2170964814,215
W2115011764,176
W2126583499,169
W2116542195,141
W2016834351,138
W2041725211,138
W2772759979,135
W2140155984,133
W2124360428,131
W2516915067,130
W2196182430,123
W2132666096,122
W2109725907,112
W2137321576,107
W2046034301,106
W2149849126,106
W2006696925,104
W2108970446,104
W1997866269,103
W2161933266,103
W2153025271,100
W2044203638,97
W2096969338,95
W2601005047,93
W1981075066,92
W2132441191,91
W2795223612,89
W2114027117,89
W2117812349,88
W2102858050,87
W2585592226,86
W2004745343,83
W2061316418,82
W1841733224,82
W4252307431,81
W2125902622,80
W2156885153,80
W2031976398,80
W2112093136,80
W2128442162,80
W2152846959,78
W2549703245,78
W2004804433,78
W2149691825,77
W2110203502,76
W3123188741,74
W2150517994,74
W1582873904,73
W2147456678,72
W2153603229,72
W2142114494,72
W2020999186,71
W2116975872,71
W2019013274,71
W2801838590,70
W4230973621,70
W2168477744,69
W3122664795,69
W2130433929,68
W1503547972,68
W2012190861,67
W2002066181,67
W1965140379,67
W2040434437,66
W2087431177,65
W2144033209,64
W2087983276,64
W2150308400,63
W2068155640,63
W4235321056,62
W2131920470,62
W2020286782,62
W1897790496,62
W2044069846,61
W1993536348,61
W2116853898,61
W2061514863,60
W2010394307,59
W2077442773,58
W2162391545,57
W2528775703,57
W2013370437,57
W2105126186,57
W2093394727,56
W2150356900,56
W1977638740,56
W2311909706,56
W3159717852,56
W2147916938,56
W2064136304,56
W2587114702,55
W2785836014,55
W2792953063,55
W2766578172,55
W1964106388,55
W2898810823,54
W2139469027,54
W2790351289,54
W2031244839,54
W2170028330,54
W2137004111,54
W3122816102,53
W1911870978,53
W2499780129,53
W2149028203,53
W2155075119,53
W2044978626,53
W1984157398,53
W2125617054,53
W3124052700,52
W2113971173,52
W2126324264,52
W2780496980,52
W4230986462,51
W2618177743,51
W2106664903,51
W2806266374,51
W2031581599,51
W1897752460,51
W2028697065,51
W2060101414,51
W3123491062,51
W2271241286,50
W2121847147,49
W2102331226,49
W1506326958,49
W2774462176,49
W2970742027,48
W2965395863,48
W2059577267,48
W1504283862,48
W4248588451,47
W2770086481,47
W2142314685,47
W2887085973,47
W3030912641,47
W2146812228,47
W2029490365,46
W2082260411,46
W2344619033,46
W3122383292,45
W3124320152,45
W2150291618,45
W1995026540,45
W1603317322,45
W2054879394,45
W2164928682,45
W2070148353,45
W2782677493,44
W2162134907,44
W1973641567,44
W2969938425,44
W2348129053,44
W2945846458,43
W1964348349,43
W2142357698,43
W2164483809,43
W2149931223,43
W2521338787,43
W3034419513,43
W2897399395,42
W1902419318,42
W2015387837,42
W2165503607,42
W2087936447,42
W2165266032,42
W2123808450,42
W2050056913,42
W2157330284,41
W2116451202,41
W2049283524,41
W2037502951,41
W2783929654,41
W1904926384,41
W2122359107,40
W2115152795,40
W3083134612,40
W2076682914,40
W2894057266,40
W2897666396,40
W2090512589,40
W2088845385,39
W2787408143,39
W1590576387,39
W2921324259,39
W2106757621,39
W1979290264,39
W2138501837,39
W2804953991,39
W402260577,39
W2087684234,39
W3008076145,38
W2025102261,38
W2729295538,38
W2168360939,38
W3120605809,38
W2047782512,38
W2129427091,38
W2806849192,38
W2114504287,38
W4250727440,38
W2289016572,38
W1982468539,37
W2273157563,37
W3125204451,37
W2324486034,37
W2110817762,37
W2911560900,37
W2806623687,37
W2148208833,37
W2067525088,37
W2334700582,37
W2131407469,37
W3090393259,36
W3126129487,36
W2092244946,36
W2739638368,36
W2055636320,36
W2045435898,36
W2145477879,36
W1978157104,36
W2167536428,36
W2165425080,36
W1992346786,36
W2805568502,36
W2160101293,36
W3124605934,36
W2170808594,35
W2317070370,35
W2063956631,35
W2694860238,35
W2125603871,35
W2770587522,35
W2106203251,35
W2096241550,35
W1984965363,35
W2166389402,35
W2554628493,35
W2125828123,35
W2039548363,35
W3121965091,35
W2128018372,34
W2412247133,34
W2467796988,34
W2311913981,34
W2301983211,34
W2516489230,34
W2068166908,33
W2031161394,33
W2100051440,33
W3125737419,33
W2956049473,33
W1968160150,33
W2337043991,33
W181741938,33
W2594909438,33
W2085315204,33
W2974640105,33
W1576198496,33
W2914595624,33
W2421735860,33
W1527311855,32
W3112005050,32
W2900704794,32
W2077268598,32
W2270359051,32
W2040493309,32
W1142621754,32
W2149091805,32
W2108845899,31
W1968843910,31
W1502131512,31
W2026313718,31
W2129962732,31
W3134574480,31
W2159835830,31
W2011498261,31
W2158081837,31
W2036363369,31
W1681732057,31
W1982627246,31
W1981067358,31
W2107908051,31
W2312737313,31
W2911588592,30
W2277644172,30
W2033493610,30
W2891125414,30
W2059688596,30
W2625911727,30
W2169491439,30
W1848500936,30
W2789425923,30
W2998244172,30
W2120682748,30
W2042239404,30
W2161424829,30
W1983279913,30
W4288535721,30
W2007776877,30
W2159629117,30
W2002951868,30
W4229046404,30
W2889811468,30
W2791541873,30
W2029690118,30
W2114292927,30
W2074192817,30
W2771839199,30
W1968842406,30
W2054697726,29
W2311822834,29
W2111468630,29
W2041565281,29
W653085961,29
W2009520889,29
W2099489532,29
W2155478480,29
W2177624470,29
W2906807539,29
W2005297837,29
W3122586893,29
W1986001118,29
W2083071550,29
W1916612367,29
W1621375610,29
W1970212961,29
W2058806358,29
W2085879168,29
W2613475274,29
W2164178712,29
W2133256510,29
W252755788,29
W2971543944,29
W2411477586,28
W3006090931,28
W2462440246,28
W1975746435,28
W2046185542,28
W4200611194,28
W3035509303,28
W2885260301,28
W2147800157,28
W1484443838,28
W2099347986,28
W1974833527,28
W3107406390,28
W3125765331,27
W4223445436,27
W1976585805,27
W4240277689,27
W2608166063,27
W1861395942,27
W2490987350,27
W2137081808,27
W2151142628,27
W2888307323,27
W1971028749,27
W2076489890,27
W2094207006,27
W2113109834,27
W3125574319,27
W2050373482,27
W2737522270,26
W4317716365,26
W2132888239,26
W4225116423,26
W2222938756,26
W2571560806,26
W3123735941,26
W2724970501,26
W2054690527,26
W1917514719,26
W2099849803,26
W2337542741,26
W1979745374,26
W6674642050,26
W3124915523,26
W2000820335,26
W2966105833,26
W1976275564,26
W1968639916,26
W2138937488,26
W2102495197,26
W2137231988,25
W3013942104,25
W2125553998,25
W2107090933,25
W2129487004,25
W2018165022,25
W2179908343,25
W3151002452,25
W4229079298,25
W2104615087,25
W2162209131,25
W2808867063,25
W2614520124,25
W2407327651,25
W2920277606,25
W3122669444,25
W1201749067,25
W2144065913,25
W2101045591,25
W3170531845,25
W2162944270,25
W624747968,25
W2062393093,25
W2972383937,25
W2616192098,24
W2985610084,24
W1521743399,24
W2159805452,24
W2602623443,24
W3098924975,24
W2936084556,24
W2897450480,24
W1597079531,24
W2956028902,24
W2549367001,24
W2103936907,24
W2051202685,24
W2596338535,24
W2782664530,24
W2072196589,24
W2885132852,24
W2785749246,24
W2621009304,24
W2117458500,24
W3176682987,24
W2134569055,24
W2602285313,24
W2171327980,24
W1970401165,24
W2104590203,24
W1987867263,24
W2046838990,24
W4362640801,24
W3013405220,24
W2098543936,24
W2415145613,24
W2139088999,24
W3109715853,23
W2566686317,23
W2139007023,23
W2797129769,23
W2904723606,23
W1879951614,23
W2163669837,23
W2128248134,23
W3182711571,23
W2795452920,23
W229539680,23
W2154199732,23
W1504207457,23
W2758254055,23
W2067375381,23
W2126074718,23
W2164081166,23
W2006479099,23
W2130302151,23
W2111280152,23
W2073107253,23
W2163269294,23
W4211198432,23
W2991303002,23
W2146328835,23
W2023989186,22
W2139122730,22
W4244599339,22
W2061738125,22
W4229335008,22
W2756449730,22
W2194955989,22
W2733011392,22
W2105747399,22
W2027548245,22
W2140986327,22
W2059376866,22
W2162439524,22
W2286123824,22
W2104112465,22
W2113662455,22
W2143635718,22
W2170100840,22
W1714723801,22
W2793161995,22
W2124758339,22
W2092553616,22
W2031622010,22
W2159589632,22
W2157243936,22
W2150974793,22
W1982830265,22
W6676397217,22
W1969119654,22
W2724951808,22
W2475895157,22
W2149003731,22
W2127302215,22
W2158737809,22
W4220845119,22
W2898471392,22
W2148456082,22
W2897881613,22
W3137750772,22
W2171889289,22
W4288400169,22
W2043861297,22
W1904896664,22
W2139726867,22
W4206258442,22
W1538200198,22
W2140433287,22
W2130404399,22
W3089893416,21
W2914494683,21
W2168799770,21
W2605428344,21
W99295644,21
W2166815587,21
W2085199617,21
W1774562913,21
W1557506292,21
W1972715650,21
W1798571521,21
W2149616848,21
W2129697894,21
W1985366327,21
W3086915092,21
W1913544977,21
W2531734542,21
W1914972138,21
W2146891197,21
W2145442411,21
W2166428722,21
W2172189721,21
W2121570040,21
W3125601827,21
W2056668980,21
W1576853008,21
W1992807835,21
W2359957288,21
W2084498671,21
W2080297739,21
W2118806012,21
W1991971124,21
W2130348380,21
W2918463797,21
W2916589975,21
W2805870372,21
W2121929370,21
W2128833673,21
W2605793149,21
W2756654780,21
W2801332385,21
W2159264195,21
W1797846795,21
W4320288076,21
W2169966626,21
W1966910378,21
W2154958688,21
W1976770755,21
W1836020176,21
W2106780373,21
W1991473824,21
W2154208140,21
W2804103463,21
W2013462529,20
W2136762111,20
W2154310644,20
W2971334116,20
W2519013430,20
W2028656868,20
W2476715990,20
W2805032000,20
W3093623985,20
W4206075704,20
W39827011,20
W2115801153,20
W2077391681,20
W2173404461,20
W3122115800,20
W2072063065,20
W2336295655,20
W2164814804,20
W4317543142,20
W4383293709,20
W2003000165,20
W2598319394,20
W3122312879,20
W4224108448,20
W1975575752,20
W2000428533,20
W2971782522,20
W318596442,20
W2891701191,20
W2009288217,20
W2128990265,20
W1978116696,20
W2080378479,20
W1975014063,20
W1994549611,20
W2056123551,20
W40574678,20
W3119076279,20
W1985188225,20
W3161985084,20
W2115585637,20
W2029008402,20
W3012441154,20
W3121610914,20
W4385662888,20
W2025521903,20
W3157791538,20
W2148018380,19
W2149966302,19
W8757186,19
W4285077465,19
W2148589458,19
W2618659287,19
W2146419731,19
W2942215430,19
W1968364035,19
W2029108737,19
W2794150731,19
W2111563482,19
W3000665504,19
W2149534555,19
W2142266278,19
W1500933664,19
W2745187776,19
W3121251166,19
W4248871729,19
W1978762554,19
W3130690995,19
W2120108463,19
W3003707546,19
W2805505463,19
W3111880970,19
W566149836,19
W4382237540,19
W2040776619,19
W2052813448,19
W2145959030,19
W2608473798,19
W3005372782,19
W2786117346,19
W2792376555,19
W2155757507,19
W2104586338,19
W2106385890,19
W2096588186,19
W1522395368,19
W2215111820,19
W2174876092,19
W3120106258,19
W2025742919,19
W3158276293,19
W2153951272,19
W2290658790,19
W2156109180,19
W2149759828,19
W2608480217,19
W2060761733,19
W2256120588,18
W1991379132,18
W2782185527,18
W2774714536,18
W2155414841,18
W4200583207,18
W3045053563,18
W70109115,18
W2211725992,18
W4292219955,18
W2960240509,18
W2035439810,18
W2770047670,18
W2091652854,18
W2105457488,18
W3047870957,18
W2147900160,18
W4310222645,18
W2074059565,18
W2954307162,18
W2198846339,18
W3136174473,18
W2773048374,18
W2343559692,18
W2972331992,18
W2617834844,18
W3110712347,18
W2527316544,18
W3215848504,18
W3005770889,18
W2339262930,18
W2062749423,18
W2471018567,18
W2783875468,18
W2080500817,18
W2585057317,18
W3122274823,18
W2461509061,18
W2231804013,18
W2150620050,18
W2321654804,18
W2125815057,17
W2152308396,17
W2014407480,17
W2125857025,17
W4247090362,17
W2126437652,17
W2076659595,17
W2109934825,17
W2009214075,17
W3125712239,17
W1975550520,17
W3160151102,17
W2100111087,17
W2142126032,17
W1578327312,17
W1986107854,17
W1979559150,17
W2795609817,17
W2977560806,17
W2156504984,17
W2515812925,17
W2011817637,17
W2148140066,17
W2144439572,17
W2145099222,17
W4280534534,17
W2169315585,17
W3165496212,17
W2002759467,17
W1834943088,17
W3004841834,17
W2601832851,17
W1970926607,17
W1975439124,17
W2133881081,17
W2790454730,17
W1975398584,17
W1508461984,17
W3081146717,17
W1645164932,17
W1578581679,17
W2166259027,17
W2076293271,17
W3177623847,17
W2090034152,17
W2886520620,17
W4244527176,17
W2062810281,17
W1995889995,17
W3214945580,17
W2079628800,17
W2811507058,17
W2092598412,17
W86645374,17
W2121034459,17
W2075527122,17
W2765740714,17
W1487760132,17
W2754799758,17
W2012024804,17
W2128724322,16
W2108150050,16
W3081692353,16
W2091187922,16
W2104625244,16
W1972171060,16
W2995833317,16
W2122623329,16
W2091711197,16
W3036674917,16
W2105774435,16
W2471812698,16
W2587040090,16
W6698804083,16
W2156446261,16
W4210275673,16
W2136958407,16
W2183683065,16
W2912549667,16
W2611637852,16
W2044894402,16
W2151482750,16
W2133421922,16
W2336186317,16
W2472851771,16
W3022274619,16
W650632371,16
W3121264553,16
W2337732241,16
W2521603034,16
W2800479309,16
W2009996099,16
W2311987185,16
W3020859334,16
W2165099433,16
W3017331013,16
W2546600682,16
W2249314550,16
W2942368047,16
W3151465182,16
W2183488396,16
W2153342071,16
W2884810548,16
W1966745785,16
W2081423141,16
W1893993862,16
W2118541429,16
W2294603341,16
W2611860875,16
W2996883435,16
W2896467115,16
W2068948979,16
W1945899390,16
W2962027811,16
W2064092222,16
W2153526232,16
W2127163030,16
W2096015732,16
W2934990189,16
W2880576664,16
W2159629435,16
W2520644434,16
W2133416497,16
W2726739027,16
W2934562666,15
W3106528666,15
W1979779539,15
W2079431107,15
W2806554384,15
W2750969357,15
W2038848827,15
W2047196134,15
W2157481220,15
W2060579913,15
W1974206274,15
W1585158207,15
W2278961180,15
W2111767427,15
W592980815,15
W3011865677,15
W2094873822,15
W2017924912,15
W2110171650,15
W2534758525,15
W2135277023,15
W2138664283,15
W4224259757,15
W2138419200,15
W1984102575,15
W1997660179,15
W2138685100,15
W2149098154,15
W2075551326,15
W6635523610,15
W2134026240,15
W1500606220,15
W2964896111,15
W2007565970,15
W2311860458,15
W2800094334,15
W2058869603,15
W1978704354,15
W2921942266,15
W1972995831,15
W2157679390,15
W570038204,15
W2794960288,15
W4386227275,15
W4251119890,15
W1878689483,15
W2262736290,15
W2591003523,15
W3122876956,15
W1730782591,15
W2333083026,15
W2153178742,15
W2274773620,15
W1488587137,15
W2031641351,15
W1590621261,15
W2096684396,15
W2025130786,15
W2128089623,15
W2788322008,15
W2062801263,15
W2159669956,15
W3215645239,15
W4299689471,15
W2606664208,15
W4214931647,15
W2607038984,15
W1987638209,15
W1903244327,15
W2465282122,15
W1522118325,15
W3108288403,15
W2170868743,15
W1595046345,15
W2136755691,15
W2028018920,14
W2110603299,14
W1985140318,14
W59741413,14
W2751639243,14
W1973792105,14
W2128086948,14
W4380863748,14
W4284706547,14
W2760480946,14
W4255706522,14
W2165360302,14
W2782073483,14
W2045414851,14
W3008195158,14
W23320856,14
W2130145981,14
W2562202572,14
W2218430854,14
W3138725132,14
W225729213,14
W4353014967,14
W3124089137,14
W3158832075,14
W2096972424,14
W2109853056,14
W1519828626,14
W2046344191,14
W2947077894,14
W2121905454,14
W4280525184,14
W3014566028,14
W2020940699,14
W2048408623,14
W2203033021,14
W2092054331,14
W2149727681,14
W2102807580,14
W2340672215,14
W4386759556,14
W3155908596,14
W2161314259,14
W2119853104,14
W2121077246,14
W2625288976,14
W1528641501,14
W3048709494,14
W2609963187,14
W2105381422,14
W2049451402,14
W6677310835,14
W3159565877,14
W2028426787,14
W4283808027,14
W2078156623,14
W4226043484,14
W2505099696,14
W2947667858,14
W3118615836,14
W4392145873,14
W22357514,14
W117340746,14
W2124621020,14
W2054658861,14
W2914674587,14
W2731642545,14
W2789475861,14
W2171001078,14
W2133102473,14
W2921473255,14
W1983074746,14
W2133469585,14
W2090682017,14
W2740353780,14
W2113726274,14
W3095444997,14
W2099697766,14
W2064955526,14
W2038438259,14
W2171416943,14
W2129499530,14
W2894234659,14
W2787359055,14
W2795947510,14
W2020935088,14
W2081142866,14
W4285237232,14
W2220068833,14
W1995410581,14
W3123420286,14
W2087984707,14
W2516105881,14
W2060347839,14
W2738833087,14
W2766048625,13
W4292155355,13
W2969455288,13
W3144040573,13
W3020281166,13
W1966643791,13
W2993636376,13
W2412601016,13
W2105290135,13
W4311506835,13
W2589973700,13
W2159243235,13
W4386746106,13
W2003399068,13
W3163999281,13
W2941926021,13
W2118836230,13
W1956782950,13
W2734373255,13
W2894005935,13
W6681874190,13
W3123389186,13
W2126739913,13
W2143430754,13
W2335000809,13
W2111320175,13
W2888858351,13
W2221926516,13
W2043449557,13
W2901486299,13
W2266896491,13
W2100997311,13
W1498011419,13
W1986820232,13
W1484300399,13
W4220899717,13
W2095594357,13
W2125151799,13
W2791796883,13
W2938541072,13
W3030359336,13
W2118800444,13
W3122078042,13
W2003044746,13
W2164872775,13
W4292440792,13
W2168899978,13
W2144395095,13
W2791534840,13
W2030799990,13
W4293354603,13
W2107999364,13
W3021062337,13
W2117806352,13
W2075950485,13
W2120370613,13
W2045512163,13
W316791950,13
W2130805214,13
W3128294410,13
W2883164366,13
W4210822021,13
W2118976535,13
W1531138443,13
W2156756279,13
W2095706833,13
W2911528143,13
W3179342822,13
W2170142774,13
W4321442163,13
W3145451057,13
W1965609301,13
W2967459475,13
W2136893785,13
W1805814889,13
W2955455290,13
W2181875152,13
W2149831428,13
W4292508150,13
W3042280389,13
W1603545696,13
W3184477805,13
W3009983698,13
W1949474621,13
W1995813713,13
W3011691683,13
W2887362152,13
W4280561378,13
W2171274229,13
W1865198042,13
W2996213823,13
W1966084090,13
W2802792428,13
W3172295726,13
W6683422347,13
W2528660959,13
W2940164145,13
W4385484360,13
W2119915169,13
W1488837473,13
W2265514836,13
W2166680167,13
W2898023264,13
W2160932092,13
W2797351793,13
W2559008866,13
W1994387878,13
W1581042275,13
W2569146336,13
W2999175786,13
W2111454379,13
W2528602003,13
W2596463461,13
W2070115907,13
W2044392985,12
W2141505973,12
W6748635939,12
W2114695710,12
W2029676503,12
W1986248368,12
W2990543113,12
W3012714359,12
W2101313387,12
W2597042743,12
W2103638685,12
W3048237873,12
W3142800273,12
W2067458321,12
W2057520563,12
W4310959042,12
W2296650754,12
W2166831952,12
W2808823227,12
W3088311118,12
W2957958554,12
W3019893597,12
W2725322002,12
W2085028749,12
W3011712238,12
W1788430703,12
W2768653505,12
W1976666127,12
W1565006496,12
W3122178585,12
W2796136442,12
W3209980579,12
W2108626767,12
W2744409800,12
W2789892463,12
W4300143307,12
W2153535381,12
W2211773055,12
W2202269152,12
W2164178637,12
W4311993301,12
W4226506629,12
W1988496256,12
W4304092412,12
W2899507951,12
W1490708694,12
W2212946077,12
W4361016261,12
W2098632310,12
W1976701881,12
W1974617460,12
W2139153837,12
W2427638540,12
W2807464039,12
W3156854407,12
W1560894790,12
W2186752675,12
W2581455737,12
W2121776806,12
W2046363656,12
W2572650656,12
W2904188226,12
W2175954218,12
W2113932133,12
W625016096,12
W2124186414,12
W2151196985,12
W2117433142,12
W4307846579,12
W4223493019,12
W1901106024,12
W2064188751,12
W2092744458,12
W2008211577,12
W2171667688,12
W2124197677,12
W4225774149,12
W1789106803,12
W2044395152,12
W2165208658,12
W2824531766,12
W2127397653,12
W2104827149,12
W3087715450,12
W4319297485,12
W2438322500,12
W2124487294,12
W2063605216,12
W2070541816,12
W3194433701,12
W2099833367,12
W3124276655,12
W1869181570,12
W2148526596,12
W2158803414,12
W2947380608,12
W2914680591,12
W2385106589,12
W2092834803,12
W2081706853,12
W2054265061,12
W1964468437,12
W4256578005,12
W2174688447,12
W4200368740,12
W2154130911,12
W79948616,12
W2116580380,12
W6675070202,12
W4294215472,12
W1486773356,12
W1579760457,12
W2128850858,11
W2897443860,11
W2992447135,11
W2795757601,11
W3135733685,11
W3123078933,11
W1594294799,11
W3135715434,11
W2466781893,11
W1548368641,11
W4295292867,11
W2131483437,11
W2028826510,11
W2008944100,11
W2909461113,11
W2051345813,11
W3173149923,11
W2037927976,11
W2392206694,11
W2913331068,11
W2917623223,11
W3173479668,11
W2095760344,11
W645599348,11
W2071207241,11
W2808621406,11
W1567833720,11
W2119731464,11
W2156098321,11
W2797940964,11
W1499947119,11
W2594075087,11
W2316062949,11
W2262217868,11
W2129029755,11
W2093512640,11
W2605983154,11
W1506964279,11
W2805196360,11
W2122047846,11
W2971406182,11
W2759696865,11
W2966845150,11
W2043715002,11
W1541807959,11
W6747652657,11
W2124172110,11
W2544054306,11
W2895984367,11
W2553993186,11
W2154734315,11
W3122943391,11
W2613534620,11
W1840218356,11
W1589275176,11
W2973770764,11
W2917059200,11
W2057835492,11
W1582933274,11
W2070288000,11
W2894651396,11
W2123721762,11
W4321004086,11
W2740474871,11
W2108225351,11
W2078169015,11
W2002920516,11
W4214620722,11
W4362667555,11
W4323665961,11
W4306898460,11
W2214685914,11
W2919114815,11
W2755579718,11
W4291020284,11
W2134203589,11
W2161339587,11
W1973948212,11
W2011705640,11
W2165674970,11
W3048446315,11
W2851515025,11
W2886924394,11
W2143814355,11
W2958195859,11
W2108556356,11
W2624267132,11
W3139890683,11
W2037318494,11
W2337265010,11
W3085492512,11
W2054615669,11
W2846058884,11
W2135376674,11
W2022586162,11
W2995215166,11
W2058717814,11
W2068166689,11
W2168414695,11
W4232944805,11
W3140370190,11
W2041451296,11
W3125419750,11
W4252277488,11
W1540897798,11
W2027206957,11
W1999290554,11
W2140147013,11
W2904305928,11
W2044228739,11
W6727544639,11
W1995416328,11
W1929141563,11
W2128938742,11
W4394959422,11
W2152787247,11
W2146368075,11
W1893938325,11
W2117610596,11
W1964540119,11
W2935995840,11
W2624708287,11
W3173514474,11
W2153314884,11
W2010634437,11
W3107964117,11
W1972086559,11
W2185874833,11
W2734052717,11
W4253170022,11
W2140069888,11
W3126658660,11
W2751884637,11
W1990734297,11
W3023885219,11
W2999176455,11
W4245552571,11
W2344497510,11
W2621002388,11
W2153646932,11
W2496246347,11
W2996736258,11
W2989775795,11
W2144065373,11
W3195580287,11
W2889713071,11
W3032621235,11
W1502374245,11
W2779399899,10
W2470755097,10
W2556838780,10
W2782442346,10
W2160009727,10
W6669636539,10
W2100491888,10
W2058689460,10
W2015041900,10
W2785647286,10
W1981354568,10
W2103025907,10
W3124840394,10
W2012346998,10
W2781894283,10
W1564965187,10
W3121837631,10
W2580242591,10
W2015379124,10
W6678964805,10
W1668955000,10
W2124142618,10
W2601384590,10
W3121893250,10
W6629841188,10
W2009671183,10
W1720007412,10
W2285966647,10
W4317433948,10
W2397292131,10
W2390008750,10
W2076265468,10
W2168497665,10
W2807392465,10
W2337449659,10
W2127835884,10
W2164539492,10
W4225376792,10
W3214833809,10
W2889493743,10
W1564575579,10
W2028233728,10
W2135082193,10
W2090345601,10
W2163850587,10
W1526059148,10
W2317819857,10
W3197240520,10
W1995038861,10
W1689771227,10
W2225176856,10
W2142113972,10
W2097367275,10
W2609049347,10
W2559471624,10
W2528788334,10
W1982971874,10
W2757624671,10
W4300817962,10
W2029076931,10
W2110997380,10
W2783543776,10
W2288915161,10
W2000787009,10
W2073572036,10
W1489164952,10
W2138982411,10
W2588659678,10
W2129786971,10
W1974221744,10
W2034421566,10
W2990296912,10
W2065936186,10
W2035468404,10
W1983340699,10
W2097950056,10
W2136411806,10
W2131309922,10
W1532364165,10
W1752782313,10
W3195443028,10
W3123192902,10
W2400013419,10
W4401516183,10
W3125187143,10
W4282834624,10
W91788314,10
W2270205814,10
W2535490604,10
W2155644070,10
W4224230739,10
W2226975094,10
W2765087592,10
W2586978861,10
W2481396062,10
W156958478,10
W2093446488,10
W3023615305,10
W3128646645,10
W2889988734,10
W104219978,10
W2496675928,10
W2151895360,10
W2067543398,10
W2115059495,10
W4385576162,10
W2891423662,10
W3123974754,10
W4206424406,10
W2942775446,10
W3122816604,10
W2334328322,10
W4235678817,10
W2065971689,10
W2152666807,10
W2587290811,10
W2016008891,10
W3022196478,10
W2960231910,10
W3152685575,10
W2343238779,10
W6684404381,10
W2741172500,10
W3113768752,10
W2989956389,10
W2898891055,10
W2164090891,10
W2403732203,10
W3036642752,10
W2142225512,10
W2107112569,10
W2067984141,10
W2467041377,10
W2937643061,10
W2891378911,10
W2903019509,10
W4400948341,10
W2505689751,10
W2117481645,10
W1990196695,10
W2050809849,10
W973833294,10
W2150680980,10
W1831571067,10
W2743861908,10
W2607847662,10
W2088104295,10
W2023743327,10
W2587723691,10
W2126006162,10
W1565893470,10
W2054513190,10
W2006125272,10
W2790335437,10
W2807632235,10
W2344596143,10
W3125728329,10
W3153316708,10
W2999274207,10
W2795234188,10
W2900905493,10
W2793293175,10
W2063681798,10
W2751343588,10
W2148410071,10
W2115938495,10
W2065519703,10
W2583424591,10
W3092575285,10
W3124380383,10
W2113461266,10
W1606578283,10
W2900547728,10
W2044007380,10
W2089096037,10
W2102905683,10
W4391253669,10
W2587739600,10
W4302283738,10
W2057020415,10
W2020061452,10
W4241532663,10
W2902824949,10
W2115644050,10
W2782126971,10
W2112267124,10
W2804276810,10
W1601890345,10
W2181447890,10
W1507549819,10
W2133582787,10
W2790886963,10
W2184296920,9
W3010411908,9
W1992624063,9
W2607171982,9
W1601517327,9
W2006282638,9
W1927412365,9
W3111604709,9
W2467750347,9
W1527264370,9
W2013489503,9
W1998900477,9
W4367838955,9
W2254255467,9
W1845342086,9
W2421983366,9
W4328049572,9
W1956791092,9
W2770518721,9
W2127365334,9
W2060832211,9
W2065422275,9
W2654438086,9
W2119772757,9
W2158301499,9
W6990422071,9
W3080219561,9
W2117513178,9
W3087776717,9
W3147428377,9
W2136002985,9
W1532011672,9
W3125782084,9
W2773354292,9
W3111391632,9
W1686571287,9
W2276780831,9
W4211198361,9
W2092354705,9
W3189448282,9
W2046654605,9
W2291993607,9
W1970933339,9
W1989477135,9
W2083232952,9
W2751259005,9
W1572320709,9
W2508070799,9
W1595267491,9
W2167571715,9
W3036357894,9
W2030184703,9
W2798142707,9
W6713749975,9
W1983707297,9
W2155749250,9
W1972781974,9
W1983316453,9
W2901409012,9
W2150431204,9
W3206476513,9
W176602216,9
W1998519178,9
W2094171166,9
W2507907290,9
W1993699110,9
W4404692726,9
W4223518859,9
W4320856262,9
W2735883447,9
W2106545047,9
W2809442566,9
W2036721462,9
W2550464690,9
W2253274572,9
W3142878510,9
W3013808022,9
W2145362657,9
W3047365713,9
W4210300298,9
W2018619944,9
W1565914121,9
W3031824665,9
W4281649576,9
W6683669528,9
W2126876702,9
W4313208553,9
W2148607508,9
W2756082167,9
W2901621121,9
W2011412723,9
W3125151972,9
W2008639564,9
W3100359396,9
W3024605660,9
W144013203,9
W3002762467,9
W2942290845,9
W1982028990,9
W2487248097,9
W2123256658,9
W3087037258,9
W2122328334,9
W2096307308,9
W4405349345,9
W1909119024,9
W2051124167,9
W6630120334,9
W6683703738,9
W4281836967,9
W1769466830,9
W2034906941,9
W3117758835,9
W651665359,9
W1556808170,9
W2595517553,9
W2808754183,9
W2084154288,9
W2117890106,9
W2961472528,9
W2970582834,9
W2109745229,9
W2124861520,9
W4379057602,9
W3124484153,9
W2160059989,9
W1501069528,9
W2118239967,9
W2070631858,9
W2966794115,9
W2166974667,9
W2127406033,9
W2529525825,9
W2080061756,9
W2418112180,9
W2043551598,9
W1492127447,9
W2059810025,9
W4389334736,9
W2110613307,9
W2021180317,9
W2786765055,9
W2100775497,9
W2042025917,9
W2345768382,9
W2132322248,9
W1533079942,9
W2079533829,9
W2107248229,9
W2095281104,9
W2182422038,9
W3197645637,9
W2145362008,9
W2102738074,9
W3121928109,9
W2133357558,9
W2154986790,9
W3159864805,9
W4234197187,9
W115394847,9
W2337316715,9
W2190328026,9
W4256190137,9
W2896519275,9
W2043340392,9
W2940757498,9
W2470373670,9
W2150919686,9
W1988774117,9
W2366306352,9
W2413701092,9
W2008344801,9
W2287685961,9
W2041616439,9
W1994974610,9
W2121488352,9
W2314551533,9
W2899731980,9
W2164418618,9
W4376956843,9
W12496815,9
W6639147236,9
W2170473632,9
W4283391445,9
W4206917099,9
W2558725357,9
W2085602318,9
W2129760625,9
W1994710998,9
W1984010220,9
W2883077330,9
W4310937573,9
W2091955131,9
W1500855253,9
W2055111965,9
W2883236408,9
W2090528866,9
W3121164381,9
W2734857491,9
W2025486136,9
W2786220370,9
W2911369282,9
W2111819007,9
W1983122360,9
W2565472073,9
W2395870396,9
W2893803920,9
W2073981548,9
W2116739463,9
W1932783686,9
W2110191864,9
W2898034962,9
W2059588030,9
W4311985959,9
W2569995764,9
W4250639036,9
W1975415001,9
W2005813574,9
W2060682973,9
W2807127125,9
W2053582786,9
W2095704227,9
W1595743797,9
W2577227262,9
W3121668358,9
W2107691889,9
W2770287703,9
W2123790815,9
W640649785,9
W1603821258,9
W2080898094,9
W2473017367,8
W2140073186,8
W2138555620,8
W2063888544,8
W2769932463,8
W2103882226,8
W2021273418,8
W3000763809,8
W1999027284,8
W1757889649,8
W4229445066,8
W2066735350,8
W2153943092,8
W3157646891,8
W2144033151,8
W2073179297,8
W3180285398,8
W1891360074,8
W2063903057,8
W2789214588,8
W1990448816,8
W4293493670,8
W3013171296,8
W1966393658,8
W2129660502,8
W3132320424,8
W2047264958,8
W1988601047,8
W3121385028,8
W4211233301,8
W3193628762,8
W2889100481,8
W2805038985,8
W4399938116,8
W1761293053,8
W2002200094,8
W2094400530,8
W2082933321,8
W2592635275,8
W3025814963,8
W2770699973,8
W6679378575,8
W2994675196,8
W2149987671,8
W1987313755,8
W2140057399,8
W2588087522,8
W2029235014,8
W2116286095,8
W2139322704,8
W2994611624,8
W2905995088,8
W2078939707,8
W2074971813,8
W2337391392,8
W2109355729,8
W3038445392,8
W2779061824,8
W2220382137,8
W3176978467,8
W2020967272,8
W1971624858,8
W1550947577,8
W2786106121,8
W4308997007,8
W2040167149,8
W2915900317,8
W2406573181,8
W1499162521,8
W3192811555,8
W3117914736,8
W2280402124,8
W3122294194,8
W2888948874,8
W2461020770,8
W3123300544,8
W4206237600,8
W3147896716,8
W1981677892,8
W2141245249,8
W2800395594,8
W2038696934,8
W2086479170,8
W1528074835,8
W4212918543,8
W2981955973,8
W2168286190,8
W4241653265,8
W2002462121,8
W2023813779,8
W2054881387,8
W1850383037,8
W1984570384,8
W2521655410,8
W3191419472,8
W2604944796,8
W3144231438,8
W3217445700,8
W2912791792,8
W3125357717,8
W4399358436,8
W3209501899,8
W93768118,8
W4206386816,8
W2335434101,8
W1971593267,8
W2346405048,8
W3121147769,8
W1977897138,8
W2119830072,8
W6634527348,8
W2527562493,8
W1589013897,8
W2560133731,8
W3124097040,8
W2464898865,8
W4361266799,8
W2005160669,8
W2118998557,8
W2142495043,8
W6681555836,8
W2181308700,8
W2055620730,8
W2020155291,8
W1863427456,8
W2806351845,8
W4299696569,8
W2480597082,8
W1970010064,8
W2972311945,8
W2013395748,8
W3093697376,8
W4210418521,8
W2119273040,8
W1569658108,8
W2301283074,8
W2125065061,8
W4237277138,8
W4385850886,8
W2887882212,8
W2093531875,8
W2789049942,8
W2109198904,8
W2984978165,8
W6991208225,8
W2074019375,8
W2966759034,8
W2037756818,8
W2065520901,8
W2132529201,8
W2123958777,8
W2060004426,8
W162093207,8
W4353082272,8
W6698662053,8
W3009960619,8
W1999046978,8
W1849690047,8
W1951008065,8
W2110836285,8
W2591940845,8
W1945274993,8
W2529375427,8
W1609728510,8
W1968426535,8
W2096577627,8
W2771016647,8
W2086209485,8
W1984524168,8
W2078069108,8
W2114846820,8
W3082118065,8
W2132917208,8
W2903817636,8
W2585886059,8
W2782594514,8
W2126237106,8
W4239030646,8
W2912084882,8
W2133104890,8
W2991792334,8
W2072664355,8
W2050298894,8
W3014230497,8
W1588825727,8
W2952257537,8
W207586860,8
W1533102664,8
W1975994995,8
W2042206251,8
W633389390,8
W4249548800,8
W2615830687,8
W3019273456,8
W1976867259,8
W2107415047,8
W2017683947,8
W4307441278,8
W588454197,8
W2162710091,8
W2916762122,8
W2188320271,8
W2300769307,8
W2475588596,8
W2461101821,8
W2244539356,8
W2616977035,8
W4289544398,8
W2080196634,8
W2970941491,8
W4400789899,8
W6630189722,8
W4239611742,8
W2123778824,8
W4304593256,8
W1531342504,8
W2624107331,8
W2551133254,8
W1967370739,8
W1992198473,8
W3093685799,8
W2796261715,8
W1983920315,8
W2782129131,8
W2047466529,8
W2089299295,8
W2729724181,8
W2058287327,8
W2606118915,8
W2120006888,8
W2188342533,8
W2316466037,8
W2758132205,8
W1967208830,8
W4315620167,8
W2135774829,8
W2036193982,8
W1844773870,8
W2159529292,8
W4293194434,8
W4407097990,8
W4244908935,8
W4229737049,8
W2345631887,8
W1974858978,8
W1592330435,8
W2035697834,8
W2158140382,8
W2996459169,8
W2137305855,8
W2082169452,8
W2151176815,8
W2245271829,8
W3160357317,8
W4229454739,8
W2108764424,8
W3000511646,8
W1508573028,8
W2112369694,8
W2551708045,8
W2027088814,8
W4220977706,8
W2996733056,8
W2119174662,8
W2084074551,8
W3113579526,8
W3124564277,8
W2081954815,8
W1955587787,8
W2048435626,8
W2537735821,8
W3002667129,8
W4200054871,8
W2520441209,8
W2986442453,8
W4285033909,8
W2065963041,8
W4392852028,8
W2914220996,8
W2969568427,8
W4231937663,7
W2891221612,7
W4396763717,7
W2904987247,7
W2054170447,7
W2899104309,7
W6684060807,7
W2119060265,7
W2974643734,7
W2171908607,7
W2071623284,7
W2152259239,7
W2510403921,7
W2039810561,7
W1499444096,7
W2034077123,7
W4319588447,7
W4200281899,7
W2147631211,7
W1988085479,7
W2530108291,7
W3124228313,7
W2006124462,7
W1931476478,7
W2021365718,7
W4377287101,7
W4250229182,7
W3170255772,7
W1505999675,7
W168577429,7
W1990064061,7
W2614027087,7
W2034520879,7
W2006523621,7
W2915581508,7
W2417192822,7
W246286872,7
W2089944651,7
W2090274609,7
W1996825188,7
W2089477946,7
W2117997327,7
W3198155308,7
W2766014025,7
W3122210260,7
W2082629440,7
W2952076533,7
W3123546330,7
W2129649856,7
W4380787276,7
W3049048617,7
W2886783112,7
W2082015983,7
W1588965071,7
W2987471274,7
W2287811611,7
W2086592700,7
W3124085893,7
W1521305908,7
W3094256785,7
W2908930479,7
W2024117857,7
W3122678785,7
W2130938947,7
W2923102567,7
W2107116940,7
W4248854933,7
W2099805722,7
W1867872391,7
W4383898405,7
W2056082439,7
W3125635176,7
W2993364502,7
W2475086501,7
W4254363066,7
W2125540464,7
W2063044909,7
W2729517813,7
W2794035615,7
W3216570118,7
W1855683224,7
W2044355963,7
W4309264785,7
W1530592744,7
W3121572168,7
W2104442671,7
W2189153528,7
W4280504562,7
W4288758331,7
W2992990401,7
W4387141582,7
W1987447680,7
W2146647868,7
W2097422804,7
W11730450,7
W2331393505,7
W2121824598,7
W2204462542,7
W4385246554,7
W4408827377,7
W2130071005,7
W2898728955,7
W2160677490,7
W2026712766,7
W2094993328,7
W3123534837,7
W2112233230,7
W2950693828,7
W4388125741,7
W3134966325,7
W1996006080,7
W1430820851,7
W1976016042,7
W2782874158,7
W2007851141,7
W2977062219,7
W1584853831,7
W2108991971,7
W2484550329,7
W2884933505,7
W4393302580,7
W3125496997,7
W2105186209,7
W2048792999,7
W2731511931,7
W2788073857,7
W3122842586,7
W329655859,7
W2224746885,7
W2978797280,7
W1982236033,7
W2216966544,7
W2091912550,7
W2409405461,7
W1922404503,7
W24519434,7
W2020222317,7
W2089751710,7
W4288076310,7
W4389575008,7
W1503758158,7
W2794486548,7
W2033095858,7
W2122848836,7
W2034145776,7
W2004167497,7
W3196621779,7
W3011557132,7
W2554416008,7
W647259760,7
W2200337392,7
W1934380450,7
W2795671690,7
W2783732199,7
W2150504822,7
W2056284807,7
W1994870981,7
W2085190329,7
W2033048793,7
W3216623474,7
W2794169991,7
W2113041460,7
W2168161239,7
W3011010695,7
W4282825018,7
W2056486802,7
W4255411484,7
W2122343298,7
W2113336168,7
W2205941901,7
W2129747679,7
W4300550956,7
W4292461699,7
W2755046274,7
W4230644069,7
W2069213946,7
W2125795648,7
W1995361834,7
W2884311606,7
W2830990838,7
W2768131485,7
W1988050849,7
W2259141974,7
W3102871994,7
W2072932445,7
W2292885069,7
W2044795425,7
W3196760489,7
W2046299851,7
W2245030377,7
W2921809915,7
W2969330024,7
W2606697516,7
W2957657986,7
W2141350496,7
W2894834931,7
W2954630718,7
W1970012292,7
W2130485456,7
W3143082526,7
W2119501126,7
W2159936838,7
W2268578454,7
W1964331679,7
W1529991977,7
W2003728556,7
W2110636701,7
W2099300432,7
W1557459633,7
W4248253646,7
W4323317110,7
W1975623572,7
W6674744580,7
W2758217916,7
W1535803599,7
W4252154825,7
W3121838515,7
W2901228496,7
W2564780561,7
W2102006682,7
W2121722424,7
W2110132657,7
W375319111,7
W2162871156,7
W2909918991,7
W1980241783,7
W2132758006,7
W2133674686,7
W2981640539,7
W2124338108,7
W2915128921,7
W2907240448,7
W1947198863,7
W3142796800,7
W2185440374,7
W3125581775,7
W3200644889,7
W1515689000,7
W4298413470,7
W3125000092,7
W4285085388,7
W2009147385,7
W2136893259,7
W3119863583,7
W796710145,7
W2576809816,7
W2018661294,7
W2970122682,7
W1986556976,7
W2791534981,7
W2018541897,7
W7073634739,7
W1563718244,7
W3125714459,7
W2551952376,7
W3045969145,7
W2156167717,7
W2943699614,7
W1493100476,7
W1550812296,7
W2914328976,7
W3024555454,7
W2140520317,7
W2623252536,7
W2188736442,7
W1977432798,7
W2241579893,7
W4321600290,7
W1544133109,7
W2147166564,7
W2559016195,7
W2427183195,7
W2911501071,7
W2205139816,7
W2096900823,7
W3012549622,7
W2267668190,7
W3036846858,7
W4385954115,7
W1999891347,7
W2154074623,7
W2131833538,7
W2273351902,7
W3164301406,7
W2470368371,7
W2572551458,7
W2072703138,7
W3132848742,7
W2161957841,7
W2328831975,7
W2093274439,7
W2158185581,7
W2143159891,7
W2162049040,7
W2164277545,7
W1590922248,7
W2151153324,7
W2895891826,7
W4294116629,7
W2055717230,7
W2163987497,7
W2899460807,7
W2520995680,7
W2407067733,7
W2887127084,7
W2104413408,7
W1984343662,7
W3124919702,7
W1520449527,7
W4311707121,7
W2998651013,7
W2745265294,7
W1553376056,7
W2075744862,7
W6682329785,7
W1511395520,7
W2811182107,7
W2095088284,7
W2121785731,7
W2765173896,7
W1587141723,7
W65839816,7
W4220905636,7
W265604770,7
W3123671952,7
W2155661744,7
W2971135175,7
W1812504421,7
W2807765246,7
W2171607310,7
W2106640884,7
W3109190149,7
W2043141621,7
W2078615356,7
W2897419131,7
W2884768337,7
W2101264661,7
W2969272039,7
W1824707232,7
W2057760097,7
W4382582762,7
W2142606582,6
W2898618836,6
W2530009226,6
W2612092231,6
W2519051156,6
W2108372621,6
W2129490367,6
W1969440363,6
W2198847224,6
W2141551495,6
W2536600676,6
W2037053368,6
W2767768473,6
W2012529310,6
W2116123458,6
W4385955537,6
W1987258130,6
W3129043169,6
W6941284782,6
W2754955793,6
W2127931229,6
W2131850093,6
W2524739128,6
W2135200566,6
W2134732827,6
W3194677418,6
W2089976524,6
W2939781461,6
W2032620982,6
W2787596522,6
W2325391947,6
W2767612190,6
W2230519701,6
W2017443876,6
W2052312336,6
W2899502259,6
W4200054040,6
W2034523877,6
W2103416243,6
W2914252414,6
W2037197695,6
W2341653267,6
W239959747,6
W2163988786,6
W1591458670,6
W4393947003,6
W2533222366,6
W2138752415,6
W2106698616,6
W2606439205,6
W2086855757,6
W2128153268,6
W1830571005,6
W1643268301,6
W1982972065,6
W2070460651,6
W1493825989,6
W3175852255,6
W2947403902,6
W3164270209,6
W2916388022,6
W2626795377,6
W2980723750,6
W2895495132,6
W1993791131,6
W4221011473,6
W3006506574,6
W2125971925,6
W4302310650,6
W1998096910,6
W3135210107,6
W2910105648,6
W1966183656,6
W2132048440,6
W1832395664,6
W2310111321,6
W4307630706,6
W1552870128,6
W2965234929,6
W282960372,6
W2093161076,6
W2133078988,6
W1530306231,6
W2789391403,6
W2150182604,6
W2006767515,6
W4245497361,6
W2093431685,6
W3152866043,6
W206118805,6
W2009242580,6
W2579193023,6
W2104817789,6
W2091637666,6
W2960022116,6
W2139727821,6
W2135216369,6
W2944434778,6
W1981481198,6
W4319160954,6
W2439864836,6
W1992137942,6
W2126049444,6
W2319325054,6
W2142346835,6
W3132507003,6
W2529846601,6
W2158395844,6
W2062939907,6
W2795134488,6
W2052763196,6
W2000606413,6
W2105056830,6
W1982682233,6
W1993750439,6
W2594895769,6
W2052729098,6
W3026049681,6
W2776628242,6
W2081169337,6
W2152137519,6
W1577001291,6
W2149902237,6
W6603232521,6
W2015368529,6
W2044641365,6
W2330367250,6
W2187322879,6
W2167295538,6
W2915796103,6
W2980643559,6
W92932051,6
W2469844020,6
W2970148302,6
W2143926494,6
W4281787634,6
W2118668392,6
W2972306594,6
W2068470820,6
W2156033040,6
W2132808418,6
W2094013842,6
W4376629781,6
W1567935772,6
W2108231714,6
W3123231910,6
W623883368,6
W2328988284,6
W2137483211,6
W2234673553,6
W6744325364,6
W3149953018,6
W349652921,6
W1557015909,6
W1993622926,6
W845931578,6
W2294311276,6
W2953295511,6
W1508951782,6
W3097934282,6
W1485422768,6
W1586574130,6
W2160380454,6
W2987127171,6
W2399057240,6
W2765673957,6
W2039759668,6
W258565995,6
W6693242026,6
W1542077694,6
W3122212644,6
W2139516184,6
W4311897415,6
W1954398414,6
W2953188013,6
W2119246448,6
W271693856,6
W2144252811,6
W1990517531,6
W2151145048,6
W4241750556,6
W2127518032,6
W2064700601,6
W2541726495,6
W1584699277,6
W2121619367,6
W245387374,6
W2147098614,6
W3092849554,6
W1978199231,6
W2913788310,6
W2120512064,6
W1603381152,6
W2619060400,6
W1993680954,6
W2133766618,6
W2409793076,6
W2109952352,6
W4387305095,6
W2016382728,6
W2792333504,6
W2883370268,6
W2017544879,6
W2806328579,6
W2131528511,6
W2739113619,6
W2081863142,6
W2160140627,6
W2018805696,6
W2538860035,6
W1805392261,6
W4284898609,6
W27369628,6
W1997184640,6
W3039765705,6
W2099540381,6
W3147537912,6
W4254795313,6
W1750398681,6
W1527029044,6
W2508688171,6
W2023103572,6
W2893263569,6
W2076452041,6
W2210664304,6
W3122087027,6
W2029835029,6
W2889784316,6
W2994296201,6
W2582358001,6
W2886063060,6
W2133874369,6
W4309889770,6
W2806865926,6
W2089986496,6
W2890094039,6
W2045980827,6
W2171779552,6
W4212862780,6
W3084070859,6
W2962704993,6
W2752690999,6
W2040351420,6
W3212985121,6
W1660023155,6
W3048480797,6
W3133475360,6
W2077424901,6
W2887181658,6
W579046960,6
W3204376044,6
W2169164586,6
W4307412788,6
W2050504515,6
W2104967743,6
W2805467408,6
W2341548742,6
W2169459420,6
W2106895400,6
W3030505316,6
W2968365436,6
W2605154842,6
W2093581339,6
W1503868531,6
W2130071279,6
W2072566127,6
W2159989752,6
W2945063603,6
W7015288398,6
W2491175939,6
W2814420259,6
W2127946191,6
W2184173351,6
W2086015900,6
W2050085682,6
W4256149435,6
W2149868499,6
W4200251139,6
W3122196827,6
W2761352405,6
W2484740225,6
W1600700168,6
W3105061883,6
W3089813054,6
W2025494518,6
W2117451963,6
W2048966144,6
W4300637174,6
W2031533523,6
W3121204977,6
W1969256191,6
W3111571135,6
W2609475251,6
W1949606258,6
W2979475740,6
W2298817963,6
W2150321931,6
W4365447785,6
W2983829119,6
W4226171086,6
W2160942661,6
W2786412850,6
W2105403738,6
W1489322328,6
W2098851040,6
W2981541464,6
W2771072182,6
W1659346504,6
W4225354195,6
W2167536650,6
W4394784184,6
W4292403427,6
W2060286783,6
W4376645888,6
W8858804,6
W2073582208,6
W2916488230,6
W2095850462,6
W2056218543,6
W2235936517,6
W4214686509,6
W2161294722,6
W2007530817,6
W6693601184,6
W2908574231,6
W3122857482,6
W2146212304,6
W2148434860,6
W2967664065,6
W4239367856,6
W2098910318,6
W2088427600,6
W2079246399,6
W3196096077,6
W4408839092,6
W1608205755,6
W4282601084,6
W3172028458,6
W2103810378,6
W2041961483,6
W3153544601,6
W2105214779,6
W2141151109,6
W2136852401,6
W2144685409,6
W2092008079,6
W2287406164,6
W2158895269,6
W3121231048,6
W2118760891,6
W3095165813,6
W767269083,6
W2165144879,6
W2092887621,6
W593945193,6
W2618787284,6
W2911866532,6
W2744144167,6
W3011638252,6
W2133229809,6
W155061528,6
W1658374729,6
W2082275490,6
W2887219841,6
W4381982854,6
W4386727117,6
W2110580946,6
W1981221260,6
W2965008065,6
W2145398389,6
W3124573166,6
W2178225550,6
W2097580026,6
W2919748437,6
W2567289819,6
W4245284058,6
W2031633344,6
W1511025874,6
W2137498122,6
W2346649803,6
W2573661171,6
W4393991112,6
W2560671064,6
W2149515105,6
W2981427202,6
W2323544912,6
W2921256638,6
W2782987071,6
W6822361731,6
W4225654678,6
W2557867537,6
W2110676524,6
W4287139764,6
W3031945804,6
W3046242269,6
W2953730040,6
W1901076204,6
W3113002221,6
W2112493098,6
W2060014344,6
W3009740131,6
W2050972497,6
W1851047064,6
W2121027772,6
W1521146436,6
W2810101634,6
W3209584569,6
W2014509720,6
W4248466459,6
W1533829011,6
W6746728466,6
W2913099441,6
W2306921815,6
W1974211587,6
W4391028856,6
W4230894813,6
W2615625354,6
W2110818436,6
W3133793837,6
W4207016748,6
W2071433494,6
W1533558196,6
W2799960699,6
W2155061462,6
W1978970320,6
W2170202749,6
W1541244464,6
W2110284118,6
W2947158824,6
W3164085767,6
W2137302511,6
W2286084181,6
W1976946049,6
W1553795439,6
W2167997731,6
W2099021791,6
W2556170423,6
W2491167017,6
W3018575221,6
W2054382611,6
W2527943966,6
W2035764429,6
W2106126675,6
W4283071305,6
W2091539754,6
W2767514784,6
W2518813348,6
W6630175603,6
W1606420731,6
W2158914335,6
W1983617101,6
W2134740567,6
W1989089335,6
W1979631982,6
W2014191769,6
W4403146378,6
W2056738644,6
W2578296164,6
W2160548523,6
W2029394297,6
W1992073638,6
W54348722,6
W2230832354,6
W1998576834,6
W1990990525,6
W2083778851,6
W2146241019,6
W40160677,5
W2165298620,5
W2151021518,5
W2099986848,5
W2132942366,5
W1680974218,5
W2108960851,5
W2995036696,5
W4205807213,5
W2135263195,5
W1923837606,5
W2123192775,5
W2012093368,5
W2977050307,5
W2474652747,5
W3093820912,5
W2034987777,5
W2483870212,5
W1871478163,5
W2138085963,5
W1552533313,5
W575105079,5
W1968059489,5
W2157803622,5
W4292616000,5
W2131423316,5
W3087921199,5
W3032190508,5
W2615120059,5
W1993824634,5
W2061770767,5
W4206313107,5
W1546906016,5
W2096517822,5
W88315684,5
W2040620604,5
W2033473905,5
W2736634391,5
W1981910462,5
W2971035958,5
W2998271292,5
W4293105746,5
W2885813384,5
W4281782840,5
W2528385426,5
W1570294693,5
W2045228041,5
W1927740095,5
W2737057597,5
W2170816415,5
W4310964491,5
W2814400728,5
W4387379834,5
W2108690384,5
W2025234210,5
W3125696585,5
W2019025561,5
W2154432893,5
W2557158774,5
W1822698786,5
W2042399399,5
W4251350170,5
W2130403189,5
W4386615604,5
W1894765127,5
W1917996271,5
W2923460855,5
W2606425219,5
W3031581647,5
W3207067960,5
W4387745715,5
W2510564757,5
W3122081299,5
W2763939588,5
W4292811746,5
W2093565393,5
W4249982554,5
W2107174583,5
W2994380763,5
W2170586907,5
W2775346473,5
W3038457898,5
W2969547319,5
W1513383661,5
W2155163959,5
W2952511986,5
W4229041392,5
W2036837685,5
W2041952738,5
W2859304212,5
W4239728164,5
W109582873,5
W4317932886,5
W2919034600,5
W4404280433,5
W2151844240,5
W2780293262,5
W2160317841,5
W2049854820,5
W2124337030,5
W2256743072,5
W2159407670,5
W2002862319,5
W1491644571,5
W2075449345,5
W4280590036,5
W1982672081,5
W3125797568,5
W2022868817,5
W2116405488,5
W4225270669,5
W2905299763,5
W3111329605,5
W3011228847,5
W2101225456,5
W2071728965,5
W1820623927,5
W1996101034,5
W6776802140,5
W1603746823,5
W2164726397,5
W2957606078,5
W2950028790,5
W3037761646,5
W183436538,5
W4386610535,5
W2069281249,5
W2327961892,5
W1497560694,5
W2039419042,5
W1540401813,5
W1543999091,5
W2495001861,5
W167885269,5
W2040385951,5
W93847407,5
W2029941278,5
W6684413658,5
W2098253849,5
W2106468670,5
W2043253621,5
W2139900098,5
W2800047540,5
W1562592376,5
W1573234480,5
W2109962437,5
W3125108970,5
W1999203981,5
W4231245586,5
W2142534753,5
W4401016844,5
W4306911247,5
W2138147157,5
W1501382229,5
W2170319657,5
W1997280927,5
W3131676311,5
W1995531623,5
W1978814274,5
W3110876272,5
W2112265786,5
W2004335582,5
W2962960925,5
W4241828028,5
W2219572534,5
W1978775682,5
W2742772916,5
W2063383490,5
W2326897918,5
W2160012572,5
W2295721414,5
W2097279232,5
W2770210747,5
W2952047893,5
W1965048719,5
W2134249800,5
W4388628759,5
W2211067104,5
W2012634482,5
W3139414457,5
W2080431926,5
W2305278139,5
W3217790098,5
W2501617688,5
W3157662731,5
W2105846236,5
W2278511767,5
W2016598657,5
W2155746302,5
W4200079120,5
W2140092196,5
W1968488874,5
W1894710098,5
W2900591118,5
W3125527455,5
W3141065972,5
W2796704470,5
W2551331422,5
W4220972347,5
W4384339409,5
W2546489167,5
W4226313598,5
W3081561528,5
W1854067457,5
W1976165307,5
W2070733203,5
W3016395862,5
W4390084273,5
W2799307962,5
W2118009762,5
W2170899200,5
W2943326191,5
W2090723924,5
W24553473,5
W2061935394,5
W3155173074,5
W2125307951,5
W2162730683,5
W2102138974,5
W4389686427,5
W1552480616,5
W3148181690,5
W2791876882,5
W1903759201,5
W562787273,5
W3089990662,5
W2068751029,5
W2171412023,5
W3092555225,5
W2789712596,5
W2121105542,5
W2115830594,5
W4323846892,5
W4238709896,5
W2156121263,5
W2171536178,5
W4402860501,5
W1754382842,5
W2124891112,5
W1578353965,5
W2581847861,5
W4362657100,5
W1965847143,5
W2098153904,5
W3122903569,5
W1542547097,5
W2184120716,5
W1507976894,5
W2113297720,5
W2893531798,5
W2038921220,5
W2081431838,5
W2281930610,5
W2090279254,5
W2046518205,5
W2788222017,5
W2031448590,5
W2601147609,5
W2085743815,5
W2991249645,5
W2121799232,5
W2147923806,5
W1560398326,5
W2996599204,5
W6632769717,5
W3146142859,5
W2782832301,5
W2158216255,5
W2030082217,5
W3012300123,5
W4292543873,5
W1983617245,5
W2917680740,5
W4283793516,5
W3013893450,5
W4241996101,5
W4251714730,5
W4229032778,5
W2288759813,5
W2598893735,5
W2042003477,5
W1982274831,5
W2161865427,5
W1563803083,5
W2060281517,5
W1546689280,5
W2136600000,5
W338154629,5
W2162544110,5
W4224272178,5
W2164870148,5
W3097769084,5
W4365479180,5
W2773588286,5
W4323804939,5
W1564305378,5
W1621060775,5
W3151912058,5
W2161864926,5
W2922443618,5
W4240969601,5
W3011559665,5
W2094275299,5
W2261662069,5
W2917244658,5
W2770055411,5
W2147014429,5
W4286699760,5
W2110714651,5
W2107678607,5
W2082423817,5
W4312080281,5
W4297387497,5
W1683810576,5
W1736209534,5
W1990974971,5
W2177208847,5
W2071741770,5
W2164128765,5
W3158519958,5
W1993018842,5
W1994899160,5
W2157930499,5
W1497865647,5
W2049335057,5
W3123034317,5
W2422913857,5
W3122880902,5
W1592576206,5
W2029332309,5
W2058744048,5
W3128645246,5
W1540457564,5
W2117446516,5
W2806559860,5
W3125931264,5
W3005545482,5
W2016997999,5
W4309840135,5
W4255049520,5
W2032363358,5
W1994877595,5
W2767953911,5
W2130480404,5
W1754682965,5
W2302729817,5
W3122948292,5
W2962280836,5
W2148400342,5
W3145081365,5
W125529093,5
W2031641636,5
W2623124580,5
W2523941570,5
W3187168532,5
W1512115233,5
W4396807953,5
W263154455,5
W4296977076,5
W4308440503,5
W2736206036,5
W4289643357,5
W2319541124,5
W4389042449,5
W2088580357,5
W2017620493,5
W3152558518,5
W2075501737,5
W2908397911,5
W4254683486,5
W2883925682,5
W3125632235,5
W2145143898,5
W3123710273,5
W3043152195,5
W4361276785,5
W2307644320,5
W4390838976,5
W3123843096,5
W2107573912,5
W2125843215,5
W2123257184,5
W2981146520,5
W2945263894,5
W3097259712,5
W2025610165,5
W2028995298,5
W2132441151,5
W3185666404,5
W2163564911,5
W2292820237,5
W2912538887,5
W567845889,5
W4235131845,5
W1579588787,5
W2183753302,5
W1481556218,5
W3010568454,5
W2899912815,5
W2070473371,5
W1969004360,5
W1617145133,5
W2050579552,5
W2504667451,5
W2992834479,5
W2158151648,5
W2077611355,5
W2037179708,5
W2170018338,5
W2928274172,5
W2026515551,5
W63832091,5
W2770706529,5
W3017365466,5
W2279699557,5
W2131149153,5
W2111727998,5
W1863633415,5
W1512398135,5
W2237056518,5
W2791180424,5
W1970021279,5
W1561721762,5
W2095852555,5
W3126071972,5
W2892691739,5
W4299708463,5
W2120143562,5
W2058453285,5
W2169337270,5
W3157467604,5
W2372481107,5
W2912814020,5
W2088945730,5
W2890486551,5
W1975496665,5
W1995715118,5
W2920142725,5
W3121948532,5
W3039475503,5
W6789395037,5
W4224087006,5
W2013742386,5
W2329395632,5
W2127752760,5
W4297830890,5
W2099327961,5
W2159925092,5
W4390584355,5
W1994532225,5
W2000479202,5
W2127960841,5
W2798150273,5
W2892757000,5
W2170032601,5
W4309362316,5
W1982413537,5
W2119365967,5
W2096849157,5
W2145582068,5
W2753254784,5
W2772574040,5
W6634099583,5
W2886418622,5
W2416547532,5
W2979191750,5
W2362242061,5
W2146461887,5
W3036931242,5
W3010765558,5
W4406792905,5
W2099777565,5
W1600312388,5
W3122074063,5
W4221033156,5
W2090992026,5
W3152367353,5
W2123375712,5
W1559694060,5
W2109740256,5
W2041929446,5
W1517788405,5
W2120688564,5
W71349774,5
W3098954750,5
W2053553222,5
W2087476325,5
W2024955675,5
W2607515139,5
W3024179239,5
W1954586709,5
W2032357814,5
W2135726203,5
W3010144659,5
W1509675331,5
W4362475852,5
W2944243579,5
W3206707843,5
W2084862932,5
W2560813992,5
W2199487874,5
W2024257280,5
W2000196569,5
W2118503130,5
W150912132,5
W2036460252,5
W3160953218,5
W2507450812,5
W2055420630,5
W2194384482,5
W2078091535,5
W2799852355,5
W2578935415,5
W1814175236,5
W2165369389,5
W3124884122,5
W2903462704,5
W3125873391,5
W2026207442,5
W2135928265,5
W3157625564,5
W1983437120,5
W2620374873,5
W6921951889,5
W2141098756,5
W1583411355,5
W2161753984,5
W2565481121,5
W2054246646,5
W1979415875,5
W4392190497,5
W3161296403,5
W1967630153,5
W1582290513,5
W2148206106,5
W2080328777,5
W293918159,5
W6613023151,5
W2118549945,5
W6629762892,5
W2534023061,5
W2052614590,5
W2744025130,5
W2147264455,5
W2085491458,5
W2146160068,5
W2984280663,5
W3126930835,5
W1597566807,5
W2743259889,5
W3122814673,5
W3158805646,5
W3128404768,5
W1553887781,5
W3011711188,5
W2897167542,5
W2947822469,5
W2945258260,5
W2152174924,5
W2257721187,5
W3123140680,5
W2111635289,5
W2624746517,5
W2912574445,5
W3185956035,5
W2006505039,5
W2287312956,5
W3032370132,5
W2276278044,5
W4235429337,5
W4323664616,5
W79877995,5
W3107215790,5
W2633228266,5
W2034831427,5
W4365447394,5
W2902906148,5
W2098225443,5
W2675326674,5
W198338800,5
W3125399063,5
W2112669742,5
W2256073615,5
W3121202096,5
W2753051611,5
W2143025931,5
W2225076847,5
W325866964,5
W1992676269,5
W3159089216,5
W2045241688,5
W4281615568,5
W2136501145,5
W1550900132,5
W2737074125,5
W4298086502,5
W3040255266,5
W2144619282,5
W1497324709,5
W3009371255,5
W2135462448,5
W2599076725,5
W2110052313,5
W2784068209,5
W2168176333,5
W1526266515,5
W2084389751,5
W1993328310,5
W3012846088,5
W2119259412,5
W2529835442,5
W2803144492,5
W4234712938,5
W4285408631,5
W1965889986,5
W1969796591,5
W3125518212,5
W2906538095,5
W2124697243,5
W1601232118,5
W4400508087,5
W2063623692,5
W2172131969,5
W2157741457,5
W3122715223,5
W2345539730,5
W2036954961,5
W2151005948,5
W3122162347,5
W2807780918,5
W2118104830,5
W2888699399,5
W4400913908,5
W2127368965,5
W1679632292,5
W2794671723,5
W2010661637,5
W6991080734,5
W2023541089,5
W2063758111,5
W3135926594,5
W2158209261,5
W2892122652,5
W4367692928,5
W2760453763,5
W2341130500,5
W2081556442,5
W2101563564,5
W3165436180,5
W2614279385,5
W2152443063,5
W2134962134,5
W2061026645,5
W3009923430,5
W2139310530,5
W4300009529,5
W2156272366,5
W161335109,5
W2897205428,5
W1859686506,5
W83587231,5
W4254059959,5
W3111997111,5
W4380182384,5
W2900704998,5
W3017017637,5
W1556527355,5
W2793114352,5
W1945661918,5
W4385954040,5
W2881231859,5
W1969698547,5
W2999127998,5
W1997587025,5
W1551186209,5
W2036217374,5
W2088664287,5
W2007546620,5
W2153248763,5
W1996453337,5
W4296033938,5
W2291671257,5
W2789285280,5
W1505764633,5
W4224935326,5
W2067404301,5
W2159531868,5
W4296161894,5
W1990413582,5
W2059928161,5
W2501797054,5
W603300075,5
W3092125514,5
W2332796219,5
W2144324329,5
W1993760488,5
W1548975717,5
W2276256851,5
W2603541511,5
W2897089066,5
W2052677451,5
W1911257304,5
W3091958572,5
W4296706069,5
W1500229388,5
W1596463893,5
W6679047473,5
W2486462139,5
W2155588712,5
W1981191266,5
W4205719871,5
W1824628315,5
W2170598542,5
W2621000873,5
W2529661385,5
W4327510399,5
W2770096524,5
W2134311937,5
W2283141919,5
W3014747038,5
W6635069167,4
W2012046858,4
W2044552931,4
W3196975758,4
W2924587670,4
W581723710,4
W2885187895,4
W3125774637,4
W2048566346,4
W2291305586,4
W2124890463,4
W565204528,4
W2015462429,4
W2029958985,4
W1823153709,4
W3125686430,4
W2165797959,4
W1491087240,4
W2125695218,4
W2038921628,4
W2592118417,4
W6704322578,4
W2151087002,4
W2026089998,4
W1966785223,4
W2889073685,4
W2297776323,4
W2070593309,4
W2123411116,4
W1849974126,4
W1998986730,4
W3116659580,4
W2008820338,4
W2418148570,4
W3028563473,4
W2102527401,4
W2042030257,4
W2971329167,4
W1964963012,4
W2187955543,4
W2786050575,4
W2781723624,4
W2782389958,4
W2884826449,4
W2517268175,4
W2991182247,4
W6630651151,4
W1996646602,4
W2976258142,4
W1103354034,4
W2343403819,4
W1980361506,4
W2513845465,4
W4213270426,4
W2076350452,4
W6682745873,4
W2588512744,4
W2047042761,4
W2163835197,4
W2119608181,4
W1990257239,4
W2142270679,4
W2160017086,4
W2090389089,4
W2118460706,4
W2299589303,4
W2889367209,4
W2096694350,4
W3122522683,4
W2739069843,4
W3210322587,4
W2164994098,4
W953353200,4
W2097381264,4
W2093764854,4
W2155630083,4
W2973825162,4
W2738584637,4
W3196535248,4
W2052584371,4
W2613037625,4
W1912815405,4
W2111340337,4
W3122916816,4
W2017656837,4
W2768696834,4
W2181562588,4
W2489672247,4
W2160499004,4
W1534117030,4
W2029430878,4
W2921034528,4
W2935946090,4
W2162272755,4
W1887803890,4
W4311481156,4
W4285796663,4
W2786263513,4
W2460379404,4
W2801249994,4
W2153897994,4
W2098981358,4
W2009797510,4
W2151279062,4
W2116536854,4
W1832130100,4
W2170381331,4
W2907674897,4
W2130193386,4
W2053013604,4
W3124162861,4
W2915826507,4
W2144343410,4
W2155306801,4
W1887545911,4
W3122017348,4
W2017222803,4
W2161041152,4
W4300689218,4
W2516535742,4
W7054666855,4
W3102144715,4
W3121689684,4
W2111123632,4
W1978989819,4
W616758758,4
W2519603001,4
W2080126357,4
W2012586735,4
W2256039097,4
W3012632488,4
W2585785940,4
W4243690967,4
W2512648470,4
W2274928353,4
W3185942842,4
W2794298164,4
W2573611141,4
W2782578447,4
W6640418775,4
W3191574219,4
W4292528167,4
W2077921580,4
W2010524556,4
W1966517781,4
W2044530435,4
W1980058578,4
W4285389595,4
W4318168552,4
W3210051870,4
W1597576310,4
W74052886,4
W3004768766,4
W2786617473,4
W2580352926,4
W1978479335,4
W2979602909,4
W1835104378,4
W2027880447,4
W2916886727,4
W285589330,4
W2270741789,4
W2901090988,4
W3146797295,4
W1969021947,4
W4400871178,4
W2109685530,4
W2910246588,4
W1972672838,4
W2400225161,4
W2056623489,4
W2154838774,4
W2473296107,4
W2915005928,4
W3012993554,4
W2058504953,4
W2148953395,4
W2144606360,4
W1575957709,4
W2112656786,4
W2084660657,4
W4283802588,4
W620789089,4
W4226137199,4
W2099146278,4
W2000050719,4
W4390508240,4
W3108939017,4
W2260649130,4
W3192937030,4
W2135753141,4
W2064482540,4
W2132269853,4
W2641601675,4
W6718952663,4
W3121892807,4
W2135133435,4
W3123010330,4
W2607508896,4
W2791142161,4
W3041173454,4
W2753823198,4
W3022440514,4
W2471540509,4
W3043852061,4
W2889538911,4
W3125459412,4
W2020968631,4
W2912654919,4
W2166687217,4
W2140309707,4
W2014002153,4
W4380204225,4
W358512743,4
W2133626023,4
W3118749521,4
W1873669279,4
W3119095493,4
W1515935209,4
W2020634704,4
W2106438904,4
W1971440513,4
W2131251371,4
W1982714632,4
W2187164103,4
W1575593696,4
W2770169553,4
W2428402357,4
W4237926583,4
W2112244170,4
W2945339729,4
W1959729691,4
W2803692502,4
W2980427803,4
W2110153620,4
W1623345703,4
W2490334628,4
W1992231976,4
W2890814362,4
W1969622033,4
W2279881007,4
W2060942203,4
W2286976338,4
W2035606621,4
W2163925289,4
W2139755364,4
W1971402242,4
W2585356813,4
W1939349386,4
W2034268175,4
W2059464870,4
W4214895039,4
W2086936936,4
W2286576906,4
W2730834987,4
W1956533389,4
W3048903423,4
W2145774132,4
W4311577580,4
W2170241334,4
W4387403765,4
W1995144321,4
W1975932429,4
W1588628247,4
W2135298472,4
W2560688384,4
W2606331208,4
W353971368,4
W1753146769,4
W1989674525,4
W1667964276,4
W1826300967,4
W2117023234,4
W2083814943,4
W2148328282,4
W2901765913,4
W2316147013,4
W1994879810,4
W2153837826,4
W1982991002,4
W2954159139,4
W6678972276,4
W2098046932,4
W2111159679,4
W2536252253,4
W2306976267,4
W6979939157,4
W2115025479,4
W2810764181,4
W2049349807,4
W2160587295,4
W2108812760,4
W1856166214,4
W2037668439,4
W561751346,4
W2206985452,4
W2161860210,4
W2886333035,4
W2122784528,4
W2888003333,4
W4311967768,4
W1988042859,4
W2044286445,4
W811760854,4
W4297983900,4
W3130458893,4
W2273913550,4
W2592815440,4
W2970775333,4
W2026368098,4
W2145457760,4
W2910765967,4
W1935697764,4
W2140337293,4
W4372335778,4
W2404872582,4
W2082481117,4
W2516895057,4
W3009175225,4
W2794403447,4
W2586418152,4
W2101978024,4
W2154248823,4
W1983981789,4
W2125709765,4
W2595856361,4
W2904481594,4
W2889319166,4
W2132522447,4
W2000083457,4
W1990513740,4
W1993302654,4
W2138490742,4
W2128592628,4
W2072232072,4
W1957744149,4
W2156182648,4
W1824479017,4
W4392787180,4
W2615170590,4
W2344846502,4
W4389098469,4
W2040459836,4
W3165718598,4
W2979586175,4
W4403514834,4
W2105473989,4
W2046603163,4
W2187238386,4
W2082790661,4
W2936475867,4
W4211108341,4
W2095714612,4
W2118541524,4
W1552324863,4
W1989440853,4
W1986684678,4
W4308191483,4
W4316036863,4
W6674600550,4
W3000584564,4
W3124296889,4
W1976428454,4
W2737006153,4
W2072512922,4
W2797157544,4
W2737518220,4
W1723005180,4
W2058390258,4
W243765653,4
W2258344068,4
W2192165285,4
W1453460258,4
W2158561407,4
W2791859701,4
W2072114590,4
W6676531462,4
W2078213728,4
W2893811787,4
W2201956479,4
W3012284688,4
W1578020292,4
W1934455134,4
W2151768324,4
W3122843231,4
W364984797,4
W6685803388,4
W1575064518,4
W3016113101,4
W2994153865,4
W2100001072,4
W2885412020,4
W2955190172,4
W2551842628,4
W1982267666,4
W2522268324,4
W2973728870,4
W2101351409,4
W2043799002,4
W2123702870,4
W2732372625,4
W2098649820,4
W2157801673,4
W2333361476,4
W2187201777,4
W2068773366,4
W2035589001,4
W2310199103,4
W4249706988,4
W44910974,4
W2101907083,4
W1536916385,4
W2112352537,4
W3193411813,4
W2009729418,4
W2101104781,4
W3175961966,4
W2427765979,4
W4392656914,4
W4403092521,4
W2762488870,4
W3094783354,4
W2022773113,4
W1638220602,4
W2614986146,4
W2099564328,4
W2048465117,4
W2128013496,4
W3182013096,4
W2971110749,4
W2001086481,4
W4385417505,4
W3000397504,4
W2593667133,4
W4206740868,4
W3099742565,4
W4297988669,4
W2414022139,4
W4280529090,4
W2113384406,4
W2890400763,4
W2074029700,4
W4387458824,4
W3038097200,4
W2129270827,4
W1965425585,4
W2340035112,4
W571932680,4
W2146023084,4
W1983034734,4
W3023688858,4
W1565965624,4
W2555078385,4
W1532602320,4
W2890050974,4
W2108762895,4
W2797460745,4
W4319759463,4
W2045685007,4
W2567609358,4
W2896477449,4
W2022923850,4
W3211063944,4
W1511645079,4
W4393932243,4
W3159298567,4
W2402150823,4
W3000561748,4
W2907938985,4
W2013037748,4
W3123915401,4
W1472436325,4
W2074249363,4
W1989291701,4
W4214560160,4
W2746362846,4
W2916026548,4
W2166224904,4
W3045267055,4
W6959778778,4
W2089508997,4
W2058364315,4
W599159091,4
W2031687681,4
W2116617623,4
W636341350,4
W4281958716,4
W2889654052,4
W2902993977,4
W2166157318,4
W1989773174,4
W2752099263,4
W2118578756,4
W2588511645,4
W3124152787,4
W2981232216,4
W2014414279,4
W3163143527,4
W3006600355,4
W2108066405,4
W1837618440,4
W2048354970,4
W2020390722,4
W2902199973,4
W2036638391,4
W2759413229,4
W2806593683,4
W2409454254,4
W2090747204,4
W2081287530,4
W1973819908,4
W3150682950,4
W2075163272,4
W2961215481,4
W2973868788,4
W2286345832,4
W579088790,4
W4281737340,4
W2309104212,4
W2995213289,4
W2776106072,4
W3193895300,4
W2110720014,4
W14129534,4
W2407552174,4
W2028290930,4
W4210685334,4
W4239352671,4
W3214661451,4
W4405769956,4
W2091289823,4
W2033903832,4
W3105266788,4
W2056531345,4
W4283578429,4
W1973682484,4
W2340895818,4
W2109040447,4
W3161549897,4
W2057765075,4
W2972769208,4
W2108972441,4
W3179144271,4
W4226305248,4
W2002108755,4
W2903915637,4
W1893838136,4
W2899241902,4
W1851912837,4
W2143572303,4
W2154147073,4
W2106912269,4
W1830089713,4
W1506150625,4
W2090493081,4
W2567670874,4
W1965516070,4
W2808639236,4
W2029513637,4
W2118930810,4
W185164454,4
W2135008866,4
W2081339330,4
W2580496253,4
W2156984950,4
W2647250901,4
W2030068022,4
W2100808782,4
W2115770869,4
W3027395574,4
W3087713798,4
W2142284804,4
W4407831671,4
W3125123326,4
W2547015391,4
W2471208370,4
W2947198940,4
W1975638620,4
W2950292032,4
W2134544616,4
W2543759676,4
W2980222472,4
W2007445672,4
W2104893227,4
W3165365101,4
W2027233179,4
W2034117136,4
W2097883325,4
W2075593078,4
W1987043226,4
W1555903101,4
W2800631693,4
W2012080410,4
W3044645120,4
W1642906945,4
W2030393939,4
W2145035038,4
W2660138894,4
W2742575526,4
W2901669506,4
W2048729231,4
W2331729823,4
W1965019514,4
W2081576217,4
W2503255526,4
W2163287225,4
W6631838041,4
W2095299437,4
W604779104,4
W2122707212,4
W1541394746,4
W2092775575,4
W3123810974,4
W2137164525,4
W1527672745,4
W2036974588,4
W2144206754,4
W2753241094,4
W2165111980,4
W1989781661,4
W2080027894,4
W2949475077,4
W2729374787,4
W2119912487,4
W1993694986,4
W2155975490,4
W2183178199,4
W1497493489,4
W3045495571,4
W2034707435,4
W4321133152,4
W2300260719,4
W2898632875,4
W3124181961,4
W2137347988,4
W382192140,4
W2104182832,4
W2182527236,4
W2004416874,4
W2277857158,4
W2937017294,4
W2119691862,4
W2004258149,4
W1989599172,4
W2947099845,4
W1599236462,4
W2966118735,4
W1820801730,4
W2807666056,4
W3104157859,4
W2750706294,4
W4230809332,4
W2980031782,4
W3199493325,4
W2149749469,4
W2767068830,4
W2276334130,4
W2708558544,4
W3121259985,4
W2086101125,4
W2102643199,4
W1569826234,4
W3035268210,4
W2310164457,4
W4318711897,4
W2063453297,4
W1992611204,4
W2066721004,4
W2156072322,4
W3015804884,4
W2087948024,4
W2127966346,4
W2970927732,4
W1854633517,4
W2041692102,4
W3183270517,4
W4388672762,4
W2093368107,4
W1643249107,4
W4404514703,4
W16420272,4
W1974230030,4
W1783064840,4
W2620855865,4
W1985019149,4
W2786590238,4
W1868451784,4
W1513481445,4
W1542029620,4
W2519272245,4
W2738294730,4
W3085955235,4
W181827473,4
W4411099755,4
W2154851111,4
W3134991547,4
W3165064679,4
W2232399402,4
W2755295250,4
W4315785283,4
W2116717490,4
W4400139961,4
W2046321604,4
W2009277654,4
W2952499461,4
W1968852244,4
W2019091990,4
W2237667175,4
W2077745801,4
W2791319862,4
W3026447609,4
W2122747785,4
W6677555589,4
W2162484441,4
W2335619979,4
W2069632135,4
W2008458109,4
W2990062823,4
W2770204916,4
W2154576292,4
W3122896559,4
W2144076420,4
W2011795361,4
W2132346930,4
W1974457637,4
W2745712602,4
W2941072021,4
W2066520189,4
W1943422247,4
W2782878764,4
W969566529,4
W2130761568,4
W2769972173,4
W1987731638,4
W1993671871,4
W2113539165,4
W4387139153,4
W3201173560,4
W1949054860,4
W2463385406,4
W2796932270,4
W3122567116,4
W2019075518,4
W2980569538,4
W1980371517,4
W2520431500,4
W2804207405,4
W2089550368,4
W2075146921,4
W2169521078,4
W3123665760,4
W2000380427,4
W2592961693,4
W2071434239,4
W1968486838,4
W2769638634,4
W6681766062,4
W3039445169,4
W3070948786,4
W1505010015,4
W3104983105,4
W3164242919,4
W4411131528,4
W3133161222,4
W2030918129,4
W1554027580,4
W2133177305,4
W3009705041,4
W2809197947,4
W2029794265,4
W2124059839,4
W2052575688,4
W1807039936,4
W2073372373,4
W2030771550,4
W3020270419,4
W3001146110,4
W4384069116,4
W4383954847,4
W2809903523,4
W2138183513,4
W3084181013,4
W2135409175,4
W3003245861,4
W3084525766,4
W2921202459,4
W4387465332,4
W2305876132,4
W2037178889,4
W2345910739,4
W2766413941,4
W1979868049,4
W2100202115,4
W2443847445,4
W1977744552,4
W4206670632,4
W2113804425,4
W2124555951,4
W2045196878,4
W2133266350,4
W2973141383,4
W2968959997,4
W2024186325,4
W1738376380,4
W3157172520,4
W2141285493,4
W1990017571,4
W2183369603,4
W3124352189,4
W2137137984,4
W1484864026,4
W2103526534,4
W2111029153,4
W313406080,4
W2094514178,4
W2759280129,4
W3152821806,4
W1527567402,4
W2143626055,4
W2885498514,4
W2972174322,4
W2902380013,4
W2974333416,4
W2548237133,4
W4297807587,4
W563724920,4
W654399101,4
W2054567535,4
W2904755727,4
W3209058467,4
W2023802926,4
W1540591566,4
W2090652995,4
W207045513,4
W2009738064,4
W2064729275,4
W2168605160,4
W4310358384,4
W616287426,4
W1503196340,4
W6689075229,4
W3206915216,4
W4323544677,4
W2079694953,4
W2935989485,4
W2795628851,4
W3121810981,4
W4220691302,4
W2088437826,4
W1975654711,4
W2321421868,4
W2944822140,4
W1970556173,4
W2759360415,4
W2554458702,4
W2800604968,4
W2103166795,4
W3125328076,4
W1789328099,4
W1969567633,4
W1997407827,4
W2118870522,4
W2958852235,4
W3140858089,4
W2245236560,4
W2100379340,4
W4386924229,4
W2886593277,4
W1963114931,4
W2782209478,4
W4321612671,4
W2025661785,4
W1460568997,4
W4224990320,4
W2098845458,4
W2993502593,4
W19854512,4
W4384204303,4
W1520600058,4
W1525530955,4
W1752774881,4
W2075953947,4
W4284967178,4
W2152864202,4
W2296369666,4
W1566155050,4
W2307097249,4
W1683742771,4
W2118185907,4
W2905811773,4
W2897623369,4
W4283276092,4
W2029675076,4
W2163456605,4
W2091202338,4
W1490175149,4
W2028018868,4
W2151062748,4
W4362657738,4
W248801103,4
W2001677419,4
W3121673563,4
W2038014749,4
W2162086569,4
W2935009127,4
W2024997019,4
W1985758369,4
W2513344696,4
W4248965562,4
W2088171639,4
W2130473951,4
W2741397005,4
W2149969613,4
W2577858863,4
W2106098322,4
W1938107476,4
W2484136257,4
W2304523094,4
W1540266292,4
W2057131920,4
W1979731339,4
W2118011227,4
W2088019459,4
W2236764486,4
W2998434266,4
W1975111958,4
W2030806804,4
W2123159206,4
W1533938950,4
W1971611286,4
W3111706764,4
W3112955249,4
W2546981177,4
W1535456031,4
W2589876326,4
W2406425419,4
W2143403659,4
W2015668590,4
W2110274609,4
W3177301856,4
W4389386988,4
W2111520482,4
W1860910634,4
W3091743194,4
W2108729457,4
W2034472336,4
W2599472211,4
W2783319287,4
W4224064683,4
W2165761800,4
W4247095897,4
W3198432079,4
W2167578696,4
W2619680714,4
W2036705955,4
W2291641844,4
W2597503617,4
W2128444032,4
W3125177070,4
W2787082714,4
W3094950023,4
W2159190222,4
W22079432,4
W3123574146,4
W2805322643,4
W1978349270,4
W2756732267,4
W1994247653,4
W4244760617,4
W3025238321,4
W3154701621,4
W1965149071,4
W2341024518,4
W2594340297,4
W4401520436,4
W4248165076,4
W142225735,4
W2901393977,4
W2154190476,4
W2341500107,4
W2768044788,4
W2159132475,4
W2027739325,4
W1973064197,4
W3158007074,4
W1748961791,4
W3154793118,4
W2765081836,4
W2077986342,4
W1479855771,4
W3125162858,4
W1926244529,4
W2162450468,4
W2138440797,4
W3119340987,4
W2949026423,4
W6638046158,4
W2749258384,4
W3193676447,4
W2051704237,4
W2122817006,4
W2930228241,4
W2236155591,4
W2809005022,4
W3208067948,4
W1770419531,4
W4381250748,4
W3125999747,4
W2122912498,4
W2536992226,4
W3206939468,4
W1989875465,4
W2049612772,4
W178383452,4
W1783395099,4
W2035346038,4
W2502548575,4
W2912523210,4
W3126951764,4
W1512083895,4
W3022009422,4
W3142804263,4
W2918048617,4
W2912648607,4
W2396655926,4
W2121395472,4
W2065576387,4
W4212781379,4
W2793010825,4
W2606075880,4
W1994762818,4
W2899374662,4
W3123459293,4
W3214088158,4
W2271156548,4
W2188856651,4
W2131252064,4
W2128004396,4
W6756867381,4
W2079659376,4
W2974099805,4
W2516235798,4
W2133416234,4
W2047901916,4
W2157057690,4
W6735829958,4
W2174806342,4
W2273382493,4
W2080002412,4
W2443679000,4
W1980412904,4
W2302336234,4
W1665332082,4
W1546059731,4
W2010778999,4
W2904242180,4
W6683528431,4
W2010784296,4
W2135920613,4
W2617342448,4
W2068163304,4
W2114770054,4
W2157244263,4
W2890596045,4
W2799331516,4
W2188890514,4
W2892587400,4
W3123814970,4
W2047783283,4
W2081768313,4
W2054931962,4
W2049943612,4
W2093833848,4
W2029152620,4
W2126391170,4
W4200464773,4
W2098522155,4
W2118459143,4
W2150644597,4
W1506619784,4
W1983680508,4
W2075240722,4
W3199236583,4
W2129763896,4
W75245760,4
W3023481695,4
W3210447818,4
W2957257522,4
W2176734310,4
W1981239495,4
W198369986,4
W2572359438,4
W2005303690,4
W1970121848,4
W2108781307,4
W2980652645,4
W3125513807,4
W2084029271,4
W2082538594,4
W1949707467,4
W3124273866,4
W3122575241,4
W2751792491,4
W4210624226,4
W1764769322,4
W1965698747,4
W2019903356,4
W2108310467,4
W3036925360,4
W2001483901,4
W129704338,4
W2092964293,4
W2171916118,4
W2111488910,4
W2327615008,4
W2028809046,4
W1672471372,4
W1757407923,4
W2559698609,4
W2171368429,4
W4391991688,4
W2024641550,4
W6805260860,4
W1504518491,4
W2127880277,4
W2583997038,4
W2508115828,4
W2097397649,4
W2314910458,4
W1940022164,4
W4200152434,4
W2900790197,4
W2947087006,4
W2164514629,4
W4382680206,4
W2126162559,4
W2914132034,4
W2157981939,4
W2002768939,4
W2040394808,4
W1581038100,4
W2263219311,4
W2071394617,4
W1563152017,4
W2032874557,4
W2620656503,4
W1965935771,4
W4285208373,4
W2395427128,4
W6743681256,4
W1489810909,4
W164542341,4
W3092419658,4
W2896538452,4
W2000195231,4
W2112231177,4
W2765785439,4
W4285077075,4
W3123656608,4
W2514542987,4
W4230980940,3
W2108549169,3
W2053594389,3
W2928877410,3
W4249212606,3
W3122540132,3
W2103655775,3
W3123852490,3
W4407100734,3
W3084686683,3
W2124219052,3
W4311752084,3
W2345988840,3
W2161458710,3
W2460636077,3
W2059507145,3
W2047548193,3
W3045391020,3
W3122903499,3
W2080465529,3
W2132836426,3
W2010865202,3
W1559786486,3
W2982349006,3
W2617105768,3
W2889793610,3
W2507676233,3
W2049509720,3
W3021925496,3
W2128834932,3
W3124292765,3
W3150549691,3
W2103109120,3
W2997624225,3
W2109625482,3
W4386694450,3
W2009581475,3
W2583637027,3
W2126663141,3
W6679310762,3
W3087724415,3
W2580771560,3
W2110541358,3
W1980046987,3
W2991045675,3
W4233859833,3
W1986299719,3
W2896242456,3
W2163951810,3
W2782934540,3
W62199759,3
W3005862395,3
W2413160796,3
W2034806746,3
W6679901564,3
W1971816555,3
W22670257,3
W2755135531,3
W3131832615,3
W4386854814,3
W4362672030,3
W2182593420,3
W2018145948,3
W3194521628,3
W6681421494,3
W1502348596,3
W2885485244,3
W2795707819,3
W1889851327,3
W2036063909,3
W2086642814,3
W2124308866,3
W1572092804,3
W1600506726,3
W1503271126,3
W6600276866,3
W2995239127,3
W2573448988,3
W2068043996,3
W2070655663,3
W6776840900,3
W2614280718,3
W343877949,3
W2981106466,3
W2111330304,3
W2071808384,3
W1990113030,3
W2036248797,3
W2415864860,3
W6664341501,3
W2901782129,3
W2996014518,3
W4242772531,3
W2891093634,3
W2105034425,3
W640867091,3
W2183656042,3
W1910198429,3
W2193127560,3
W1967196616,3
W3123239047,3
W6631809896,3
W2054103341,3
W1482622913,3
W3125645788,3
W1980628051,3
W3125507225,3
W4240640476,3
W1875612840,3
W4254479913,3
W2108361166,3
W1984000197,3
W2127669326,3
W86782274,3
W2097747602,3
W3002612337,3
W2635820637,3
W2976585413,3
W2039711287,3
W2736065878,3
W2799360640,3
W2760701613,3
W1587803056,3
W38310619,3
W2047281080,3
W4392606322,3
W2141042907,3
W2171496534,3
W2605655739,3
W1493091238,3
W2062950761,3
W2131241883,3
W2789856579,3
W234289650,3
W2625336955,3
W4386702660,3
W2142752897,3
W2129562991,3
W2129579879,3
W2133046610,3
W3016802356,3
W2038635948,3
W1489009294,3
W2059832180,3
W2008015287,3
W6629759329,3
W3156648832,3
W4200476792,3
W2142995356,3
W2163787203,3
W4206677002,3
W2034468254,3
W1989441503,3
W2054709423,3
W1980561716,3
W2111572973,3
W1741321747,3
W1582497524,3
W2774925506,3
W3033492290,3
W2154634442,3
W6676427348,3
W2120787302,3
W2480193640,3
W1942756099,3
W2123842802,3
W2607153640,3
W3087234972,3
W2752617332,3
W4226117423,3
W2110680638,3
W1589928278,3
W1490939365,3
W4396816778,3
W1543898228,3
W2582922835,3
W4410078891,3
W1937883890,3
W2044761420,3
W4323839904,3
W2115743615,3
W3122672839,3
W1572071703,3
W1598602811,3
W2803550092,3
W2020458018,3
W3128401984,3
W4361008289,3
W2004302623,3
W2125960530,3
W2324053898,3
W2891762602,3
W2060795009,3
W2099751551,3
W2130848906,3
W3124467641,3
W2049249899,3
W2588392437,3
W2041535038,3
W2980659497,3
W2030635760,3
W2123117283,3
W2089697392,3
W2509830631,3
W2163349801,3
W1922151462,3
W1547253197,3
W2162510440,3
W2156853373,3
W2081753990,3
W1981464276,3
W2790551778,3
W2147272684,3
W2227030650,3
W3147894994,3
W2067427592,3
W81153387,3
W1594126644,3
W2991310135,3
W2226216886,3
W3015440021,3
W1975605663,3
W2796017146,3
W2477177347,3
W2783091042,3
W6606548838,3
W2042759145,3
W4288751219,3
W131076449,3
W2256310415,3
W2048699226,3
W2126861008,3
W2105294107,3
W2890702676,3
W2883230958,3
W2009493608,3
W2062352730,3
W2472733814,3
W1983159971,3
W6631289614,3
W2945963111,3
W2169899814,3
W3169412237,3
W3122269578,3
W2572982390,3
W2412844523,3
W4243551871,3
W2110065044,3
W2585932214,3
W2965619386,3
W2016777584,3
W2032745916,3
W1998707453,3
W2084984189,3
W2802972465,3
W2204321503,3
W1603640681,3
W7008816109,3
W1917812825,3
W2065921489,3
W2150844054,3
W2105925569,3
W2162530297,3
W3147784123,3
W2113873114,3
W2171820889,3
W2145426015,3
W3125353710,3
W4297237811,3
W2944872752,3
W2077069437,3
W2510826594,3
W2143145645,3
W95343657,3
W2104780889,3
W1983888897,3
W4210551077,3
W4385075350,3
W3035516268,3
W1559401193,3
W2096067302,3
W2916216069,3
W1996780237,3
W2092941765,3
W2781897851,3
W3035221168,3
W1965673962,3
W2274055227,3
W1974294929,3
W4387595389,3
W4231326331,3
W2768569071,3
W1996155269,3
W2974384912,3
W3195254547,3
W2941307081,3
W2124411528,3
W4389615158,3
W2136000401,3
W2105363787,3
W2023350899,3
W2331763014,3
W4293338126,3
W4297266170,3
W2797110861,3
W2077664955,3
W1975905994,3
W2780620674,3
W2992805467,3
W4200420025,3
W2120251888,3
W2583763071,3
W347813242,3
W2042496135,3
W2084085196,3
W4256513592,3
W3042926759,3
W2141302469,3
W2021125611,3
W2223654392,3
W2268032629,3
W2996975921,3
W3189141237,3
W2052229900,3
W2790056427,3
W2329081534,3
W2129832664,3
W2786630042,3
W2346009715,3
W2103447355,3
W2042630906,3
W3019819586,3
W1984557452,3
W2552562589,3
W1850864270,3
W2160059496,3
W2111860833,3
W2075915331,3
W2119996715,3
W2283424085,3
W4385214213,3
W4410165190,3
W2149447315,3
W2042676858,3
W2267348261,3
W1980535105,3
W1533793344,3
W2112537590,3
W4400164018,3
W2053257449,3
W2997147844,3
W2125659049,3
W2801453702,3
W4220754291,3
W1999899757,3
W2099706492,3
W2002674166,3
W3015634246,3
W3153121613,3
W4394859594,3
W2085321190,3
W1923774507,3
W2889646458,3
W2967464013,3
W1998055686,3
W2165395022,3
W4286324155,3
W2138849031,3
W1991304231,3
W1599233779,3
W2772222953,3
W2491120865,3
W4382344969,3
W2742970456,3
W2519348558,3
W2144309633,3
W2035554302,3
W2568989967,3
W2917405015,3
W2607417055,3
W2138238761,3
W2582406074,3
W3095689420,3
W1971564134,3
W2764166192,3
W1969627546,3
W7030239333,3
W2162758154,3
W2181576616,3
W2609286559,3
W2043388778,3
W2089188853,3
W2149899131,3
W4254582510,3
W6789395077,3
W2955814015,3
W1969700948,3
W2884147136,3
W2133911610,3
W2104694935,3
W2889728153,3
W4389297388,3
W2052344533,3
W2897313329,3
W2805865327,3
W4309530551,3
W4251243407,3
W2087750581,3
W1498511802,3
W2057492507,3
W2754868530,3
W3126002006,3
W2115052659,3
W1982085354,3
W4249675584,3
W2895219557,3
W1579656212,3
W2132812196,3
W2736212990,3
W2039171765,3
W2802271297,3
W1984125207,3
W1536463040,3
W2604519292,3
W2199405256,3
W4317761471,3
W2916821738,3
W2899141795,3
W2782069613,3
W2998099222,3
W2479872546,3
W2145126639,3
W2594168221,3
W3033298385,3
W3027048467,3
W3121631597,3
W2493946547,3
W2998883863,3
W3009713792,3
W2032465305,3
W2170517814,3
W2092920833,3
W6681756524,3
W3157407122,3
W2894656887,3
W2106609495,3
W2057967577,3
W2909110969,3
W2003522782,3
W2105132264,3
W6649455236,3
W2125094878,3
W979951994,3
W2270024543,3
W2059010978,3
W1522941244,3
W2082863708,3
W2142635246,3
W2063574080,3
W2623205387,3
W3161213163,3
W2073859460,3
W1495656322,3
W2092256755,3
W3083964362,3
W4281387590,3
W2891808294,3
W2076976923,3
W4403338007,3
W3025177818,3
W3088718406,3
W3176062090,3
W2123231748,3
W2166809658,3
W2477632050,3
W2539134167,3
W3119045441,3
W3200185690,3
W2046115891,3
W4367459123,3
W1504705426,3
W3124715059,3
W2885165306,3
W4210820406,3
W2034328860,3
W1977867470,3
W3009432889,3
W2032840264,3
W2418252188,3
W2117319534,3
W2097295466,3
W2895434880,3
W1970766303,3
W3126419558,3
W4284696689,3
W2135371370,3
W2945139869,3
W2170339470,3
W3122732478,3
W2006679564,3
W2069983335,3
W2945368874,3
W2119578893,3
W4378233366,3
W4399116618,3
W2929646477,3
W4371184,3
W4291377852,3
W2094548435,3
W1998714327,3
W1972488234,3
W2090214829,3
W2064160121,3
W2372638476,3
W2599509535,3
W2037736462,3
W1571091577,3
W2106366846,3
W2122153309,3
W2162663672,3
W2065153929,3
W2325317556,3
W2001600490,3
W2108795964,3
W2902945939,3
W3119111511,3
W2100180523,3
W2891344579,3
W2123476128,3
W6779532692,3
W3167205277,3
W4386498185,3
W2801953774,3
W4404392774,3
W1975293882,3
W2806395561,3
W2750047249,3
W2134023761,3
W3081739328,3
W2185959801,3
W2097545317,3
W4285987663,3
W2782769369,3
W3121609862,3
W2952200272,3
W2616093027,3
W2607376241,3
W4392303074,3
W3199948014,3
W4400399335,3
W2890130197,3
W2036276146,3
W2791002088,3
W2767151849,3
W2029229188,3
W2144476887,3
W4408079253,3
W3122276354,3
W4214755521,3
W2472243577,3
W2484270530,3
W1485871690,3
W2111780299,3
W1997829157,3
W2124203762,3
W4400941257,3
W2774345903,3
W2792805336,3
W2018748621,3
W1963622966,3
W2045531760,3
W1968244192,3
W2896028587,3
W2128050864,3
W2139819952,3
W2768714363,3
W4252978187,3
W1496118875,3
W1974632044,3
W955694826,3
W2061811251,3
W2039134044,3
W3119015340,3
W2080220969,3
W3121369466,3
W1997518187,3
W2098652232,3
W2013800576,3
W2755126650,3
W1982428189,3
W2133182373,3
W2804219457,3
W3029861316,3
W2151861782,3
W3010699686,3
W6703716068,3
W4409459201,3
W4363644080,3
W2523406795,3
W2023828540,3
W2062097741,3
W3211833605,3
W4388677118,3
W2094486092,3
W4360612092,3
W2748793851,3
W6631705094,3
W2126657108,3
W2103647733,3
W2512469588,3
W3143898318,3
W1972737256,3
W2082695165,3
W2390503303,3
W2160161257,3
W2083579134,3
W6678965312,3
W2114837773,3
W1987235421,3
W2023580352,3
W4405181285,3
W3010450465,3
W2791119488,3
W2159477416,3
W1520714623,3
W3162196327,3
W3123331138,3
W2622530664,3
W3150858189,3
W2999384409,3
W2135415540,3
W2152163336,3
W4210472177,3
W205310263,3
W2915239858,3
W1972774980,3
W3124536214,3
W2084052338,3
W2131782164,3
W2108945590,3
W2015825337,3
W2767337363,3
W2796050217,3
W4409068932,3
W4254895967,3
W6800009084,3
W2736815864,3
W1918899362,3
W3176137009,3
W4297081765,3
W2890159142,3
W1985434161,3
W2131436869,3
W4235739337,3
W4367844605,3
W2101445798,3
W3022903699,3
W2025951269,3
W1981640216,3
W2036912249,3
W4294190636,3
W2137296414,3
W2477902777,3
W2310779793,3
W2798063791,3
W646871639,3
W3190378268,3
W4388735956,3
W2795529945,3
W2254419682,3
W4294214983,3
W4213388422,3
W2583267483,3
W6842365063,3
W2057509944,3
W2070052346,3
W2056464501,3
W2905951279,3
W2003135485,3
W1966748828,3
W1593524879,3
W2103168267,3
W4311676708,3
W2205304804,3
W2803003732,3
W2125342444,3
W1561191985,3
W3039791702,3
W2921371517,3
W1988990284,3
W1977888892,3
W2524597629,3
W6639802730,3
W2036039804,3
W3121898760,3
W2114165858,3
W2134206064,3
W3199109466,3
W3180998168,3
W1967252162,3
W4220793527,3
W2106120472,3
W3169220140,3
W2049472952,3
W4391885196,3
W2117037426,3
W2513640675,3
W2135838706,3
W3013096105,3
W3012352249,3
W6719915598,3
W2130501785,3
W2605369700,3
W3123714006,3
W2284782484,3
W1831714648,3
W2128017766,3
W2097577415,3
W4400353034,3
W1974441291,3
W2101516828,3
W2933447015,3
W1942081128,3
W2091527106,3
W2116930827,3
W2104593057,3
W4255603204,3
W3137861363,3
W4214722161,3
W2514714494,3
W187265402,3
W2159739693,3
W2804005679,3
W2094925240,3
W3214286418,3
W2182357027,3
W4382597906,3
W2124461375,3
W4200158910,3
W1974255422,3
W6684032203,3
W1509609699,3
W380351841,3
W1964258811,3
W1984959392,3
W2122501553,3
W2785107028,3
W2016378685,3
W2157113784,3
W2991448169,3
W2127416094,3
W2096301918,3
W2020585941,3
W2783170109,3
W2887287579,3
W1964090266,3
W3014150949,3
W4292402584,3
W1982733280,3
W6611017246,3
W2017185383,3
W75288733,3
W2011378646,3
W4206678923,3
W2737630967,3
W6631981854,3
W2622159918,3
W4393854155,3
W1995474599,3
W2416225000,3
W2136356129,3
W2889946768,3
W2159674547,3
W4283656842,3
W6771417504,3
W2169922191,3
W6704005867,3
W1582757098,3
W4411633661,3
W3165785914,3
W2795350275,3
W2238783042,3
W2616514848,3
W2240047961,3
W1552557715,3
W2076694972,3
W2161643046,3
W2091552914,3
W2106950744,3
W2253726780,3
W3173165556,3
W2799720809,3
W2755988373,3
W1985665401,3
W2293981195,3
W2136300206,3
W2754132282,3
W1965778044,3
W2162336643,3
W7037411764,3
W3042734041,3
W2138458832,3
W2904837479,3
W2570626263,3
W2115150477,3
W2953908712,3
W2103130810,3
W1991689958,3
W2055577212,3
W2119245718,3
W2570513054,3
W2494467063,3
W2151003141,3
W2165935007,3
W2123130826,3
W2108600757,3
W4398141023,3
W1997777533,3
W164715853,3
W2937837959,3
W2109418035,3
W2117485305,3
W624402227,3
W2761576916,3
W4388305299,3
W2174115892,3
W2314979252,3
W1817153338,3
W2301419083,3
W2786984624,3
W2184956155,3
W2130792261,3
W2030847813,3
W3080493859,3
W3109952875,3
W3046132643,3
W2108705440,3
W2178841847,3
W2994843925,3
W1822583513,3
W2068488319,3
W132713406,3
W1548097767,3
W3035170547,3
W2004940760,3
W2108614221,3
W2973229482,3
W4389269471,3
W2074479676,3
W2087657424,3
W2936504925,3
W2506840532,3
W2114148340,3
W2162065808,3
W3147446065,3
W3213079423,3
W2076326097,3
W3142415080,3
W3140839964,3
W2152081677,3
W3122693915,3
W2118470455,3
W2049437016,3
W4366737003,3
W2152146561,3
W2188115545,3
W1483272991,3
W1908043140,3
W2132324013,3
W2561498224,3
W1559286164,3
W4362466505,3
W2916289194,3
W2150104072,3
W2334663947,3
W4308003017,3
W2126354007,3
W1609467429,3
W2070591456,3
W2380934435,3
W2168937050,3
W3200509682,3
W2607019268,3
W2947919096,3
W1591470175,3
W2023591708,3
W2735520772,3
W4224295999,3
W1980587778,3
W4211030614,3
W4220879921,3
W1870047943,3
W2115783123,3
W2042386526,3
W3122498597,3
W2316702134,3
W6739997198,3
W659525843,3
W6629287365,3
W2099362014,3
W2527925316,3
W2111279977,3
W2144353967,3
W2133894863,3
W1863375601,3
W2510003349,3
W2951040940,3
W4324258660,3
W3034164375,3
W2950676015,3
W2151320861,3
W2114908139,3
W2009502470,3
W2829591931,3
W2113583180,3
W2808277154,3
W1996146145,3
W4381050796,3
W2263331096,3
W4396214787,3
W2072110498,3
W2079301098,3
W2011841693,3
W3043924643,3
W2946166338,3
W2139303310,3
W2181582127,3
W1994148903,3
W2044894875,3
W1796833281,3
W4283361100,3
W2916895382,3
W4233064038,3
W1523047129,3
W2003143730,3
W2088336173,3
W2147759424,3
W1567585726,3
W1600343299,3
W2286756681,3
W4200224896,3
W2623703952,3
W3125536524,3
W2906393063,3
W1977502485,3
W2070449299,3
W2131532168,3
W2996258068,3
W2068651465,3
W2040311177,3
W2789134196,3
W2780180708,3
W3043385143,3
W4240210595,3
W2331439827,3
W2522754627,3
W6759900231,3
W2183847840,3
W1584325429,3
W2530240571,3
W182629641,3
W1999713224,3
W2029502000,3
W3102682861,3
W2152334243,3
W2295905303,3
W4281557459,3
W1515587369,3
W2046652314,3
W1981665692,3
W2465276104,3
W2987904798,3
W2148757676,3
W1968832457,3
W3123059731,3
W2044293638,3
W2016429936,3
W2953487648,3
W2117278400,3
W4401870234,3
W2108676195,3
W2167191881,3
W2092195943,3
W2132436955,3
W2084347071,3
W3197806052,3
W1964362409,3
W2501373393,3
W2160791594,3
W1543688574,3
W2802889637,3
W4205497254,3
W2043593186,3
W612839572,3
W2910261762,3
W2120965688,3
W2117849936,3
W2020777092,3
W2888954699,3
W1648949561,3
W1936470253,3
W4385693989,3
W4230406738,3
W3122345443,3
W4385723290,3
W1955661527,3
W209639401,3
W1528097872,3
W2012686714,3
W2102409046,3
W2152366357,3
W2027797646,3
W2304640078,3
W2979483765,3
W2045679384,3
W2023241229,3
W2063053632,3
W2898136826,3
W1984590285,3
W4240955631,3
W2073661915,3
W3036801011,3
W2132322340,3
W2068574119,3
W2809772190,3
W3106602624,3
W424196515,3
W3082039256,3
W3040248762,3
W2085709452,3
W2099354636,3
W3123231714,3
W2734769519,3
W4323812552,3
W1499796422,3
W2255146410,3
W6636370691,3
W1528617682,3
W1964456096,3
W3151794574,3
W2117454609,3
W2746513864,3
W2163712967,3
W4229606062,3
W3140120471,3
W3027478675,3
W2033060067,3
W4200292133,3
W2157244474,3
W2086209434,3
W1970086153,3
W2620849626,3
W3015711419,3
W2060335755,3
W298685057,3
W2095000104,3
W6682252229,3
W3168991095,3
W3122298277,3
W1989246858,3
W154843604,3
W2614198829,3
W1534367641,3
W2020895682,3
W2021844893,3
W3123916553,3
W1998528955,3
W4220819204,3
W4246626407,3
W2417835486,3
W2901767506,3
W2272637472,3
W2195492135,3
W2029975719,3
W2525047698,3
W6838798467,3
W2034752060,3
W1530221379,3
W2133728384,3
W6629265512,3
W2911403752,3
W4292212920,3
W2113384461,3
W2161469395,3
W2067728660,3
W4243851382,3
W2965657966,3
W2965634117,3
W6661807833,3
W2504212435,3
W3118644111,3
W2110230358,3
W3138778433,3
W202215896,3
W3160597487,3
W4281251161,3
W2112289633,3
W1595454527,3
W2041190065,3
W3124858080,3
W2568070943,3
W1984870598,3
W3122922095,3
W1604951427,3
W1584218357,3
W2179864080,3
W2064867072,3
W2098963302,3
W2120130738,3
W2164283518,3
W2095364399,3
W1700919928,3
W4224140786,3
W1824543798,3
W4310709604,3
W2208505799,3
W1750311018,3
W1977529795,3
W2094296909,3
W2606487257,3
W2224094752,3
W2899540630,3
W2044655285,3
W2567362164,3
W2327039255,3
W2301093678,3
W2146943494,3
W3094151279,3
W2529226721,3
W2801053868,3
W2126607471,3
W1897869256,3
W140102383,3
W2416821716,3
W1607675442,3
W1979115311,3
W2103230603,3
W2782646915,3
W2019907334,3
W2056513072,3
W1976093702,3
W6655067177,3
W2029584168,3
W2796988787,3
W4366815091,3
W2743085645,3
W2097116556,3
W2058711222,3
W2146917737,3
W2100458960,3
W2028954902,3
W3022607203,3
W2971815891,3
W2057435859,3
W1990222993,3
W2170360408,3
W2042436776,3
W2072500831,3
W2087484885,3
W2739299950,3
W6644960428,3
W1999653341,3
W1891765040,3
W2140629523,3
W1922178820,3
W2270216144,3
W2569960519,3
W4238226291,3
W3003260068,3
W2234527092,3
W2076512449,3
W2123189428,3
W2160818003,3
W1588598216,3
W2374524264,3
W1899168751,3
W2126771230,3
W2005365687,3
W6679288547,3
W2937646407,3
W2890584764,3
W3168764052,3
W1558230721,3
W2262225407,3
W2735647971,3
W1983910122,3
W2766382315,3
W3035006969,3
W2410342381,3
W2593017794,3
W2141257679,3
W2161026688,3
W2148897567,3
W2091201600,3
W2032279019,3
W3147142721,3
W4389087954,3
W4253668592,3
W1996255556,3
W27505678,3
W3189662305,3
W3099584172,3
W1987491514,3
W2058056848,3
W1985790748,3
W3158031784,3
W2101505457,3
W2098123301,3
W1977205699,3
W2331364826,3
W2736264999,3
W1983318535,3
W2133207241,3
W2093437813,3
W4390063485,3
W838389491,3
W2013249925,3
W2971663793,3
W3044498304,3
W2032590996,3
W1582570101,3
W3008867523,3
W2541024844,3
W2110470830,3
W2607548721,3
W2020298761,3
W2105008520,3
W3122026596,3
W2106822063,3
W2167549250,3
W2742191223,3
W2735248694,3
W2127437979,3
W6781206926,3
W4213183334,3
W2035982357,3
W2141959107,3
W2606819671,3
W2157800154,3
W2139325522,3
W2807575408,3
W2124890572,3
W2008903328,3
W4385331521,3
W2616946909,3
W2755697533,3
W2623959847,3
W2067255057,3
W2059194835,3
W2100903003,3
W579945161,3
W2096202170,3
W2104972618,3
W2023556159,3
W1550031631,3
W1548198213,3
W2462213904,3
W2621011268,3
W2054747565,3
W1991691225,3
W3121001560,3
W1986341674,3
W1549247508,3
W2067516463,3
W2344768822,3
W4367309661,3
W3081399077,3
W1970375222,3
W6607167081,3
W4230938681,3
W1995260337,3
W2115763007,3
W1987680890,3
W2081152250,3
W6682735082,3
W6680949800,3
W2610835229,3
W2030425952,3
W2120843308,3
W1986928810,3
W2071741089,3
W2034139717,3
W2553161566,3
W3080491245,3
W2156090556,3
W2397941356,3
W2003914006,3
W2525055329,3
W3122042438,3
W2885941536,3
W2206013393,3
W2158839920,3
W2963792165,3
W2063007022,3
W2751884213,3
W4366748036,3
W2461593871,3
W2894599631,3
W1878837303,3
W2306690630,3
W2737674276,3
W1810964460,3
W1993752313,3
W2005623417,3
W2076706228,3
W2006844899,3
W2133169646,3
W4389496161,3
W2773623065,3
W4253485632,3
W3102981791,3
W2129677483,3
W2982327359,3
W2764136669,3
W2275486550,3
W2160099117,3
W2831571965,3
W4286203166,3
W3021841074,3
W2772345154,3
W2204516609,3
W2110159983,3
W2030121826,3
W3022390072,3
W2118313291,3
W2049350168,3
W2887255050,3
W2753750604,3
W4387833365,3
W2088180457,3
W2330355084,3
W2899736836,3
W26383678,3
W2142380367,3
W3117745882,3
W4386476363,3
W4240470242,3
W4386854828,3
W2163312994,3
W2757599760,3
W2126353922,3
W1505131454,3
W2017354616,3
W2050841330,3
W2138691392,3
W1993532435,3
W1862310575,3
W2156037751,3
W2247054082,3
W3022089641,3
W3033701652,3
W2079721479,3
W1969981696,3
W352538291,3
W2135582830,3
W2051786203,3
W2120384759,3
W2155851066,3
W2802216676,3
W2047753594,3
W1585840370,3
W2776002908,3
W2301998732,3
W2176465657,3
W3008454244,3
W3010268726,3
W2569475467,3
W3173655447,3
W2769151876,3
W1549241351,3
W1996562077,3
W2111580579,3
W2069247420,3
W43902372,3
W2988039629,3
W2296538776,3
W1503177688,3
W134758580,3
W2032869670,3
W2123136623,3
W2071666535,3
W1564396607,3
W2160524445,3
W2940541604,3
W2930883182,3
W1575650546,3
W2072578974,3
W2161960747,3
W2614669788,3
W4225966293,3
W4292012633,3
W3087084825,3
W2066531959,3
W2560438049,3
W2112238954,3
W3014220216,3
W2028645754,3
W4317937561,3
W2038702827,3
W2017963908,3
W2346891083,3
W2883125921,3
W2022939588,3
W4380047128,3
W6605406645,3
W2804783425,3
W4237692946,3
W2152534713,3
W2585514262,3
W3121403162,3
W3032592468,3
W3122719416,3
W1996823741,3
W2129861807,3
W1555092484,3
W2963086481,3
W2100376153,3
W3193340756,3
W6680175301,3
W3146187131,3
W1972008136,3
W2113278331,3
W1981772929,3
W2077416544,3
W3139858713,3
W1980938356,3
W2071875068,3
W4295872696,3
W6683978325,3
W4213019858,3
W3118914944,3
W62989984,3
W7067847240,3
W2035605487,3
W1992452620,3
W2106652006,3
W2133505947,3
W2955434189,3
W1428339448,3
W2624678794,3
W1537214301,3
W2130222056,3
W1973737683,3
W2925515791,3
W2304820100,3
W1731268009,3
W2619036448,3
W2035225414,3
W2084494457,3
W4200355147,3
W1838171413,3
W2015299155,3
W2149697021,3
W1599923008,3
W1542568635,3
W1986037458,3
W3123200913,3
W2738252449,3
W2042975635,3
W2113576593,3
W2006273626,3
W2123591808,3
W4200516776,3
W2303651371,3
W2045507107,3
W2543167208,3
W2955842799,3
W2473758723,3
W2083017560,3
W2614578122,3
W2124591789,3
W2948712521,3
W2507589243,3
W2097381607,3
W4246536644,3
W2015894561,3
W2153808891,3
W2113876142,3
W2064504750,3
W2754343210,3
W2765595380,3
W2125990479,3
W2185238964,3
W2050604928,3
W2093133908,3
W1952932014,3
W2093802752,3
W6638148512,3
W120652324,3
W2923441371,3
W4394957664,3
W1966174923,3
W4311310491,3
W2121100956,3
W211945194,3
W2096904991,3
W2626017884,3
W2007155250,3
W3207542969,3
W2159469510,3
W2153836018,3
W1966242613,3
W2322932754,3
W2743992781,3
W175142532,3
W180180942,3
W2609700093,3
W2783247289,3
W2491207706,3
W2903878134,3
W2276391701,3
W2062917352,3
W2605654758,3
W1496549882,3
W6685260381,3
W2966055672,3
W1984963575,3
W2154065395,3
W2690203876,3
W4401742040,3
W1516534262,3
W1998788099,3
W2967108541,3
W2153621271,3
W3125057276,3
W4366821607,3
W2894020737,3
W2076603455,3
W2133619106,3
W4206207977,3
W1586816673,3
W2143754334,3
W2798823399,3
W1530688292,3
W2102236934,3
W2056885861,3
W2016175907,3
W4290779494,3
W3165414596,3
W2123201955,3
W2105714169,3
W2938654300,3
W2272738283,3
W4394846027,3
W2802739973,3
W2041175803,3
W2915581189,3
W2070850796,3
W4290702045,3
W1581293287,3
W3081569202,3
W2100844944,3
W3125315894,3
W2297052857,3
W4230171037,3
W2118386839,3
W2807605499,3
W3014556227,3
W3011564015,3
W2073834869,3
W4409966211,3
W4318317805,3
W3093653455,3
W2612590048,3
W2099375254,3
W3127384555,3
W2263408802,3
W4244273401,3
W2085677501,3
W1505287894,3
W1834409622,3
W2223470559,3
W4220734654,3
W2603138768,3
W2088997733,3
W2016994812,3
W2315845052,3
W4321446790,3
W2171391209,3
W4245387447,3
W2120241680,3
W3085992697,3
W2888403482,3
W2109496744,3
W2941284433,3
W2509128351,3
W2536347875,3
W2103392622,3
W2085081981,3
W2221016424,3
W4210599177,3
W1486739719,3
W4389163176,3
W4243586293,3
W3122114507,3
W2545804663,3
W2940959869,3
W2667482853,3
W3124334397,3
W1646365943,3
W2047036258,3
W3125792466,3
W2114389382,3
W1532030102,3
W3132164567,3
W2596741204,3
W2126175301,3
W6698259192,3
W1570570810,3
W2890573100,3
W6682754081,3
W2120990045,3
W2444508416,3
W2183163977,3
W2604551629,3
W1989327107,3
W2068380169,3
W2068303969,3
W2285456915,3
W1978413538,3
W2125468432,3
W4231966939,3
W2173713065,3
W2578824655,3
W2032448150,3
W827194100,3
W2770052833,3
W4412463204,3
W3113178943,3
W6729388029,3
W2123925594,3
W2103540174,3
W3121900324,3
W2047757403,3
W2892784771,3
W4312077050,3
W1842221770,3
W2606978082,3
W4226319085,3
W2081472103,3
W2965855809,3
W2143130292,3
W2527824850,3
W2027027411,3
W4322387855,3
W2561027321,3
W2096856326,3
W2156287675,3
W2800358593,3
W3122789501,3
W6644749215,3
W4318393808,3
W1513589322,3
W1517093203,3
W4312211864,3
W6636156832,3
W3210278555,3
W1513481229,3
W2157843711,3
W2803072236,3
W2266720907,3
W2136007084,3
W2186373104,3
W2785223164,3
W2143954917,3
W2594646780,3
W4378696432,3
W4236813358,3
W2982865544,3
W2079847775,3
W2564427213,3
W2584678375,3
W2077911444,3
W2085458973,3
W2941152347,3
W2068659236,3
W2890255293,3
W2014333726,3
W2185207235,3
W1822348759,3
W2131213453,3
W3034859546,3
W12995869,3
W1829378222,3
W2800339897,3
W1541512052,3
W2012285058,3
W1514690104,3
W4387784524,3
W2750988637,3
W3200743993,3
W2919127399,3
W2167990168,3
W126774542,3
W2116415287,3
W2153571033,3
W4220865928,3
W2036939042,3
W2573165263,3
W2321396344,3
W2094449984,3
W2053287375,3
W2587588226,3
W2104575289,3
W4385447375,3
W2809342770,3
W2048541265,3
W3010303472,3
W6730314920,3
W1558805672,3
W105318348,3
W2225666928,3
W2535808143,3
W4376603879,3
W4211031559,3
W3123248704,3
W2598307361,3
W3018775119,3
W2061002369,3
W2144978826,3
W2599034315,3
W4386535771,3
W2052462306,3
W2126930838,3
W2913369221,3
W2317123262,3
W2051537445,3
W2172372624,3
W2116015363,3
W2031693482,3
W1480549667,3
W2917602071,3
W4387140997,3
W4223492786,3
W2052318451,3
W2161365112,3
W2112224760,3
W4382752066,3
W2114035339,3
W1977533879,3
W3015930148,3
W1718246099,3
W1597088551,3
W2766889693,3
W2047459152,3
W2164926245,3
W2001045315,3
W2172803830,3
W2172274075,3
W1752292637,3
W2606956625,3
W2126586836,3
W2221793466,3
W3155211182,3
W2999147585,3
W2162802625,3
W3122234520,3
W1969716227,3
W4255996274,3
W3185291122,3
W2745118812,3
W2035583741,3
W590291065,3
W2941192187,3
W2553106273,3
W3032951504,3
W4285493316,3
W4255895354,3
W3210212374,3
W2153522157,3
W1503419913,3
W2140252048,3
W2122543205,3
W4384881273,3
W2924626332,3
W1850322291,3
W3119661369,3
W1551636723,3
W4401779766,3
W3184651103,3
W3124664669,3
W3087666231,3
W2055498967,3
W2087191084,3
W2618226691,3
W2137677207,3
W4289879048,3
W2162159885,3
W3027084736,3
W2730095486,3
W4283821283,3
W139828295,3
W2223387210,3
W2055034544,3
W2588500372,3
W2067773960,3
W2086155416,3
W3044529869,3
W2081628501,3
W2076348955,3
W1483779370,3
W2075746115,3
W2281344267,3
W3164199341,3
W260157704,3
W2507463693,3
W2157619495,3
W2097399250,3
W3120696321,3
W2022372919,3
W2755950973,3
W2508047929,3
W2809636981,3
W3186049202,3
W2147215867,3
W2504975721,3
W3037877132,3
W2168507935,3
W3096765754,3
W2337100750,3
W4302321909,3
W2011499433,3
W2126084466,3
W1997261156,3
W2969643771,3
W2042957883,3
W2117155148,3
W1939526929,3
W2902710673,3
W2062961919,3
W3165723227,3
W3128089272,3
W4210710431,3
W4296100182,3
W2418480909,3
W6812779688,3
W3017064379,3
W2028486450,3
W4205099875,3
W1495661518,3
W1573316177,3
W2088321962,3
W4388672776,3
W2007344889,3
W2282898429,3
W4410375773,3
W2998324661,3
W1534798215,3
W2572528076,3
W2761290721,3
W1970728676,3
W2972706087,3
W2046495972,3
W3161463428,3
W2149137912,3
W2004672879,3
W2981583006,3
W2788178807,3
W2419482701,3
W3098561521,3
W1555579846,3
W2040619523,3
W1876003438,3
W2513901369,3
W1993255894,3
W4321792759,3
W1644958230,3
W1968179357,3
W2509003049,3
W3010260642,3
W2894983827,3
W2996368090,3
W3087191008,3
W4239572789,3
W2752556434,3
W2590382931,3
W2071855775,3
W3034740365,3
W3184849017,3
W2155261642,3
W2109962974,3
W2128892412,3
W2163339882,3
W3005425417,3
W2018677459,3
W216487007,3
W2068151852,3
W2095309860,3
W2572331255,3
W2163352017,3
W4238055618,3
W2542261586,3
W2899332377,3
W1655945003,3
W2140964565,3
W2072598561,3
W2001790153,3
W2519113257,3
W2051792100,3
W2025675514,3
W1980748625,3
W1552453112,3
W2171863813,3
W4230025479,3
W1560681856,3
W2016468369,3
W2002964336,3
W1978302395,3
W2023255215,3
W568047347,3
W2792809942,3
W2271773439,3
W2538546312,3
W2164436695,3
W2789732774,3
W2130633309,3
W2165893637,3
W2066823663,3
W3124411007,3
W2041194205,3
W2766552851,3
W6633427812,3
W3197295815,3
W2791073892,3
W2001180485,3
W3092340648,3
W2104971230,3
W2897730719,3
W2089293234,3
W2565411320,3
W2133690492,3
W4255485297,3
W1590828610,3
W2990211169,3
W2905566357,3
W4226025056,3
W2099756352,3
W2121690051,3
W2031417866,3
W2073059893,3
W2158153566,3
W573794525,3
W2147920244,3
W6722536078,3
W2809465889,3
W3148606947,3
W1997969710,3
W2151999777,3
W2963089996,3
W2895514828,3
W2077748588,3
W4327893759,3
W3125795336,3
W2794966055,3
W3030061796,3
W2201573493,3
W1988578099,3
W2056330418,3
W327684465,3
W3088848295,3
W2051691012,3
W4313331487,3
W2633052351,3
W2607471505,3
W2006820260,3
W1833168476,3
W2265547533,3
W1890107620,3
W4205727706,3
W2991343601,3
W3087566629,3
W2892810162,3
W3174372545,3
W108961864,3
W2514855112,3
W3126606011,3
W2905107017,3
W2038681420,3
W2004764703,3
W2804395384,3
W3145117133,3
W591535325,3
W1606149403,3
W2410083900,3
W1875145339,3
W2129783473,3
W3123121782,3
W2116846124,3
W2609980636,3
W2097572013,3
W2938755180,3
W1604018424,3
W2165461383,3
W2147148359,3
W3165888337,3
W2342135521,3
W2783871234,3
W2080461766,3
W2021831132,3
W3157738910,3
W2984690650,3
W2073550249,3
W2565868704,3
W2112386406,3
W2084868063,3
W2034029746,3
W4200335988,3
W2551503114,3
W892114975,3
W3042329418,3
W3197643440,3
W3100199461,3
W2333967089,3
W2465587637,3
W1482899450,3
W2898248972,3
W2946273565,3
W1954253221,3
W2033943395,3
W2788584347,3
W2791943375,3
W2100673825,3
W2077752423,3
W2783298138,3
W2123713742,3
W861264498,3
W1814560945,3
W2040809055,3
W1602659953,3
W2009469667,3
W1970556766,3
W1211544778,3
W1547362857,3
W1508541848,3
W2317641676,3
W2041504781,3
W1987614881,3
W1519787000,3
W2106801488,3
W2031652562,3
W1974138524,3
W3205168576,3
W2285064607,3
W2915014906,3
W2078695141,3
W2919152054,3
W3205841406,3
W6680166512,3
W1980029384,3
W2977332898,3
W3123762435,3
W2136290996,3
W2101223184,3
W2071808888,3
W2319545630,3
W2788493275,3
W2013755013,3
W2137188298,3
W1606956928,3
W2546044081,3
W1572476106,3
W3113192949,3
W3120591033,3
W7052613949,3
W2757102638,3
W2157210661,3
W2548982739,3
W1572823864,3
W3036214002,3
W2891092129,3
W1127619346,3
W2077589521,3
W6630229269,3
W3122812581,3
W1506456477,3
W4285588827,3
W2072264170,3
W2204869458,3
W2174623243,3
W234531965,3
W586717721,3
W2076059989,3
W2621340259,3
W2969365316,3
W3105628008,3
W4307833129,3
W3034793311,3
W2729572063,3
W1607777818,3
W2088035212,3
W2047242196,3
W2238150137,3
W4210525134,3
W3125801360,3
W4403430197,3
W1978533293,3
W2158093589,3
W2082005903,3
W2903969046,3
W1970571177,3
W2123769766,3
W3161822775,3
W2553979353,3
W3133644493,3
W2038276976,3
W2108232910,3
W4224254779,3
W2091722797,3
W4290975005,3
W2110830247,3
W2187938748,3
W1997992268,3
W3118235016,3
W2011803017,3
W4200473206,3
W3123569544,3
W6607201117,3
W3012821092,3
W1481895249,3
W2062751507,3
W2791027054,3
W3018965554,3
W4225738735,3
W2105438011,3
W1583412610,3
W1971106327,3
W2607022416,3
W1603198064,3
W2233418984,3
W2133940432,3
W2110588536,3
W3085986236,3
W4285726669,3
W2903864734,3
W2228033673,3
W2012840428,3
W3027434846,3
W2026405711,3
W2125104796,3
W2332156359,3
W1970931633,3
W2975696561,3
W1977405560,3
W4214540443,3
W2167557672,3
W2608925075,3
W362176348,3
W2095813565,3
W1877295439,3
W1975834594,3
W4220879962,3
W1590690875,3
W2333589922,3
W1987923127,3
W4245198606,3
W2414400285,3
W2045066773,3
W2794227554,3
W2213574772,3
W2014669822,3
W2093701643,3
W2069529770,3
W2049296695,3
W2338740270,3
W2106789212,3
W2114143153,3
W1897057763,3
W2758445864,3
W3125982815,3
W2155931181,3
W3042658792,3
W2176720079,3
W2997221478,3
W2143943407,3
W2084372040,3
W2077610253,3
W2037968719,3
W2093445223,3
W4291237291,3
W2031045109,3
W1966222278,3
W2990634740,3
W2887804286,3
W2799888224,3
W1973203813,3
W1908188772,3
W2133166320,3
W3196887554,3
W4387745205,2
W3083297461,2
W1810690936,2
W180632166,2
W632488895,2
W2111385471,2
W2036288240,2
W4220978334,2
W2536961018,2
W2772884018,2
W2041316749,2
W2126333821,2
W24765036,2
W2780215148,2
W2768478557,2
W2073117151,2
W2170223075,2
W2235477717,2
W6643899524,2
W2260156753,2
W3121359605,2
W2988075951,2
W2557183304,2
W2045906572,2
W4280526353,2
W2125362994,2
W2137344397,2
W4296162587,2
W1977593669,2
W2158144337,2
W2264944111,2
W2143488114,2
W1623624356,2
W2063845273,2
W6747797265,2
W6642169049,2
W2073506374,2
W2010628271,2
W1759390483,2
W2099617520,2
W3035764467,2
W4391446881,2
W2043867338,2
W1491143234,2
W2966152344,2
W1920121306,2
W7074141972,2
W4399328359,2
W2967465701,2
W3013554400,2
W2000919085,2
W345694396,2
W1972901786,2
W1905319529,2
W2160172778,2
W2071121251,2
W2603447554,2
W2160524427,2
W2755571890,2
W1966976587,2
W2012839008,2
W2126982687,2
W1420731781,2
W2015651927,2
W4247187694,2
W72417591,2
W2164106811,2
W1199118532,2
W2113991325,2
W1463558478,2
W2159147610,2
W2045116756,2
W6634860327,2
W1595225627,2
W1931040044,2
W4247476811,2
W6716961342,2
W2180226266,2
W6732073707,2
W2151742121,2
W4367369560,2
W1856117400,2
W3158432560,2
W4313364115,2
W2129713301,2
W1976386631,2
W4241004190,2
W2157278057,2
W4308981682,2
W2125452506,2
W2036937319,2
W644367346,2
W4200150536,2
W2094721943,2
W2003934805,2
W2135910563,2
W2043913465,2
W2914094209,2
W1943914253,2
W2136283090,2
W4230354434,2
W1974963567,2
W2805754754,2
W2187500278,2
W2129495217,2
W4289256772,2
W1694605583,2
W1676440863,2
W4205310117,2
W2100021105,2
W2588645805,2
W3108616469,2
W840065791,2
W95556378,2
W2608377972,2
W2478078244,2
W2954382045,2
W2741232679,2
W4386993743,2
W4287837765,2
W2980763865,2
W77684312,2
W2476607352,2
W1539776946,2
W7074047725,2
W1910630854,2
W2152991801,2
W2322081896,2
W581904818,2
W2485636125,2
W2579066119,2
W4367625251,2
W2062212309,2
W2099293260,2
W2156853347,2
W2332783197,2
W2039555502,2
W4283593287,2
W175739926,2
W4232810584,2
W2060975739,2
W4363664625,2
W2114371503,2
W6885177088,2
W3121768534,2
W2993250673,2
W1483854094,2
W2026421091,2
W1971537457,2
W2025761392,2
W2146803994,2
W2056350529,2
W2610513309,2
W4312175844,2
W2135515058,2
W1985453064,2
W3124501066,2
W4286111557,2
W3122984614,2
W1904938849,2
W2079069750,2
W2799598199,2
W2497887686,2
W1969744056,2
W1957434625,2
W2593539051,2
W2041721338,2
W2620148169,2
W3070059731,2
W4308122133,2
W2097063385,2
W2130717231,2
W2165748306,2
W2405125389,2
W2312556157,2
W1491568106,2
W2787546552,2
W2140956556,2
W2246657697,2
W2892791935,2
W4254393593,2
W2098998591,2
W2173940411,2
W2026580410,2
W3123027533,2
W2137320167,2
W2477889585,2
W2022943732,2
W2768850224,2
W2590462656,2
W2069510752,2
W116861775,2
W1597320241,2
W2040244529,2
W2035389447,2
W1553785727,2
W6679631408,2
W2168630917,2
W1554746077,2
W3125301385,2
W1545939578,2
W2082589306,2
W1968553315,2
W4289528988,2
W1964608889,2
W2150088027,2
W2886443073,2
W2259797772,2
W1517160428,2
W2171556940,2
W2064028391,2
W2154180993,2
W1547836565,2
W2982363593,2
W2123166269,2
W2790084193,2
W2030769837,2
W2055551906,2
W2101661555,2
W2012733495,2
W4229936150,2
W2928629436,2
W2125953452,2
W2467482127,2
W2277885973,2
W2792696627,2
W4384281973,2
W2981679558,2
W2166129536,2
W2286573063,2
W2766802481,2
W2884570843,2
W4388593993,2
W6687643929,2
W2099020549,2
W4387056375,2
W1967374750,2
W1544666594,2
W2014534309,2
W2183326747,2
W184731416,2
W2050922521,2
W1495727093,2
W2012903179,2
W2898770550,2
W7046152930,2
W2009700413,2
W2064638174,2
W2338542958,2
W4205980546,2
W2900697516,2
W2730019295,2
W2307463174,2
W2929958362,2
W2617778085,2
W2403696158,2
W1520007520,2
W3154206209,2
W4240604245,2
W6819301617,2
W3178295071,2
W2794008720,2
W1520497097,2
W3096251073,2
W2109268320,2
W1558422206,2
W2164654252,2
W2898584746,2
W2026569930,2
W2015439387,2
W2560509640,2
W78088847,2
W2015535079,2
W2785932292,2
W2803183485,2
W2777339063,2
W4381616037,2
W2064531119,2
W2107722421,2
W2795128489,2
W2340009796,2
W591536618,2
W2552856035,2
W2749422484,2
W6687374321,2
W1598000375,2
W2749168366,2
W2168138560,2
W1550949389,2
W6685081476,2
W2621358206,2
W4283071226,2
W2524198216,2
W2505178458,2
W2124463544,2
W1972190827,2
W1866673600,2
W3090397070,2
W3062817508,2
W2143201841,2
W1869254260,2
W1978371266,2
W2294815854,2
W2098780977,2
W2610268986,2
W2008206813,2
W2151417128,2
W2014727481,2
W6781349999,2
W3123758458,2
W2608513071,2
W1975849817,2
W4386187906,2
W4213346671,2
W2579050191,2
W3089025004,2
W2050526631,2
W2797471776,2
W2266198524,2
W6774907774,2
W4311180574,2
W3122283892,2
W2183148172,2
W6603884777,2
W3147762495,2
W6640447535,2
W2121616142,2
W2548311018,2
W6631082021,2
W2916416321,2
W2099041359,2
W2319120141,2
W2139388783,2
W6677881196,2
W1969497397,2
W2772809998,2
W2170041501,2
W2514101360,2
W2133699833,2
W3042546996,2
W2146768426,2
W2159683395,2
W1770411041,2
W2889950492,2
W2079032770,2
W2945424687,2
W2487395700,2
W2102418730,2
W2120643267,2
W2921492481,2
W2081774187,2
W2094979031,2
W2130233101,2
W2526247873,2
W6601104142,2
W2038101700,2
W2036021510,2
W1819173779,2
W4388185934,2
W2124968310,2
W2075623847,2
W3147133440,2
W6692163151,2
W3188465708,2
W1545848064,2
W2988825696,2
W2915488395,2
W2938236930,2
W2075678409,2
W2910660605,2
W3121556564,2
W6791893364,2
W3096885956,2
W1560371066,2
W2952880161,2
W2095894411,2
W4402330496,2
W2056299137,2
W2106115490,2
W2057012119,2
W1966518345,2
W765315956,2
W2790841064,2
W2125173032,2
W2605890199,2
W2047396478,2
W2282465191,2
W94871420,2
W3034137377,2
W6603797748,2
W3191183341,2
W2791801034,2
W1507709938,2
W2761829666,2
W2103461797,2
W2528416142,2
W3183206052,2
W2729173666,2
W2056317328,2
W4390109941,2
W2331437898,2
W1957695283,2
W4377206063,2
W2603820452,2
W2122280544,2
W2113014022,2
W3109311981,2
W1976363636,2
W609151232,2
W2112997260,2
W2069048834,2
W1862527933,2
W2030960329,2
W796142690,2
W2905015893,2
W2120549788,2
W2971739269,2
W2908990704,2
W2160591228,2
W3190289377,2
W2560829224,2
W2098263917,2
W2313174010,2
W2187557124,2
W2320616603,2
W2745098867,2
W2509512774,2
W2607485706,2
W2153879249,2
W2801997734,2
W4313481802,2
W4299886760,2
W2087181406,2
W2104121829,2
W1998762001,2
W6652682569,2
W2127329266,2
W2899564791,2
W2609310760,2
W2090238015,2
W2051324808,2
W2115989208,2
W4205440709,2
W4200328017,2
W2131609124,2
W3032921149,2
W2168625439,2
W2602130741,2
W2272927507,2
W64932977,2
W1750936040,2
W4382657039,2
W2070994979,2
W4240697263,2
W2791420451,2
W2022506120,2
W2986955846,2
W1498402404,2
W1467477393,2
W2105526755,2
W2117644986,2
W4386833370,2
W1965075261,2
W2894835550,2
W2121369371,2
W2161596395,2
W2105016127,2
W3209578170,2
W2126070723,2
W3042065950,2
W156031536,2
W2530740904,2
W2122472150,2
W2152390218,2
W2082560147,2
W2024968204,2
W2240575314,2
W1996073641,2
W2894543793,2
W2974529635,2
W2609444679,2
W2023698319,2
W2274310933,2
W2134783879,2
W3125848862,2
W2919510156,2
W2891645949,2
W3119140450,2
W3148994211,2
W4237443986,2
W6621449512,2
W3214061657,2
W3102565108,2
W4281256048,2
W3210971375,2
W2170818341,2
W2166366481,2
W2613361558,2
W2888977718,2
W2555729844,2
W2166372413,2
W2113951311,2
W1623697691,2
W6792126375,2
W4229079526,2
W2068641851,2
W50548619,2
W2526564438,2
W2747308215,2
W2551402509,2
W1986986892,2
W2596640152,2
W1924487771,2
W2919112743,2
W2173024742,2
W1982569721,2
W1969898306,2
W2776963407,2
W2676904819,2
W4403565056,2
W2030791123,2
W4200249081,2
W2127502158,2
W4384469426,2
W2975076262,2
W1497557685,2
W2615677123,2
W2079817264,2
W2120394603,2
W2332300176,2
W2125881500,2
W3038622338,2
W2050930712,2
W3135224020,2
W2125101272,2
W2117161122,2
W4206060361,2
W2036272090,2
W2119566762,2
W2155338500,2
W2107466701,2
W2105321265,2
W2014225474,2
W7034472801,2
W7055625124,2
W2339879593,2
W2160174247,2
W1994775237,2
W2163493175,2
W2134750481,2
W2012779330,2
W2605510553,2
W22001868,2
W2181502777,2
W1977730005,2
W2087267345,2
W2055370728,2
W2561759926,2
W2120385927,2
W2808044704,2
W2889100304,2
W2148643090,2
W2941425327,2
W1999765572,2
W2947511672,2
W2551557417,2
W1924804456,2
W3141372962,2
W2073623066,2
W4384211822,2
W2293034001,2
W4205293541,2
W3193155330,2
W2054646307,2
W2025515024,2
W2146630511,2
W2947244609,2
W4205636999,2
W6906762417,2
W2047823236,2
W2144120780,2
W4223904728,2
W2185902749,2
W4224950661,2
W2071758216,2
W3121829414,2
W2800545318,2
W3125985291,2
W2041129755,2
W3122168602,2
W3121143221,2
W6754512814,2
W2896042335,2
W2894663093,2
W2069403152,2
W2901982943,2
W2106129796,2
W1967640975,2
W2750514788,2
W2763443614,2
W2018351919,2
W2117683604,2
W4378416758,2
W2049008629,2
W2768357792,2
W2793105795,2
W2739358083,2
W1573475873,2
W4392458466,2
W1978808692,2
W2766312121,2
W2022498633,2
W2257301905,2
W2574735439,2
W4289740426,2
W6721212841,2
W2493617532,2
W1996890734,2
W1987766210,2
W2738943615,2
W1491244022,2
W4300884444,2
W2072024963,2
W50300157,2
W1990280905,2
W2559928430,2
W2767675215,2
W2121937773,2
W2085581015,2
W2187496244,2
W2791285711,2
W2963608071,2
W2345359603,2
W2899403941,2
W4296545301,2
W2114887320,2
W1543497059,2
W2805714281,2
W3168747817,2
W2016042041,2
W3014984146,2
W2171373567,2
W4212908075,2
W4285593008,2
W2965916057,2
W3022265520,2
W2026036082,2
W1504480307,2
W3118102466,2
W1678221914,2
W1885866549,2
W634616414,2
W2767387495,2
W2937961140,2
W3004324930,2
W4316928788,2
W2141253513,2
W2966476223,2
W2736385295,2
W2762446530,2
W2283955056,2
W2039970658,2
W2899518058,2
W1502495317,2
W1603683491,2
W4200045794,2
W2968499902,2
W4324259135,2
W2012737242,2
W2962228230,2
W2981786000,2
W2779352005,2
W7008511845,2
W2151468139,2
W6630436511,2
W2520609199,2
W2168592380,2
W4386425169,2
W2909291332,2
W2969328745,2
W3169468472,2
W2528601615,2
W2800951838,2
W2109688565,2
W4250365305,2
W1654360807,2
W2004264717,2
W4242933511,2
W2807298566,2
W1983830017,2
W1993349169,2
W2559022233,2
W3091416977,2
W622444871,2
W2131368080,2
W3088185153,2
W4311677168,2
W4230792549,2
W4313948114,2
W2538753246,2
W2138207815,2
W2140470578,2
W2389241771,2
W1962969779,2
W2038437907,2
W2137076047,2
W1985900766,2
W4376131882,2
W622505694,2
W2802302644,2
W3044969744,2
W1980501703,2
W2056370185,2
W2099953502,2
W1982845289,2
W2811079436,2
W1986620370,2
W3120229097,2
W3042299103,2
W2153015675,2
W2075824192,2
W4402846504,2
W2903950532,2
W2911964244,2
W1999505698,2
W1897690579,2
W4318035436,2
W3048560297,2
W7000872891,2
W2138632812,2
W2808449972,2
W1996993917,2
W2335694045,2
W2146523770,2
W1712922378,2
W2462023428,2
W6735650891,2
W2539271871,2
W4235401421,2
W2134193333,2
W2143899134,2
W2275068428,2
W3126094737,2
W6640769262,2
W2148031485,2
W2993558626,2
W2023151017,2
W4391268108,2
W2913649433,2
W2887916213,2
W2017872991,2
W1851640180,2
W2901299564,2
W2555782333,2
W2546545424,2
W2183854838,2
W2898835450,2
W2741191367,2
W2518713599,2
W2108289191,2
W2549066001,2
W2157757373,2
W1979613159,2
W63003287,2
W2918052300,2
W2387674364,2
W202954878,2
W3209602127,2
W2345001946,2
W3044139532,2
W2515199463,2
W1566776308,2
W2805344652,2
W2505531600,2
W4380051686,2
W2346761130,2
W1995606548,2
W2131388736,2
W4226166722,2
W3036952529,2
W4313590573,2
W4313399855,2
W2156100400,2
W2029581543,2
W2920979972,2
W2097387720,2
W1976812151,2
W6768381052,2
W1512212795,2
W1992304074,2
W1995854068,2
W2134586100,2
W2553811005,2
W2077300951,2
W2149131800,2
W2142418899,2
W3175202648,2
W2169428949,2
W2598003637,2
W3047914723,2
W3166361755,2
W2738226772,2
W2163071435,2
W4296598401,2
W1966131504,2
W2397791882,2
W2475088609,2
W4223909100,2
W2800315143,2
W3037233141,2
W2035301742,2
W2888240721,2
W4401710758,2
W1994153666,2
W1517542210,2
W2040647306,2
W4318671816,2
W128253512,2
W2127053091,2
W2047528606,2
W2124076898,2
W3200407228,2
W6640639739,2
W2133758622,2
W2120632610,2
W2888011912,2
W2120939719,2
W2556317181,2
W2355274730,2
W2028401854,2
W2342720426,2
W2930882734,2
W2416130924,2
W79229537,2
W2122992752,2
W2039962140,2
W601647031,2
W2029706139,2
W4390838291,2
W1998222497,2
W2030176616,2
W2120814070,2
W2079655133,2
W2063307665,2
W2111164038,2
W1844595549,2
W2743983219,2
W2143680823,2
W2145534515,2
W2260696519,2
W3047780202,2
W2173312198,2
W2091670392,2
W2800017325,2
W1973628995,2
W6722973142,2
W1970421580,2
W32735836,2
W2132165965,2
W6991960345,2
W2018582004,2
W3165517670,2
W2146062321,2
W3189315579,2
W2503104752,2
W4388361257,2
W2150237176,2
W4380872795,2
W4313316222,2
W2072676031,2
W1804644284,2
W3216902788,2
W2977491742,2
W2769395623,2
W2094778682,2
W2995140282,2
W2923711499,2
W2900946026,2
W3046801469,2
W4321381141,2
W2593469380,2
W2052879729,2
W2001263176,2
W4405884555,2
W818927740,2
W2097807832,2
W2771822488,2
W2898307104,2
W6681701151,2
W2132155245,2
W4200200414,2
W2149328406,2
W1998719437,2
W1970287300,2
W2160586318,2
W2030851207,2
W2062194362,2
W2123058830,2
W2412038239,2
W2103785939,2
W2552816633,2
W2781555326,2
W2463291031,2
W2106579674,2
W2064416280,2
W3122029901,2
W6661214943,2
W2135248273,2
W2150604865,2
W4311949652,2
W27036448,2
W2117941873,2
W4293724066,2
W55259784,2
W1489306988,2
W4280517853,2
W1703209296,2
W1999030462,2
W2105522759,2
W2100962980,2
W2990799908,2
W1488775028,2
W2794062958,2
W2945616693,2
W6653085970,2
W2890595120,2
W2153869114,2
W2077858109,2
W4308914591,2
W2056683859,2
W2099712503,2
W2160010213,2
W147942673,2
W1979522819,2
W744756824,2
W101048444,2
W2980659880,2
W2107225265,2
W2171380100,2
W6714241034,2
W2165372045,2
W2993926424,2
W2410619602,2
W2090893935,2
W2340197267,2
W2311794905,2
W2087415118,2
W2002254829,2
W2500895285,2
W2835863254,2
W4283315067,2
W4285386693,2
W3004006250,2
W2469631362,2
W2920857894,2
W1914943723,2
W2990553120,2
W4301430913,2
W3025594482,2
W1927891414,2
W3170627798,2
W2071033740,2
W4225545921,2
W2313271156,2
W2971948321,2
W2528802374,2
W2157117527,2
W4307867700,2
W2126192745,2
W2911987285,2
W2966867846,2
W2181626320,2
W3044740340,2
W3007494676,2
W2110710708,2
W2527886487,2
W2903611775,2
W2070473873,2
W144532748,2
W2128248053,2
W4322503800,2
W2932020605,2
W2185410727,2
W3159301519,2
W3043826102,2
W1543528645,2
W2152095411,2
W4230002081,2
W2069058238,2
W6640226996,2
W2267267066,2
W2545023697,2
W3125340135,2
W2055818951,2
W1998778493,2
W2127259632,2
W2947985696,2
W6680708985,2
W6687554518,2
W2794403708,2
W2064962002,2
W1533656127,2
W4200150488,2
W2189165233,2
W6640560404,2
W2762341618,2
W3133154620,2
W2960882226,2
W2038928177,2
W2058864747,2
W2049981660,2
W161500831,2
W2028040032,2
W2573115026,2
W3145043574,2
W2060551664,2
W3020276515,2
W2482480477,2
W2142463835,2
W2108020251,2
W2149137933,2
W1482482267,2
W2125828475,2
W2187473092,2
W1988132355,2
W2009187570,2
W2164337730,2
W2783817214,2
W2075724570,2
W2158337540,2
W3106521320,2
W2028844917,2
W2188654022,2
W2916230215,2
W1964547542,2
W2064544907,2
W2114754692,2
W4200185808,2
W1831779728,2
W3190398386,2
W3083751563,2
W1992650721,2
W2165815793,2
W1996392459,2
W2135021213,2
W2982295649,2
W4396755190,2
W2121255550,2
W2515541180,2
W1976663609,2
W1973966618,2
W3173246578,2
W2136187217,2
W2031484324,2
W2276646647,2
W2102195380,2
W4387392824,2
W2021567549,2
W4298295146,2
W2142883184,2
W2193741825,2
W2026069470,2
W6715691480,2
W1965215134,2
W6680552133,2
W2167928095,2
W6747416375,2
W3206867264,2
W4292483811,2
W6714184800,2
W2115103294,2
W1536762787,2
W347620020,2
W616449246,2
W1978403711,2
W2015369892,2
W2069197888,2
W69225762,2
W4251240079,2
W2097620132,2
W2956144548,2
W2101184363,2
W2529190008,2
W2153562738,2
W2142564577,2
W2073072414,2
W1994602037,2
W2757242173,2
W2281525987,2
W3021703888,2
W2288701754,2
W7073812219,2
W3123488478,2
W2602342471,2
W2524361857,2
W2113859194,2
W2883964556,2
W4311527324,2
W4311327454,2
W2127305651,2
W4239924666,2
W2580019113,2
W2048649953,2
W2891272118,2
W2181730470,2
W4386861957,2
W3123079052,2
W2094700196,2
W4253449495,2
W2765304416,2
W2110902709,2
W2517668233,2
W2583165000,2
W2188020839,2
W2111042804,2
W2944026575,2
W2078928720,2
W2493626960,2
W3088288226,2
W54715669,2
W2593824445,2
W2621163591,2
W2531142509,2
W2766083853,2
W2887037103,2
W2160333994,2
W4241946070,2
W2045848121,2
W6629455578,2
W2314390366,2
W4307156093,2
W3000585507,2
W2604158155,2
W2170046504,2
W4309706708,2
W2138696716,2
W2983194435,2
W2131042570,2
W3169284248,2
W2041790699,2
W2054375428,2
W2132502447,2
W2883156982,2
W2784552330,2
W2534118662,2
W2785117861,2
W2996515190,2
W4235161505,2
W3192937136,2
W6606136299,2
W2460480627,2
W2910476844,2
W2134801025,2
W2032447726,2
W2607814309,2
W1591849835,2
W4391026547,2
W2325440334,2
W2442634072,2
W2771299522,2
W2293530350,2
W2151272134,2
W2798625147,2
W2955154950,2
W2052662452,2
W6921057513,2
W3015345229,2
W2164707198,2
W4313583474,2
W4235488446,2
W2103323715,2
W2890593531,2
W4210729650,2
W2024720179,2
W1983380213,2
W3137036255,2
W1897232445,2
W584293572,2
W2770090388,2
W2418381529,2
W2005774375,2
W2082479409,2
W4251217891,2
W2018975846,2
W2799945028,2
W2079216374,2
W1521582839,2
W2409487884,2
W1972427364,2
W2115941566,2
W2943352927,2
W2396602109,2
W2051692320,2
W2207500202,2
W2233489617,2
W2052968703,2
W2162468301,2
W2033703441,2
W2013774038,2
W1970996693,2
W1853913569,2
W2157454675,2
W2135970734,2
W2922657991,2
W2044897030,2
W2735888361,2
W2240951965,2
W1965127077,2
W2093941536,2
W4205896100,2
W2100371547,2
W1551024537,2
W2970560638,2
W1996539298,2
W2330469448,2
W2224208464,2
W2765577229,2
W2024163206,2
W2141993124,2
W2624075756,2
W2981171308,2
W610135874,2
W2736252376,2
W2058993674,2
W2138896360,2
W1988011880,2
W2944728643,2
W2571196542,2
W1970083432,2
W2041640826,2
W2053061618,2
W2137637220,2
W2092325911,2
W2129284973,2
W2109533088,2
W1950932376,2
W2008986700,2
W3124412915,2
W6632577284,2
W2057730409,2
W2765166537,2
W4298673611,2
W6613173123,2
W27724948,2
W2181679328,2
W382592352,2
W2133825501,2
W3048361373,2
W4321111340,2
W1998352399,2
W2156082804,2
W2232896714,2
W6685296285,2
W2587097547,2
W2124195919,2
W2340346722,2
W4388202067,2
W2098082628,2
W2107875597,2
W2295572093,2
W2074693666,2
W1968805308,2
W2183479017,2
W4302371778,2
W3044878555,2
W2006651132,2
W1778629073,2
W1999408007,2
W2042680533,2
W2161272376,2
W3090303178,2
W2107816796,2
W1986963810,2
W2229427105,2
W2889596302,2
W27895448,2
W2148425918,2
W1486839273,2
W1827058211,2
W2269130635,2
W4311822991,2
W2802903953,2
W1981387443,2
W2494843651,2
W2138192662,2
W2792618863,2
W2905017761,2
W2590129659,2
W1484729595,2
W2138360554,2
W2085827334,2
W1527412032,2
W4246162063,2
W2142060794,2
W2119138422,2
W2901399290,2
W2133256829,2
W1585516222,2
W2899913377,2
W4321065134,2
W2101942539,2
W2915095155,2
W4238317894,2
W2581935435,2
W2150050903,2
W4247649210,2
W1923815280,2
W2065974896,2
W2516510546,2
W3091605531,2
W2166318233,2
W2132355267,2
W3124038151,2
W6641630659,2
W2171371543,2
W3158922774,2
W614961131,2
W3204415617,2
W6911856700,2
W3125741763,2
W1498312105,2
W2062505535,2
W2096196718,2
W2792633849,2
W2134202493,2
W2237368373,2
W1904300077,2
W4382986065,2
W2106630240,2
W3004336771,2
W2138099467,2
W1496131242,2
W2084058142,2
W4318472603,2
W2739564226,2
W1504183547,2
W4309684961,2
W3118442004,2
W4281669239,2
W1971841445,2
W3157707688,2
W2508997283,2
W2111860366,2
W4388834047,2
W2565076759,2
W1827652755,2
W2122231459,2
W2144782368,2
W1969446347,2
W3089577919,2
W2112688502,2
W2168041685,2
W2003759279,2
W2737098923,2
W2076281011,2
W1998316063,2
W3199320956,2
W2970886502,2
W2588801820,2
W3025268680,2
W6689649099,2
W4387222779,2
W4393392691,2
W2554579654,2
W2018378619,2
W4242847335,2
W2126132252,2
W2135267657,2
W2990109905,2
W2066644264,2
W1565137555,2
W2591580612,2
W2042446557,2
W2970013095,2
W2914471751,2
W2118353413,2
W3094822058,2
W2138930059,2
W2100187583,2
W6859322903,2
W2050628673,2
W1602046453,2
W3146237262,2
W2104578964,2
W2951181187,2
W2125522088,2
W2900509361,2
W3208081437,2
W273109262,2
W3138469721,2
W2126728600,2
W2111388089,2
W2063704608,2
W3006610116,2
W2807919061,2
W2065514019,2
W6941153406,2
W1986529385,2
W2137073857,2
W2018026049,2
W2322032798,2
W2086034131,2
W2302219948,2
W3123464746,2
W1997905729,2
W2115614768,2
W2157559860,2
W2305619088,2
W2412867321,2
W2060877821,2
W1505688816,2
W4318577724,2
W3162235779,2
W2390222880,2
W2179189142,2
W2073028009,2
W2060139770,2
W2070612687,2
W2337089838,2
W4226229814,2
W2159306398,2
W2061735592,2
W2068298736,2
W2023814131,2
W2906565251,2
W2165556152,2
W2904777291,2
W2518883984,2
W2025590776,2
W2734890108,2
W2167129043,2
W2075722930,2
W2980840970,2
W3122455473,2
W1965000681,2
W6939843544,2
W2015371757,2
W2964990002,2
W2312945574,2
W2994177502,2
W2118742020,2
W2064285120,2
W3030042220,2
W3040592706,2
W3000617624,2
W2962471769,2
W2019060717,2
W3042148006,2
W1987988138,2
W2906994370,2
W3125852143,2
W4292767185,2
W2150253470,2
W2907320415,2
W2003171521,2
W4327700647,2
W2039472181,2
W3070829356,2
W1907241400,2
W2170164482,2
W4220794383,2
W2951500305,2
W4294175999,2
W2126980369,2
W3010637987,2
W2991737297,2
W3126001394,2
W2076421871,2
W2943077196,2
W4232834477,2
W4393406356,2
W2116809953,2
W2010939937,2
W2943012432,2
W2137219548,2
W2301825110,2
W2085001923,2
W4321324436,2
W1503394250,2
W6674676611,2
W2565012614,2
W2790487467,2
W1780778418,2
W2471766071,2
W2089979684,2
W2030213327,2
W2004409151,2
W2523992697,2
W2106770863,2
W3149964755,2
W2005188955,2
W4283205499,2
W2007741618,2
W3203070655,2
W4365445382,2
W3123833473,2
W1580034870,2
W1968953502,2
W2166429665,2
W2053749860,2
W167407677,2
W2150987840,2
W2170131723,2
W2101763390,2
W2136750627,2
W194147919,2
W2106153257,2
W2551011902,2
W2083080613,2
W6681460276,2
W4210940298,2
W2122059782,2
W2980731727,2
W3083236556,2
W2743961849,2
W2288383107,2
W2755856428,2
W2561853014,2
W1973316332,2
W3032223741,2
W6807280501,2
W3125145917,2
W3122850188,2
W2146868725,2
W1509292812,2
W1981333788,2
W4399212689,2
W2170023919,2
W6683393154,2
W2903841202,2
W2166271455,2
W2129472020,2
W4211053332,2
W3000097864,2
W3008422809,2
W2886897037,2
W2050421093,2
W2556357620,2
W2970557481,2
W4285390610,2
W2442738580,2
W2535269105,2
W2011800966,2
W3106012165,2
W2004091813,2
W4212861833,2
W1919304400,2
W2119950649,2
W2109946624,2
W4210978819,2
W4380992774,2
W2920905494,2
W3022535278,2
W2076812056,2
W1985337827,2
W1572553204,2
W2057327092,2
W4365519930,2
W3128782210,2
W2165496507,2
W2118193859,2
W4385555145,2
W2133858063,2
W1513947977,2
W6630307962,2
W2071594185,2
W4362718778,2
W2745760968,2
W6681733223,2
W2119279168,2
W2611197458,2
W2144896208,2
W2597300264,2
W2398723823,2
W2955581861,2
W3108792988,2
W2066375687,2
W1998643818,2
W4285088909,2
W4318064084,2
W4327738712,2
W2052684449,2
W2883729505,2
W3007338165,2
W3124733578,2
W4388679515,2
W3082051874,2
W4388232123,2
W2946597534,2
W2148904883,2
W2803048933,2
W2122693994,2
W4303696457,2
W2946828728,2
W1546260052,2
W2329475849,2
W2168112513,2
W3121395899,2
W4400313607,2
W2902684991,2
W3037901711,2
W2272831107,2
W1979627170,2
W1969143228,2
W385265481,2
W3034582256,2
W4242484299,2
W1517679876,2
W3135414593,2
W1502323589,2
W2972164338,2
W2131511209,2
W2991678256,2
W2118004128,2
W1987447883,2
W1966209053,2
W2125313549,2
W3125073388,2
W2061229990,2
W2531269403,2
W2163328997,2
W2793994506,2
W2094895213,2
W2092380992,2
W2038642825,2
W6963178207,2
W2147222241,2
W1528728589,2
W2051904880,2
W4389608083,2
W2097711382,2
W4389339025,2
W2118199904,2
W3094627331,2
W2079834636,2
W2338847965,2
W2020992095,2
W1999509740,2
W3217043955,2
W2515742644,2
W6772847359,2
W3125711921,2
W2978796458,2
W2143552647,2
W4247297187,2
W2973862733,2
W1993586071,2
W640035020,2
W4255663149,2
W4254580584,2
W2488833751,2
W3011962481,2
W2182820949,2
W2393756967,2
W2909607159,2
W6750682591,2
W3150893739,2
W2400076486,2
W4312115352,2
W2168048924,2
W2335374771,2
W4375955545,2
W2091326347,2
W3203754708,2
W4295419523,2
W3093847127,2
W6910323,2
W129157702,2
W2144971962,2
W2055684322,2
W3122671599,2
W2599864473,2
W2790453498,2
W3124456217,2
W4205139067,2
W3122287281,2
W2154753506,2
W2105347902,2
W2028670440,2
W2793316391,2
W4379967285,2
W4309712886,2
W2115509377,2
W1480705309,2
W2897770626,2
W1555638713,2
W2136588091,2
W2149898742,2
W2092026457,2
W4244345616,2
W2776579146,2
W2147167969,2
W2131854704,2
W2593363317,2
W4410095840,2
W2112295895,2
W2092228776,2
W2795737218,2
W4362473981,2
W2903663164,2
W2087154726,2
W2612727779,2
W2970396209,2
W2735157470,2
W2736839434,2
W3011005189,2
W2026179077,2
W3197337965,2
W4364862394,2
W2594908166,2
W2021803718,2
W3122611190,2
W2971011852,2
W2987822915,2
W2025028703,2
W6735968093,2
W3196730243,2
W1981702753,2
W4212838134,2
W4223594424,2
W3137109539,2
W2934771324,2
W4308128463,2
W4206090399,2
W3003244637,2
W2507373925,2
W1976653542,2
W1235886408,2
W4383345782,2
W2892476810,2
W2151489741,2
W2046265580,2
W2226939551,2
W6784464024,2
W1567113121,2
W2735937577,2
W3157918851,2
W2780005634,2
W1558807052,2
W310534481,2
W2135875708,2
W54281539,2
W2367691352,2
W2083408233,2
W1851815690,2
W2093405910,2
W110750246,2
W2039028164,2
W2323607337,2
W2133986192,2
W2507568276,2
W2019909389,2
W4387094984,2
W2198334739,2
W2555901144,2
W2058740321,2
W2324003107,2
W2775218087,2
W2762545764,2
W6680078092,2
W3122813926,2
W2405058810,2
W2989277563,2
W2139080455,2
W2100204575,2
W1957834601,2
W4225126653,2
W4298088750,2
W2140204491,2
W1547450212,2
W3125688497,2
W2107632228,2
W3126140319,2
W4384822980,2
W2095999795,2
W6638873058,2
W1972156305,2
W2046288871,2
W4384558817,2
W2324674482,2
W2947339909,2
W2137094080,2
W2759624968,2
W2913884000,2
W1889315823,2
W2038674454,2
W76279491,2
W2001458637,2
W2135444187,2
W141764563,2
W2094736317,2
W2753994282,2
W4210692552,2
W2040970769,2
W2145709650,2
W2073738887,2
W4385552660,2
W3110645136,2
W1587682423,2
W4210753904,2
W2112954167,2
W2060004321,2
W2167210092,2
W4308018167,2
W2106458263,2
W2529231227,2
W2151610803,2
W2914716014,2
W3126080930,2
W1971242683,2
W6636711713,2
W1964015953,2
W2735760591,2
W50326776,2
W2131237414,2
W2126637272,2
W3124973668,2
W607021619,2
W2129814907,2
W3094509117,2
W1996299251,2
W2059053591,2
W2984749486,2
W6673715058,2
W2489147205,2
W77440989,2
W3122485538,2
W3125684765,2
W2027729617,2
W2181626622,2
W2109069895,2
W4389627373,2
W2114691160,2
W2166266395,2
W2470592829,2
W122033066,2
W2124077120,2
W2783439708,2
W4404761150,2
W1993407182,2
W2054968824,2
W2050679659,2
W2899694056,2
W2077567616,2
W2155883884,2
W2133659467,2
W4403165434,2
W4225649473,2
W2020829421,2
W2107587298,2
W1977039072,2
W3005069649,2
W3110140927,2
W2026666024,2
W2492358331,2
W2189372750,2
W1483925216,2
W2103376835,2
W1742402994,2
W2796856748,2
W4403155018,2
W2099440239,2
W2482758816,2
W2920466137,2
W6682867861,2
W2152394665,2
W2019347418,2
W2954022089,2
W905902807,2
W2132391433,2
W4392557419,2
W1512187703,2
W4237387265,2
W3165095230,2
W2226821880,2
W4293098276,2
W2900452435,2
W4317567989,2
W7014793676,2
W2164965431,2
W2006658237,2
W2143316808,2
W1997496675,2
W6604975674,2
W1759081091,2
W3039243857,2
W2211411397,2
W2138845312,2
W1990579800,2
W4231001068,2
W6629001194,2
W2983785510,2
W2089557853,2
W1495304277,2
W3013617257,2
W1901897669,2
W2901979797,2
W2050535797,2
W2132331489,2
W2886348195,2
W1607324854,2
W4388673972,2
W2613589833,2
W2050260442,2
W614119923,2
W2139529073,2
W1492464734,2
W6613116853,2
W3018852072,2
W2171738165,2
W2084606348,2
W1966172654,2
W2808472893,2
W4312019074,2
W2114095288,2
W2058843821,2
W2995020610,2
W2034760076,2
W2266050978,2
W2524101046,2
W2029445248,2
W2138907431,2
W2430584179,2
W2761030136,2
W3106820637,2
W2120637537,2
W2968250169,2
W2025019820,2
W1971382196,2
W1800988095,2
W2010273779,2
W4200584507,2
W4294087153,2
W2339115239,2
W2018889373,2
W2107834306,2
W2557577475,2
W2501221799,2
W2023683684,2
W3121975221,2
W4392242931,2
W2263513185,2
W3197762111,2
W2619731159,2
W2095998655,2
W2297799831,2
W2760087629,2
W2905463520,2
W2905051509,2
W2108515141,2
W3088624264,2
W2600989162,2
W1567762635,2
W6611432511,2
W3125414722,2
W2778210307,2
W2030155337,2
W2969186651,2
W2803849920,2
W4210656888,2
W4298089140,2
W2610908951,2
W1542999848,2
W2257596843,2
W1566879902,2
W2562074143,2
W2505761540,2
W2312485475,2
W2118001596,2
W1576779886,2
W4312095132,2
W3096087923,2
W2558562296,2
W2186596959,2
W2414976195,2
W2048989002,2
W2912906657,2
W2957677163,2
W1608170983,2
W2312567361,2
W2619846844,2
W2894439351,2
W2109903232,2
W2134141282,2
W2161215293,2
W2062223615,2
W6675552428,2
W2029125978,2
W2075365153,2
W3149415072,2
W2066594761,2
W2786551853,2
W588953449,2
W2946731582,2
W2028792052,2
W2755985819,2
W3194472989,2
W2059961104,2
W2579105374,2
W2247714842,2
W2156813589,2
W4289637895,2
W2783363924,2
W2992247879,2
W4206528548,2
W2035405764,2
W2042915520,2
W2130871916,2
W2038290762,2
W4225263205,2
W2171449678,2
W2323284380,2
W3020782419,2
W4225135687,2
W4247872935,2
W2185370163,2
W4200006447,2
W6628677602,2
W2135379112,2
W2206217161,2
W2904295190,2
W407292500,2
W6699125915,2
W4206339806,2
W2343806465,2
W3037770156,2
W4307633670,2
W4206612645,2
W2884976015,2
W1557478830,2
W2741926893,2
W2012475523,2
W2109836039,2
W4319297863,2
W2151739272,2
W4226360241,2
W2209187880,2
W2771758828,2
W2998317620,2
W2783597635,2
W2955977105,2
W1517229207,2
W3017993072,2
W2135308878,2
W2323132578,2
W3186723371,2
W2760604681,2
W4230574170,2
W2810453292,2
W6648760596,2
W2946268147,2
W2100545607,2
W2036007892,2
W2085779002,2
W2924356272,2
W2253498187,2
W4210970824,2
W2597914782,2
W2510948742,2
W2800654492,2
W2413162513,2
W2101369668,2
W2901028409,2
W2406858142,2
W2097780461,2
W2773437073,2
W2171735111,2
W2016256837,2
W2755883554,2
W2059437735,2
W3137153261,2
W2957580517,2
W6685806935,2
W2949046113,2
W4385476120,2
W3035803901,2
W2100032921,2
W2102635611,2
W3127103320,2
W4382362186,2
W2134368355,2
W2026723594,2
W2182480288,2
W2906204507,2
W2014261733,2
W4403420082,2
W4394824366,2
W4283259411,2
W2115028778,2
W189809314,2
W2285592840,2
W2158543557,2
W2923875968,2
W55368885,2
W3093477106,2
W2154386099,2
W6828190990,2
W2581144065,2
W3124713339,2
W2266871031,2
W2152869418,2
W3089069670,2
W2751732558,2
W1484968493,2
W3123329895,2
W1981042462,2
W2082821151,2
W2011733013,2
W2109635816,2
W2052755559,2
W1968346944,2
W2100856459,2
W1564868126,2
W4230257754,2
W2133257555,2
W3191054711,2
W2511222657,2
W1803273808,2
W2233086909,2
W4385483235,2
W4233450321,2
W2015696265,2
W207287660,2
W2149793991,2
W2152914993,2
W2010627168,2
W1550568050,2
W2117135774,2
W4385442739,2
W4391677550,2
W2116275538,2
W2055906764,2
W2995082518,2
W2764864215,2
W2604369263,2
W2036933668,2
W2338289743,2
W3124325738,2
W1528166777,2
W2491065701,2
W2769186987,2
W191876117,2
W1970551465,2
W2042916741,2
W155758830,2
W2158321755,2
W2211532273,2
W2947562099,2
W2895371665,2
W3204752253,2
W2100724669,2
W4245088298,2
W2480389962,2
W3089111657,2
W2074370163,2
W2800656328,2
W1993458775,2
W2114723385,2
W2047661994,2
W2374421605,2
W2112200071,2
W2086011899,2
W6713769462,2
W2973033472,2
W2997800300,2
W574700118,2
W1991098208,2
W2062709194,2
W2999445018,2
W6796457853,2
W4206061795,2
W2608084729,2
W2121543339,2
W3201424711,2
W4319741462,2
W3024057820,2
W2166485006,2
W6635235518,2
W2495665593,2
W2091178936,2
W1919742820,2
W2549697535,2
W2114030523,2
W3189855505,2
W2125483086,2
W2323458791,2
W2921414108,2
W2185294269,2
W2201714631,2
W2090339074,2
W2253344671,2
W2001442833,2
W2806960970,2
W2103575548,2
W2133427611,2
W1746730565,2
W4318334785,2
W2132539553,2
W2995129893,2
W2114482642,2
W4200123847,2
W2279155506,2
W1965169280,2
W3122808154,2
W2407298198,2
W2157575844,2
W2117946669,2
W1972123116,2
W2979808892,2
W652377344,2
W2969522584,2
W2772500824,2
W2011285991,2
W2041412137,2
W3135896300,2
W1538250505,2
W2516428860,2
W2498119267,2
W2350505762,2
W4296126354,2
W1981820962,2
W4324017602,2
W3123696374,2
W2170007391,2
W4304893695,2
W4225109869,2
W2295692979,2
W3195946425,2
W2130737239,2
W1972054141,2
W2122405580,2
W2275618179,2
W3020835993,2
W3213907928,2
W3127554222,2
W2016296790,2
W2059014864,2
W3155764443,2
W3113211709,2
W3036649375,2
W2081430061,2
W3000262471,2
W1551852427,2
W4309019886,2
W2118903446,2
W3125553181,2
W2125084658,2
W2115057211,2
W2084554412,2
W4365512046,2
W2940141330,2
W4313332225,2
W2608661946,2
W2137693987,2
W2762890850,2
W1995500779,2
W2138583081,2
W4379053751,2
W2551537348,2
W2041248059,2
W2559328180,2
W4297070225,2
W3215235165,2
W2907612806,2
W2331370789,2
W4366316896,2
W3123656345,2
W160571159,2
W2042592422,2
W1461925207,2
W3124667398,2
W2424071249,2
W2611769727,2
W2107134223,2
W2409054664,2
W2904692974,2
W2970509707,2
W1972296072,2
W1992247504,2
W3048582991,2
W2750284494,2
W4221037438,2
W2748761336,2
W4206521825,2
W2266109240,2
W4220671587,2
W1196764413,2
W2919150685,2
W2265022413,2
W2084252228,2
W2000029387,2
W2488775888,2
W2301657263,2
W3043722080,2
W2125555375,2
W4247953983,2
W2891648487,2
W3138092286,2
W2491354712,2
W2592494610,2
W2149568883,2
W2160363524,2
W2313208084,2
W3132757775,2
W2065747393,2
W2080088271,2
W4301654275,2
W4383616560,2
W1942345050,2
W1762186900,2
W2149969459,2
W3091962401,2
W4296284677,2
W2411249502,2
W2111091484,2
W1964446032,2
W2343106871,2
W2914758064,2
W1529738659,2
W4292622803,2
W2111722073,2
W1965503383,2
W1583065292,2
W2005193468,2
W202514484,2
W2203073481,2
W2135445031,2
W3209943389,2
W1968887888,2
W576745764,2
W2419087408,2
W2061828456,2
W4246611151,2
W2252896288,2
W4299415759,2
W2810262253,2
W2100897946,2
W1849301062,2
W3145543020,2
W1573746591,2
W2884864234,2
W2249434536,2
W2619815679,2
W2320842841,2
W2106486911,2
W3044230702,2
W2113669181,2
W2519380942,2
W2495350268,2
W6694000819,2
W918374988,2
W2382891501,2
W3126061005,2
W4321378678,2
W4246118884,2
W2978235854,2
W1903192409,2
W3009506720,2
W2023226395,2
W2339625898,2
W2792434289,2
W2077573635,2
W4365447172,2
W2949746362,2
W2463481251,2
W2123394576,2
W2480448542,2
W2624606042,2
W4242920820,2
W2129351061,2
W2478000778,2
W2146370141,2
W2775733279,2
W2063525868,2
W2168190331,2
W3186642678,2
W2091210209,2
W2767760773,2
W2054456191,2
W2138706046,2
W1984743450,2
W2903687065,2
W2042623444,2
W2028770837,2
W4381157924,2
W3021738330,2
W2133827205,2
W1534912390,2
W2059049045,2
W2982301158,2
W1573329381,2
W2112043259,2
W2160706548,2
W2088646150,2
W2507142823,2
W2773493164,2
W1862077313,2
W2114363004,2
W1982511351,2
W2156140376,2
W2192927567,2
W2039170322,2
W2238941707,2
W6610931631,2
W6735037825,2
W2138694429,2
W2425693802,2
W2012990108,2
W2165110761,2
W2607031541,2
W4206071468,2
W2060100309,2
W2899188884,2
W6728431329,2
W2899670368,2
W2809410316,2
W1707377995,2
W1977734731,2
W2016347954,2
W2800929401,2
W2133959349,2
W1625997308,2
W3147291923,2
W2096646885,2
W2193666686,2
W2789929672,2
W6683234870,2
W6891411052,2
W2132502256,2
W2754857230,2
W2897080793,2
W2554660886,2
W2107228532,2
W2166715678,2
W2144898279,2
W1587026990,2
W127398482,2
W2582743722,2
W2911347950,2
W6634458734,2
W6678788115,2
W4242801861,2
W4233021914,2
W2902999784,2
W2548143520,2
W1540177730,2
W2341398061,2
W3148768872,2
W2114220545,2
W6676516356,2
W2258859117,2
W1607380098,2
W390004206,2
W2236984441,2
W1989237447,2
W2335477057,2
W2761330159,2
W2128400177,2
W2767610702,2
W2032187414,2
W1970260765,2
W1966685078,2
W2755883905,2
W6849499295,2
W2413542956,2
W2116639139,2
W2118050475,2
W2020535664,2
W2324220837,2
W2247666222,2
W4315631660,2
W1976180035,2
W4306167405,2
W2025911839,2
W2144519697,2
W2171340584,2
W1942976844,2
W2148316599,2
W2141477723,2
W4313461298,2
W2429012938,2
W2519414591,2
W2769592895,2
W2942763465,2
W2083177268,2
W1546824566,2
W2257669655,2
W1490269238,2
W4281866667,2
W4392383354,2
W2132095645,2
W2154236045,2
W1512190301,2
W1929747889,2
W2156569473,2
W2101056949,2
W2565370336,2
W2185115190,2
W89946303,2
W2105026194,2
W2690524481,2
W2148850812,2
W2179834965,2
W2111534125,2
W4207013634,2
W2806966903,2
W2037234504,2
W4404258892,2
W4205151565,2
W2888794924,2
W3098246703,2
W2097009019,2
W1977483151,2
W2157767832,2
W2957646882,2
W1990160987,2
W2793963364,2
W1982910299,2
W2970310604,2
W2142442696,2
W2133572411,2
W3194023440,2
W2219926484,2
W2186138762,2
W1605963514,2
W2120899283,2
W1508820574,2
W2784300866,2
W2027615522,2
W358464030,2
W2013054954,2
W4291156894,2
W2096595122,2
W2588050207,2
W3122271668,2
W2555177779,2
W2160726108,2
W2141030951,2
W2013699091,2
W2157943270,2
W2268460453,2
W2764008573,2
W2504180509,2
W2464700444,2
W2075021877,2
W2741792781,2
W2279036614,2
W2316371851,2
W3126115868,2
W2120182466,2
W3123947781,2
W2892714955,2
W3154302423,2
W1980356941,2
W2922257859,2
W3146175886,2
W2274923879,2
W2169468168,2
W2239538048,2
W2144380346,2
W3146220440,2
W2908223063,2
W1546375055,2
W2028184439,2
W3193578247,2
W2038982249,2
W2106348089,2
W2002300090,2
W2116577321,2
W3111593205,2
W2920786525,2
W2883717328,2
W2036207632,2
W2495890517,2
W2154530873,2
W2003518797,2
W1665938239,2
W2024682501,2
W2148282955,2
W2171501422,2
W2601507643,2
W2143860565,2
W2957926455,2
W2111150842,2
W2125141460,2
W2753266292,2
W2103066851,2
W2980869000,2
W2611700188,2
W2255268889,2
W6635026248,2
W2440932894,2
W1578515221,2
W3206113327,2
W2786046200,2
W4288364210,2
W3123608063,2
W1849507320,2
W2047562908,2
W3201365320,2
W1996137064,2
W2346536527,2
W2805415963,2
W3027832765,2
W1576460547,2
W3173310472,2
W2324207353,2
W2104659244,2
W3177867084,2
W2574464336,2
W2003617998,2
W4367835042,2
W2124896432,2
W3120415429,2
W3122763283,2
W2095559178,2
W2117733651,2
W2109782016,2
W2113301733,2
W4376226539,2
W1771736119,2
W2528210197,2
W1482147891,2
W4244330657,2
W3129695348,2
W2164277567,2
W2339043380,2
W2969342315,2
W1793753419,2
W2440923576,2
W3125644694,2
W141865590,2
W4375955917,2
W7014495098,2
W2122716433,2
W2890634181,2
W3192903064,2
W2110398442,2
W6603655108,2
W6684003256,2
W4387262368,2
W2299192044,2
W2970897010,2
W1982913456,2
W2099523605,2
W2994021469,2
W4308914149,2
W2943899430,2
W6639289937,2
W1969545854,2
W2009060438,2
W4214830092,2
W2275411348,2
W6728743048,2
W2108221939,2
W3023254902,2
W2896867593,2
W4376549374,2
W1963629350,2
W4393275790,2
W1941566570,2
W2266256479,2
W2150047799,2
W2003882474,2
W2117295017,2
W1928941305,2
W2324104290,2
W2944584095,2
W2907933032,2
W2081893205,2
W1989233152,2
W2012039976,2
W2049478342,2
W2617930370,2
W3141267365,2
W3172199828,2
W2589717236,2
W4387579377,2
W78473010,2
W6632626524,2
W2086497690,2
W1762132824,2
W2145084606,2
W2772387988,2
W1662681156,2
W4319071896,2
W4318426713,2
W4226305463,2
W2107530503,2
W4311694108,2
W2134246329,2
W2068172675,2
W2064906538,2
W2053040357,2
W4232981813,2
W2802462106,2
W168672501,2
W1557422428,2
W2133767393,2
W4390635944,2
W2917531608,2
W2145864623,2
W2152734002,2
W4385284329,2
W3210607263,2
W2791342759,2
W2809005383,2
W4244281126,2
W6756005913,2
W2163976678,2
W2009240073,2
W1508378410,2
W2075851344,2
W3097939681,2
W2594545680,2
W2785380028,2
W4213037464,2
W4206051419,2
W2127753622,2
W4293206971,2
W4392267146,2
W2984923628,2
W2128886090,2
W2140435481,2
W2122192742,2
W1924080139,2
W2108994512,2
W1541063200,2
W2137120154,2
W2145579305,2
W2099457375,2
W4364348136,2
W2503981971,2
W6677573845,2
W1966358469,2
W2995766055,2
W2922679921,2
W4239629656,2
W2789355341,2
W2114249348,2
W2112197639,2
W3091577893,2
W4389487955,2
W1578303550,2
W2790853850,2
W2601493720,2
W4389047396,2
W2046479511,2
W4321600056,2
W4240860573,2
W1991405474,2
W1918640372,2
W2741588986,2
W4392513858,2
W2006021834,2
W4319321178,2
W4324020156,2
W646328161,2
W1719981636,2
W4206248198,2
W3116799109,2
W2883625902,2
W2749047634,2
W2514527130,2
W1981539997,2
W2155188667,2
W2166234248,2
W2106311978,2
W11200309,2
W3121615875,2
W2035109025,2
W1505458884,2
W2795085730,2
W3117303560,2
W2891785047,2
W4383227544,2
W2095076755,2
W2900382974,2
W1637663467,2
W4255558293,2
W2900059382,2
W4410164996,2
W2161523928,2
W2134023402,2
W4223590301,2
W2763120026,2
W2017686344,2
W3024371412,2
W2037720856,2
W1558039703,2
W2278765742,2
W1971172311,2
W2123881931,2
W3124074956,2
W2966147991,2
W2103607673,2
W2803623916,2
W4376631266,2
W2167021615,2
W4383998821,2
W2334806366,2
W2969406535,2
W2073103827,2
W4284678172,2
W2096511930,2
W2152963041,2
W2888886128,2
W3125796206,2
W1998053404,2
W2010314694,2
W2606190370,2
W4249352900,2
W2065177790,2
W3177130787,2
W2899068903,2
W7019498938,2
W2896541424,2
W6651313337,2
W3122873724,2
W2743156604,2
W6675194165,2
W4321222942,2
W2606488130,2
W2205252928,2
W1565979132,2
W3123759890,2
W2752249142,2
W2507586839,2
W1990997387,2
W4224457752,2
W2143165563,2
W1986691647,2
W2147422150,2
W2100673762,2
W1969230115,2
W4247432748,2
W2150258012,2
W2023917440,2
W2022324689,2
W4388304111,2
W2170879798,2
W4391116503,2
W2089081701,2
W2598744999,2
W2106826881,2
W2150303753,2
W1983700928,2
W4225282855,2
W2115437162,2
W1584275209,2
W2617468214,2
W2097638409,2
W3010870781,2
W2011833265,2
W2142299478,2
W2037924767,2
W2953025399,2
W4293796115,2
W1887270654,2
W2568782619,2
W3009409260,2
W4255353014,2
W3029759406,2
W2949662883,2
W2149808023,2
W347602515,2
W2888847791,2
W2044431385,2
W2139593699,2
W4382315485,2
W6672918045,2
W3092861045,2
W2187452871,2
W2159670069,2
W3125367243,2
W2131132203,2
W2611921488,2
W2271393109,2
W2866690087,2
W4238084498,2
W2112722674,2
W2111269647,2
W2147998122,2
W2796592466,2
W2097293290,2
W48851061,2
W2146800889,2
W1964666334,2
W2897257410,2
W2162519129,2
W2144968863,2
W4389351446,2
W2093918521,2
W2114144775,2
W1976542701,2
W3130938027,2
W2107866314,2
W2301013362,2
W4255230539,2
W4237383128,2
W4396995894,2
W87932199,2
W2136043908,2
W2110751474,2
W2112223820,2
W1541347051,2
W4405498229,2
W4207028450,2
W2025122900,2
W2105013842,2
W1934649023,2
W3139878137,2
W3145721442,2
W2936765851,2
W1594190753,2
W1975015537,2
W2019523967,2
W2500295719,2
W1964921947,2
W322509038,2
W287281458,2
W2165643858,2
W2917960520,2
W2605946112,2
W2056162295,2
W2248025323,2
W2898399006,2
W2193230846,2
W3045346667,2
W2130673211,2
W4236813977,2
W1987882040,2
W2066208989,2
W4242889973,2
W2159289103,2
W2024403384,2
W2159451395,2
W2044772696,2
W2000963271,2
W3198025598,2
W2794330007,2
W2803539224,2
W2320705974,2
W1863170646,2
W1889166361,2
W2937455053,2
W2100699696,2
W3112860368,2
W2087577195,2
W6991486578,2
W1979076383,2
W2064990591,2
W2048671386,2
W2162244121,2
W594159894,2
W335260992,2
W2990753942,2
W578748689,2
W652357225,2
W2112375108,2
W1779619168,2
W2909452008,2
W2060530133,2
W2091617750,2
W3200468916,2
W2120110882,2
W2076418583,2
W2896548965,2
W2144275819,2
W6640642087,2
W2747663066,2
W3112534622,2
W3203458371,2
W4390604452,2
W2800745748,2
W2005037005,2
W2051013915,2
W2107031757,2
W4292157289,2
W2081210368,2
W1802965461,2
W2281839212,2
W2520292910,2
W2168066603,2
W1992871773,2
W2094995384,2
W2148156367,2
W3216130213,2
W4253773297,2
W1967297070,2
W2056701236,2
W2900221561,2
W2021599782,2
W2815288308,2
W2077329792,2
W3121474502,2
W2610754879,2
W1820512060,2
W1607420772,2
W2079265229,2
W2900039517,2
W2997590552,2
W3022359055,2
W82971653,2
W2185981420,2
W2169423742,2
W1912036110,2
W2047571904,2
W2776915173,2
W1987870980,2
W2182271449,2
W3103285485,2
W2139599662,2
W2044944719,2
W4294976161,2
W2010454059,2
W2062682302,2
W2042611711,2
W3208645186,2
W1589979112,2
W3032982189,2
W2064686899,2
W2078052702,2
W2176721405,2
W1967355316,2
W2269635545,2
W2262309301,2
W2070671457,2
W2106175640,2
W3213791039,2
W1982367868,2
W2163424852,2
W2011755079,2
W2124125947,2
W2808666109,2
W4220832516,2
W1605491412,2
W4412199051,2
W1993225972,2
W2069611133,2
W2104702014,2
W1940522997,2
W2101311519,2
W3124684532,2
W4248248099,2
W4250577753,2
W4255074890,2
W2052568053,2
W2034847879,2
W4237022399,2
W4409198396,2
W2107077322,2
W81756538,2
W2401598834,2
W4391402569,2
W2052618566,2
W2154326819,2
W2928249829,2
W2110336344,2
W2288122243,2
W2132423860,2
W6634948029,2
W2055588333,2
W4406965469,2
W2464681697,2
W1975519867,2
W1966105332,2
W2048972008,2
W2028575454,2
W2530758823,2
W2162608438,2
W2160209518,2
W2132564836,2
W4244256847,2
W4302081949,2
W2037802710,2
W2046805132,2
W1991140566,2
W2788249140,2
W2154139320,2
W2001578580,2
W2797597138,2
W1980975001,2
W4253286303,2
W1977757612,2
W2160930608,2
W2612291386,2
W6630063791,2
W2020867316,2
W2116875144,2
W2744677926,2
W2482821624,2
W2142780261,2
W3177115269,2
W2290740755,2
W1527973570,2
W3012419326,2
W2974006884,2
W2144751912,2
W1589399253,2
W1968097274,2
W3136455902,2
W2068588773,2
W2027451506,2
W802681510,2
W4241294364,2
W2187728534,2
W3088616903,2
W2154034270,2
W2059865663,2
W4239554516,2
W4230245135,2
W4376590740,2
W3213087332,2
W2135323188,2
W2223903762,2
W4232327310,2
W2020203937,2
W4248908595,2
W2395279729,2
W2083969242,2
W1547167699,2
W4408129327,2
W2034083300,2
W2015600566,2
W2528343270,2
W2313126154,2
W2078167010,2
W2617149976,2
W2020664283,2
W4299588845,2
W2047358770,2
W2127063478,2
W129627432,2
W2035304784,2
W2015053545,2
W2105431458,2
W2483737358,2
W2973058487,2
W2017421894,2
W1974575214,2
W2072626458,2
W4376044081,2
W1670792142,2
W6686796294,2
W2143071104,2
W2115373328,2
W1658908529,2
W2147258351,2
W2026662791,2
W905034045,2
W187882226,2
W2571041917,2
W3093134335,2
W3122449994,2
W2417098045,2
W3156321965,2
W2056696798,2
W1990743521,2
W3146307841,2
W2612451886,2
W3124553116,2
W2046383612,2
W2150746721,2
W2125987259,2
W200475226,2
W2032117297,2
W2059269867,2
W1995432143,2
W2757562332,2
W2042018796,2
W2492106461,2
W2058448943,2
W2922188864,2
W2345777883,2
W2893835498,2
W2054120146,2
W2134705170,2
W2969613731,2
W2507263708,2
W2970462157,2
W1556258044,2
W3151637080,2
W2109783569,2
W1995743855,2
W1990125348,2
W1994097024,2
W2154786180,2
W2042210262,2
W2083966146,2
W2088135512,2
W2097614924,2
W6619687908,2
W1573047778,2
W2082295818,2
W2540386007,2
W3036820259,2
W1998653759,2
W2072779910,2
W2052751596,2
W2413613306,2
W3095953838,2
W4249310234,2
W6731460890,2
W2893095852,2
W2885662367,2
W1999957875,2
W2016403661,2
W4283219658,2
W1483628770,2
W2079043100,2
W4280621665,2
W2033744970,2
W2087915558,2
W2966998058,2
W2067803831,2
W2312862084,2
W1921793751,2
W2062576923,2
W2085402250,2
W3124117529,2
W2038994407,2
W1602271894,2
W2126574966,2
W2625136742,2
W3133550489,2
W2070271489,2
W4230428841,2
W6785170954,2
W3023574780,2
W3022095594,2
W2119350961,2
W3123178112,2
W2752238092,2
W2133674119,2
W4281400685,2
W2040651537,2
W2006993421,2
W2011188051,2
W2123893136,2
W1991370590,2
W1550137537,2
W4206608028,2
W1980896766,2
W2080348715,2
W1980180784,2
W2808162356,2
W2050278757,2
W90845366,2
W3174411067,2
W585404194,2
W3091319908,2
W2017934572,2
W133573756,2
W2031954038,2
W6638881238,2
W2998386194,2
W2128457034,2
W3006073338,2
W4297497784,2
W2560820700,2
W2029584489,2
W3124410553,2
W3123208145,2
W2074565342,2
W2001760073,2
W1985682231,2
W2768120890,2
W6660016843,2
W2146926507,2
W2086047804,2
W633735819,2
W2130740797,2
W2021830551,2
W2121627922,2
W2149228383,2
W2023912079,2
W3157187040,2
W2016727509,2
W2162304793,2
W4282023006,2
W4244252010,2
W4214487717,2
W6767169091,2
W2952540301,2
W2521194694,2
W3124701389,2
W1978687851,2
W2949560491,2
W1997084088,2
W2152793480,2
W2086285881,2
W1534639408,2
W2131167685,2
W2916456497,2
W1993091619,2
W2108298905,2
W4412462831,2
W4407602245,2
W4390946570,2
W2034203812,2
W2111686595,2
W4404572392,2
W2025161033,2
W2096977327,2
W2782771900,2
W2166174302,2
W2463888582,2
W3134806732,2
W3122690812,2
W2131568786,2
W2062432044,2
W2955864596,2
W2170262181,2
W2002647272,2
W2410809558,2
W2131143986,2
W4240979370,2
W2090317466,2
W2787956083,2
W1596440385,2
W1973878223,2
W6742321278,2
W2169888706,2
W1499170180,2
W2225416270,2
W4301377693,2
W1984885500,2
W2185971107,2
W3033471197,2
W2995769858,2
W1648919400,2
W3144859619,2
W1496065418,2
W1973105630,2
W1968946965,2
W1974757156,2
W1845746909,2
W2184214033,2
W2799506830,2
W4245409838,2
W2144846366,2
W1492072554,2
W1548713031,2
W1984845078,2
W1553669936,2
W4387720012,2
W2108943596,2
W3150065467,2
W2066312381,2
W2982381971,2
W2411860146,2
W3193978550,2
W3113544270,2
W2137460360,2
W6991637988,2
W3112346223,2
W3135281606,2
W2096452841,2
W2052109060,2
W2094075256,2
W2990683333,2
W4248429808,2
W40056500,2
W1964402493,2
W4412914103,2
W2099677692,2
W2610137406,2
W2582344991,2
W4395677680,2
W2132508685,2
W3129039442,2
W2553763938,2
W3116788467,2
W651795938,2
W2052190441,2
W2020891284,2
W3030596967,2
W6633029730,2
W1963579714,2
W6677253449,2
W1517068307,2
W2570132568,2
W2944888903,2
W2888570404,2
W3009612553,2
W1980558230,2
W2025831069,2
W3159548559,2
W204799724,2
W6652800311,2
W1484054505,2
W6771423927,2
W2018214960,2
W2888712159,2
W2281950637,2
W3091933828,2
W4406371087,2
W3181899692,2
W3146935304,2
W7037376218,2
W6803353262,2
W3213537038,2
W1974227796,2
W2181824596,2
W1802833757,2
W2079367820,2
W3018805930,2
W1548648904,2
W3006972558,2
W2148553856,2
W4320801168,2
W1569492772,2
W2097167867,2
W2513767747,2
W2613664947,2
W3126046820,2
W4253426613,2
W4391818727,2
W2613932856,2
W4255351124,2
W644326153,2
W2110067617,2
W4399173449,2
W3130230332,2
W3005957464,2
W1980674193,2
W3122732437,2
W2158292467,2
W2103267149,2
W1918432791,2
W2322461341,2
W221351354,2
W1493790738,2
W2064480661,2
W4255893405,2
W2143525757,2
W2788336274,2
W3121687539,2
W2764130840,2
W916004781,2
W2004785481,2
W2409003414,2
W1582347888,2
W2012393269,2
W2147512176,2
W3036573352,2
W2276924762,2
W1982614788,2
W1966924751,2
W4285044574,2
W1608790992,2
W1499546761,2
W2966663785,2
W3125122555,2
W3146652443,2
W2110934150,2
W2993827275,2
W2133230560,2
W175973996,2
W3124239644,2
W3183745854,2
W1986576355,2
W2097395959,2
W2316555920,2
W1521540968,2
W2135160440,2
W1584505423,2
W3110719717,2
W1540499053,2
W2146742837,2
W2163184502,2
W1969973727,2
W1985466152,2
W3165189467,2
W3085478235,2
W2804696336,2
W3113192866,2
W2044750264,2
W2914220456,2
W2749819123,2
W3028734632,2
W4300870773,2
W2466073970,2
W2028884874,2
W27907483,2
W2155219063,2
W4282936495,2
W2810512442,2
W2528168720,2
W2086663507,2
W2114943791,2
W2106278780,2
W3124009647,2
W6634462112,2
W1593000796,2
W2134149508,2
W6678639102,2
W2279652985,2
W4402917487,2
W1509113417,2
W2335892129,2
W4411974100,2
W4361224323,2
W4237187395,2
W2079466047,2
W2213881415,2
W1845225129,2
W1540771591,2
W2043887666,2
W2056137321,2
W1490345571,2
W2146307716,2
W2982553809,2
W3011692974,2
W2730387201,2
W2301362064,2
W2477597263,2
W1972706746,2
W2914180997,2
W2093426574,2
W2138025471,2
W1978116859,2
W2012173243,2
W2112129365,2
W2123576132,2
W3122042374,2
W2600873517,2
W3014881647,2
W2796716809,2
W2097588713,2
W2086676595,2
W84181955,2
W2158467768,2
W2152443737,2
W2080334482,2
W2801048801,2
W2902067706,2
W3122994775,2
W1517424824,2
W1978899860,2
W1547683213,2
W2142039787,2
W3196087339,2
W2086016360,2
W2940397519,2
W2101754128,2
W3125408357,2
W1968835214,2
W4293114085,2
W2591772459,2
W3125100635,2
W2082061610,2
W2983348192,2
W4400592246,2
W2154843595,2
W4406383218,2
W1979221518,2
W2808064917,2
W3107374123,2
W1975165564,2
W2013643042,2
W1575638134,2
W4401369929,2
W4287487209,2
W6838449780,2
W2020550687,2
W2060823801,2
W2620681788,2
W2117870569,2
W2059796825,2
W3133945171,2
W2567077101,2
W2107886799,2
W2735331581,2
W2961175740,2
W2115063026,2
W60916391,2
W2123160566,2
W2076536647,2
W2344007631,2
W2125939348,2
W60846925,2
W4255740379,2
W2083360664,2
W2051339420,2
W2947241540,2
W6638748116,2
W2155514999,2
W2159418632,2
W6611086489,2
W2909785958,2
W2199088627,2
W1557097303,2
W647218448,2
W2007467104,2
W2498799411,2
W2617805509,2
W2065313066,2
W2124848933,2
W2784961940,2
W3141496161,2
W3133778734,2
W2017268465,2
W2000721781,2
W2800610037,2
W2977198971,2
W2130535319,2
W6838319463,2
W2133614449,2
W1898394040,2
W336847027,2
W2123211752,2
W2132873206,2
W4205656483,2
W2072162183,2
W2124898222,2
W2540436489,2
W2945339401,2
W2786366250,2
W4398238852,2
W1994918772,2
W1588340820,2
W3157918387,2
W129344463,2
W2074338790,2
W2160132956,2
W1960042489,2
W4387494245,2
W3107690179,2
W2124884000,2
W1528210771,2
W2024567250,2
W301817120,2
W2104026855,2
W2319425464,2
W2955593081,2
W2022581863,2
W2006801834,2
W2031585079,2
W1530208578,2
W2956655325,2
W1979090012,2
W1912456745,2
W1992439608,2
W2160562798,2
W4300862562,2
W3183782803,2
W2523153823,2
W2173765169,2
W2121831867,2
W1515677270,2
W3170122149,2
W2635626682,2
W613699984,2
W2289619887,2
W602807363,2
W1515828664,2
W2132738205,2
W124956636,2
W2611255668,2
W2004761988,2
W2040621319,2
W2095615036,2
W1578639262,2
W4295858235,2
W2120195502,2
W3136215932,2
W2050237347,2
W3036605156,2
W2073732496,2
W2007034653,2
W4205815507,2
W2884389269,2
W3109913567,2
W2048498021,2
W2043030123,2
W1998539765,2
W1867021696,2
W2152249754,2
W581871669,2
W2069675425,2
W1946258926,2
W1980517730,2
W103300471,2
W2136854778,2
W2166572107,2
W2943692481,2
W2079156819,2
W4230827204,2
W4395118082,2
W2061523640,2
W2023013236,2
W2981578735,2
W2150395718,2
W4410875909,2
W2142426583,2
W2478064694,2
W2139286668,2
W2051920823,2
W2107750219,2
W2569769655,2
W6604419842,2
W3122193054,2
W1998391385,2
W2110506823,2
W2907201612,2
W2161374186,2
W3144543375,2
W2791113526,2
W4408377292,2
W2328264159,2
W2056539281,2
W2889685865,2
W2915539310,2
W2030727212,2
W2021965654,2
W2061595790,2
W1509970221,2
W2290975057,2
W2161049286,2
W3024981975,2
W2155808426,2
W2018331508,2
W3094363371,2
W4289976414,2
W2093864455,2
W2025501378,2
W2970651605,2
W2003738442,2
W2981982685,2
W3116739091,2
W6768266499,2
W2107649699,2
W2807214455,2
W3121213673,2
W1978684417,2
W3012813218,2
W2144406024,2
W6685103709,2
W2116126817,2
W2982530864,2
W4280511730,2
W4281774088,2
W6610663115,2
W2157073178,2
W2331674736,2
W2098448259,2
W2100872222,2
W3123619692,2
W2076940558,2
W3008731238,2
W2117849779,2
W6677379490,2
W2990324606,2
W4379185264,2
W2287564547,2
W2009204274,2
W3111233816,2
W1967574258,2
W2783404558,2
W2155329925,2
W2081472838,2
W4366083942,2
W2039740558,2
W2883668528,2
W2159482187,2
W2118525499,2
W3046878323,2
W1504829111,2
W2109305774,2
W1561026882,2
W2903568057,2
W2164079875,2
W4256015880,2
W4214853111,2
W2161641904,2
W587165642,2
W2886281095,2
W2032574925,2
W3097228035,2
W2790292198,2
W2474958636,2
W2061580131,2
W2204274181,2
W2468601180,2
W3121502504,2
W2128320535,2
W1988771307,2
W3014134438,2
W2148195572,2
W3006117049,2
W1539192250,2
W2131968881,2
W1494384881,2
W1566344170,2
W2108014878,2
W2901018201,2
W3151079065,2
W2126422166,2
W2040727029,2
W3009515933,2
W2791889803,2
W2528239766,2
W2610341986,2
W6678607532,2
W4412549803,2
W2052806549,2
W2171442673,2
W4388793476,2
W2887664158,2
W2095073679,2
W2988913422,2
W2101980867,2
W3004215051,2
W2153490887,2
W3037365899,2
W1763526952,2
W2062565392,2
W2063029906,2
W2022150351,2
W4239576621,2
W2089653248,2
W2306978567,2
W1871026043,2
W2976277847,2
W2165461110,2
W6684316703,2
W1985452453,2
W2021592063,2
W2058428373,2
W2054330709,2
W2289819777,2
W2057733496,2
W2010277693,2
W3123866956,2
W2111653049,2
W1971274759,2
W6767145941,2
W294204721,2
W3003514174,2
W2145982602,2
W1966807567,2
W2470821068,2
W3124306513,2
W2802648551,2
W2573362817,2
W2145030326,2
W4409332913,2
W2032039690,2
W4210872495,2
W6676366360,2
W3129923482,2
W1940286639,2
W2059558167,2
W2946560721,2
W90654170,2
W1973505219,2
W1967291622,2
W2919150012,2
W2155612487,2
W2042578907,2
W2497901713,2
W2916649151,2
W2088348550,2
W2119353431,2
W1534941814,2
W2121571603,2
W2106096361,2
W2120689063,2
W2114378037,2
W4401570845,2
W2145482311,2
W2801671081,2
W2050643784,2
W2536712395,2
W3122547462,2
W4291015930,2
W2095169544,2
W266900559,2
W2953909283,2
W3122936600,2
W2807953275,2
W2014126600,2
W6677611730,2
W2677729227,2
W2609731241,2
W561034518,2
W1569399020,2
W3153153181,2
W3013160841,2
W1976737856,2
W562328106,2
W2475312462,2
W3132327386,2
W141317403,2
W2113365748,2
W3139243945,2
W3044291841,2
W2263168704,2
W2109722415,2
W1966520774,2
W2000553315,2
W4236769771,2
W3169200956,2
W2923795903,2
W1988197765,2
W2078341806,2
W3124389243,2
W3109307877,2
W1966607795,2
W2044642361,2
W2739641074,2
W2493582168,2
W1537571990,2
W4206520371,2
W2602062485,2
W3047395891,2
W3096168064,2
W2993317894,2
W2592763453,2
W2905056519,2
W2133928209,2
W2094364820,2
W2116949896,2
W2159205637,2
W4236563243,2
W2142686943,2
W2058601147,2
W3180327610,2
W2147879128,2
W2159701188,2
W2117793703,2
W2042647921,2
W2205409584,2
W2792688261,2
W2211653457,2
W1683094878,2
W3112273346,2
W1515201294,2
W2473560795,2
W2138545615,2
W2959865840,2
W2790328403,2
W3132194128,2
W2993343314,2
W2069213370,2
W3216857750,2
W3034557054,2
W2778840562,2
W2116260624,2
W2098501785,2
W887358607,2
W4232505725,2
W1522165052,2
W2618312811,2
W1994418597,2
W2006622407,2
W2903901559,2
W2023659330,2
W2122088182,2
W2550488100,2
W1899369799,2
W2582910874,2
W2908364826,2
W2113181614,2
W2948513473,2
W2020941898,2
W2169866649,2
W2168415909,2
W2943219107,2
W2139577967,2
W578350626,2
W2026496923,2
W4372201789,2
W6651231181,2
W2024350992,2
W6669254060,2
W2035901518,2
W2041348976,2
W2166251995,2
W3032947761,2
W2571241361,2
W2970235121,2
W3085350862,2
W4301003819,2
W2065573002,2
W2020684795,2
W4294738730,2
W2134151098,2
W2897982828,2
W2012117006,2
W3215638535,2
W3186701459,2
W2622970365,2
W2945622808,2
W2604649446,2
W2129436901,2
W2023716650,2
W2272511239,2
W2045826218,2
W2077339907,2
W4411845216,2
W2119255184,2
W2735715117,2
W2948221340,2
W2954671519,2
W2160387427,2
W2087991264,2
W2157972945,2
W2167026479,2
W654694268,2
W2890133084,2
W1976733045,2
W640679884,2
W2001155061,2
W3042980549,2
W2055924826,2
W2124285293,2
W2259502146,2
W6675831286,2
W2128314258,2
W1880118706,2
W2152401910,2
W2145408478,2
W4408999638,2
W2065038798,2
W3022883382,2
W2129962036,2
W4407852637,2
W1508379021,2
W2132175013,2
W1976408195,2
W2903775227,2
W2152837169,2
W1994086939,2
W2752485563,2
W6678428570,2
W2341465201,2
W2112905713,2
W2152978854,2
W6622394500,2
W2521092842,2
W6776493221,2
W2605500962,2
W3094984029,2
W2789826212,2
W1978866936,2
W2153511663,2
W2159836969,2
W1996159890,2
W2897777327,2
W1502148128,2
W4243586056,2
W2163176422,2
W1972220030,2
W4322616720,2
W2560393808,2
W3015346188,2
W2279830466,2
W1771966074,2
W4213036374,2
W2608185292,2
W4221086367,2
W43216005,2
W1986392814,2
W2775954657,2
W3208828381,2
W2100317527,2
W2767288849,2
W2127799276,2
W3094504372,2
W2007283140,2
W1898831321,2
W4229739375,2
W2131946391,2
W1977281459,2
W2969344998,2
W1970537628,2
W2003033462,2
W2416655485,2
W2339339134,2
W6973230856,2
W1986696945,2
W2981277529,2
W4213439731,2
W2766154138,2
W2100049335,2
W58431845,2
W6601067688,2
W4322730891,2
W2887959581,2
W2090308743,2
W2054380346,2
W1605991455,2
W2280921205,2
W2417270331,2
W2005556569,2
W2460300647,2
W2416067382,2
W6638619287,2
W2155121555,2
W2072357916,2
W1989741922,2
W1972279222,2
W2097126298,2
W2996573457,2
W2512320791,2
W2131182023,2
W2147696789,2
W2995904397,2
W2157439725,2
W1996791700,2
W1485403413,2
W4388331320,2
W1965437581,2
W1982659374,2
W2015712245,2
W1944304198,2
W3123109817,2
W1502653371,2
W1540348666,2
W2884090480,2
W2157798829,2
W2794797287,2
W2150347540,2
W2034257461,2
W2064736501,2
W4298996947,2
W6639684924,2
W2008447617,2
W6601673360,2
W2157465711,2
W1973273387,2
W1986215779,2
W1647165795,2
W2097446992,2
W6635916274,2
W2361039947,2
W4407353822,2
W2901573047,2
W3124159295,2
W2106836682,2
W1606370928,2
W2055684940,2
W1971432704,2
W2980083214,2
W2292450880,2
W3014452322,2
W3130567338,2
W1849759121,2
W2005903772,2
W2142523031,2
W2147052774,2
W2120058250,2
W1991412763,2
W578899939,2
W781753010,2
W2127487482,2
W2047706779,2
W3124686846,2
W1975698665,2
W3124516663,2
W1973527065,2
W2048531902,2
W300391943,2
W2313370411,2
W3122955043,2
W2208018203,2
W2003783722,2
W2118753208,2
W3124549257,2
W1492226602,2
W3088853613,2
W1525962750,2
W4403040393,2
W2108788196,2
W2162585112,2
W1517668676,2
W2979940032,2
W4238416456,2
W1999681674,2
W77626460,2
W2123661760,2
W4404725977,2
W2024753687,2
W2438452145,2
W2107229118,2
W2604452528,2
W4412038923,2
W4407318025,2
W2044672577,2
W1987118402,2
W1980383288,2
W2004434591,2
W2135115739,2
W4386956859,2
W2155651109,2
W1513281941,2
W2109615835,2
W2287462549,2
W2326971126,2
W2734708754,2
W2909838057,2
W6675808705,2
W1597922632,2
W2059715509,2
W2127798119,2
W2142380882,2
W335797054,2
W1487931991,2
W2152288006,2
W2116538089,2
W2117425821,2
W2055149990,2
W4310128811,2
W2956639342,2
W3023020588,2
W4300157606,2
W1511665033,2
W2765101581,2
W2299363454,2
W2148783666,2
W2901160328,2
W2735780023,2
W6672439554,2
W4296024375,2
W2045445867,2
W2990648940,2
W2248845092,2
W571992277,2
W2807708612,2
W2016901985,2
W2153575704,2
W2810366649,2
W2510157484,2
W2102985622,2
W2148203664,2
W2157527617,2
W1979445522,2
W2953343284,2
W4380630724,2
W3177515581,2
W2137980013,2
W993137336,2
W641822627,2
W4391399053,2
W4309656092,2
W2603627922,2
W2136880070,2
W3149527288,2
W2145467084,2
W3184058581,2
W2049126189,2
W1992448326,2
W2804685074,2
W1153784942,2
W2057247362,2
W4210686137,2
W2163808740,2
W2067339269,2
W3212934272,2
W2092843447,2
W2522057813,2
W2254071465,2
W1912190362,2
W2140282107,2
W2181628647,2
W1572925819,2
W2739206399,2
W2948146570,2
W1986455406,2
W1603683228,2
W3012082939,2
W1965451022,2
W3125307028,2
W3121916286,2
W2136004508,2
W1895366050,2
W2903180513,2
W1988544325,2
W231508919,2
W3007820775,2
W3125227899,2
W1488167797,2
W228102805,2
W794266379,2
W2192816303,2
W2095852244,2
W6606727714,2
W2206878987,2
W2027191520,2
W2891611804,2
W2038752655,2
W3200910457,2
W3092367313,2
W4236501601,2
W2252330847,2
W4310595607,2
W3121179960,2
W3093568024,2
W4401184673,2
W2484142886,2
W1482657367,2
W2070516890,2
W1972638181,2
W2050748046,2
W2406098320,2
W3214955731,2
W2751961514,2
W4312824481,2
W2140641036,2
W2024140722,2
W2142448812,2
W1990400511,2
W3010215048,2
W4411256693,2
W4385202034,2
W2014334708,2
W2076366017,2
W3062442779,2
W2162857663,2
W4210928722,2
W1502870815,2
W1980313530,2
W4205208574,2
W2190126395,2
W2904630748,2
W3125204700,2
W1507303822,2
W4393183061,2
W2120728521,2
W4251895224,2
W1948601317,2
W2089314759,2
W4281670632,2
W3093963609,2
W1905091926,2
W2152129467,2
W2052958899,2
W2339440011,2
W64021023,2
W4299725134,2
W2165513163,2
W3017479156,2
W4324121315,2
W1539265701,2
W2061983452,2
W1413158316,2
W56431634,2
W49119747,2
W825452959,2
W2809478382,2
W2109218384,2
W4234580964,2
W13307673,2
W2160771767,2
W4408418343,2
W3127431638,2
W2006468167,2
W4388941648,2
W2104864005,2
W2095593288,2
W3132176681,2
W1521578411,2
W2214467686,2
W565483261,2
W2039140748,2
W3009783074,2
W2105654771,2
W3122704328,2
W2147111138,2
W2050077818,2
W2950935509,2
W4394925729,2
W6800064942,2
W3047636637,2
W2054493279,2
W152117497,2
W2149534432,2
W2189895806,2
W2017903824,2
W2114652658,2
W4394894573,2
W2106680320,2
W2792844427,2
W2106192666,2
W196416690,2
W128159363,2
W2916239100,2
W4297374870,2
W2102467277,2
W2167145975,2
W2367707061,2
W86813019,2
W2802297000,2
W2150930540,2
W2913926256,2
W2346090877,2
W4235431033,2
W2899622790,2
W4362641042,2
W3131994400,2
W1939750063,2
W3126151838,2
W1499092785,2
W2616728057,2
W2107598690,2
W2899810690,2
W2071482515,2
W2157363721,2
W2142102268,2
W2799462148,2
W2766832994,2
W2246775594,2
W1586227748,2
W3095267810,2
W2750674138,2
W2140060916,2
W1548151898,2
W2753680723,2
W6682898433,2
W2911040325,2
W4223946004,2
W2051025485,2
W3179055423,2
W4291012183,2
W2099489752,2
W4318264116,2
W1551159424,2
W2132560806,2
W2182403964,2
W2117740169,2
W4414116849,2
W3031326207,2
W2587275352,2
W1997531054,2
W3091900497,2
W6729562200,2
W3195800576,2
W4386247143,2
W2124573299,2
W2013294005,2
W2044381665,2
W1991314487,2
W2042853072,2
W1566585837,2
W1969533020,2
W1519186780,2
W604972776,2
W2123941245,2
W6674716511,2
W3087200852,2
W4213382539,2
W2057880998,2
W2099368953,2
W2010726964,2
W3204219220,2
W3214806683,2
W616150945,2
W2147109252,2
W2316323202,2
W2102999566,2
W2614211678,2
W2126125759,2
W1605916864,2
W2625391277,2
W2271079400,2
W2262579753,2
W2088403194,2
W1998180656,2
W4280623434,2
W1847085011,2
W3022339544,2
W1783526783,2
W2154271732,2
W4406291435,2
W2105941417,2
W2705827425,2
W1967108202,2
W2089013788,2
W4283758677,2
W2072520690,2
W1992509113,2
W2338482348,2
W2119797181,2
W3121545875,2
W2039723981,2
W2162322205,2
W2519803942,2
W2794418354,2
W1529206929,2
W2768528869,2
W2007730949,2
W1906190121,2
W4220885941,2
W4385064596,2
W2593257964,2
W2951361015,2
W1542438415,2
W1990234486,2
W2160692068,2
W2042980916,2
W2901273331,2
W2007161795,2
W2905612448,2
W1522076571,2
W2560918130,2
W2062962096,2
W2942227490,2
W2107754042,2
W2973127237,2
W2755823394,2
W1999440225,2
W2977879436,2
W2092885974,2
W2766282377,2
W2966021555,2
W2139758269,2
W2797395669,2
W3023295042,2
W1992321891,2
W3122059187,2
W2809436012,2
W1988415449,2
W1515753611,2
W2171461566,2
W2023249086,2
W2113908365,2
W2915870137,2
W2977660260,2
W141144177,2
W6861390060,2
W2946274329,2
W2027654245,2
W2062972391,2
W1556578540,2
W2854171733,2
W2008813462,2
W1488260213,2
W2095225145,2
W2135969380,2
W2143299417,2
W2134843796,2
W1974287710,2
W2145667053,2
W2056267403,2
W2489398676,2
W2168113455,2
W2093859959,2
W3200365828,2
W2942668541,2
W2162180338,2
W3115857595,2
W2896055448,2
W3144127399,2
W1575609172,2
W2133804842,2
W3089415000,2
W4300549779,2
W2159784367,2
W4388657390,2
W2924190651,2
W1992746042,2
W2028825584,2
W2124602974,2
W2995792378,2
W3164699597,2
W2065108907,2
W2600563899,2
W2427714289,2
W2560820338,2
W2041215083,2
W2804092721,2
W2133661066,2
W3033484997,2
W2135839350,2
W2009148339,2
W4230247779,2
W2330591928,2
W174299725,2
W2096657471,2
W4322632169,2
W650932826,2
W2968809545,2
W1579761377,2
W2010693426,2
W2141572885,2
W1888562893,2
W3010548438,2
W83509755,2
W3116212669,2
W2081010578,2
W3002931849,2
W2724739629,2
W3046993953,2
W3096568011,2
W2955329833,2
W2580366914,2
W6717522025,2
W2761401122,2
W4396948573,2
W3084021766,2
W3121181411,2
W2137469604,2
W3212853458,2
W3123547180,2
W3164777365,2
W1571665123,2
W2035179461,2
W2152872181,2
W3123581252,2
W3137877241,2
W3003512913,2
W2337416663,2
W653505782,2
W2104592434,2
W2130801145,2
W2135065870,2
W2022963726,2
W1561018600,2
W2143117649,2
W2988719838,2
W2964022946,2
W3013402272,2
W2119880715,2
W2800618401,2
W2146448073,2
W1226830999,2
W1489931223,2
W1824158658,2
W2804182106,2
W3152225197,2
W3003668884,2
W3022366800,2
W2409776884,2
W3003917062,2
W1277002998,2
W2117172458,2
W2122148311,2
W575194416,2
W2143178932,2
W63063642,2
W2157800900,2
W4413278938,2
W4225537560,2
W2052706967,2
W2535733028,2
W2478097554,2
W1994318813,2
W4281669138,2
W2523250547,2
W2524215656,2
W2165558391,2
W2029254995,2
W2035839272,2
W2965691127,2
W2170688947,2
W3016316769,2
W2949498878,2
W1976155323,2
W1576411035,2
W1807565054,2
W4293255097,2
W6768093484,2
W3164183133,2
W2171109114,2
W2074973224,2
W4391017749,2
W2891643985,2
W2041216167,2
W1524101570,2
W2890906064,2
W2148385689,2
W4405611107,2
W1791587663,2
W2045245384,2
W212194588,2
W1604693166,2
W2909955226,2
W2105517048,2
W2528767277,2
W2020330042,2
W3027809168,2
W653861325,2
W4296483044,2
W3186926168,2
W3103948065,2
W1967320635,2
W2170768690,2
W2023315471,2
W2014153130,2
W2165265272,2
W2053637365,2
W2415227383,2
W2071834164,2
W1865162502,2
W1989377468,2
W1599254035,2
W2055452117,2
W4375849300,2
W4290016560,2
W3121640685,2
W1548559534,2
W1003236940,2
W3047927354,2
W2027746436,2
W3156004051,2
W2075459938,2
W2125667634,2
W1548852503,2
W4383878212,2
W1976574514,2
W3121351373,2
W1971310904,2
W6632751808,2
W3027034828,2
W2167978985,2
W3092470882,2
W2470474878,2
W2539736595,2
W2783284840,2
W1516034225,2
W6663327663,2
W2221034318,2
W2068782622,2
W2052070909,2
W2139799726,2
W2343469966,2
W2081705524,2
W2756289758,2
W1486175363,2
W3202027239,2
W236990305,2
W1906760759,2
W1527502148,2
W2147044102,2
W2022393535,2
W2982868862,2
W4229916373,2
W1854714272,2
W2615389307,2
W4205644942,2
W1549377366,2
W2545329255,2
W3126971296,2
W4239712024,2
W1981928578,2
W2009628971,2
W3165441439,2
W2054382524,2
W2998997205,2
W4397003804,2
W2145810626,2
W1972993920,2
W2794549094,2
W2055935118,2
W4200481238,2
W1978451972,2
W1972024973,2
W1977996373,2
W1812313585,2
W4399487788,2
W6609172769,2
W2094419105,2
W1989410120,2
W2966165317,2
W1567914851,2
W1720120119,2
W4281671158,2
W2086739523,2
W2046477362,2
W3136312839,2
W1969313322,2
W3093482914,2
W2015836837,2
W2148918652,2
W2112737593,2
W2890707452,2
W2164556138,2
W6740565469,2
W1564165327,2
W4390971822,2
W1578998113,2
W4220719391,2
W2123846510,2
W2130796303,2
W2150319295,2
W2081067997,2
W2121463508,2
W4399997650,2
W2137393251,2
W1557149435,2
W2136525652,2
W2920812254,2
W1966543292,2
W2164308320,2
W2991252441,2
W2145644832,2
W1971436010,2
W1639158518,2
W2126786816,2
W2561778775,2
W2282095176,2
W4407327870,2
W3124580128,2
W2119561943,2
W2132966882,2
W2112735219,2
W1680375743,2
W6692701150,2
W4403496244,2
W2128197459,2
W2158358215,2
W4225820088,2
W2146650208,2
W1992477190,2
W2012863782,2
W1578403709,2
W3123726782,2
W3161284792,2
W2069159687,2
W1552987203,2
W3170204790,2
W3036058432,2
W3169230421,2
W612396548,2
W1978593833,2
W2128530360,2
W2109361330,2
W2492255054,2
W2117235278,2
W2138444214,2
W2024834254,2
W2087727383,2
W2310544086,2
W4387303090,2
W2094118193,2
W2344142813,2
W4385186949,2
W2118247596,2
W2148749240,2
W3173905024,2
W1988237275,2
W2172073496,2
W2144825783,2
W2040635331,2
W16730992,2
W4248175462,2
W2048134321,2
W2007220885,2
W2528780001,2
W3162671375,2
W1973375340,2
W2155816820,2
W2061441826,2
W3134317294,2
W2085234352,2
W1953181449,2
W1663987958,2
W2934515702,2
W4299846046,2
W1991886225,2
W4410094130,2
W4367312541,2
W2046251591,2
W2611428747,2
W2162605901,2
W594421599,2
W3112385711,2
W2476872424,2
W3044308133,2
W2071206993,2
W2480326219,2
W1980500538,2
W2080621347,2
W4281633097,2
W1485296540,2
W1998134118,2
W2315089567,2
W2910518357,2
W3090265925,2
W584339413,2
W2107788920,2
W2596746663,2
W7005922941,2
W2052095338,2
W202212626,2
W3033352422,2
W622457801,2
W2336994817,2
W2138463569,2
W2889299967,2
W4281752171,2
W2012563062,2
W3165844531,2
W595792878,2
W4409312397,2
W2465544788,2
W6637843455,2
W2092882402,2
W2108378777,2
W1963735482,2
W2145452196,2
W4388951881,2
W6757877845,2
W2732146050,2
W4398782429,2
W2783603348,2
W2146683831,2
W3136129122,2
W2951312991,2
W2042890725,2
W3012479489,2
W2118338381,2
W3194724832,2
W2606293863,2
W2787300815,2
W2050595263,2
W4296234404,2
W2148971244,2
W3123479335,2
W2238012460,2
W2462778103,2
W1964573206,2
W1629369844,2
W2313563931,2
W2032328473,2
W2316963409,2
W1903990213,2
W2790402775,2
W1536726302,2
W4224256953,2
W2214070250,2
W2584934123,2
W2103614491,2
W2172076217,2
W2108781114,2
W2512948170,2
W2098775098,2
W1571110451,2
W2120306948,2
W2024307466,2
W4306165683,2
W2110957752,2
W2062618041,2
W4400343994,2
W3121819962,2
W1992938450,2
W2036509597,2
W2036146988,2
W4252684188,2
W2024448112,2
W4386054543,2
W4205857961,2
W3122380616,2
W2776449946,2
W2130425502,2
W2904797729,2
W3201224602,2
W3082128988,2
W2181296950,2
W4387578460,2
W2123513001,2
W2102111152,2
W1519837412,2
W3121604904,2
W2100037494,2
W1539610526,2
W2058343834,2
W4391360664,2
W2940781845,2
W2045678587,2
W2109881331,2
W2798300846,2
W2171643216,2
W2112688840,2
W2001322423,2
W2183595986,2
W2127273528,2
W2949110454,2
W2762732702,2
W4321374680,2
W1895148154,2
W2034714263,2
W2800864580,2
W2077416780,2
W2023779051,2
W2002719320,2
W2888268474,2
W2188256914,2
W2465961468,2
W2011687232,2
W1977976556,2
W2012303537,2
W1998681301,2
W2096542729,2
W3125890826,2
W1942605299,2
W2049512289,2
W2118208023,2
W1639814325,2
W2493216511,2
W1723129825,2
W2088952202,2
W4207015262,2
W3137454977,2
W2061758395,2
W2132902423,2
W1886305637,2
W1994822172,2
W2056583806,2
W2152355077,2
W2171473158,2
W120826251,2
W2891008225,2
W3122369157,2
W2156548573,2
W2607363957,2
W1005729685,2
W4385771584,2
W2065731411,2
W1563968597,2
W2092497536,2
W2954436589,2
W2132519755,2
W2786867906,2
W2549625881,2
W2148850895,2
W2081722069,2
W4308725142,2
W2110051608,2
W2320081292,2
W2114993263,2
W2971835661,2
W2146789564,2
W3172804035,2
W2161480464,2
W172415130,2
W2107945563,2
W3123533532,2
W2964748089,2
W2242784780,2
W1590654888,2
W2942662625,2
W2593067160,2
W3080541247,2
W4400906565,2
W1972043119,2
W2110836807,2
W2811166104,2
W2116788933,2
W2172151487,2
W2851334710,2
W2031614350,2
W2137882665,2
W2149352662,2
W2307222622,2
W2412334396,2
W2271916216,2
W2997697880,2
W1538960609,2
W2917383934,2
W2808354240,2
W2033816322,2
W2082934890,2
W6751849036,2
W1840988055,2
W1596119357,2
W2800782405,2
W28769912,2
W2089595400,2
W2059931868,2
W4231129467,2
W2039338918,2
W3004933993,2
W4221038548,2
W2007069767,2
W3183118049,2
W1585814636,2
W1992569044,2
W2100934630,2
W4249440929,2
W3123143221,2
W2036738181,2
W3186827495,2
W6715514939,2
W2162817958,2
W3122141878,2
W4312253457,2
W3016180748,2
W16227751,2
W2612969639,2
W2589698749,2
W2747957198,2
W2156329900,2
W3108201082,2
W2152103732,2
W2274001816,2
W2143974785,2
W6781474772,2
W3013575955,2
W2588618524,2
W4281709898,2
W2125435699,2
W2128203717,2
W607909196,2
W2626431587,2
W1481811728,2
W2265019250,2
W1985209894,2
W2042670990,2
W3132579715,2
W2088164479,2
W2079640982,2
W2395817925,2
W3201508810,2
W421905214,2
W3165412443,2
W2080420008,2
W3122091155,2
W2163175815,2
W4300640062,2
W2572431252,2
W17225845,2
W4288948576,2
W2067095948,2
W3121766324,2
W2159215267,2
W3152476009,2
W3090471627,2
W2050453477,2
W2071875955,2
W4231167410,2
W2911043949,2
W2094228609,2
W2060998185,2
W2782846061,2
W157937689,2
W2024689521,2
W2082083588,2
W3122907545,2
W4241004487,2
W4231407101,2
W1920522287,2
W2160505160,2
W2906048031,2
W4299425924,2
W2124870273,2
W2053338738,2
W2902461851,2
W1943509875,2
W2092572089,2
W2910457294,2
W2498489463,2
W3091880156,2
W1983984887,2
W1982272568,2
W2110800151,2
W2956124254,2
W3125580482,2
W2740162871,2
W2017582535,2
W2805491393,2
W3034311065,2
W2167131795,2
W2170372642,2
W2963857113,2
W2999925697,2
W4232923573,2
W2147574101,2
W2104321512,2
W4221080920,2
W6631651811,2
W3121866056,2
W1590140400,2
W2061338770,2
W4244009405,2
W2125581840,2
W2914548432,2
W4403510840,2
W2993900118,2
W2752292740,2
W2083949684,2
W162150178,2
W3013610458,2
W2140772298,2
W2979954049,2
W2031150246,2
W2884602161,2
W1969204385,2
W2046981817,2
W2137986468,2
W2087443635,2
W4214874317,2
W2051456573,2
W1807955556,2
W3173698628,2
W3032732025,2
W3125590775,2
W2076403127,2
W3123588275,2
W1977196497,2
W2586747580,2
W2121009272,2
W2796180820,2
W2598964254,2
W1999825204,2
W2103894497,2
W3163919601,2
W2109589799,2
W1971915862,2
W2010545422,2
W3121624262,2
W4407253938,2
W2085519191,2
W1997345144,2
W4234699705,2
W2782748575,2
W2962375874,2
W2239306219,2
W4230355289,2
W2112890531,2
W608669958,2
W3047151914,2
W1943315863,2
W2136473603,2
W2037596159,2
W2032644680,2
W2090250911,2
W2034004212,2
W3040485988,2
W2036007550,2
W2267489364,2
W1567801755,2
W3112115850,2
W2134160386,2
W1988224345,2
W2265730318,2
W3030321547,2
W2065234628,2
W2109887283,2
W2128247374,2
W2137166340,2
W1967642616,2
W2943790350,2
W2055929914,2
W4404252597,2
W3200854382,2
W2130845266,2
W2947972174,2
W2117833742,2
W2083624144,2
W1807368595,2
W2998551504,2
W2625213092,2
W2058254650,2
W2141498185,2
W1870767419,2
W1976984651,2
W4387501937,2
W1995239979,2
W1857896989,2
W1790010368,2
W658855744,2
W2097177814,2
W3125880253,2
W1496698723,2
W2515684719,2
W2017795959,2
W2012661449,2
W1975503357,2
W4245481865,2
W2063901568,2
W2240322131,2
W1761339196,2
W2141648516,2
W1494426754,2
W3121893604,2
W1511034491,2
W2965228590,2
W1972187715,2
W1966402084,2
W6629748811,2
W2131367102,2
W2339140266,2
W1507997793,2
W4226463531,2
W3172519646,2
W2040629032,2
W152865596,2
W2896657308,2
W2238300326,2
W1831334012,2
W169030396,2
W2249967226,2
W1513633297,2
W2759180423,2
W1523434803,2
W3128519529,2
W2187179007,2
W2097208537,2
W2055192033,2
W2283128317,2
W2169234294,2
W2185181759,2
W2115196548,2
W2146691185,2
W2165132266,2
W3125512578,2
W152682041,2
W9272057,2
W4407330321,2
W1584883328,2
W6601135685,2
W2335828727,2
W2161252826,2
W4320507717,2
W2013841743,2
W3177906212,2
W4292622748,2
W2742125820,2
W2042181869,2
W2167470445,2
W2981619855,2
W2165052987,2
W2056017824,2
W2886724901,2
W2090529070,2
W3186927946,2
W3162894217,2
W2508944233,2
W4284972201,2
W2084652976,2
W2077402984,2
W3086908477,2
W1517347026,2
W3099808323,2
W2073259524,2
W2166941543,2
W6694123353,2
W170984614,2
W2153494378,2
W1984826779,2
W2809645114,2
W6676235897,2
W2025890474,2
W105517585,2
W2224984352,2
W2731560476,2
W2167723865,2
W2155766766,2
W2774011550,2
W2904951663,2
W1973849055,2
W6606411742,2
W6850402122,2
W1699235277,2
W4211104669,2
W2900244191,2
W1582447064,2
W2048751355,2
W2082971506,2
W3043978828,2
W2099869131,2
W2613499250,2
W2112369436,2
W2160888326,2
W2982531774,2
W6759906333,2
W6669492850,2
W2945325802,2
W2769079655,2
W2042892989,2
W3121325984,2
W6677096361,2
W1599479400,2
W2460117687,2
W1501680605,2
W2962804350,2
W1604874383,2
W3122794693,2
W2025782661,2
W2146637767,2
W3175048990,2
W2128573775,2
W2089778468,2
W4296962527,2
W2903694178,2
W2019567853,2
W2134978128,2
W2335581950,2
W2323602348,2
W2055177434,2
W3139654415,2
W1486068798,2
W2810497516,2
W2124688991,2
W4327518840,2
W3087991657,2
W187906300,2
W4210540793,2
W3137121702,2
W3042344461,2
W2416643444,2
W305004249,2
W2134196438,2
W95590486,2
W2023634476,2
W2109942555,2
W2793175985,2
W3165825846,2
W2779765605,2
W621251951,2
W2972586607,2
W2029213126,2
W2136410303,2
W2070961822,2
W2895792653,2
W3024500833,2
W2158960516,2
W2130422838,2
W1524511561,2
W4234064322,2
W4411631928,2
W3027157358,2
W1464028320,2
W3092870727,2
W596806376,2
W2043705607,2
W1981366171,2
W2028873410,2
W2157411708,2
W1596366008,2
W3034592329,2
W1496242121,2
W2891177235,2
W2157823046,2
W620749124,2
W2103341815,2
W2061007674,2
W607504344,2
W6982175011,2
W2017813479,2
W2401773418,2
W3208147388,2
W2903159403,2
W2049667592,2
W2257814140,2
W2792363172,2
W1479878154,2
W156781394,2
W4388737836,2
W2102406127,2
W2909956809,2
W2004839655,2
W2561195546,2
W2804114315,2
W2219585828,2
W2090425797,2
W2283221837,2
W3207651758,2
W2957582652,2
W2983866971,2
W619729142,2
W3158472996,2
W1996218267,2
W777836119,2
W108399660,2
W1967274095,2
W2097500478,2
W2772718524,2
W2164777277,2
W2921749671,2
W3133936376,2
W6996281411,2
W4231077521,2
W2034712399,2
W6630026615,2
W2078888580,2
W2045523405,2
W1980058591,2
W2583968170,2
W6650136316,2
W3153440756,2
W6606463630,2
W2767240000,2
W6831863790,2
W2018563567,2
W1714546497,2
W2035246504,2
W4410852299,2
W2978635195,2
W2106813235,2
W1981989535,2
W2175388657,2
W3122032365,2
W2136786020,2
W2326082135,2
W3152947643,2
W3124341479,2
W2911609679,2
W2145826500,2
W2058591385,2
W2056683682,2
W2053183770,2
W2000445173,2
W2396989677,2
W4230034029,2
W1865339649,2
W1996146322,2
W159884773,2
W2015901745,2
W4409704927,2
W2765165796,2
W2110884710,2
W2060228631,2
W6602920949,2
W4409327104,2
W2071464654,2
W4237044909,2
W3143512004,2
W2098138592,2
W2002884515,2
W2395058484,2
W247899868,2
W2141846678,2
W1972575368,2
W2728934060,2
W2288109728,2
W4254065653,2
W2076896921,2
W6638809985,2
W1764207560,2
W4205641472,2
W2042335601,2
W2088366810,2
W6676330527,2
W2731173012,2
W2008428569,2
W644543691,2
W1967442942,2
W1508570676,2
W2000283085,2
W2124265065,2
W2335551212,2
W2157455622,2
W2149041073,2
W3197857318,2
W2035435373,2
W1998548864,2
W2946857390,2
W2163379269,2
W2239486811,2
W7010040495,2
W2781828738,2
W2102928782,2
W2122276692,2
W1980355426,2
W2563326223,2
W2039633491,2
W12472869,2
W4212797892,2
W4244155226,2
W2121493622,2
W2168247567,2
W2169985505,2
W3122055490,2
W6723567171,2
W4254164831,2
W2124798704,2
W2943577894,2
W3015691161,2
W3203371338,2
W2807632479,2
W2118460281,2
W2109111777,2
W4321266941,2
W2148405689,2
W4391448979,2
W3166194996,2
W2035641521,2
W622093995,2
W2316439516,2
W2147627085,2
W1513994094,2
W2134430829,2
W2049283114,2
W1778972032,2
W2106312197,2
W1572415251,2
W2128851100,2
W1980795160,2
W2166208603,2
W85922691,2
W155190195,2
W4237834406,2
W1986066325,2
W4393952169,2
W1645813170,2
W2787288734,2
W2149533068,2
W2575065700,2
W2308045035,2
W2155737372,2
W4243838916,2
W3128221953,2
W3008216786,2
W4385476962,2
W2094077008,2
W2137554748,2
W196563693,2
W4405940201,2
W2046499926,2
W6684164009,2
W2150607144,2
W2657013669,2
W1969868159,2
W2942351781,2
W1990380209,2
W3043365850,2
W2184977030,2
W1976598038,2
W2057266151,2
W2119362097,2
W2138647353,2
W3028400873,2
W2108259145,2
W26859393,2
W2773945611,2
W2032457235,2
W3134217841,2
W2042005398,2
W1777587551,2
W1974014770,2
W4405016483,2
W2024381704,2
W1996268161,2
W2567512486,2
W3194670500,2
W2984337514,2
W1927208212,2
W2796776931,2
W4401337549,2
W2106399462,2
W2754125910,2
W2883395325,2
W3185246561,2
W2072728060,2
W1521622509,2
W2972361841,2
W2560664999,2
W2099284564,2
W1704779843,2
W1594665414,2
W116602455,2
W4390547737,2
W2619618992,2
W2094103337,2
W3193704506,2
W2102963433,2
W2033727060,2
W1994657580,2
W2062228999,2
W4313465978,2
W1998694148,2
W3043654491,1
W1995286299,1
W2755337532,1
W2320329301,1
W2044612270,1
W2272611784,1
W2078607175,1
W2158686141,1
W3202692406,1
W3020720269,1
W3044595037,1
W3133823842,1
W4200187978,1
W3036302853,1
W3036757697,1
W2088880298,1
W2490996775,1
W2135119343,1
W4230507363,1
W3033503585,1
W4240347915,1
W2044657130,1
W2108964137,1
W2318176222,1
W364707967,1
W3038439519,1
W2035463104,1
W1938457336,1
W2763606073,1
W3165656738,1
W4206118465,1
W3036444295,1
W2156320019,1
W3109887947,1
W2128768380,1
W1604810368,1
W2346207770,1
W2802480109,1
W2753813400,1
W3134965929,1
W3025090279,1
W2608146100,1
W3086840371,1
W2054276704,1
W1975165355,1
W1989092881,1
W3008874180,1
W6747696132,1
W2947977315,1
W3125976894,1
W2010415855,1
W3119502440,1
W2802149336,1
W2146172573,1
W2976478568,1
W2787044026,1
W1910906908,1
W2760962259,1
W2577043885,1
W2165631885,1
W2307453502,1
W3108388821,1
W1487373702,1
W2316231265,1
W2944150721,1
W3127911265,1
W2946937192,1
W4210812088,1
W6771330868,1
W4224442839,1
W2102429071,1
W2979755533,1
W3016697724,1
W2587107828,1
W2119681300,1
W3047459457,1
W2213668027,1
W3125904850,1
W2030444458,1
W2171791726,1
W2789577545,1
W1972213270,1
W2104893223,1
W2133371541,1
W2996483634,1
W2775770600,1
W2561602126,1
W4318305288,1
W4226083876,1
W3083183911,1
W4234690854,1
W2146981192,1
W2245143410,1
W2182087249,1
W2787919713,1
W4366323409,1
W2157585847,1
W3036791764,1
W1986624594,1
W4205119487,1
W3007805683,1
W1668684056,1
W2012985342,1
W2323902846,1
W2075913919,1
W1551214251,1
W2113626142,1
W2146393952,1
W3092461617,1
W4303980994,1
W2476316691,1
W4380871652,1
W3094167898,1
W3124619034,1
W2019689118,1
W4206095740,1
W1807667952,1
W2079745403,1
W3021056079,1
W3010536860,1
W3038145268,1
W1718198712,1
W4312914037,1
W195518701,1
W4251973470,1
W4239684434,1
W2914711619,1
W3124402109,1
W2590187516,1
W4210700827,1
W2482931780,1
W3031378361,1
W2337377794,1
W3120581533,1
W1999138303,1
W2996604343,1
W2953337352,1
W1922216263,1
W3023668533,1
W947581080,1
W4280503384,1
W2787079306,1
W3023787531,1
W1973998419,1
W2592166393,1
W2588585220,1
W3006472059,1
W4200324247,1
W2583806399,1
W3204224463,1
W2565445520,1
W4229019747,1
W3005995896,1
W7074071980,1
W6680974294,1
W3035145793,1
W2920974623,1
W3110791726,1
W2036213336,1
W7044314579,1
W3134926898,1
W3031068760,1
W2016650744,1
W2594700893,1
W2059213906,1
W2298163877,1
W3026864885,1
W2843679245,1
W6606382663,1
W3124345735,1
W2894099695,1
W2310476556,1
W2790558778,1
W7061425965,1
W2954876795,1
W2052245613,1
W2783514098,1
W2437865932,1
W2061141632,1
W2953789298,1
W2982501448,1
W2810030286,1
W2002474920,1
W2049120905,1
W2788323552,1
W2057631920,1
W3122332889,1
W2133252617,1
W7132828643,1
W3175144512,1
W2141644671,1
W2041575901,1
W3190361521,1
W2111103227,1
W2761242421,1
W3124794263,1
W3123893780,1
W6678868527,1
W2480110330,1
W2067366473,1
W2499835566,1
W2994455443,1
W2086198715,1
W2558087334,1
W2758580147,1
W2170784103,1
W2765166487,1
W4214879656,1
W3121618069,1
W3123821347,1
W3121911426,1
W2056148365,1
W2808024949,1
W1875357544,1
W400080011,1
W2343076937,1
W2128045490,1
W2128657658,1
W2060253645,1
W3037139363,1
W4246473208,1
W2596432470,1
W2804527861,1
W2041958585,1
W3173470789,1
W2046456726,1
W2973424108,1
W2902675515,1
W2791754573,1
W2143443548,1
W3136775753,1
W3033028222,1
W1978318446,1
W2941215585,1
W2548919045,1
W2178393306,1
W2966680242,1
W4205441445,1
W2314369154,1
W3094099834,1
W3013573169,1
W2613319504,1
W4289262064,1
W3079113550,1
W2796257797,1
W3130802557,1
W3082575270,1
W4285257371,1
W3068901234,1
W2994473715,1
W3035962087,1
W4308425509,1
W2984919370,1
W3135115065,1
W2763187924,1
W2897019829,1
W4384501730,1
W4210314680,1
W3115227008,1
W4375956009,1
W2149818818,1
W2063333758,1
W1905885339,1
W2084606411,1
W2887089740,1
W3164665662,1
W3001945795,1
W2131347298,1
W2793839645,1
W4291152077,1
W4220783704,1
W2784313224,1
W3006578619,1
W2182772284,1
W2915261027,1
W2265121942,1
W7073954314,1
W4206954983,1
W2945904547,1
W2952384247,1
W4282937375,1
W2995031143,1
W4280641026,1
W2015614089,1
W2773859478,1
W1984980526,1
W4212941548,1
W2801725374,1
W3080679204,1
W2908170239,1
W2158527531,1
W3009994579,1
W3193711706,1
W4214563805,1
W2101616981,1
W3097633065,1
W2918548227,1
W2991072830,1
W2070792094,1
W3168581923,1
W1977722167,1
W3108538169,1
W4247794094,1
W3149934668,1
W3005267658,1
W2096713361,1
W3170745413,1
W2028641464,1
W3123357468,1
W3101738047,1
W2796865856,1
W1973368209,1
W2969435772,1
W3157197274,1
W4253650470,1
W4289550671,1
W2906527124,1
W2782641177,1
W6635482055,1
W2782179022,1
W4220783536,1
W1638210491,1
W2170230233,1
W4379232304,1
W1989838897,1
W2490073661,1
W214761986,1
W2964910252,1
W1963988681,1
W3090626718,1
W4205865334,1
W3080248042,1
W4283450338,1
W3048111315,1
W3164327230,1
W2944918836,1
W2076823208,1
W3167681701,1
W4310838756,1
W1494300042,1
W4226143554,1
W2789620970,1
W4200009187,1
W3203482665,1
W2150579577,1
W2991456841,1
W4229332047,1
W1978535047,1
W3009482086,1
W2799783145,1
W2596395762,1
W1131476176,1
W4280550922,1
W3192383843,1
W2725807232,1
W4378672824,1
W2193358743,1
W2886468460,1
W2962926112,1
W3036728934,1
W4310337732,1
W2914761006,1
W2152505869,1
W4252882227,1
W1979468458,1
W4221104185,1
W6799092349,1
W2102643204,1
W2035026308,1
W1987380721,1
W4388816461,1
W1927605356,1
W6732273978,1
W2978805855,1
W3137027383,1
W7073545507,1
W2765312332,1
W2746415643,1
W4281296276,1
W3162008341,1
W3203056571,1
W2947067342,1
W2952992900,1
W2122125930,1
W4220834345,1
W3197708748,1
W3208916367,1
W4224871698,1
W2726477310,1
W3203318602,1
W2901546104,1
W4210653500,1
W2993742948,1
W4280581908,1
W3092581632,1
W4226170046,1
W2139923324,1
W2161479749,1
W6762128012,1
W2973571059,1
W2606782524,1
W6682460066,1
W2747636737,1
W6731127879,1
W3159306362,1
W2563540046,1
W3021304644,1
W3036820181,1
W2884964391,1
W2528794301,1
W4207082276,1
W2103009735,1
W2117450242,1
W2807479694,1
W1601891934,1
W2948027175,1
W2771221230,1
W2795490090,1
W2513916783,1
W2077917650,1
W2912489638,1
W6804058959,1
W2132800223,1
W2099495605,1
W2589109153,1
W2619014901,1
W4224442675,1
W4388076254,1
W2567441317,1
W2903035710,1
W2339034143,1
W3121845422,1
W2750732739,1
W2624261270,1
W6635972809,1
W4295005002,1
W3213510949,1
W2097779322,1
W2781591400,1
W2520209561,1
W1991388292,1
W2161296045,1
W2139952191,1
W3140304976,1
W2531162535,1
W2150047352,1
W3047456007,1
W1587764458,1
W3123030186,1
W2285921033,1
W2009286841,1
W2927583226,1
W4236784887,1
W3206869817,1
W3192734257,1
W3133995754,1
W2468752156,1
W2980503289,1
W2610870362,1
W4213090820,1
W2153170107,1
W18447785,1
W2083008665,1
W6667993346,1
W3039857656,1
W3087006383,1
W3108017013,1
W6682155200,1
W4281899813,1
W4234007179,1
W3091343528,1
W3124272739,1
W2941422773,1
W2289298311,1
W2161677984,1
W6729675974,1
W3094056048,1
W3062096926,1
W3004533834,1
W2893821099,1
W2967974938,1
W2137800079,1
W2570519731,1
W2944780203,1
W2031833227,1
W4224316532,1
W3125635944,1
W2924744787,1
W6724322865,1
W4362522441,1
W4311274180,1
W3017487520,1
W1823366318,1
W1992762647,1
W3207552790,1
W3121965321,1
W3092273463,1
W6095496,1
W4293223534,1
W2068168521,1
W6672465932,1
W4285744524,1
W2099911807,1
W3209032723,1
W4385476910,1
W2899841051,1
W4321607820,1
W3044776476,1
W3217200218,1
W2337279942,1
W4221092364,1
W2091810381,1
W2969851167,1
W2762407815,1
W2780214698,1
W3159241115,1
W2012063950,1
W4312018758,1
W2996508375,1
W2898204714,1
W2746168245,1
W3168461482,1
W4255700104,1
W4214667826,1
W3165973474,1
W4300194223,1
W6682957199,1
W4225820812,1
W2898741363,1
W4225681790,1
W2159043815,1
W2147167145,1
W3016670717,1
W3042326256,1
W2046637851,1
W4206586850,1
W2807745201,1
W3186890131,1
W3024236281,1
W2928327808,1
W3180810333,1
W4366817703,1
W6633976650,1
W2888111938,1
W4210860656,1
W2906668932,1
W3167365746,1
W3109785434,1
W3044052382,1
W4309681220,1
W3155425060,1
W3155272816,1
W3118193095,1
W3157092733,1
W4212839145,1
W3045806936,1
W3160722932,1
W4293701216,1
W4245559261,1
W2748332233,1
W4225147109,1
W2807823375,1
W3175638899,1
W2970196119,1
W2576893824,1
W3017889040,1
W2958516649,1
W3024847904,1
W2782134284,1
W3094929814,1
W2523687261,1
W2981515555,1
W2518385003,1
W2550678229,1
W1884612741,1
W2619863325,1
W4213303896,1
W3162783642,1
W2410976647,1
W4213220597,1
W2751596919,1
W4236057365,1
W3049509813,1
W4238094512,1
W2277561332,1
W2152788220,1
W3121510315,1
W2900963202,1
W2546519383,1
W3186917788,1
W6960461431,1
W3198934023,1
W4306734853,1
W4200405440,1
W2343609666,1
W2594851752,1
W2069166085,1
W2948796778,1
W4288941227,1
W2594024942,1
W3111031952,1
W3033822055,1
W4400901509,1
W3178922893,1
W2118907952,1
W2899644500,1
W4244376324,1
W3082280136,1
W4283008881,1
W2146030020,1
W4210252023,1
W3004555384,1
W3035873438,1
W2018656754,1
W3012285944,1
W2507518582,1
W4308774034,1
W3191004595,1
W4296757308,1
W3146403582,1
W3023222413,1
W2113373290,1
W2897935939,1
W2737124832,1
W2495759603,1
W4224090290,1
W2571149129,1
W2966493025,1
W2828476642,1
W2326134540,1
W2970001085,1
W3137941496,1
W4292622345,1
W2946097369,1
W4243991417,1
W3205914669,1
W4289517079,1
W3018088696,1
W4206964559,1
W3048223582,1
W2575744492,1
W3111574078,1
W2809742652,1
W2982249284,1
W3088834865,1
W3207664764,1
W2587379119,1
W4283314240,1
W3135134301,1
W3027579602,1
W3200970623,1
W4384156584,1
W2901933471,1
W2327037637,1
W4200078071,1
W2989450719,1
W1999333559,1
W2073840323,1
W3080345567,1
W1916764843,1
W4292212781,1
W3043975336,1
W1939947548,1
W2944561020,1
W6749579181,1
W4254107296,1
W2264200849,1
W3119333586,1
W2155740620,1
W3217136161,1
W2977793248,1
W2580625868,1
W2997143371,1
W2889158082,1
W2800311947,1
W3158526525,1
W1987642913,1
W4293045533,1
W2792923458,1
W3100227291,1
W4225328529,1
W4319082067,1
W2951478348,1
W4318946774,1
W3161134132,1
W2765140055,1
W3196812217,1
W3095635585,1
W4287150618,1
W6674490014,1
W1988638727,1
W2735154941,1
W3212922075,1
W2803561241,1
W3034601296,1
W6697091705,1
W4307803444,1
W4385631122,1
W4376868816,1
W2314858126,1
W2463179880,1
W4226454601,1
W2762323838,1
W2602166127,1
W3013709169,1
W2620714120,1
W2948569404,1
W90996674,1
W4221096196,1
W2095731774,1
W62978433,1
W1989245429,1
W6602550268,1
W2945033439,1
W4230422352,1
W3020206574,1
W2969358996,1
W3092100615,1
W2919601093,1
W2990970133,1
W3188034092,1
W2157391112,1
W2575512411,1
W2907876608,1
W2978811975,1
W3202744050,1
W2936828438,1
W2072718800,1
W3003461065,1
W4286775907,1
W1987595354,1
W2911928534,1
W4312141081,1
W2800091294,1
W4210422500,1
W3014375046,1
W2101871407,1
W2969469138,1
W3186426555,1
W4220794077,1
W4310937114,1
W65260551,1
W4281744923,1
W4220816667,1
W1990688209,1
W4384156719,1
W1976956181,1
W4306151979,1
W2902819729,1
W3135461457,1
W3191073840,1
W2127944969,1
W2154671860,1
W4382137422,1
W3111971034,1
W2166783673,1
W4312114485,1
W3124309050,1
W4243291323,1
W3186416287,1
W4220784126,1
W2974515708,1
W2061615763,1
W4292550280,1
W2533337056,1
W4365455278,1
W2260777681,1
W2571405458,1
W4308949634,1
W2149534938,1
W4221126834,1
W3092774783,1
W4312117596,1
W3021226634,1
W2113362000,1
W4288425196,1
W2894181443,1
W2136722041,1
W2971076278,1
W2973117452,1
W2935802305,1
W2966121099,1
W4225159739,1
W4280601279,1
W4241100896,1
W2956825289,1
W3015639048,1
W2096168118,1
W4327948307,1
W4220876927,1
W2125190381,1
W2302636105,1
W2791781902,1
W3025355178,1
W2058141087,1
W2735988360,1
W2067545480,1
W4298110430,1
W2510737411,1
W2591709983,1
W2026530278,1
W4362523654,1
W1999055527,1
W1974951626,1
W2881539689,1
W2899162995,1
W2732996648,1
W2967289130,1
W3118291996,1
W2805943116,1
W2796164547,1
W2494188196,1
W2146435494,1
W3037761328,1
W3013809813,1
W2794998788,1
W3043700398,1
W3004579624,1
W2754529701,1
W4310545986,1
W2990745043,1
W4318826648,1
W3173751459,1
W6783064966,1
W4205735922,1
W3185460925,1
W2738535520,1
W3134875180,1
W3197813887,1
W2167616221,1
W2492298087,1
W2341660122,1
W2989777300,1
W2761355905,1
W2982486776,1
W2121200145,1
W2020766450,1
W2922370109,1
W4207003830,1
W2060413072,1
W3117809389,1
W2049585147,1
W6779857236,1
W2883545908,1
W2030142581,1
W4237191316,1
W3033668293,1
W3183431500,1
W6783809002,1
W2037485785,1
W3200543388,1
W4383817902,1
W2969971691,1
W4214695521,1
W2889828255,1
W3045573096,1
W6683540055,1
W3007458047,1
W3025603969,1
W4234846145,1
W4205123273,1
W2001200992,1
W3138812309,1
W3035563549,1
W3198492003,1
W6665774037,1
W4212882442,1
W3025643711,1
W3118742430,1
W4226118399,1
W3097189454,1
W3017036842,1
W1981697084,1
W3124710241,1
W3014427099,1
W2091480272,1
W2120941905,1
W2986443234,1
W2150065284,1
W3152593745,1
W2195032685,1
W6858900930,1
W3180893545,1
W6635420642,1
W2164831599,1
W6805392287,1
W2100185997,1
W6809974001,1
W6770471482,1
W6795106949,1
W3156347834,1
W3047613870,1
W6777338757,1
W4287510398,1
W4206949803,1
W2526891826,1
W2167706088,1
W1896576704,1
W2945003166,1
W2013061291,1
W2807204470,1
W2320074259,1
W3164727963,1
W3197351731,1
W3131517793,1
W4285113005,1
W6783520998,1
W6802640339,1
W3025284982,1
W3107113595,1
W3033130943,1
W2980553577,1
W2938543919,1
W2525282470,1
W1589307940,1
W2943927395,1
W4381611849,1
W3153970496,1
W3148715361,1
W3129846419,1
W2074897470,1
W3089713773,1
W2541274415,1
W4324345746,1
W2990112160,1
W6730523866,1
W2911532238,1
W2560122591,1
W2099531439,1
W2949334371,1
W4309711134,1
W3133899187,1
W2989178978,1
W2889677260,1
W6751303325,1
W3143320851,1
W2061540482,1
W4213023007,1
W6605052905,1
W2807260071,1
W6601067093,1
W3206922027,1
W4225144672,1
W806268815,1
W3012401767,1
W3119479354,1
W4242275959,1
W4310829100,1
W2980383575,1
W1946372599,1
W2749471281,1
W3092732789,1
W3160695039,1
W2954909087,1
W2618164195,1
W2275056466,1
W6670158029,1
W2551647522,1
W3017550934,1
W2078215405,1
W3003101707,1
W3082552766,1
W2109299539,1
W6676698451,1
W2801186751,1
W3138215189,1
W4306850857,1
W4237245684,1
W1544245149,1
W1811675263,1
W2395164927,1
W3122629528,1
W2941905383,1
W2115749481,1
W3032756525,1
W2755841085,1
W2803927102,1
W1612624539,1
W2749919473,1
W2117113728,1
W2783809060,1
W4386737523,1
W2127242718,1
W6676408281,1
W4310616611,1
W6693829359,1
W3166864129,1
W6639285154,1
W4310546177,1
W1998095641,1
W2741876156,1
W2584949151,1
W4320031140,1
W3187019838,1
W2890784719,1
W4226290713,1
W6680570064,1
W6674834165,1
W3124883010,1
W6682748393,1
W2080053209,1
W3117699358,1
W2783778183,1
W2557937813,1
W2042529407,1
W1795468129,1
W4283771982,1
W4316363327,1
W4310546751,1
W4225262887,1
W2080207223,1
W6631722142,1
W3049532577,1
W6787280753,1
W6600655691,1
W4283795405,1
W3193536233,1
W4252305438,1
W2554604598,1
W6609311119,1
W1990489876,1
W3123186199,1
W1551795860,1
W6654407685,1
W2017444971,1
W2106072291,1
W2070007621,1
W1838258795,1
W2035038418,1
W4225316191,1
W2261428246,1
W4385472133,1
W1911359317,1
W3122534789,1
W2967868642,1
W1859988060,1
W6670458357,1
W6678463178,1
W3123444834,1
W6634188529,1
W4287572070,1
W4206101549,1
W1997076935,1
W2617034330,1
W2915055042,1
W2125086126,1
W6698408133,1
W2158558442,1
W4256504869,1
W2001541607,1
W1733350189,1
W1973253909,1
W3020539676,1
W3048368662,1
W1587262605,1
W2904108602,1
W3171376825,1
W6757539570,1
W2795888903,1
W2165747252,1
W2130636533,1
W2976827854,1
W6786639254,1
W6769484714,1
W2985757027,1
W6785936105,1
W2791084874,1
W6682787015,1
W4211198759,1
W6761794395,1
W164222699,1
W4241882596,1
W2086038978,1
W2122320231,1
W4225273166,1
W4205808241,1
W2566951551,1
W2019956837,1
W4283158905,1
W3003535749,1
W2300898332,1
W4221080597,1
W3009749594,1
W3007953984,1
W3083299663,1
W3194991385,1
W6773740445,1
W6752756725,1
W6606718654,1
W3125766961,1
W2593134784,1
W2335557087,1
W2026105889,1
W2013259998,1
W2071796477,1
W3094739108,1
W1979841283,1
W2021798310,1
W1997013435,1
W2028061845,1
W2185521422,1
W2318216858,1
W2953516017,1
W3124284575,1
W2970078078,1
W1995446842,1
W2013211346,1
W2993813675,1
W2803986997,1
W2167074979,1
W2899768886,1
W3156742147,1
W4317527857,1
W2147113686,1
W2148312279,1
W2088725720,1
W2090767892,1
W2901487406,1
W2127539690,1
W3011180030,1
W2965232779,1
W3048423030,1
W3157072826,1
W4391516481,1
W2911210030,1
W2809470477,1
W2921357021,1
W2135399423,1
W2354561733,1
W2590912489,1
W4253141511,1
W3111042449,1
W2169654767,1
W3195951142,1
W3135412359,1
W3215025160,1
W3120081996,1
W2345446409,1
W2601977564,1
W2182910197,1
W2154835470,1
W1989846330,1
W1886646561,1
W3023141181,1
W3121601421,1
W4372330251,1
W3085498209,1
W4226081173,1
W6741893788,1
W3168493526,1
W2132660799,1
W3133756306,1
W2270023812,1
W2062589396,1
W3111066313,1
W4390078179,1
W3082609550,1
W3162666249,1
W6731598795,1
W3162054740,1
W4254233555,1
W2073232297,1
W3103713776,1
W2016141746,1
W3120383193,1
W2170547362,1
W3037886507,1
W3177495810,1
W3203127645,1
W3102724026,1
W6677007099,1
W6625054146,1
W2047519049,1
W3104674934,1
W2468022844,1
W6680479207,1
W4386497632,1
W2434370757,1
W3132561049,1
W1970380184,1
W3158755933,1
W6776974068,1
W6798497483,1
W3133771287,1
W3200528077,1
W3048747100,1
W4206587532,1
W3184187265,1
W3196522426,1
W6674911521,1
W6729849321,1
W2161739642,1
W6838417091,1
W3198656244,1
W6801406030,1
W4285189205,1
W4248240580,1
W2323452581,1
W4283715953,1
W2100204488,1
W3087564397,1
W3118326626,1
W2890783864,1
W6743170387,1
W3109379940,1
W6765691587,1
W2788069949,1
W2971580763,1
W2955751052,1
W1977562805,1
W2591687895,1
W6608155866,1
W1984208669,1
W85469694,1
W2416553588,1
W2168224920,1
W4205887289,1
W4226145214,1
W2064988446,1
W3108566184,1
W6786374331,1
W6728584152,1
W6634079179,1
W6767866558,1
W3110097906,1
W6679009782,1
W6786271528,1
W2281340696,1
W2136874146,1
W3114445200,1
W2024133198,1
W2782092320,1
W6992955760,1
W2048384449,1
W2184897173,1
W3183053812,1
W3124165181,1
W3209634537,1
W4230696474,1
W2018046893,1
W4210759806,1
W3100994248,1
W2527759547,1
W6633848291,1
W2997267135,1
W1843359371,1
W1963776407,1
W3082934435,1
W2321376492,1
W2570944315,1
W2596998338,1
W2590606182,1
W4286717991,1
W4283749193,1
W2751923045,1
W2729029619,1
W2970271622,1
W657595639,1
W2054712912,1
W2562005841,1
W2064180461,1
W2004497293,1
W2768026655,1
W1981241384,1
W2166065109,1
W2137024647,1
W2761599847,1
W3021279875,1
W3011074188,1
W3125596177,1
W2788396361,1
W2005211101,1
W3152513036,1
W1894536933,1
W2285354502,1
W6907865642,1
W6749851403,1
W4253437653,1
W2883678950,1
W159389675,1
W7066665806,1
W2050240613,1
W2074544938,1
W3104029894,1
W4241035744,1
W4221092957,1
W3208797073,1
W2087930531,1
W1974643768,1
W3128395326,1
W3170963096,1
W2136922540,1
W3022112232,1
W3137184349,1
W2258917325,1
W3115795817,1
W2031159719,1
W2259668593,1
W2583851542,1
W2514994441,1
W4290989584,1
W2033760543,1
W2971477033,1
W2977888425,1
W1506415924,1
W3112985813,1
W2410128640,1
W587315512,1
W1568629380,1
W1974300232,1
W2328930805,1
W2053540028,1
W3015054943,1
W3068665503,1
W3216463631,1
W3156347124,1
W4206607274,1
W2795585318,1
W2958099964,1
W2137464922,1
W1957910991,1
W2582619334,1
W3092121079,1
W3154376412,1
W2138008655,1
W6680606201,1
W2516127089,1
W3027348541,1
W2783052600,1
W2085086944,1
W2160158455,1
W3020552975,1
W2765111463,1
W3033726792,1
W2112778345,1
W3046035052,1
W2025374085,1
W2081515073,1
W3138965320,1
W3158292257,1
W124349154,1
W1654244576,1
W2963993810,1
W6849297442,1
W3011132979,1
W2498503053,1
W6789889286,1
W4205922920,1
W4246892532,1
W3203129514,1
W6702258058,1
W1843323749,1
W4312221472,1
W1857675993,1
W2110969836,1
W2767927892,1
W4317681542,1
W3157883520,1
W6785436965,1
W4283075183,1
W3210606768,1
W3038529304,1
W2333662982,1
W2584393950,1
W3111210950,1
W3211243720,1
W2526072375,1
W2770084434,1
W1574721287,1
W4224253575,1
W1663638353,1
W4293776972,1
W4241840736,1
W4249627347,1
W4281564584,1
W2977760472,1
W3092902109,1
W3017185871,1
W2976059630,1
W2582664929,1
W3135704979,1
W3018482041,1
W3036605483,1
W3006834170,1
W4225524958,1
W2094494983,1
W3206131896,1
W2404368547,1
W3036275366,1
W4280573173,1
W2600333833,1
W1946649436,1
W6755336527,1
W3015645021,1
W2034501617,1
W3186304616,1
W4254479663,1
W2141679195,1
W1969806209,1
W1591518484,1
W2047442528,1
W3163742975,1
W1970695454,1
W2806166695,1
W2525591951,1
W2914044539,1
W2614673190,1
W4220884377,1
W3009298145,1
W2898414472,1
W2108178005,1
W2611506862,1
W3003923797,1
W2053215820,1
W2134231081,1
W2954917686,1
W4256606173,1
W3119604779,1
W2292848642,1
W2589750964,1
W2188127355,1
W2982241847,1
W2774970900,1
W3049738574,1
W4302380368,1
W3097025208,1
W2165090314,1
W2035731507,1
W2593510458,1
W2748264495,1
W2514858538,1
W3127832827,1
W2905752430,1
W3128384299,1
W1979682439,1
W2138978965,1
W1881326947,1
W6755471820,1
W2038318317,1
W3151685851,1
W2972400214,1
W4319303587,1
W1721421031,1
W1276866904,1
W2771396150,1
W3112066496,1
W3084032561,1
W3152840367,1
W4322619280,1
W2064030190,1
W2120846249,1
W6779207855,1
W3092928686,1
W3015199197,1
W2146690365,1
W6850875795,1
W2032527841,1
W1925745923,1
W2888583832,1
W2990181228,1
W7045319572,1
W2042056111,1
W2845081339,1
W3004346121,1
W3021730278,1
W1886275324,1
W2804424079,1
W3109210857,1
W3193905042,1
W6727839117,1
W1480236963,1
W3216882927,1
W4211068006,1
W2135655476,1
W2894493970,1
W3098062576,1
W2890682736,1
W2162583913,1
W2403005236,1
W2905734647,1
W4390659732,1
W2104274367,1
W2082652286,1
W1966690268,1
W4230707068,1
W3122039499,1
W941494878,1
W3122154134,1
W1715038780,1
W4386851117,1
W2157982167,1
W2019919974,1
W2109005953,1
W2345284471,1
W4327845669,1
W2034658996,1
W2599761030,1
W4361986810,1
W4289008686,1
W4383562758,1
W1577273808,1
W2150019876,1
W4375934575,1
W3011259231,1
W3124175928,1
W3174554362,1
W2733286705,1
W2080766030,1
W4392205012,1
W1551772297,1
W3122088097,1
W3081034241,1
W4206970763,1
W2079663175,1
W2810371786,1
W3137378831,1
W2414612776,1
W2174151591,1
W2296284004,1
W2146541640,1
W2096965060,1
W4388468186,1
W4386430198,1
W2467529434,1
W4386560690,1
W4296640145,1
W4385844306,1
W2767579371,1
W2809513406,1
W6941166425,1
W2004753903,1
W2534334860,1
W1996888198,1
W2319900277,1
W4387884444,1
W3039020234,1
W6656888897,1
W1651433402,1
W2020878588,1
W4211099777,1
W6792543303,1
W1812003545,1
W3024655370,1
W6638501945,1
W1994472398,1
W1037819114,1
W2405767631,1
W3042676234,1
W3125224995,1
W1707268221,1
W3123929571,1
W2963261135,1
W1881142666,1
W2979550448,1
W17144967,1
W2146023340,1
W1939972900,1
W2802309285,1
W4251115425,1
W6611106634,1
W2794516803,1
W2482336446,1
W2161467913,1
W2541816074,1
W4206539738,1
W2580065069,1
W2799358852,1
W4229988546,1
W4383905239,1
W2025243882,1
W1523959541,1
W2789190890,1
W3175178419,1
W2336874530,1
W2170889559,1
W4240663250,1
W2951884173,1
W4286814479,1
W3082355175,1
W2053754146,1
W2803660228,1
W4229067882,1
W3025887156,1
W4242720796,1
W2416058155,1
W112216519,1
W2132816662,1
W2092882717,1
W2064915358,1
W2142590599,1
W2078635489,1
W4205093509,1
W3091863075,1
W2047022410,1
W3204965524,1
W3035105474,1
W2800624330,1
W2181709492,1
W2567723390,1
W4282022233,1
W2595228463,1
W2949596603,1
W2049581452,1
W2068315095,1
W4389447299,1
W2781473886,1
W2045574565,1
W1972591816,1
W2087356051,1
W3153575792,1
W1976026150,1
W2535293448,1
W2735625755,1
W4210748003,1
W2123425465,1
W6678355993,1
W2793316495,1
W2327587343,1
W2125689892,1
W1863711402,1
W6602490165,1
W3133577840,1
W3047845920,1
W3082632876,1
W62897906,1
W2157825442,1
W3090794469,1
W2158698691,1
W6679885445,1
W3090890493,1
W3124649769,1
W2607563445,1
W3049626228,1
W3016991612,1
W4386423641,1
W3047273425,1
W4311660351,1
W3024307699,1
W3116087975,1
W3199525487,1
W3106324975,1
W3123397842,1
W3174236985,1
W4407346166,1
W3088018251,1
W4226360206,1
W3033587603,1
W4312763328,1
W4392193684,1
W2149362502,1
W2116393321,1
W4379876857,1
W1973970903,1
W4251545339,1
W1794847685,1
W6885197993,1
W4381058522,1
W2117594039,1
W3033800345,1
W4205251094,1
W2071139690,1
W318871943,1
W4388930587,1
W2340865919,1
W4381163942,1
W4392204998,1
W4230418690,1
W275746598,1
W2781678281,1
W4391296372,1
W2802708090,1
W6675789386,1
W4389359607,1
W1826812310,1
W2111274774,1
W2063010393,1
W3201523314,1
W241125112,1
W2544902838,1
W4255346626,1
W2133664456,1
W1977993961,1
W2065464976,1
W3124662040,1
W2548158628,1
W2982154474,1
W4206907678,1
W6669404672,1
W1924178809,1
W3014771546,1
W2889616041,1
W4235590979,1
W2047909739,1
W1798822204,1
W2958809719,1
W2993140160,1
W2510914388,1
W4256410392,1
W2085669191,1
W4238311810,1
W4211192948,1
W4210957078,1
W6827176557,1
W3165599791,1
W6634240675,1
W2062337042,1
W2121267976,1
W6640345813,1
W2797994200,1
W2333904728,1
W2058184226,1
W2330113775,1
W3033153478,1
W1931024765,1
W6640806201,1
W2246877462,1
W2608728749,1
W2148728365,1
W2108038333,1
W4247267524,1
W2075374800,1
W2081685648,1
W3097658652,1
W4294740828,1
W6686330298,1
W2565310914,1
W1964399477,1
W3121531150,1
W2899323224,1
W2070743007,1
W3091885850,1
W2780471708,1
W3106725136,1
W4281753296,1
W3211153969,1
W3164141252,1
W3122493358,1
W3123503579,1
W3190566325,1
W2891975866,1
W2939968623,1
W3195590130,1
W2997521620,1
W2149266581,1
W4365143954,1
W2113459167,1
W2610835697,1
W2998884243,1
W2790239900,1
W2165069912,1
W2132387823,1
W4365151144,1
W2062611626,1
W2624055932,1
W3125302868,1
W3132682826,1
W2321914117,1
W3037348613,1
W2057186030,1
W1571214442,1
W4205190551,1
W2621967564,1
W4300510585,1
W3123740334,1
W1557338683,1
W4376611324,1
W4365813373,1
W2883969756,1
W2594189365,1
W2599817518,1
W2954249583,1
W2607064494,1
W2123527770,1
W6692897263,1
W4281263979,1
W6681904587,1
W4298381334,1
W3171537652,1
W6779199752,1
W4386801380,1
W2146925329,1
W2261759282,1
W4307498154,1
W2188395594,1
W3110080053,1
W2766531489,1
W1512410277,1
W2034183799,1
W3159058584,1
W2605150295,1
W2166697527,1
W2902696462,1
W6796835771,1
W2534175540,1
W2901901121,1
W2065380210,1
W6784857692,1
W1978524845,1
W3193159216,1
W3086824490,1
W2903907947,1
W4361860325,1
W6736948275,1
W3097771164,1
W2805766974,1
W1573659560,1
W3214487531,1
W2010503050,1
W2183049088,1
W1974656061,1
W2608326522,1
W4364374796,1
W2150124292,1
W3172582058,1
W1526514911,1
W2022871197,1
W2320170935,1
W2998280185,1
W3214380761,1
W4388672774,1
W4388672779,1
W3124152511,1
W4388672795,1
W2331211957,1
W2986852471,1
W2942951971,1
W2133783419,1
W3134289405,1
W1515734798,1
W6770936958,1
W6770193749,1
W4379931107,1
W2161382259,1
W2064668125,1
W3143350054,1
W2619834376,1
W2019874305,1
W2483208342,1
W4388672793,1
W2991377692,1
W4388672805,1
W6804039609,1
W2076966175,1
W2164668907,1
W1965675690,1
W1983307143,1
W2131449451,1
W4243192933,1
W3158592576,1
W3014781706,1
W2614762804,1
W6629856129,1
W4235585170,1
W4229061120,1
W3175512000,1
W2331434148,1
W2509632338,1
W4223952933,1
W4388168426,1
W2981923231,1
W4200098040,1
W6640391101,1
W4206347369,1
W4233504812,1
W3092373565,1
W3041051287,1
W2921815814,1
W2580674810,1
W1515612479,1
W1557393474,1
W1967786259,1
W4399146005,1
W2746620092,1
W4256655388,1
W2108037333,1
W2550496794,1
W1972677429,1
W637484538,1
W1560150064,1
W2783436532,1
W3148044052,1
W6941146972,1
W4213109720,1
W4388672804,1
W2909055311,1
W4247066346,1
W2071812857,1
W4288704567,1
W3185488876,1
W3035200309,1
W4229371731,1
W4246403459,1
W3174649758,1
W1933164503,1
W4292148932,1
W3123892342,1
W3174073331,1
W4229977739,1
W3122210430,1
W2144650466,1
W2964255569,1
W1968956695,1
W2989701120,1
W1584626121,1
W2576117952,1
W374392076,1
W2062435729,1
W2466520248,1
W3123497570,1
W2904886382,1
W2438608989,1
W2883866252,1
W2622388174,1
W574035066,1
W2982209165,1
W245994935,1
W3216194573,1
W1964451859,1
W4293261892,1
W3014785237,1
W2062966642,1
W4250514732,1
W3121221690,1
W3130078932,1
W2946746946,1
W2912974441,1
W2756142853,1
W3068400835,1
W2048306277,1
W3017314288,1
W2341950175,1
W2962661676,1
W2998842375,1
W2023180107,1
W2130221447,1
W2490378404,1
W4200300790,1
W4240292318,1
W3080770503,1
W1891746733,1
W2207288715,1
W3090890742,1
W2177072084,1
W2072907553,1
W2164160985,1
W2068732310,1
W2133914391,1
W3158412758,1
W2057337614,1
W2223336450,1
W6827137542,1
W4229372229,1
W2395213953,1
W2942757706,1
W3093350281,1
W1967855332,1
W6682038286,1
W2063277639,1
W2014086237,1
W2096732221,1
W2600551607,1
W1993456764,1
W2159856688,1
W2183621886,1
W2802852016,1
W4220822329,1
W1975292041,1
W1569268909,1
W2187997378,1
W2354487442,1
W3131727698,1
W2048022633,1
W2303821555,1
W784321669,1
W3138952953,1
W2936793475,1
W2126691266,1
W1973282813,1
W2605761872,1
W2066824872,1
W1546348296,1
W233300542,1
W3011779659,1
W3082880311,1
W3125427069,1
W3095760859,1
W3013365435,1
W3042270788,1
W3135336244,1
W2964374934,1
W1508827656,1
W1987717328,1
W2889111495,1
W3087755275,1
W560125681,1
W2084699548,1
W4211003961,1
W2071933934,1
W3042070402,1
W3213571363,1
W4210642183,1
W3021862213,1
W1989377012,1
W3008090866,1
W6922278412,1
W2095583911,1
W6774222290,1
W7073780278,1
W3135963844,1
W4361281687,1
W3025898212,1
W2890747141,1
W2067582192,1
W2748847110,1
W4285271662,1
W3204781243,1
W4318424218,1
W2987236808,1
W2074699857,1
W2474266662,1
W3166691801,1
W4313427608,1
W229108574,1
W2937525442,1
W2097263637,1
W6606637777,1
W1985542368,1
W6634908731,1
W3037871976,1
W2992004877,1
W2611487797,1
W4224434551,1
W3015148855,1
W4210935074,1
W3216657867,1
W4293579369,1
W2119840165,1
W4245808708,1
W2792013564,1
W2203277215,1
W1840903917,1
W2948444855,1
W1826507083,1
W2092532477,1
W3171874717,1
W2081060805,1
W31388235,1
W1587167181,1
W4280512213,1
W1993727259,1
W4285087597,1
W2005264638,1
W2158939484,1
W2061580151,1
W1890704733,1
W2184409470,1
W6609997600,1
W3107515793,1
W1577376440,1
W2061702164,1
W2624387752,1
W6747448678,1
W4281400525,1
W6810758286,1
W2043006872,1
W2169379110,1
W2120953613,1
W3033329240,1
W3004879776,1
W2950732867,1
W3158001292,1
W6687291278,1
W6775403259,1
W2771454002,1
W3093939899,1
W4386801176,1
W6960205337,1
W6784043318,1
W2012914410,1
W3125256873,1
W6703378638,1
W2017431890,1
W4248291224,1
W2597003002,1
W2063009111,1
W6729181646,1
W2257818166,1
W2254252820,1
W2072520390,1
W1980927982,1
W6754369589,1
W2058863999,1
W2066771358,1
W3194451684,1
W3043334917,1
W4211147051,1
W2593475945,1
W1497373873,1
W2510780147,1
W2149292156,1
W2928034948,1
W3205802013,1
W4252807987,1
W4302111331,1
W2143252782,1
W4242044618,1
W1994331909,1
W3095659084,1
W42589617,1
W1508755545,1
W6748010305,1
W2104928026,1
W4251424861,1
W1593921582,1
W2114151293,1
W2058547763,1
W2171969700,1
W2078139105,1
W4210553625,1
W2129018774,1
W1520131994,1
W2169359097,1
W2079146746,1
W6808044712,1
W175112820,1
W1977699279,1
W1482473989,1
W2135572748,1
W2792155321,1
W3130097913,1
W6751163195,1
W6839748109,1
W3161270533,1
W6682115548,1
W2260429794,1
W3015692726,1
W2063817385,1
W6682548876,1
W2130195444,1
W6644679374,1
W2954461934,1
W2944055685,1
W4248703143,1
W6721101580,1
W7016142512,1
W6736943397,1
W1479743496,1
W4230206799,1
W2993371557,1
W2899859878,1
W3087605351,1
W2940908412,1
W3046280704,1
W2035318291,1
W2088190956,1
W2750716647,1
W4307560387,1
W1993413188,1
W2893202523,1
W2955268281,1
W4282978781,1
W2035807994,1
W4229021037,1
W3158294269,1
W3129512534,1
W3160944761,1
W2945259295,1
W2107001831,1
W2939872255,1
W2129297110,1
W3038753088,1
W4306720406,1
W2294768996,1
W2781354429,1
W2752979244,1
W600921714,1
W2095252193,1
W2024619899,1
W2909551888,1
W2766296277,1
W3088387283,1
W4310497739,1
W4226065476,1
W3111212874,1
W3115380683,1
W2922253412,1
W4213007876,1
W4245119036,1
W4321090739,1
W2886540761,1
W3176554092,1
W4363676512,1
W3048824105,1
W4306743888,1
W4382182797,1
W4398831499,1
W4283380057,1
W3137859503,1
W2259595848,1
W2954286747,1
W2917428359,1
W2056062595,1
W2619636211,1
W4280518294,1
W74800840,1
W6720413328,1
W3009625037,1
W2947724436,1
W4290999166,1
W2887451577,1
W2780441707,1
W6777568520,1
W2999258273,1
W2091979774,1
W4294591656,1
W6680045087,1
W3178239541,1
W4311185797,1
W6780267049,1
W3139297017,1
W2987787294,1
W4309159441,1
W4224221896,1
W6601260651,1
W4224942359,1
W2074013027,1
W6740493379,1
W205642069,1
W3126081988,1
W1968000568,1
W2967896549,1
W247532030,1
W2803143509,1
W4254985305,1
W2808040227,1
W3216082006,1
W3008898131,1
W2810596975,1
W4206016740,1
W6804074490,1
W2914493371,1
W2995605526,1
W2416627116,1
W3129114967,1
W2317592562,1
W2552752244,1
W1597887120,1
W3048494025,1
W2180542330,1
W2986069397,1
W3126541165,1
W3028343894,1
W4200005904,1
W6763180747,1
W6640366932,1
W3087569317,1
W1925804025,1
W2519158895,1
W2137499055,1
W2247211406,1
W3122883466,1
W2020407132,1
W2092553756,1
W2075592189,1
W4236605067,1
W3125505727,1
W2731202263,1
W2125473429,1
W1531360153,1
W2754789423,1
W2176494473,1
W2070028866,1
W2000207828,1
W2803997661,1
W2500346469,1
W2133710024,1
W2051762765,1
W4220930429,1
W2097815062,1
W2890525342,1
W2198191135,1
W2145283456,1
W1977975747,1
W2040174140,1
W2118457689,1
W3194325448,1
W2549966611,1
W2469966532,1
W3214605826,1
W1989603877,1
W2162238952,1
W3023639742,1
W2921538669,1
W4233120691,1
W3186752574,1
W2142208528,1
W6630511465,1
W3084078391,1
W1488274245,1
W1968427994,1
W2563698793,1
W2034495445,1
W2477462695,1
W1927766810,1
W2533355118,1
W4243218961,1
W4236695241,1
W3008343569,1
W2907976452,1
W2888790743,1
W2082892168,1
W2149185313,1
W2587298803,1
W2585206336,1
W2894832999,1
W2922945280,1
W4380343549,1
W2527090765,1
W3205620281,1
W3108426425,1
W1569657247,1
W1486736671,1
W2007298818,1
W2110831247,1
W2030911862,1
W2131452736,1
W1757393170,1
W2625943152,1
W2079704752,1
W1565221279,1
W2028250464,1
W3200794761,1
W1995516577,1
W4214708049,1
W2902979776,1
W2138978764,1
W6780193295,1
W4200531829,1
W4245807786,1
W4295906392,1
W2114167744,1
W2056312426,1
W3109439621,1
W2938558056,1
W4236055831,1
W3007268595,1
W2524545859,1
W121380501,1
W2218087031,1
W3049139222,1
W3210980638,1
W2031630347,1
W2415931872,1
W4250186215,1
W2117530168,1
W4239328475,1
W2303424202,1
W3128264940,1
W2900642786,1
W2257831247,1
W4285743156,1
W2074729408,1
W2098342229,1
W2741369579,1
W2772803673,1
W2752619759,1
W2557510798,1
W3022678243,1
W3117941001,1
W2884832675,1
W3033680651,1
W4237027290,1
W2732398505,1
W6847393630,1
W2060767789,1
W2144163618,1
W3121154655,1
W2187265482,1
W2114083374,1
W2126383263,1
W2305581719,1
W6777512868,1
W2618019571,1
W3048595141,1
W2706328651,1
W1976381096,1
W2409573378,1
W7029034155,1
W2765151182,1
W2792495056,1
W4283018351,1
W2125735480,1
W3121418714,1
W1654512807,1
W4245679456,1
W4301479081,1
W2979470308,1
W4238095358,1
W1988433172,1
W3104129811,1
W2905380485,1
W2797251437,1
W2950065395,1
W2968736903,1
W2237676466,1
W2995696948,1
W3019350884,1
W2970439780,1
W6631716156,1
W2224490961,1
W2909485343,1
W2899338083,1
W3137539410,1
W4379210109,1
W3157845095,1
W2906390464,1
W4383960392,1
W3010339140,1
W3173872765,1
W2605367664,1
W2811260203,1
W2036956799,1
W4226076855,1
W4312066543,1
W2947139850,1
W2026969832,1
W1991219585,1
W3082015472,1
W2563778051,1
W1497427780,1
W3177689962,1
W2789719943,1
W2701457381,1
W4323031363,1
W6780516260,1
W4236836887,1
W3137624957,1
W3089489105,1
W2201917140,1
W1548864574,1
W6639397378,1
W1831130685,1
W2090877582,1
W3138148582,1
W2476801303,1
W4322754569,1
W3123158269,1
W2321087313,1
W6638601198,1
W4211151467,1
W114125976,1
W1021061058,1
W2551633993,1
W2035843995,1
W1525257009,1
W4308957267,1
W1900756770,1
W3036418778,1
W1993514080,1
W2115259814,1
W2753759564,1
W2582250031,1
W3001874033,1
W1603020501,1
W4225937301,1
W2404664593,1
W1504389666,1
W2099486643,1
W3043152511,1
W3211384039,1
W2007607071,1
W1999189840,1
W4323031393,1
W4232651013,1
W2790338776,1
W1986256779,1
W2146082684,1
W946594587,1
W4224307585,1
W3165654411,1
W2969081385,1
W2070065956,1
W2809812601,1
W2808816257,1
W1805801525,1
W3021240172,1
W2010422682,1
W2734792637,1
W6840965879,1
W2003887755,1
W6769914066,1
W4377011365,1
W4302425305,1
W3116754557,1
W2068208818,1
W4288885867,1
W2800646411,1
W6741511114,1
W2803671755,1
W3015700875,1
W3112005803,1
W2418979296,1
W2118070107,1
W6616779857,1
W2658973775,1
W6684287871,1
W3186477286,1
W3177884684,1
W2201975765,1
W2909513991,1
W6781127959,1
W3123765987,1
W2272548948,1
W4210405718,1
W4236131762,1
W2602458679,1
W2045068841,1
W2146484738,1
W4250020876,1
W6789647925,1
W2112420322,1
W6682579452,1
W6674729573,1
W6713259024,1
W2012810583,1
W2523628863,1
W2801299731,1
W2759148680,1
W6787651513,1
W2750713999,1
W2973879993,1
W2891767071,1
W6781832522,1
W2960774126,1
W3160350880,1
W6667088525,1
W2756783833,1
W2170443536,1
W6747964692,1
W2568104990,1
W2589027435,1
W2515813569,1
W3021338894,1
W3093508108,1
W3162159341,1
W3172951901,1
W2345407461,1
W3094711138,1
W1834783941,1
W2986519201,1
W2001212564,1
W2124094829,1
W2191864290,1
W2096080213,1
W948364170,1
W3018282165,1
W6771146284,1
W2901945238,1
W2792615664,1
W3025016910,1
W2342186543,1
W4213149972,1
W4307458010,1
W2896446684,1
W2912430740,1
W4297517552,1
W2784231851,1
W2439293444,1
W6798129754,1
W2759853008,1
W3070535926,1
W2885136369,1
W6753958624,1
W6786780661,1
W4254127904,1
W1922871050,1
W2286863841,1
W3045386040,1
W2923856566,1
W2062839495,1
W3158753171,1
W3032834166,1
W2883486997,1
W6689880174,1
W2473128134,1
W4383314754,1
W6790348833,1
W2778699621,1
W4206175442,1
W3027515564,1
W3123256530,1
W2768493439,1
W2906477348,1
W4233427584,1
W1734462330,1
W2036282094,1
W2095331327,1
W2182115275,1
W6767306649,1
W3217527747,1
W2483775566,1
W2041049746,1
W2337078106,1
W6735873724,1
W2167827769,1
W6634486766,1
W1988550547,1
W2108090653,1
W3148810806,1
W1575777372,1
W2060392380,1
W2192069494,1
W2046083455,1
W3086011326,1
W2265704911,1
W2144256322,1
W2993247109,1
W1969421006,1
W2072042283,1
W2995170279,1
W2146715090,1
W206017418,1
W2118855753,1
W4255286714,1
W4284676014,1
W6631412387,1
W2953711725,1
W6636075565,1
W2101057650,1
W2185365993,1
W2061721471,1
W2604706316,1
W1845019034,1
W6770948483,1
W2565500290,1
W4327510383,1
W133687859,1
W2016013569,1
W2079129025,1
W2592939994,1
W4378171379,1
W1964084132,1
W2136611993,1
W6629953662,1
W6687898783,1
W1794118895,1
W3122327493,1
W4321375115,1
W1556880262,1
W1599204781,1
W2004676839,1
W1955546982,1
W2604754081,1
W2979733657,1
W2412943657,1
W2576182912,1
W2734392003,1
W3174272691,1
W2048303528,1
W3147940169,1
W2149224596,1
W3200012441,1
W2143040673,1
W1969458656,1
W3136471362,1
W6980614607,1
W2001872331,1
W3134270947,1
W4297312760,1
W6653827262,1
W1632139157,1
W6748729792,1
W2065010755,1
W1991279284,1
W4206201037,1
W2575561556,1
W2461345627,1
W2026597533,1
W1494283481,1
W4281874150,1
W2919228676,1
W2611750131,1
W2019383179,1
W3122793745,1
W2622529812,1
W3009982486,1
W2136574178,1
W2131388538,1
W6611238794,1
W4289338318,1
W7010115353,1
W2411715518,1
W3143117511,1
W3004864138,1
W2331120796,1
W2245383423,1
W2807540249,1
W3036759097,1
W2070028837,1
W2139731610,1
W2054789557,1
W3210193162,1
W2006245274,1
W2588741105,1
W5542484,1
W2095250659,1
W4280534557,1
W2055002731,1
W1520674914,1
W4254743361,1
W1984363050,1
W3081079481,1
W1619038707,1
W3121550528,1
W4321372449,1
W2138982419,1
W4236592698,1
W2471662348,1
W4245918833,1
W2043087745,1
W2793638044,1
W2056004454,1
W4318479903,1
W2078314223,1
W3049229559,1
W4207070571,1
W2028202351,1
W3114787704,1
W2151528537,1
W7046359206,1
W1999420502,1
W3035977311,1
W4206912211,1
W7002011986,1
W2342778688,1
W1991547802,1
W2103605871,1
W3121226439,1
W3025605929,1
W6959931692,1
W2090149428,1
W2148909974,1
W1975519226,1
W1852418226,1
W6681069327,1
W2160431718,1
W2160058501,1
W1980484596,1
W2133665943,1
W3192787978,1
W4388076604,1
W6754648708,1
W2074154843,1
W6683832753,1
W2125572538,1
W1978517466,1
W4244409347,1
W4224250051,1
W3158505556,1
W3003944185,1
W2177343202,1
W4224298194,1
W4308206524,1
W2130096227,1
W2547567195,1
W2979714509,1
W2179148718,1
W3035523172,1
W3205611386,1
W3068502044,1
W3154075872,1
W2070408557,1
W1485005327,1
W2331230519,1
W2144382982,1
W2734549674,1
W1968716268,1
W6636847869,1
W4252811845,1
W2022062479,1
W2460494591,1
W2755045721,1
W2258129218,1
W4229070832,1
W4220765535,1
W1997008359,1
W2994342232,1
W4206811881,1
W2883458402,1
W4321111680,1
W1973200069,1
W2947793424,1
W2735477016,1
W2605947092,1
W2883581813,1
W1492082735,1
W4211101162,1
W2246554857,1
W2961087578,1
W4255632986,1
W1992770033,1
W6678784849,1
W6761328509,1
W1923454040,1
W2120772315,1
W2507705680,1
W1968904021,1
W1994776010,1
W2116281003,1
W2975550254,1
W6784296421,1
W4246087178,1
W2996157359,1
W2885132929,1
W6698482340,1
W3180602573,1
W2079695918,1
W2070523110,1
W4293194663,1
W6841726198,1
W2626184679,1
W1516522770,1
W2046637808,1
W2828070783,1
W4290614705,1
W2952108313,1
W2201763417,1
W6840124994,1
W4231578425,1
W4221116261,1
W3138169171,1
W1502207748,1
W2164247427,1
W4283033444,1
W2328407804,1
W3092845719,1
W6685980243,1
W1994698540,1
W2099808326,1
W2602451645,1
W2187367700,1
W2604272706,1
W6755855373,1
W2807862250,1
W3124996707,1
W2161830103,1
W4385489410,1
W2980119566,1
W2972013242,1
W1857526574,1
W3126968972,1
W1973980643,1
W6696034978,1
W3009165041,1
W4303856985,1
W3028429698,1
W4280606583,1
W3205380622,1
W222425770,1
W3169459337,1
W4229690380,1
W2090238920,1
W2158073843,1
W2996160537,1
W2182635052,1
W2146863640,1
W6810427365,1
W4248246458,1
W2546511891,1
W6687757666,1
W2801023641,1
W3117452938,1
W2612666189,1
W2001654461,1
W2142301453,1
W1968940867,1
W2964479521,1
W2134252926,1
W2202901420,1
W2768135095,1
W4224994275,1
W3086819598,1
W4285730965,1
W4296709514,1
W6602469948,1
W3213802611,1
W2146523219,1
W4285678650,1
W2153033749,1
W2105084778,1
W3043064271,1
W3013374506,1
W3107647218,1
W3179263685,1
W2306592406,1
W2762189095,1
W2800747078,1
W3017262051,1
W2108760064,1
W4321352598,1
W2129885496,1
W2290154847,1
W2586626150,1
W4226240333,1
W2751123070,1
W3011819723,1
W2599951679,1
W583768090,1
W2126533671,1
W3048878591,1
W3206740203,1
W3090737509,1
W1968588612,1
W1982693608,1
W4211067068,1
W2030677354,1
W3043081018,1
W4387123273,1
W4220915928,1
W2159538290,1
W2072826692,1
W2089355683,1
W2147544183,1
W2182031235,1
W2177700548,1
W2803956796,1
W2240360716,1
W2889870391,1
W2400532519,1
W3136147888,1
W3031933442,1
W4312358936,1
W4200222754,1
W1982779300,1
W4210821260,1
W2563493412,1
W2793449741,1
W2567930094,1
W2419005194,1
W2505772607,1
W2912274100,1
W3002301941,1
W3158672297,1
W2156485758,1
W2028593116,1
W4221131280,1
W6681388426,1
W2144967260,1
W4230786063,1
W2146446882,1
W3142808426,1
W4310123620,1
W6819722445,1
W2994042741,1
W2072060515,1
W3134152025,1
W6666280074,1
W3211963943,1
W6643188774,1
W1497843627,1
W3048950197,1
W19688942,1
W2006518117,1
W2261098609,1
W4387271093,1
W2964067610,1
W3125646106,1
W2737714234,1
W4213393188,1
W2946875729,1
W3125424168,1
W4283269929,1
W156124411,1
W3006481971,1
W2739014662,1
W4255433148,1
W3159759002,1
W4300351565,1
W6847019795,1
W3202395426,1
W2425429286,1
W6687075516,1
W2987738220,1
W2948182333,1
W4229778184,1
W4298395378,1
W4299942851,1
W6761335187,1
W3053412480,1
W2972150145,1
W2289529770,1
W6753070095,1
W4295679762,1
W2408023988,1
W4283162459,1
W6658506590,1
W3034855613,1
W1970588407,1
W6747102244,1
W4283361020,1
W2777834048,1
W2345483851,1
W4229450839,1
W3030172556,1
W3004359053,1
W2168456843,1
W581403203,1
W3122800357,1
W2160745631,1
W4226329898,1
W2330776623,1
W2754289264,1
W2755156663,1
W2270631101,1
W2274643136,1
W2145725144,1
W636860477,1
W2034799696,1
W6634438997,1
W6809943959,1
W2521481117,1
W6677166122,1
W3001517760,1
W2783743696,1
W6680220609,1
W2002208326,1
W180524628,1
W3164078163,1
W2940239237,1
W4321117938,1
W2284289865,1
W6755445501,1
W6683479200,1
W3199020333,1
W2066879583,1
W2083759586,1
W2969344585,1
W2792720762,1
W2333836429,1
W2102886298,1
W3022139794,1
W2778432028,1
W2480934990,1
W2886656000,1
W4280571161,1
W6606385403,1
W3123675987,1
W6736245525,1
W6783202561,1
W3155230062,1
W6734429584,1
W3121590395,1
W2071261566,1
W1995468024,1
W2592360301,1
W2898015686,1
W3121687915,1
W1977600612,1
W3120844766,1
W2977801430,1
W4200031718,1
W3158525078,1
W2107421786,1
W4226243676,1
W2020940157,1
W2100965352,1
W6606404705,1
W2739232641,1
W3021440196,1
W2083718208,1
W6609831832,1
W4245393920,1
W2418411853,1
W2396745880,1
W2883143517,1
W2114814483,1
W2078339519,1
W2085704083,1
W2218652204,1
W2398091471,1
W2945874580,1
W2893582715,1
W3049620140,1
W2259642310,1
W3180858171,1
W2893858988,1
W2901263539,1
W2950114698,1
W4237702584,1
W2921089918,1
W2621248264,1
W2267591398,1
W3173622220,1
W4248009001,1
W6800375189,1
W4225402059,1
W2804408249,1
W2773367452,1
W2738583835,1
W2106731109,1
W2560820167,1
W2060276516,1
W2165868534,1
W2920753941,1
W1986460140,1
W6762481168,1
W2147996212,1
W193513408,1
W2593481595,1
W2110007269,1
W1504333842,1
W2903181879,1
W2082251684,1
W2275708652,1
W2253148421,1
W6678237591,1
W3039605262,1
W2080743795,1
W3080584739,1
W4252879488,1
W3034935935,1
W2468665872,1
W2025471664,1
W2165032674,1
W3107281761,1
W2969468266,1
W2905383972,1
W2751884425,1
W2283037055,1
W4241354346,1
W3207920246,1
W1997706627,1
W6660608858,1
W1582176740,1
W2885416708,1
W2991451847,1
W2022394868,1
W6681508199,1
W2802188508,1
W2969808968,1
W2904211451,1
W6849596119,1
W6639135310,1
W4226530744,1
W6903713525,1
W4224068388,1
W4307876585,1
W2736085143,1
W73449805,1
W2801199131,1
W6743425976,1
W2223146406,1
W2090241969,1
W4237648872,1
W2022448038,1
W2118723136,1
W2002887290,1
W2037663744,1
W1967115927,1
W2188406686,1
W2402819512,1
W4232119637,1
W2182421124,1
W1974425875,1
W7065352734,1
W2045983921,1
W2959220100,1
W2015201019,1
W2975927216,1
W2154889135,1
W3091757517,1
W2612446718,1
W2015925716,1
W1567099747,1
W2901987801,1
W1883801221,1
W7029309042,1
W2534110642,1
W2429623021,1
W4394275395,1
W2131080006,1
W2065833371,1
W2752852334,1
W2073579395,1
W2107561619,1
W3145203756,1
W6634261953,1
W6758308526,1
W3138197880,1
W2991511002,1
W2582209579,1
W6662636791,1
W2071159757,1
W135267827,1
W2805165535,1
W2996419042,1
W2015643767,1
W2004147962,1
W583236021,1
W1514892194,1
W2963694990,1
W2909141785,1
W3033453673,1
W6601343367,1
W3010798178,1
W2917954099,1
W2005615183,1
W2560166614,1
W2599285899,1
W2049239673,1
W2145339411,1
W6784546132,1
W3011992927,1
W2920220180,1
W3208613164,1
W2123363421,1
W2853172614,1
W2793514471,1
W2164908958,1
W3177373159,1
W6681403848,1
W3138953793,1
W2960601842,1
W6606224128,1
W7064569877,1
W2996168061,1
W3196521118,1
W4213202003,1
W2620828057,1
W3081761439,1
W3122328678,1
W2349785416,1
W2412997577,1
W1985507131,1
W2053711909,1
W4210915364,1
W2884959181,1
W6784790967,1
W6818892714,1
W2070400748,1
W2733704846,1
W2009167374,1
W1698657956,1
W2183070172,1
W1971891529,1
W6633912811,1
W2943847070,1
W3084097908,1
W1535970121,1
W1695980899,1
W2907913001,1
W2087332198,1
W2984175243,1
W1535457436,1
W2915981391,1
W7057288945,1
W2144516619,1
W2185286545,1
W3095010054,1
W2958807307,1
W70001371,1
W3163890354,1
W2949575001,1
W3045595659,1
W4255087881,1
W3088103745,1
W2945568102,1
W3088104117,1
W2901148607,1
W2897117563,1
W6794094988,1
W4236807002,1
W2184623507,1
W6686406190,1
W2182791544,1
W3154487717,1
W2777840401,1
W2766243054,1
W2598704670,1
W2938328185,1
W4210300906,1
W2943620755,1
W3028259863,1
W2093178564,1
W2307744245,1
W2787707077,1
W2885723400,1
W3028164295,1
W2805458001,1
W2942682696,1
W1978743055,1
W6600025118,1
W2752721154,1
W1517381134,1
W1566376227,1
W2945337927,1
W2345406336,1
W6635709681,1
W2786099842,1
W5881289,1
W2172836134,1
W2065946615,1
W2358944029,1
W6849007955,1
W2065535872,1
W2060112593,1
W4318914476,1
W2130785123,1
W2086197387,1
W2789034072,1
W190663986,1
W2331115083,1
W2810914714,1
W3016815665,1
W2971318810,1
W2148384395,1
W2942770417,1
W2072659645,1
W6839495139,1
W6607681280,1
W4318275374,1
W2274436794,1
W2473468797,1
W6601457275,1
W2937817163,1
W2905333361,1
W2562518224,1
W2058267992,1
W2604893878,1
W1986234982,1
W3045515345,1
W2905689374,1
W1010938788,1
W2416336805,1
W2146257737,1
W2008910069,1
W4253193754,1
W34056131,1
W2084704758,1
W2084434895,1
W2774907653,1
W2087096065,1
W4309215501,1
W2544991555,1
W1973977722,1
W2314404588,1
W2416609190,1
W2894926217,1
W4321615817,1
W2023455207,1
W2012576620,1
W1536876223,1
W2036760453,1
W6884310844,1
W2617806790,1
W2109356440,1
W2759064713,1
W2328142025,1
W4308773888,1
W3189769971,1
W4220855832,1
W4241535178,1
W621628099,1
W4321230662,1
W6704021492,1
W1972132135,1
W3087224627,1
W2338855411,1
W2117585430,1
W3019934810,1
W2100953751,1
W2920664471,1
W4323073583,1
W2028509622,1
W3198434658,1
W157481626,1
W3092155286,1
W4200627635,1
W61333908,1
W4280553966,1
W1978368016,1
W2122816224,1
W2775261101,1
W4200537035,1
W4205519694,1
W2739405858,1
W2885336082,1
W6727981759,1
W2032575510,1
W2594317413,1
W2065505598,1
W4210804192,1
W3088815053,1
W1905519735,1
W2763051692,1
W2285589044,1
W2919515302,1
W2902534204,1
W1979075330,1
W3216772954,1
W2896723300,1
W4224322703,1
W1984149741,1
W2973038822,1
W4287446860,1
W2751535768,1
W2901521992,1
W3011867072,1
W3203158479,1
W2052468682,1
W4292767170,1
W2999401824,1
W4210710766,1
W2138907715,1
W66222586,1
W2911258966,1
W2959727868,1
W3023529892,1
W1997679653,1
W2051206459,1
W2554810510,1
W2496853029,1
W6718174611,1
W1674251420,1
W1970651147,1
W1607157500,1
W4293371131,1
W1964648173,1
W2029578733,1
W2167252772,1
W6730557567,1
W2100440978,1
W2126431422,1
W1963927438,1
W6629354125,1
W3088740163,1
W2146050890,1
W1489977586,1
W2516436101,1
W1518245040,1
W2165602583,1
W2039261815,1
W2554462531,1
W2793342610,1
W2105347888,1
W2908724107,1
W4287547045,1
W2944241246,1
W2033222062,1
W1742964022,1
W2333213634,1
W6602928266,1
W4321453286,1
W6703744086,1
W2772098938,1
W2342211961,1
W4312673268,1
W6725411165,1
W1866784139,1
W2960660366,1
W2062907236,1
W1564538893,1
W2341984587,1
W2567152231,1
W2145817447,1
W2611252229,1
W2922358034,1
W3048417781,1
W2904170190,1
W2033062403,1
W2174308881,1
W2770242317,1
W2004187893,1
W2026046842,1
W2939797295,1
W2577123923,1
W2892402642,1
W4229019671,1
W2561789119,1
W2262539283,1
W1985419309,1
W2916847743,1
W2970423483,1
W2164942343,1
W4228999189,1
W2114513889,1
W3002895977,1
W4300926718,1
W2001512517,1
W4245206568,1
W2106794985,1
W3122167834,1
W4292308390,1
W3203646780,1
W2609122171,1
W1784033246,1
W2950210075,1
W144826699,1
W2997014045,1
W2151065489,1
W2095333750,1
W1998187853,1
W3157008648,1
W2000133178,1
W2790321567,1
W2151355802,1
W2100710950,1
W2765907162,1
W2066906300,1
W2614460177,1
W2486592486,1
W6660166649,1
W2585164673,1
W3125381306,1
W6742191974,1
W2759915347,1
W2890316301,1
W2000047144,1
W2617014056,1
W2542740621,1
W4224936419,1
W2904606094,1
W2487112788,1
W2277181523,1
W3158669833,1
W2789815784,1
W4295074145,1
W2128417959,1
W3127258692,1
W2096319929,1
W2919093793,1
W2103634218,1
W2424810437,1
W2940593709,1
W4383853372,1
W3193422825,1
W3118417996,1
W6733802381,1
W3195888770,1
W1557866595,1
W2076818731,1
W2332629841,1
W1849182094,1
W2967449615,1
W3192320354,1
W3195916722,1
W2044266400,1
W3154779884,1
W1971669860,1
W2033682913,1
W2142706873,1
W2129584645,1
W1481037894,1
W4288457132,1
W2116109518,1
W3010735793,1
W3165415218,1
W2781863909,1
W2782383819,1
W2522845154,1
W3160227221,1
W2911560378,1
W4210384525,1
W6803852162,1
W2140555619,1
W3108023207,1
W2173928295,1
W2159685144,1
W3176428748,1
W2581443616,1
W2086237365,1
W2044921755,1
W4304807027,1
W4306393513,1
W6803131055,1
W3196320477,1
W3206120686,1
W3030420433,1
W6960393586,1
W2005081670,1
W3211282875,1
W3198371210,1
W6846773351,1
W3009739970,1
W2965596074,1
W2336133541,1
W4226461741,1
W4213456029,1
W2170828204,1
W3080677494,1
W3178582522,1
W3182054494,1
W3124470727,1
W2084870491,1
W2055149067,1
W2777678138,1
W2046833065,1
W3005316207,1
W2119185966,1
W2903971515,1
W1998195656,1
W1975372198,1
W3037130284,1
W2103015906,1
W2107328434,1
W4281726376,1
W1974563443,1
W2767553997,1
W3119137505,1
W71228264,1
W2975976104,1
W2954684197,1
W2480728527,1
W2990668810,1
W3015883070,1
W3204310679,1
W3093623200,1
W2134275572,1
W2061990250,1
W1585794386,1
W2115112857,1
W2065630216,1
W3122122006,1
W4200200585,1
W3148971761,1
W2052830664,1
W2169726092,1
W4210579017,1
W6804789942,1
W2800404554,1
W1985676132,1
W2142788458,1
W3092165090,1
W6799854747,1
W1599764678,1
W2345995687,1
W2171523231,1
W3191917006,1
W2146089294,1
W1995041907,1
W2803272037,1
W6704941442,1
W2107386361,1
W1705081574,1
W2575741909,1
W6780309740,1
W3039388335,1
W2160064022,1
W57300341,1
W2044977140,1
W4244242060,1
W6603801844,1
W4366817615,1
W2019222612,1
W2777079951,1
W2581562132,1
W2104899426,1
W3121672308,1
W2897890104,1
W2065747283,1
W2911336581,1
W1512437718,1
W2332448571,1
W2272883618,1
W2162721875,1
W4250730617,1
W2132089139,1
W2990654432,1
W2139133799,1
W2073847224,1
W3045222653,1
W3160036689,1
W2955258522,1
W1971939090,1
W3096170166,1
W2532962638,1
W2215646221,1
W2560588268,1
W1989274498,1
W2188632414,1
W2883476588,1
W2054500638,1
W2755872058,1
W2999077271,1
W2102393061,1
W2801570625,1
W6655427657,1
W6912297643,1
W2103502205,1
W2124926190,1
W2769696181,1
W1601608664,1
W2997474757,1
W2038792043,1
W2898203807,1
W2047256592,1
W2146588385,1
W2156290650,1
W2120980029,1
W2096978226,1
W2157637899,1
W2979342944,1
W4281758451,1
W2551526887,1
W2799559920,1
W2587633379,1
W4223943607,1
W4289836881,1
W94869460,1
W2884849385,1
W2656281512,1
W2340797117,1
W2233493475,1
W2060061121,1
W3128250121,1
W2804740002,1
W4396934249,1
W3124737577,1
W2970242002,1
W2122576504,1
W2122554415,1
W1981722146,1
W3190240908,1
W2219089227,1
W2015144627,1
W1831415197,1
W6653922375,1
W2164534384,1
W2974087526,1
W3211268517,1
W2075921095,1
W3138944360,1
W3040997553,1
W1828019950,1
W2524391050,1
W2033465286,1
W2594128410,1
W2893053686,1
W2008089009,1
W6831282661,1
W3025090669,1
W1972809848,1
W2982123244,1
W2979377992,1
W3199266149,1
W2981035005,1
W4226250938,1
W3171626757,1
W6703624665,1
W3126840065,1
W3177186107,1
W2912856523,1
W6782412790,1
W2117086540,1
W2398671173,1
W1673693970,1
W4206034567,1
W4283016077,1
W2171661586,1
W1965227855,1
W2602263447,1
W2051459818,1
W2301874845,1
W3166344293,1
W3199822052,1
W2788449581,1
W2133260837,1
W2904045889,1
W3091807194,1
W1985347441,1
W2155046404,1
W2222321307,1
W2498601910,1
W4313650102,1
W2751446514,1
W3127208098,1
W2159894369,1
W2005519248,1
W2079522214,1
W2097893474,1
W2146860632,1
W2790928185,1
W2970062122,1
W2065244214,1
W2913512374,1
W2743227861,1
W3123754630,1
W3156915863,1
W2510765898,1
W2994203424,1
W2912167297,1
W2140768716,1
W3124345600,1
W2001901547,1
W2605767266,1
W3213678405,1
W2146807455,1
W2474762040,1
W3027689426,1
W1981776219,1
W2887709239,1
W4243656944,1
W2953258909,1
W2013344859,1
W2383041253,1
W4200495181,1
W2928164648,1
W4253917826,1
W2004338593,1
W2102059582,1
W3001986102,1
W2120176508,1
W1973142434,1
W2106327472,1
W2301371455,1
W2315715453,1
W2947434533,1
W2796140636,1
W7056962492,1
W3183940112,1
W2184439217,1
W2068937003,1
W1976021499,1
W2192872072,1
W2040975718,1
W3144103590,1
W2792956386,1
W6806748415,1
W2790084516,1
W4205949297,1
W3169027093,1
W1811916053,1
W2044997260,1
W3157141545,1
W2083454287,1
W3138380258,1
W3113378006,1
W2550225199,1
W2805793843,1
W2996031480,1
W2005019292,1
W2910905428,1
W4226264788,1
W6639273908,1
W2884908110,1
W6687742624,1
W1880728758,1
W3164500079,1
W1975172499,1
W3160380773,1
W2197820792,1
W3122426020,1
W94010327,1
W1504863204,1
W4289224418,1
W3086637210,1
W3122429174,1
W2403565256,1
W3122850475,1
W1848429960,1
W6736020684,1
W2996102434,1
W3111744704,1
W1813540709,1
W2895916737,1
W3195770792,1
W2416669257,1
W2017163427,1
W4223984671,1
W4404836259,1
W2589169831,1
W1998518947,1
W6603182568,1
W1484606059,1
W2620860818,1
W2613731346,1
W2513609424,1
W2754060375,1
W4283689352,1
W3158839735,1
W4283756587,1
W2119944141,1
W2981159874,1
W4206526319,1
W3216205013,1
W3095987791,1
W3179509576,1
W6611797403,1
W2801288875,1
W3125065975,1
W3149571067,1
W2791768808,1
W1576030027,1
W2067970576,1
W4229537770,1
W2910945964,1
W3080881321,1
W3096610340,1
W2118365154,1
W1967293839,1
W2162472488,1
W4241751750,1
W2731643611,1
W3019175973,1
W3171715054,1
W4230302872,1
W2760660048,1
W4232925168,1
W2747465793,1
W2982514569,1
W2804577542,1
W3130157128,1
W3035926021,1
W2408375844,1
W2039796217,1
W2955349172,1
W4313396138,1
W108866941,1
W2968448735,1
W2020098155,1
W2753925418,1
W2166503921,1
W3041864803,1
W1511769694,1
W2914063817,1
W6779697371,1
W3125350358,1
W2889046391,1
W3102390567,1
W3156172549,1
W2046189609,1
W2476793714,1
W3114045278,1
W3007937849,1
W2120241906,1
W2021566342,1
W1997680300,1
W3092620735,1
W4238897992,1
W3100819913,1
W2909204154,1
W2028750267,1
W7007689867,1
W2559410064,1
W2170872335,1
W3123732438,1
W2967860319,1
W3149515998,1
W3104849124,1
W4206490267,1
W2896970240,1
W2140898820,1
W3037399738,1
W2971088053,1
W2500139727,1
W2305033946,1
W6630585123,1
W2182674916,1
W188428275,1
W1987210617,1
W2608703755,1
W2333218362,1
W4255489742,1
W3203564236,1
W2116441987,1
W1965914232,1
W4297663977,1
W2969777569,1
W2143972656,1
W4226104415,1
W2608265330,1
W1972912763,1
W2012779446,1
W6682560234,1
W1587143760,1
W2138448830,1
W3041985295,1
W2942548022,1
W1560061372,1
W2110729925,1
W1932046716,1
W3182846875,1
W2917263953,1
W2000305041,1
W3107538058,1
W4233742636,1
W3004118507,1
W4247425193,1
W1593979222,1
W3123003117,1
W3173712771,1
W1911470980,1
W2811181261,1
W2735409459,1
W2161987701,1
W3879197,1
W2548253510,1
W2262942124,1
W2117625346,1
W2097064938,1
W7005376574,1
W2893250656,1
W2047621161,1
W2734781588,1
W2027795935,1
W2056461096,1
W2131042564,1
W2237914025,1
W1991756274,1
W3091797871,1
W2063953477,1
W6628528974,1
W4238644297,1
W3009046890,1
W3196732847,1
W2050478387,1
W2172083603,1
W4223538257,1
W1490142218,1
W1509797890,1
W1575606059,1
W1583002563,1
W2095631758,1
W1988164196,1
W2325054230,1
W1802390472,1
W2029491176,1
W3048203679,1
W6733021160,1
W2800946484,1
W2997524875,1
W1665726547,1
W2024745357,1
W2771155456,1
W2397559513,1
W3181294228,1
W2750131130,1
W2050965171,1
W2098695569,1
W1999682547,1
W2914093047,1
W2921088896,1
W4211188855,1
W4251696482,1
W2768267412,1
W2273067103,1
W2362171260,1
W4249878178,1
W2155158920,1
W2146043903,1
W1987978799,1
W1442616544,1
W1969175043,1
W3092284274,1
W3091984133,1
W4241672645,1
W2973043524,1
W4232421491,1
W3092234603,1
W2906039830,1
W2133690330,1
W2226440325,1
W2159730254,1
W3145179529,1
W1569266783,1
W1924364261,1
W3123963105,1
W2804370853,1
W2094207775,1
W31627850,1
W55510195,1
W2049196722,1
W4205847491,1
W2111324690,1
W3130618623,1
W2095308811,1
W2570960336,1
W1684540946,1
W1530639172,1
W2163967259,1
W2618545448,1
W1997529613,1
W2060968254,1
W2332008079,1
W6634060372,1
W2762347481,1
W3000863044,1
W3124488712,1
W355039987,1
W2175723801,1
W2606517546,1
W1821552279,1
W2082456435,1
W1596525715,1
W3121918109,1
W2129578420,1
W3126124484,1
W1555314105,1
W2981786372,1
W2597680358,1
W2268756055,1
W1495620707,1
W2084206981,1
W2332536836,1
W2761713361,1
W2277146963,1
W2053646573,1
W3007115514,1
W2118068050,1
W2031086288,1
W1975632548,1
W2158864917,1
W4229378939,1
W4300644665,1
W2170440572,1
W1768493677,1
W2005565323,1
W2312441521,1
W4299524204,1
W2139776975,1
W4225503979,1
W2988203373,1
W2032258149,1
W4240826973,1
W2000267480,1
W57710516,1
W3029056596,1
W2789897853,1
W3123812838,1
W2265764160,1
W112729345,1
W2030687212,1
W2804667294,1
W202529865,1
W4223578387,1
W1994399157,1
W2618058430,1
W2099035145,1
W6726175997,1
W4285199587,1
W90274995,1
W2154991544,1
W1974663178,1
W2158397823,1
W1513089374,1
W2971427145,1
W3199804209,1
W2031436881,1
W4223627209,1
W6605851557,1
W2896410111,1
W2119366833,1
W3092088983,1
W4327515641,1
W2891205310,1
W2918150826,1
W3204803970,1
W6810697066,1
W6809672157,1
W6803964248,1
W2905491759,1
W3165768811,1
W2800419398,1
W3145579145,1
W3195977920,1
W6727716935,1
W3149191672,1
W3022423927,1
W4385850396,1
W4225272059,1
W3127725906,1
W3210081455,1
W3119516763,1
W2508023701,1
W3095378810,1
W3118363488,1
W2048104434,1
W3158082675,1
W4210248221,1
W3160002919,1
W2053090093,1
W2743859956,1
W3209556716,1
W2181658864,1
W6807920586,1
W2133040062,1
W2766005350,1
W2943260678,1
W2748321925,1
W4249142335,1
W2290773325,1
W2039354463,1
W3122446170,1
W3108795864,1
W4295206950,1
W2625509325,1
W4250248778,1
W3164037459,1
W4210524013,1
W2886073377,1
W7061360113,1
W3170531393,1
W2986323620,1
W2172027211,1
W2134398222,1
W3092063595,1
W2039676694,1
W2114558751,1
W3096285879,1
W1044847989,1
W6604688432,1
W2764314753,1
W3047970067,1
W6986652124,1
W6772075744,1
W3138650050,1
W2621633038,1
W2516007311,1
W3004236615,1
W3202168770,1
W2091008782,1
W4319156856,1
W4210550192,1
W1606377008,1
W2285642148,1
W2582090867,1
W2889075119,1
W2944990312,1
W2013418879,1
W2989694625,1
W3186158108,1
W2291898805,1
W2183156702,1
W2766609950,1
W1486996738,1
W2157769328,1
W4292604513,1
W2790471463,1
W3099416377,1
W3151264078,1
W3181487322,1
W2588205325,1
W2086347488,1
W4241512701,1
W2079994303,1
W2008326600,1
W3121284490,1
W2324007274,1
W2588727252,1
W3123481858,1
W2964528588,1
W4213188979,1
W2802605114,1
W1522300913,1
W2060467431,1
W2471999756,1
W2999188185,1
W2082739729,1
W6692233319,1
W2169447949,1
W2027120132,1
W1965780323,1
W2489004068,1
W2333047014,1
W2049232192,1
W2333500151,1
W1990766219,1
W2776961536,1
W2104986422,1
W2060010505,1
W2796366454,1
W2050988672,1
W1721321607,1
W4239700092,1
W2469145194,1
W2149734729,1
W602753497,1
W3046767539,1
W3010478326,1
W2122664665,1
W2080357048,1
W1989364164,1
W322867770,1
W3135473714,1
W2942573861,1
W4238833770,1
W2346184010,1
W3093008540,1
W3122616055,1
W6739760908,1
W4252896699,1
W2017785078,1
W2025829466,1
W2110957653,1
W2723368622,1
W2062861758,1
W3141203035,1
W2604259824,1
W2962018042,1
W3001669933,1
W4255064596,1
W2162923962,1
W4250069761,1
W4220816318,1
W4200430768,1
W2285307265,1
W2749962196,1
W3015251340,1
W2518444764,1
W2415181528,1
W2146886834,1
W6756994323,1
W3107208782,1
W3014710871,1
W6775504942,1
W6660965853,1
W6674616600,1
W3122509642,1
W1988487143,1
W2795948880,1
W2151199070,1
W3011093168,1
W1976556969,1
W2053510064,1
W2902187036,1
W1594423643,1
W2327240611,1
W1998886354,1
W3149453542,1
W1527831355,1
W6713699607,1
W155205468,1
W6684034372,1
W2158917782,1
W6704648753,1
W2967269282,1
W1974909087,1
W2169163815,1
W2318988622,1
W2017486220,1
W4234771116,1
W4281773134,1
W3048827489,1
W2603761140,1
W2079268980,1
W3115648660,1
W3042494795,1
W6628085419,1
W2025877767,1
W6805150904,1
W3192848737,1
W2074208537,1
W2900165664,1
W2147500824,1
W3093686557,1
W1527458460,1
W2116139880,1
W6838834663,1
W6843203741,1
W2134504201,1
W2197209660,1
W2970947654,1
W3027102243,1
W2137408904,1
W2795227589,1
W2102952858,1
W1571629655,1
W2857129956,1
W2051866975,1
W2160704894,1
W4223419529,1
W2964997444,1
W2334900651,1
W2980313408,1
W4200445982,1
W2803304650,1
W4300244074,1
W2041029931,1
W2995625249,1
W3196671479,1
W2757381414,1
W2938171602,1
W1483772508,1
W3129171388,1
W3199819972,1
W2587407275,1
W2809565593,1
W1598011434,1
W2049812561,1
W378948904,1
W3028292298,1
W3164359472,1
W1536383696,1
W2135605390,1
W2606871435,1
W1491494707,1
W3141300398,1
W4247958091,1
W4212976283,1
W3139684375,1
W2028085057,1
W4399028809,1
W2970933656,1
W2112281240,1
W2165448501,1
W2062951677,1
W1597554612,1
W1539215081,1
W1903462606,1
W2099792769,1
W2108614304,1
W2333931702,1
W2908137991,1
W2416381163,1
W2188843505,1
W2767804173,1
W2098629637,1
W2069278526,1
W2131551278,1
W1998100945,1
W4248195931,1
W3180911295,1
W4250264309,1
W3170858938,1
W2592928020,1
W2151752122,1
W2921642795,1
W3009231844,1
W2807802830,1
W2134766226,1
W2948963667,1
W2621352759,1
W2091538045,1
W4231721874,1
W1561556558,1
W2974781831,1
W4285493828,1
W3201041331,1
W2042630517,1
W1567912592,1
W2941352737,1
W1998456569,1
W1969567986,1
W2249597088,1
W2509001271,1
W1597023877,1
W4229898948,1
W3154286099,1
W4200196073,1
W2807911356,1
W1972351410,1
W3092444274,1
W1970848809,1
W3081062546,1
W2969523001,1
W3103477070,1
W2139167195,1
W1813615139,1
W2992070414,1
W2105255559,1
W3113162277,1
W3177066190,1
W2962764419,1
W2001153932,1
W1590423778,1
W2013963437,1
W2097923786,1
W2746933159,1
W2053510492,1
W2566722876,1
W4234800081,1
W2917517814,1
W2767209267,1
W2118289722,1
W2791307459,1
W2146531730,1
W1906788662,1
W2076770282,1
W2170861681,1
W2591953099,1
W2282234854,1
W2095641105,1
W1519817267,1
W1467526212,1
W1998999477,1
W2019045552,1
W2782280549,1
W2496835283,1
W1846557250,1
W1983586681,1
W2125192554,1
W2073176390,1
W2039421131,1
W2774369768,1
W3118341980,1
W2034175424,1
W2410596462,1
W2122803267,1
W3018321379,1
W2999609095,1
W1975638766,1
W2167459260,1
W2336911099,1
W2105992927,1
W2101286140,1
W4224278490,1
W2002218209,1
W4206930024,1
W3007927519,1
W2862725700,1
W3010602450,1
W2127613792,1
W3004083184,1
W3214984432,1
W3045266645,1
W2156945373,1
W2971124193,1
W3215442531,1
W4285413067,1
W1565347228,1
W2968379033,1
W6781789573,1
W3200625740,1
W6801627114,1
W2544445151,1
W4293203633,1
W6982103758,1
W2994205714,1
W2050909151,1
W2993219604,1
W3126007784,1
W2800026610,1
W2948615912,1
W2799512877,1
W2054052990,1
W1508601977,1
W2073269075,1
W2482034574,1
W4250301117,1
W3125647890,1
W4247089869,1
W4312637449,1
W4212973460,1
W2781987423,1
W2159762301,1
W7000287315,1
W4323530931,1
W7073912679,1
W2547372272,1
W2082303184,1
W2096851180,1
W4296106930,1
W2294059950,1
W3125284800,1
W2608370449,1
W2787488625,1
W4287877647,1
W2890357180,1
W3027381199,1
W2202368852,1
W1783618999,1
W2748648632,1
W2473734092,1
W2971743496,1
W2103371636,1
W3100739476,1
W2027975654,1
W2068725433,1
W3138912782,1
W2030198372,1
W2930579472,1
W2144424167,1
W2068563674,1
W7001349320,1
W2080673930,1
W4236350013,1
W2995370584,1
W2885038802,1
W2509940514,1
W2338392659,1
W2605487746,1
W2328390310,1
W2900521964,1
W6794468297,1
W6845443237,1
W2974027679,1
W3123893108,1
W2009226311,1
W4303627653,1
W2014545788,1
W6623449556,1
W2921537753,1
W6797241374,1
W6746007641,1
W6794726148,1
W2016824738,1
W1990838809,1
W2109682673,1
W2969378788,1
W4309774872,1
W2102239397,1
W2968172775,1
W1981904303,1
W6750992470,1
W3178331511,1
W2078049731,1
W2409254573,1
W4229925323,1
W2969835212,1
W6801250539,1
W6760400330,1
W2323618702,1
W4210941202,1
W4309764934,1
W4282946438,1
W3110967617,1
W6786855813,1
W2771197999,1
W2966463951,1
W6679453060,1
W1972287697,1
W3199525970,1
W6714330940,1
W6676265253,1
W6799884843,1
W2011363588,1
W2122440718,1
W4206401532,1
W2474370202,1
W2491469035,1
W6761976577,1
W2141101417,1
W2021002116,1
W11130338,1
W3014527251,1
W2576936906,1
W6775982534,1
W4307401445,1
W2809890523,1
W4253981302,1
W3177192769,1
W2126094404,1
W2421718839,1
W4295137032,1
W3171443655,1
W6732856305,1
W2809582368,1
W2105092314,1
W2600432675,1
W4252309219,1
W2990594301,1
W6770850896,1
W4288040005,1
W6748386943,1
W2050091655,1
W2133793438,1
W2135782964,1
W2947928236,1
W4210646612,1
W2606759716,1
W3161150220,1
W2738032661,1
W3124627890,1
W2797020584,1
W3035643455,1
W6925066181,1
W2070175989,1
W2157253163,1
W2105483416,1
W1539434233,1
W2920664149,1
W2104519980,1
W2770147157,1
W3121055735,1
W2612815982,1
W2998645697,1
W3093102081,1
W2055148107,1
W2286894102,1
W2154280177,1
W4310707687,1
W2769964603,1
W1995727984,1
W3082253593,1
W2727349555,1
W4300627763,1
W2913306714,1
W2071797922,1
W2610177775,1
W2584700412,1
W1860304309,1
W3016910743,1
W1998002117,1
W2056945976,1
W3209120769,1
W4313455301,1
W4308196499,1
W2132393786,1
W4313252601,1
W4293660011,1
W3122947397,1
W2547115726,1
W2122041905,1
W3013371810,1
W3175388241,1
W3024652361,1
W3122253691,1
W2263347213,1
W2934058125,1
W2022969411,1
W2134209400,1
W2731502954,1
W1993070730,1
W2617910073,1
W2013113417,1
W2295550173,1
W2949000601,1
W2314491401,1
W1996550266,1
W2129830692,1
W6845467036,1
W4225755246,1
W2008102245,1
W2767110670,1
W2286774571,1
W3110696990,1
W3198311462,1
W3123397884,1
W2055320544,1
W4225287978,1
W4367693694,1
W6760741574,1
W2588152389,1
W2885597453,1
W4327813418,1
W2044686567,1
W2090649610,1
W1975500242,1
W2054966008,1
W3038083774,1
W2002573570,1
W3126639000,1
W3092577546,1
W3092798535,1
W2037057241,1
W2971019885,1
W2900596054,1
W4385850978,1
W3123419729,1
W2112218863,1
W2062806646,1
W6855677392,1
W2517389521,1
W2735035777,1
W2892597212,1
W2791531163,1
W2159787866,1
W2913792910,1
W2118401512,1
W3125382177,1
W2136916144,1
W4293105473,1
W4250590880,1
W1964470644,1
W2039843450,1
W2535249710,1
W2144461644,1
W3102641549,1
W2097396518,1
W110220647,1
W4311464865,1
W3035870301,1
W3215887547,1
W2528579875,1
W2395803230,1
W764282643,1
W3022147108,1
W3124298918,1
W1968172950,1
W2728829028,1
W3012037663,1
W3017908920,1
W1982071718,1
W3122376151,1
W6633167128,1
W6728433860,1
W2151948165,1
W6734239177,1
W2339858283,1
W2176541168,1
W6688349929,1
W2762766640,1
W2042223099,1
W2790386616,1
W2981428871,1
W2023401845,1
W2774652505,1
W2113889751,1
W2041967805,1
W4362633971,1
W2110566258,1
W2075477339,1
W4308714199,1
W2159641667,1
W3027916959,1
W2142030223,1
W2928877196,1
W6732597289,1
W6724707260,1
W6734766318,1
W6703962238,1
W2982032014,1
W6604457235,1
W3133903881,1
W6677790887,1
W3204571810,1
W2254499267,1
W3136722381,1
W2111591671,1
W2213955023,1
W2593168977,1
W2582366640,1
W2903954900,1
W2118360136,1
W2981704215,1
W2075269447,1
W3047213145,1
W1994021563,1
W6730987572,1
W2007128639,1
W3012260630,1
W2002345777,1
W3080706485,1
W2142377919,1
W4206733158,1
W2565894563,1
W3038929165,1
W3030253100,1
W3126353899,1
W2915074786,1
W2936285527,1
W2145729530,1
W2085734355,1
W6601503404,1
W2103881135,1
W4293190889,1
W3094529865,1
W2803126402,1
W4200309850,1
W4220893554,1
W1984488180,1
W2899010836,1
W38739831,1
W2990968459,1
W6726135884,1
W6679280266,1
W3159940885,1
W2233022569,1
W6789466874,1
W3126065412,1
W2127958552,1
W7049059759,1
W6683678337,1
W6849156074,1
W1535269853,1
W2147952802,1
W4292594179,1
W2905151409,1
W2131359376,1
W2150231875,1
W6805606589,1
W6683234963,1
W3145020342,1
W2121993205,1
W6604964212,1
W2087804782,1
W1995696918,1
W2080332455,1
W2552069852,1
W2569913880,1
W3021795408,1
W3127770713,1
W6753483968,1
W4306254869,1
W4210775041,1
W4233068846,1
W1558797628,1
W2009285763,1
W19759472,1
W2782625861,1
W1724088037,1
W3034816735,1
W2000247848,1
W2118444857,1
W1601245443,1
W370667082,1
W2739593997,1
W2890566815,1
W2519607311,1
W2620690805,1
W2403097949,1
W2320106529,1
W2898383535,1
W3210830962,1
W1876287319,1
W2961490166,1
W2790684635,1
W3008649177,1
W1496587525,1
W2172357402,1
W2725845069,1
W2033826632,1
W4210504615,1
W2163278718,1
W4200334951,1
W2943458006,1
W2511373408,1
W6775915105,1
W2982752464,1
W2954341455,1
W3191879649,1
W2796261577,1
W3012678665,1
W2044463974,1
W2049901974,1
W2027290813,1
W3171309471,1
W3021876351,1
W7008910567,1
W3216857378,1
W3149210154,1
W2103969558,1
W3114656256,1
W2055295587,1
W2150583501,1
W6966109458,1
W2125685994,1
W2954383720,1
W1492664716,1
W1580195571,1
W2012487093,1
W2162642231,1
W2913180118,1
W4234400489,1
W2963545439,1
W2101343139,1
W1996025166,1
W6734413399,1
W2049607956,1
W3172111736,1
W2087271473,1
W3097614571,1
W4293205148,1
W3124251848,1
W2800411637,1
W2470418230,1
W2313545381,1
W2596719689,1
W2163843750,1
W4205678198,1
W2157504843,1
W1519508591,1
W4205534018,1
W4200339863,1
W3208770891,1
W2036477743,1
W2768542624,1
W1785468416,1
W2082752728,1
W2117059102,1
W4285485305,1
W2564810519,1
W2799460056,1
W2728897847,1
W3122936375,1
W1974186897,1
W1572108976,1
W4281723935,1
W4200437238,1
W2900327391,1
W4206612435,1
W3086885517,1
W2147317148,1
W1157639746,1
W2229651098,1
W4221055366,1
W2171785168,1
W4206914682,1
W3107325039,1
W2594461012,1
W2172220115,1
W2136256345,1
W2794731058,1
W2027330146,1
W2760395385,1
W1779770197,1
W2112921793,1
W4252855288,1
W2033377303,1
W2396173438,1
W4226363092,1
W2898320620,1
W3031307572,1
W2609698366,1
W2947109213,1
W2090668550,1
W2181647462,1
W2171912623,1
W3140790083,1
W2766207652,1
W4321130345,1
W2938093132,1
W4360788279,1
W2132735550,1
W3109892443,1
W3213891757,1
W2604126839,1
W3125546487,1
W3089764314,1
W2292766800,1
W2023703390,1
W2615724680,1
W2892027101,1
W1573512676,1
W1986117957,1
W2593435922,1
W2913616396,1
W2105047616,1
W2901515434,1
W2982056986,1
W2318863055,1
W2791881027,1
W2790348638,1
W2414016573,1
W2346282274,1
W4200269983,1
W2499113299,1
W3091943045,1
W2151194188,1
W2890602183,1
W1604502480,1
W2258118279,1
W2578711027,1
W3193145791,1
W2530107476,1
W4250459103,1
W2483041393,1
W3208733828,1
W2891996204,1
W2983796240,1
W2907954657,1
W3089243372,1
W1650498586,1
W2156539397,1
W2037716307,1
W2990887182,1
W2617694600,1
W2031921431,1
W4229598987,1
W2019413458,1
W2335429807,1
W1511634021,1
W1973143294,1
W2057684222,1
W2035125188,1
W2313987662,1
W182887971,1
W4212871112,1
W2031726118,1
W3086804012,1
W6781692304,1
W2006131277,1
W4388170681,1
W2001098615,1
W7033103272,1
W2014703639,1
W6637324273,1
W4318147423,1
W6765948532,1
W2943213926,1
W2221998370,1
W2149530004,1
W4230892656,1
W2152404628,1
W1784398861,1
W2395176337,1
W4213081068,1
W3127144682,1
W2033829462,1
W2918625265,1
W2101067587,1
W3208343125,1
W2567174089,1
W7028949895,1
W1573755780,1
W2978637391,1
W2886626901,1
W1972329582,1
W2226091610,1
W1495213199,1
W1976594465,1
W2090015616,1
W2330495772,1
W2343929474,1
W1990581062,1
W2033436982,1
W4210470468,1
W2500072955,1
W2556891001,1
W4229035967,1
W2054596713,1
W3041437137,1
W3124164064,1
W4232962974,1
W2131295931,1
W2144663852,1
W1499935129,1
W2803745725,1
W2318332375,1
W2612281145,1
W2970547893,1
W2166826288,1
W2958366301,1
W3024437525,1
W2806002052,1
W2011799285,1
W6751619195,1
W6747173535,1
W2922128731,1
W7037472016,1
W1902360078,1
W2091706399,1
W4281926067,1
W4318538940,1
W3121469048,1
W3093095928,1
W3093902469,1
W2145411068,1
W1999309509,1
W3017092676,1
W6980385767,1
W3167617346,1
W4220924275,1
W1690228839,1
W2069008056,1
W3122022989,1
W4248416853,1
W2811292776,1
W2317875176,1
W3006756328,1
W4205679697,1
W6667129605,1
W3212909328,1
W1535728825,1
W2160529546,1
W2476826039,1
W6912756735,1
W3016098533,1
W4386227798,1
W3025561872,1
W3138926445,1
W1970693737,1
W2906132991,1
W4221034593,1
W2993621730,1
W2188869818,1
W2796228670,1
W2506483951,1
W1517151619,1
W87571253,1
W2506644803,1
W4388366923,1
W4396532532,1
W2959109723,1
W3157973979,1
W2792536532,1
W2992906972,1
W2006163612,1
W2898322863,1
W2626130722,1
W4393350865,1
W1973412350,1
W2163021079,1
W2112682672,1
W2159127980,1
W4293779600,1
W3216307901,1
W2141918103,1
W3124135359,1
W2302027360,1
W2939809746,1
W4240338977,1
W4252398105,1
W2805419957,1
W2922765297,1
W3170979099,1
W3048383858,1
W3165410794,1
W6636395659,1
W4206224743,1
W3188590594,1
W3111086432,1
W1993102978,1
W4220904149,1
W6606641220,1
W2744129781,1
W2523074512,1
W3199885451,1
W2026564882,1
W4200190052,1
W2061752314,1
W3106644660,1
W4231335503,1
W2117988254,1
W1974062893,1
W4283526701,1
W4231977748,1
W2153584616,1
W2058839127,1
W2124842180,1
W4206335432,1
W3097031715,1
W3127745473,1
W162918569,1
W4249622111,1
W4239239718,1
W3090044676,1
W1578202696,1
W2066633683,1
W3200588773,1
W6762865360,1
W4200147179,1
W2899541199,1
W2137520506,1
W3195862194,1
W2468174849,1
W2081546991,1
W1992765061,1
W2148963713,1
W2886782142,1
W2024596188,1
W2125844631,1
W1977944578,1
W2962939828,1
W3185623962,1
W2057241086,1
W2115149274,1
W2161007303,1
W4207064490,1
W2082154278,1
W2898980702,1
W2109437759,1
W2994619936,1
W2789614784,1
W2134188105,1
W2150439610,1
W1971332075,1
W4237007432,1
W2155734851,1
W3159936101,1
W1993308246,1
W2120000567,1
W2522193676,1
W1897878592,1
W4281754843,1
W2160857921,1
W2064460651,1
W3022300143,1
W6776948198,1
W4221013030,1
W2756174311,1
W2035931136,1
W4396871790,1
W2624728632,1
W6674852824,1
W3002154806,1
W2890205091,1
W3132658633,1
W2989574926,1
W2114229116,1
W3123548664,1
W3010927819,1
W2596303220,1
W6633535880,1
W2963702895,1
W2293655910,1
W3152562324,1
W2111356314,1
W1556782662,1
W3041148275,1
W3056573371,1
W6739079681,1
W2160812058,1
W2921535602,1
W2606947362,1
W319984137,1
W3048401198,1
W2286097186,1
W3192105592,1
W2132850081,1
W781952875,1
W1966486411,1
W2889702822,1
W2028125976,1
W2021650000,1
W2050711382,1
W2115677063,1
W2156562215,1
W2029146824,1
W4253788766,1
W2887066107,1
W2168569455,1
W4322718987,1
W3192642320,1
W3160523225,1
W2161013171,1
W2035649255,1
W1989126018,1
W1749634143,1
W2171373972,1
W325502738,1
W2721847248,1
W2887099070,1
W2113160070,1
W2570536725,1
W2158427375,1
W4212809518,1
W4288465326,1
W4205850557,1
W4310494045,1
W2031893616,1
W3113037670,1
W2892728882,1
W3015368926,1
W2165336949,1
W2895084044,1
W3093304082,1
W6763284267,1
W2900652753,1
W2069272508,1
W3098754698,1
W2510744863,1
W2777060156,1
W28713741,1
W2095595304,1
W2767082820,1
W4207027819,1
W3208244452,1
W3120954219,1
W2520213534,1
W3125146681,1
W599796382,1
W2345875106,1
W2916867974,1
W608574129,1
W3107972193,1
W2903382889,1
W6802413719,1
W2948493144,1
W2904149377,1
W2981986414,1
W3014256424,1
W4205571984,1
W2995311105,1
W2462352775,1
W944589243,1
W2186879490,1
W3136617372,1
W2900619723,1
W2022695927,1
W6789039772,1
W4212795263,1
W4400154560,1
W4214907736,1
W2947351248,1
W3207096304,1
W2126733372,1
W2002907999,1
W6679082874,1
W4253754543,1
W2135542383,1
W6995883489,1
W3152705473,1
W2117784915,1
W2914844848,1
W3026549850,1
W3162877976,1
W2927028788,1
W2147188286,1
W2078619147,1
W4313679352,1
W3148772751,1
W4220801482,1
W2885791157,1
W6685075300,1
W2937971834,1
W1573560801,1
W2112042732,1
W4293090207,1
W6812197722,1
W2797062887,1
W2116801638,1
W2101474772,1
W6799463983,1
W2170930434,1
W3185352658,1
W3123089065,1
W4300074953,1
W3194923474,1
W1953807684,1
W3015232942,1
W2099342129,1
W3083553626,1
W2955131427,1
W2030516648,1
W2057806510,1
W2883902874,1
W2811218741,1
W6789171914,1
W221759890,1
W3194009626,1
W2164184454,1
W2181587918,1
W4210321868,1
W3123179519,1
W3196435913,1
W6804436541,1
W2065090291,1
W3198316328,1
W2756484944,1
W2071596716,1
W2157815126,1
W2158196600,1
W2151136226,1
W2558643004,1
W2019392401,1
W2592038507,1
W6641769187,1
W2330779560,1
W2970529599,1
W2411554820,1
W2990437932,1
W2972106736,1
W2019823288,1
W3021667652,1
W2345458209,1
W2805687112,1
W2939246333,1
W3136304313,1
W2805477901,1
W4245408712,1
W2763900311,1
W4313065747,1
W2168758782,1
W2109844396,1
W3217456081,1
W2337018803,1
W2462377339,1
W1847281165,1
W1987431788,1
W2142019074,1
W6601162979,1
W2007872832,1
W2167330193,1
W7023906753,1
W6782383830,1
W2987894624,1
W1964892271,1
W2089763487,1
W2161797105,1
W3045849932,1
W3131790071,1
W3012923698,1
W2773338278,1
W2891187463,1
W4313345794,1
W3048793120,1
W2058161334,1
W2159715709,1
W1911297010,1
W2126836372,1
W2886785483,1
W2158520627,1
W3110098522,1
W2220785592,1
W2058793002,1
W2280438285,1
W2983799836,1
W2058617177,1
W3132951338,1
W4296041612,1
W1965025019,1
W2754054107,1
W2084184448,1
W2891070141,1
W2772991872,1
W3097844912,1
W2913577346,1
W2591913528,1
W2945439886,1
W2739050137,1
W2910338597,1
W2114804319,1
W2019521164,1
W3153732869,1
W1965278510,1
W3010427554,1
W3022601600,1
W2791582651,1
W3127479960,1
W4252437679,1
W3167415412,1
W2045500548,1
W2003562973,1
W4302434751,1
W2768842295,1
W2979423479,1
W2017712693,1
W1969306629,1
W2145958506,1
W2346524022,1
W2895150541,1
W4213049477,1
W6698038360,1
W2108219845,1
W2401979230,1
W2113993700,1
W2774792685,1
W3122819058,1
W3121823131,1
W2906870825,1
W2992987627,1
W2478557707,1
W4224862681,1
W6703013999,1
W2028572749,1
W2275616835,1
W2169710634,1
W2186851070,1
W2440189558,1
W2159144329,1
W3080771597,1
W2885666707,1
W4226089390,1
W2316972611,1
W2001128409,1
W2015993448,1
W2974805761,1
W4285548619,1
W7018009336,1
W2061146227,1
W4229450774,1
W4226004779,1
W1964583927,1
W1524991249,1
W4220695300,1
W3027820740,1
W3049074393,1
W2392541583,1
W3124658416,1
W3175527005,1
W3099780695,1
W2113312317,1
W2144512268,1
W1491375345,1
W2037299692,1
W2121065945,1
W6821633917,1
W1560197455,1
W7075622950,1
W3124829054,1
W2029023465,1
W2099272859,1
W1994068506,1
W2898720174,1
W2152690293,1
W1808217147,1
W2560535652,1
W2964110737,1
W4256132792,1
W2147759458,1
W2805046653,1
W2471273137,1
W2069720011,1
W6757541316,1
W1972373483,1
W6633659841,1
W2040011853,1
W2263905425,1
W6814045073,1
W2898008166,1
W4246903506,1
W3124525020,1
W2553560422,1
W2328909222,1
W2513673733,1
W1888258279,1
W3186223159,1
W2005316368,1
W2623758090,1
W3091129288,1
W2056160807,1
W2035013034,1
W3175727668,1
W3176890593,1
W2522159894,1
W2770524255,1
W3056839841,1
W1942084423,1
W2467577866,1
W2100474083,1
W1964079549,1
W2724598942,1
W1493524458,1
W3092004791,1
W4229629337,1
W2056470816,1
W4225315609,1
W2596234615,1
W2499590469,1
W2018300375,1
W3048398026,1
W623164822,1
W2987557850,1
W4300419759,1
W1954876167,1
W2507111537,1
W2100056252,1
W567605288,1
W6600324982,1
W6757693994,1
W2917246772,1
W6966798914,1
W1985463311,1
W3083960930,1
W2463620440,1
W2988188365,1
W3009426658,1
W637552571,1
W2084657290,1
W3098555777,1
W2917882630,1
W3000437931,1
W1497629527,1
W3132106654,1
W3043460527,1
W8204651,1
W1978949921,1
W2005763135,1
W4235078858,1
W1963681630,1
W2908726784,1
W1821169805,1
W2882982839,1
W4246131476,1
W4394842707,1
W2735529749,1
W2505483307,1
W6676848216,1
W4239479653,1
W2887072351,1
W6771812446,1
W2883742456,1
W1973924697,1
W2182920331,1
W4362602496,1
W3020644773,1
W3210454014,1
W3097229587,1
W2127025881,1
W2174324059,1
W2130616481,1
W3112500500,1
W1981300826,1
W2398714077,1
W3081312306,1
W2349034490,1
W3024250998,1
W6733867148,1
W4281612598,1
W4229749284,1
W6850198950,1
W123560179,1
W6673154352,1
W3127145231,1
W6788029884,1
W4324373446,1
W6793106807,1
W3017147085,1
W4220829333,1
W4246317302,1
W4308951934,1
W2784176385,1
W3024923664,1
W2137793280,1
W3041657096,1
W3185294491,1
W3040072318,1
W3092471764,1
W4310537548,1
W2516096508,1
W3139262304,1
W3014124559,1
W2960250144,1
W4200556897,1
W4289130760,1
W2892495833,1
W4280527355,1
W2586258378,1
W4210883000,1
W1974697521,1
W4238469762,1
W3104813134,1
W2164143119,1
W4210932368,1
W4320481247,1
W2892241076,1
W4200169236,1
W2408564686,1
W1670706318,1
W2771021990,1
W2790608811,1
W2733442353,1
W2976798077,1
W2019459021,1
W3123925750,1
W2948515437,1
W4210960432,1
W2593137067,1
W4318480145,1
W2616027263,1
W2993833558,1
W1982558146,1
W2981054872,1
W2410458076,1
W1505502492,1
W2017840837,1
W2910504211,1
W2792290778,1
W2289915004,1
W2027190468,1
W6638738277,1
W2075385962,1
W3126042926,1
W4229044859,1
W3014652149,1
W2525119704,1
W4223964792,1
W3008766457,1
W2953978036,1
W2167874682,1
W2622047198,1
W4250886550,1
W1972370593,1
W2790847379,1
W2152947574,1
W2270128198,1
W2767730022,1
W1970948968,1
W4210674491,1
W2902005009,1
W2884346666,1
W3089167011,1
W1955422615,1
W4291114417,1
W2027506843,1
W3201743363,1
W1573915007,1
W3087699984,1
W3021587582,1
W2751555809,1
W3191603081,1
W1984523857,1
W2791508868,1
W2030786073,1
W2781953581,1
W2141474743,1
W1740205348,1
W2976421443,1
W2099326584,1
W3091777118,1
W2335428609,1
W2996632893,1
W2160718089,1
W4290793578,1
W2988492530,1
W1493108869,1
W2889763784,1
W2050753256,1
W2885038621,1
W2144859490,1
W3030863684,1
W2794274172,1
W4307837164,1
W2999583763,1
W6658135972,1
W3209623811,1
W2903583892,1
W3164522563,1
W2512526203,1
W4220796706,1
W3164479144,1
W2904035016,1
W2166557804,1
W3006897289,1
W3167478912,1
W3210276657,1
W2802349108,1
W1512389042,1
W1727765787,1
W4295047957,1
W6639530313,1
W2914331998,1
W3033376213,1
W2917011580,1
W3021652909,1
W3011068771,1
W4229854193,1
W2244562318,1
W240189501,1
W2799633074,1
W1492434338,1
W4313439766,1
W1987230549,1
W2255246632,1
W2071409111,1
W419995159,1
W2810546336,1
W3193780353,1
W2090215738,1
W2058854776,1
W2972386641,1
W2745759379,1
W2047564829,1
W2293624370,1
W2025979859,1
W2473326486,1
W3107773912,1
W3125486078,1
W2047163265,1
W6692469201,1
W2170299304,1
W3034006959,1
W2990014297,1
W2912839832,1
W1972799546,1
W2511088390,1
W3037471551,1
W3152974896,1
W3128307929,1
W4286560962,1
W2133494987,1
W2019104173,1
W3000846101,1
W2613400540,1
W2320277256,1
W2074510628,1
W2776661611,1
W4241215613,1
W2550720962,1
W2577861581,1
W4251314727,1
W2800909987,1
W3047303743,1
W2082862321,1
W2172563174,1
W2804545436,1
W2008327077,1
W4210660719,1
W2946861017,1
W4224047494,1
W6841371072,1
W3205317024,1
W2901405469,1
W2126063995,1
W2912455121,1
W2768065483,1
W2153170671,1
W2913066533,1
W1498163683,1
W2049694094,1
W3113049256,1
W2135139509,1
W3108225629,1
W2128639343,1
W2737175022,1
W2901884861,1
W1982127069,1
W179660997,1
W2945925860,1
W1803250861,1
W3082640623,1
W2117284720,1
W3000169415,1
W3008086304,1
W2016729144,1
W152536940,1
W2402661081,1
W2925950992,1
W2972004649,1
W4385735214,1
W2945188492,1
W3163831644,1
W2163733279,1
W2792452378,1
W4387483245,1
W568741874,1
W2153370490,1
W6704622614,1
W2125063457,1
W2897713074,1
W2114799294,1
W2010432755,1
W2978369606,1
W2922770765,1
W4211127007,1
W2897812058,1
W4379534972,1
W3038007240,1
W3088127926,1
W2913285318,1
W3033954032,1
W2794110620,1
W3138170804,1
W2115609473,1
W2121322081,1
W2013139908,1
W2884758914,1
W4294185218,1
W4247616843,1
W2034289580,1
W3176710000,1
W2100331049,1
W2613611060,1
W2002008653,1
W6703725759,1
W2328134526,1
W3034337782,1
W6606158838,1
W2597697040,1
W4205393071,1
W6663391339,1
W2134634230,1
W3198887010,1
W2608432255,1
W2953830474,1
W6675255407,1
W6922409056,1
W1968842813,1
W6676592969,1
W6746881998,1
W2976088279,1
W6623853416,1
W2624571191,1
W2143414672,1
W2892994998,1
W1522034151,1
W4243220215,1
W6842984374,1
W4249918163,1
W6982628346,1
W573529475,1
W4292381498,1
W3109319569,1
W3011984784,1
W3092345266,1
W2244935148,1
W601025133,1
W1600930968,1
W4200498940,1
W1980362704,1
W6808874365,1
W2545336453,1
W4296473084,1
W3032029222,1
W1978009234,1
W4225355155,1
W4220705153,1
W2462586659,1
W3146651989,1
W2196112009,1
W2110380700,1
W2020140434,1
W2575863926,1
W3136984557,1
W2966562353,1
W2297813995,1
W2439533785,1
W3021065066,1
W2288455755,1
W3104796091,1
W2092197685,1
W4214738931,1
W2416623427,1
W6680521049,1
W1994729142,1
W1979816144,1
W3133997415,1
W6676548767,1
W1845594843,1
W4324126149,1
W3012433726,1
W3111269842,1
W4213419013,1
W2770296687,1
W3136871695,1
W4245895118,1
W2075572492,1
W4240359768,1
W1167148281,1
W2138654824,1
W4322616986,1
W2304794569,1
W6678124590,1
W1036607422,1
W4283585309,1
W2809417317,1
W2598386384,1
W6665728243,1
W4384153328,1
W2344528596,1
W4312503779,1
W3132453152,1
W3014680913,1
W4362671745,1
W6730890844,1
W1903790755,1
W2476256557,1
W2589704167,1
W2180265467,1
W1989544346,1
W3105303626,1
W2746770644,1
W3167480672,1
W3202860073,1
W3042354312,1
W1984981883,1
W3199266684,1
W2463004425,1
W2734350982,1
W4238690325,1
W2118430709,1
W1700681648,1
W1525097620,1
W2107152635,1
W655610680,1
W2039026208,1
W3113260484,1
W605651250,1
W3125980848,1
W3016536548,1
W2947342857,1
W2166743334,1
W2612182246,1
W4297954485,1
W4299866750,1
W3021577033,1
W3209706552,1
W2921993470,1
W3210716919,1
W3099788779,1
W4200493085,1
W4214906578,1
W3015697202,1
W3210763617,1
W3012757328,1
W2161619512,1
W4220821968,1
W2091621143,1
W3087387513,1
W3035563730,1
W2996678792,1
W1977646155,1
W4211200720,1
W2962003210,1
W3195084337,1
W4220827887,1
W2888227640,1
W2785702712,1
W2761166264,1
W3008521790,1
W3133008291,1
W4225981271,1
W2977150893,1
W2607163485,1
W3161993962,1
W2897976485,1
W2143008528,1
W2728534141,1
W3188721928,1
W6852574164,1
W4289866419,1
W4212822049,1
W2149466250,1
W2496607987,1
W6774387904,1
W4306882562,1
W3007221579,1
W2120574817,1
W3089061373,1
W252738253,1
W3088176894,1
W3038934080,1
W2917775097,1
W2908068577,1
W2785049551,1
W2768518468,1
W4282922070,1
W1987348255,1
W2253416028,1
W3157524342,1
W2625165504,1
W1842736917,1
W2113208687,1
W2894372233,1
W3097851890,1
W2913554869,1
W4249033934,1
W2508613841,1
W3033066548,1
W2463162823,1
W2077359491,1
W2019485278,1
W2042590947,1
W3135144778,1
W2807664708,1
W2789356670,1
W1997859853,1
W6641333115,1
W7032996907,1
W2799524013,1
W1518552727,1
W1996238556,1
W4237576003,1
W3025150465,1
W2066935603,1
W3152713324,1
W2131382107,1
W3047709812,1
W1828122893,1
W1991386268,1
W4300449175,1
W1970329965,1
W2404977931,1
W3006335896,1
W7014975234,1
W2098271309,1
W3013497796,1
W2148299205,1
W3040326830,1
W4236859663,1
W2023377972,1
W2035617553,1
W3046658102,1
W3112552342,1
W3086240337,1
W3105352853,1
W3129955927,1
W2588221450,1
W4225777161,1
W3032338189,1
W2324301888,1
W2107646698,1
W3138186977,1
W2522614347,1
W3204428245,1
W2724233084,1
W130710103,1
W1951724000,1
W2170320860,1
W2065405494,1
W61480698,1
W2903198260,1
W3160004523,1
W2749067858,1
W6682589617,1
W2105468644,1
W1979423551,1
W2130171603,1
W4290704732,1
W2941268450,1
W1521454681,1
W4399058235,1
W3119019580,1
W2559025279,1
W2461374963,1
W4231799800,1
W4220759954,1
W2011792098,1
W4308840620,1
W2119178885,1
W2119878056,1
W1493337717,1
W2805957506,1
W1544599856,1
W3123181134,1
W2574205030,1
W2560217740,1
W2005587766,1
W2127571115,1
W2041711816,1
W2030623600,1
W1996612038,1
W4236678154,1
W4233471163,1
W2491708682,1
W3039501402,1
W2472610460,1
W3156618879,1
W3135032984,1
W1552646238,1
W3121681085,1
W43853822,1
W2026249426,1
W2766770432,1
W1581902747,1
W4238817359,1
W2297045506,1
W2909762065,1
W3193494499,1
W2101270539,1
W2126055292,1
W4288535227,1
W3121322749,1
W6631174921,1
W2138679459,1
W4246098916,1
W2979686726,1
W4200601664,1
W2014204941,1
W6654024233,1
W3201935561,1
W2051571839,1
W6615453616,1
W1974213192,1
W3024413236,1
W6818086627,1
W594697600,1
W7001036056,1
W4236928952,1
W3165828769,1
W2058518097,1
W2951367676,1
W6884936034,1
W4280565239,1
W6618436265,1
W4238103795,1
W1978700432,1
W2509728684,1
W3094999089,1
W2974812852,1
W6652031354,1
W3209387553,1
W1999640818,1
W2008684283,1
W2010905135,1
W7019856930,1
W2028286232,1
W4244528936,1
W2075528760,1
W2757678149,1
W2081293172,1
W2144795809,1
W1578807507,1
W2007583174,1
W3179458353,1
W1503978116,1
W1574245316,1
W2133586862,1
W6776274565,1
W2024523378,1
W3019049563,1
W2106552798,1
W626424871,1
W2161208225,1
W2078405273,1
W2107556744,1
W2901888869,1
W6756421700,1
W1998781334,1
W2272019765,1
W1919169315,1
W6845923958,1
W2563078746,1
W6684683104,1
W4293571896,1
W2139265932,1
W6772365591,1
W4303648407,1
W3152910539,1
W2105072250,1
W1985086091,1
W6782404254,1
W4243321199,1
W1752324762,1
W2530722094,1
W2182515325,1
W3005417424,1
W3010174925,1
W2752902565,1
W2591245228,1
W2095827746,1
W2043712564,1
W2112331465,1
W2088221380,1
W2889134887,1
W2911908256,1
W4243733441,1
W1591013228,1
W2124710478,1
W4249789249,1
W2112010274,1
W3122877168,1
W2158508723,1
W2523733575,1
W3097686946,1
W2118934859,1
W2168707318,1
W3110757917,1
W2150062429,1
W2346469527,1
W2024306244,1
W4254249344,1
W4230689707,1
W6677685835,1
W6654385133,1
W2010512215,1
W2255150032,1
W4251176855,1
W4241280992,1
W2467209159,1
W4235547178,1
W2476927163,1
W1985512138,1
W1594501748,1
W2066675846,1
W1595575146,1
W2026361783,1
W2124999700,1
W2186459830,1
W6801191394,1
W575872043,1
W6692947486,1
W3130738682,1
W3036322862,1
W2028320256,1
W2264688161,1
W1993364336,1
W2495213261,1
W1536686757,1
W2020056305,1
W2333107105,1
W3209392284,1
W3117345690,1
W4324056644,1
W4223424071,1
W2064744530,1
W3045156359,1
W4387806359,1
W2139707647,1
W3037727115,1
W6755422734,1
W4200229168,1
W3189675311,1
W2081244417,1
W3121254732,1
W3206706005,1
W2423851563,1
W2065306539,1
W4392265749,1
W2761093692,1
W4386255348,1
W2277968767,1
W4393187017,1
W4313596954,1
W2922304896,1
W2087373523,1
W2912826156,1
W4389366567,1
W4280619558,1
W4372332518,1
W4320727056,1
W4311735214,1
W2068726378,1
W3048834954,1
W2735009168,1
W4398778312,1
W2337189876,1
W3188956111,1
W3171528151,1
W2165798395,1
W2145259693,1
W2010180058,1
W4403129186,1
W2970486353,1
W4280507700,1
W4367598987,1
W2791268825,1
W4390698596,1
W4412455885,1
W2176527400,1
W2654462847,1
W4389214114,1
W2886326758,1
W3117829248,1
W4393235054,1
W3016731502,1
W4401815142,1
W1894810135,1
W3192627764,1
W2555801725,1
W4401825229,1
W4319035752,1
W2778136493,1
W4313894514,1
W2955820241,1
W2041308112,1
W4385392058,1
W4224248317,1
W3161021559,1
W3136479330,1
W3150478326,1
W3157121888,1
W4404037937,1
W4391753025,1
W4200121272,1
W6922175541,1
W3207473315,1
W2936152481,1
W4393281915,1
W2053054744,1
W4376642919,1
W4367693969,1
W3025641754,1
W2029262611,1
W4393142124,1
W2279556811,1
W4200575947,1
W4400494535,1
W4408424115,1
W4200384332,1
W4405037971,1
W4408799451,1
W3045596549,1
W3002559793,1
W4321749743,1
W2784660679,1
W4238280576,1
W4388830650,1
W2979260147,1
W4318952659,1
W2494848042,1
W4391250673,1
W3107059074,1
W4402783282,1
W2157615484,1
W4411521479,1
W4394860002,1
W4400006074,1
W4285444927,1
W4386974165,1
W4388011902,1
W3216829190,1
W4315700903,1
W2072882540,1
W4385382659,1
W2156373655,1
W4399852206,1
W3094923817,1
W3135286780,1
W3165816332,1
W4394926705,1
W4399246439,1
W2342442624,1
W4200336413,1
W4283270047,1
W3173989195,1
W4224301651,1
W4293545989,1
W3198133450,1
W4377095756,1
W2991360122,1
W3019499624,1
W2164504421,1
W4321352584,1
W2050888095,1
W2906844420,1
W4389176065,1
W2057616893,1
W4284899274,1
W1977515750,1
W2885243392,1
W4312067312,1
W1987328173,1
W1996659851,1
W2006040396,1
W3090617043,1
W3001927414,1
W4311791246,1
W4318777066,1
W3009184796,1
W4229444434,1
W3081543166,1
W2236746233,1
W4311234410,1
W2122455972,1
W3091974205,1
W2096663717,1
W2794422528,1
W4252321014,1
W2053690547,1
W4224865622,1
W4319339570,1
W3092059968,1
W2171119665,1
W3034773233,1
W2622614373,1
W4404523674,1
W2863940931,1
W2612119019,1
W2044691461,1
W3011784275,1
W4391109172,1
W4405733059,1
W2126840308,1
W4401813699,1
W4230249366,1
W3131871085,1
W2163545605,1
W2490683407,1
W2142551515,1
W2070768952,1
W2037083123,1
W2345888006,1
W2182489077,1
W2889423012,1
W4291000685,1
W4293066195,1
W4224232310,1
W4220863659,1
W4200383335,1
W4229446718,1
W4293493271,1
W4220730794,1
W3202283765,1
W1978915904,1
W4410841612,1
W2027765165,1
W2085352024,1
W3137156219,1
W2069654320,1
W2040119041,1
W3192680544,1
W2035639570,1
W3210377514,1
W2090376484,1
W4388485698,1
W3113352871,1
W3197898333,1
W4400295864,1
W2976650329,1
W4404991979,1
W3157133872,1
W4393980649,1
W4408294424,1
W4390829176,1
W2036780179,1
W1982083340,1
W4410009066,1
W2123973218,1
W2123488224,1
W4404799303,1
W4407758675,1
W4412535619,1
W2936749580,1
W4312219558,1
W4398774212,1
W1986734854,1
W1953671826,1
W2064328038,1
W4388802638,1
W2010641991,1
W2972433071,1
W4352991512,1
W2995041283,1
W3085720815,1
W3124111023,1
W2110310836,1
W4404160188,1
W2085800405,1
W4360999754,1
W2885247428,1
W3125514821,1
W4390449772,1
W4400404402,1
W2088397756,1
W2135173663,1
W4390663599,1
W2004227465,1
W4387737136,1
W4321249744,1
W2151161954,1
W4392714711,1
W1964286089,1
W2082843424,1
W2137107745,1
W2016998201,1
W4367182582,1
W4394704593,1
W2074977053,1
W4386553757,1
W2095890075,1
W2810824230,1
W4301396709,1
W3123095200,1
W4387307259,1
W2093507892,1
W2590467369,1
W2963449310,1
W2990118713,1
W2312770885,1
W4398193670,1
W4295166248,1
W2519910803,1
W4311206008,1
W4403196377,1
W1975378201,1
W2159860161,1
W1965437917,1
W3033529394,1
W2897481945,1
W2111333502,1
W2121467624,1
W4392714734,1
W2074668657,1
W3011433929,1
W2151986880,1
W4392714624,1
W4404876340,1
W3160765132,1
W3016731859,1
W4284968010,1
W4396574895,1
W4388464629,1
W3185059993,1
W4214499921,1
W3119768240,1
W4386616487,1
W4309763465,1
W4283741386,1
W4282570648,1
W3211857037,1
W4379053507,1
W3207442237,1
W3207809949,1
W4402919374,1
W3091901524,1
W4200473173,1
W4392818627,1
W4401563799,1
W4404649120,1
W4412529330,1
W3045269825,1
W4319594703,1
W2953071924,1
W4221051851,1
W4280614038,1
W4391997732,1
W3027164310,1
W3185129392,1
W3201957447,1
W3010819577,1
W3175827279,1
W4223999938,1
W4302288184,1
W4286434260,1
W4281383785,1
W4210600712,1
W3119119062,1
W4220933631,1
W3144812456,1
W2078877713,1
W2925084533,1
W4297020617,1
W4301398583,1
W2121623261,1
W3012616478,1
W3176762655,1
W2792206852,1
W4409241894,1
W2130982701,1
W3124051178,1
W4406041676,1
W2986511036,1
W1481827037,1
W3008806776,1
W4392966497,1
W4220858696,1
W4409177704,1
W2890720770,1
W4398203333,1
W2944946150,1
W4387459462,1
W3093063769,1
W2168809797,1
W4410758488,1
W2015257605,1
W4308639097,1
W4318818734,1
W2159273864,1
W4376474620,1
W4283769563,1
W1999384778,1
W2604310635,1
W2028226037,1
W2945314233,1
W14362842,1
W4309469695,1
W4310251552,1
W2939033211,1
W2124825439,1
W4389227344,1
W2025507654,1
W2128375952,1
W2803731264,1
W3116470094,1
W4405585117,1
W3198634080,1
W4403610821,1
W4323364259,1
W4401476855,1
W3121305704,1
W3016256635,1
W2718403657,1
W2135916364,1
W2146860307,1
W4395044827,1
W2978107359,1
W105807332,1
W4245164969,1
W3125079905,1
W4241773409,1
W2944366416,1
W4408389274,1
W2135299909,1
W2053995982,1
W4402261024,1
W3021994385,1
W3120584689,1
W4249536202,1
W4298127952,1
W4386410741,1
W4390264861,1
W4385263761,1
W2799498876,1
W4404536482,1
W4386333367,1
W4406681280,1
W4396735040,1
W2968065444,1
W4225128216,1
W4382196171,1
W2929058849,1
W4391893299,1
W2204393054,1
W3185421618,1
W3082048961,1
W2846140123,1
W4410573416,1
W4412950488,1
W2206089022,1
W1993032716,1
W2963992874,1
W3191592357,1
W2036788379,1
W2518304678,1
W2751047022,1
W4403476059,1
W4380075518,1
W3011672703,1
W2796267300,1
W3199237297,1
W4205250826,1
W4312695883,1
W4385855208,1
W3081912318,1
W3004354501,1
W3043438252,1
W4392466769,1
W3047731813,1
W3093237615,1
W4399698865,1
W3129075533,1
W3111955216,1
W2092223018,1
W2610715003,1
W4317934046,1
W2970813286,1
W4400584390,1
W4214879265,1
W2163899751,1
W4386847291,1
W2765420510,1
W2943949727,1
W2947029341,1
W4229072575,1
W3013810524,1
W207878977,1
W2160524279,1
W2604638629,1
W2013841756,1
W2051258423,1
W4213419708,1
W3109327633,1
W2466267343,1
W2024408744,1
W3085309456,1
W654566995,1
W1043385887,1
W1991495732,1
W4323662842,1
W2426171911,1
W2150087049,1
W4386897730,1
W2751011680,1
W4296163307,1
W1987089225,1
W4408184300,1
W4405625030,1
W2753860898,1
W4394881564,1
W4362726108,1
W1805169633,1
W2048505064,1
W2981255160,1
W4404794188,1
W4364378718,1
W3211501701,1
W3134920534,1
W3107727856,1
W2966427432,1
W2009989010,1
W3094881519,1
W4396862921,1
W3192303159,1
W1967517921,1
W2500387364,1
W2945394191,1
W3133132613,1
W4413536700,1
W2559360959,1
W2794364606,1
W2904247144,1
W2198906368,1
W4280507668,1
W2163524240,1
W3170940844,1
W3204161976,1
W4297540049,1
W4410765507,1
W4224299105,1
W2098194481,1
W1988561959,1
W3021046778,1
W2783418111,1
W2771394342,1
W3033472301,1
W4386334281,1
W2139191918,1
W1982378119,1
W2799861763,1
W2054743110,1
W4406723658,1
W2781571677,1
W1880602300,1
W4403617124,1
W2799419652,1
W2148084008,1
W2083831221,1
W3171777526,1
W4399359264,1
W2805156917,1
W3212128013,1
W2414115810,1
W2117997594,1
W4309866180,1
W4400103672,1
W3011800003,1
W4401282948,1
W3041034713,1
W2529430742,1
W3153317972,1
W4403609038,1
W3017471784,1
W1998163995,1
W4306970607,1
W2602029584,1
W3155161764,1
W1994686050,1
W4393871639,1
W4386523690,1
W4408567205,1
W3138335464,1
W2968900010,1
W4224257775,1
W2591168805,1
W2917189641,1
W4401812095,1
W2417132954,1
W4398224624,1
W4320711725,1
W1995112866,1
W2217607842,1
W4408722374,1
W4226242534,1
W4385336098,1
W2134978986,1
W1919216911,1
W2575790444,1
W2951142340,1
W4210418109,1
W3121571399,1
W2028596715,1
W2031801933,1
W2766475871,1
W4391754970,1
W3115678303,1
W4212932092,1
W4407383455,1
W4312066154,1
W3097167126,1
W1945023170,1
W4255706892,1
W4285493225,1
W3086844086,1
W2990298783,1
W3038201477,1
W2789470215,1
W4382631105,1
W2580175198,1
W3123997708,1
W2725164125,1
W3212822539,1
W3194731370,1
W3042538301,1
W4281910693,1
W4200288030,1
W4318070527,1
W1787531037,1
W2608187898,1
W2762495662,1
W3188392504,1
W3213688921,1
W4382995234,1
W2115892176,1
W2791385172,1
W3161200906,1
W4307931312,1
W4390536567,1
W4381716469,1
W3092507446,1
W2036520094,1
W4387024783,1
W4292343602,1
W1750006770,1
W4255726133,1
W1558267663,1
W2106154926,1
W4286500372,1
W4386102623,1
W4293382228,1
W1971128231,1
W4388653968,1
W2123961655,1
W4386830312,1
W4392777592,1
W3160529999,1
W2152524830,1
W2730372763,1
W4408847543,1
W1902863658,1
W2784902854,1
W1982967737,1
W2277461678,1
W4394580095,1
W2766507496,1
W4286008393,1
W2977757007,1
W4240310297,1
W4211214159,1
W4296867168,1
W2017181168,1
W4367668921,1
W2275737843,1
W2050261341,1
W2055531654,1
W1954146393,1
W2056796387,1
W4385554430,1
W2150220236,1
W2250513429,1
W2112730740,1
W2041981868,1
W3121550691,1
W166136927,1
W2120579096,1
W2105099865,1
W1487177573,1
W2143334900,1
W3196925307,1
W4295021971,1
W2118533989,1
W3137814255,1
W2973546074,1
W2127401265,1
W2809176170,1
W4391826238,1
W3024933026,1
W2261914993,1
W4223974688,1
W2130182216,1
W3047897534,1
W563096618,1
W2034322181,1
W2534471575,1
W4231942106,1
W3126015391,1
W2560527782,1
W1998701232,1
W1814231232,1
W4413520272,1
W4303418677,1
W4398174799,1
W2066080917,1
W3118359617,1
W2065816220,1
W4390445403,1
W3160856016,1
W2171228644,1
W4413973104,1
W2169099396,1
W4319319128,1
W4412170457,1
W2948144992,1
W3154832597,1
W4318387344,1
W4406727566,1
W4394972398,1
W3208586670,1
W2894461464,1
W3011811700,1
W2943529440,1
W2944412627,1
W4406275856,1
W4310436356,1
W4214634867,1
W3207599934,1
W2318922141,1
W4380611488,1
W4388126250,1
W4384923395,1
W2093175011,1
W2331867196,1
W4310204573,1
W3106245328,1
W4365453744,1
W4411903001,1
W2206916031,1
W3129653472,1
W4391883215,1
W4403180459,1
W4406973769,1
W4296926268,1
W3182288796,1
W4398792087,1
W3209993472,1
W4307573080,1
W3119048514,1
W2085853258,1
W2030420814,1
W4214763123,1
W3096556734,1
W4281667836,1
W1964083553,1
W3080884038,1
W4327717830,1
W4393222892,1
W1976640042,1
W4379056209,1
W4399881312,1
W4391981413,1
W1757061378,1
W3010945647,1
W3181194862,1
W2917595567,1
W3162297661,1
W4292937992,1
W4407813469,1
W4306688347,1
W4281687229,1
W4411776277,1
W4385871957,1
W4293213590,1
W4389082526,1
W4324369577,1
W4402620447,1
W2955327667,1
W4360615460,1
W3128357585,1
W2803053780,1
W3119332849,1
W2938134261,1
W2954619489,1
W4408882103,1
W4282941714,1
W4389164530,1
W4311282714,1
W4328128282,1
W4406591918,1
W4407979476,1
W2894158027,1
W4200414351,1
W4361207220,1
W4311872987,1
W4399431448,1
W4403441919,1
W2804085864,1
W3024261713,1
W1956182279,1
W2588624812,1
W4291162542,1
W4200113008,1
W2896990802,1
W4404513524,1
W4313324899,1
W4388997756,1
W4402390826,1
W4231102670,1
W6888662536,1
W4307876337,1
W2605214434,1
W3217257896,1
W4410444108,1
W2766661548,1
W4211015555,1
W202605166,1
W4312091643,1
W4280539510,1
W4367625494,1
W4213452501,1
W4396578016,1
W4393037673,1
W1985900272,1
W4387458933,1
W2058595932,1
W3088257885,1
W3097412631,1
W3128522103,1
W4393434681,1
W4396905306,1
W4290792266,1
W3209336150,1
W2200256029,1
W4408324920,1
W4366463682,1
W2988009516,1
W2985925887,1
W4401109393,1
W4389489200,1
W4311102990,1
W4200391351,1
W3164713592,1
W2971270969,1
W4403132103,1
W4297346323,1
W4294619392,1
W2139437542,1
W4312186422,1
W3119730436,1
W4398143332,1
W4401886455,1
W3041422741,1
W1591511374,1
W4224039069,1
W2108154875,1
W4381123410,1
W4392298126,1
W3133889049,1
W2968797378,1
W3213182085,1
W2895585754,1
W4402389539,1
W3018971162,1
W4286498522,1
W4321004792,1
W2163543793,1
W4402412511,1
W4293048570,1
W2501521294,1
W4200423350,1
W2079731236,1
W4321210017,1
W1917003092,1
W4390750030,1
W3132157226,1
W2069867410,1
W3085176445,1
W4390919344,1
W3209217793,1
W2039249003,1
W1969791474,1
W2346172431,1
W3163127763,1
W2534120823,1
W4406808321,1
W3022076372,1
W1919460823,1
W4403938264,1
W2051110004,1
W3098001817,1
W2022861795,1
W4364376091,1
W4394822156,1
W2024399893,1
W1990569430,1
W2957050681,1
W3044624953,1
W244608990,1
W2747709356,1
W2124161016,1
W3122620151,1
W2031832057,1
W2547297847,1
W4297538948,1
W2899462639,1
W2242458983,1
W3112359079,1
W2775326836,1
W2926527341,1
W2941475408,1
W1993480651,1
W1967802204,1
W2927385155,1
W3168448400,1
W2987139263,1
W3089807795,1
W2769523360,1
W2006267880,1
W4401420346,1
W3005399288,1
W2885548949,1
W2966840008,1
W4413754415,1
W2996743103,1
W2037780756,1
W2970551380,1
W3009850388,1
W3124968240,1
W2301743044,1
W4288064515,1
W3165002332,1
W2141197497,1
W2890249480,1
W3208772692,1
W2312960034,1
W4297474472,1
W4409733244,1
W1977494454,1
W2520365695,1
W3036280512,1
W2567718021,1
W2146656212,1
W2052604554,1
W2124375282,1
W3120846563,1
W2330373126,1
W2612736934,1
W2111527991,1
W4248588746,1
W2042807843,1
W3097431112,1
W2766753716,1
W3124221140,1
W4387938275,1
W2792876732,1
W4409858482,1
W1998508088,1
W4220886385,1
W2043193866,1
W4403915568,1
W2169754037,1
W4293432980,1
W4407748311,1
W4221051401,1
W3084919278,1
W4229020138,1
W3108721060,1
W3088775972,1
W3124081947,1
W4387954781,1
W4396606422,1
W2892713648,1
W1971627635,1
W2903570098,1
W4360609365,1
W2048837941,1
W2583141707,1
W2528747261,1
W4282936352,1
W2548247194,1
W4398685464,1
W4304099436,1
W4245365486,1
W3096654806,1
W4396584996,1
W4409349834,1
W4223495103,1
W4313560374,1
W4401484561,1
W2949832194,1
W1969116346,1
W1970658189,1
W4392247804,1
W3134091775,1
W4321610021,1
W2092334043,1
W1630293392,1
W2809208985,1
W2923824053,1
W4395003302,1
W4399814910,1
W2043588165,1
W1984320433,1
W4229009534,1
W2918174775,1
W4291378022,1
W4410482433,1
W4399540060,1
W2540254695,1
W4286587322,1
W2889449831,1
W3114163911,1
W2159318017,1
W4309101409,1
W4312211799,1
W4226357470,1
W3107364978,1
W2079455420,1
W4291019794,1
W3003638035,1
W2079906298,1
W4401820095,1
W2990877071,1
W4309506029,1
W4297134663,1
W3163113057,1
W4223891835,1
W3098875199,1
W2337912831,1
W1978138475,1
W1972299246,1
W2121667170,1
W2102907023,1
W2905188179,1
W3089910503,1
W2475050958,1
W4392695627,1
W4379508842,1
W4386436214,1
W4246491055,1
W4205510887,1
W4286210759,1
W4386041988,1
W3034282086,1
W4308003049,1
W2945429976,1
W3073461232,1
W4384520705,1
W2008981055,1
W2982030410,1
W3006665300,1
W4205424394,1
W3085644248,1
W3009130625,1
W4398244297,1
W2006931603,1
W4308196256,1
W2210942402,1
W4402557213,1
W2270735705,1
W3081666689,1
W2003898346,1
W4311158976,1
W2908897747,1
W4399327082,1
W2953274188,1
W4297374380,1
W4317655843,1
W3125685058,1
W3031786485,1
W4206276546,1
W3019334999,1
W3111153330,1
W4200171557,1
W3122622333,1
W2396393477,1
W2150083424,1
W4307838324,1
W4321112423,1
W4412354586,1
W4390915688,1
W3016801495,1
W1059804713,1
W3110540142,1
W4281664997,1
W4391559231,1
W4388186800,1
W2808753593,1
W4297824989,1
W4283593664,1
W4401120059,1
W3043776506,1
W4311763312,1
W4240809743,1
W2767013387,1
W4284959053,1
W3120359735,1
W3094518082,1
W2013122637,1
W4293081923,1
W3211541572,1
W2037358263,1
W3093577337,1
W2168568077,1
W2549315844,1
W4407128246,1
W2019213272,1
W3011511301,1
W2011773465,1
W2150667487,1
W3214641779,1
W4309483659,1
W4395662899,1
W2144901153,1
W3009841050,1
W2125214290,1
W4382284687,1
W2075100487,1
W4291019318,1
W4387265906,1
W4223976912,1
W4385606734,1
W4391639062,1
W4380895057,1
W2809002221,1
W4293107041,1
W4302307138,1
W4377836214,1
W4321748642,1
W3185531738,1
W4414871727,1
W1966466103,1
W4409380791,1
W2970336348,1
W3099994186,1
W2990284098,1
W2028675631,1
W2782573323,1
W4396728885,1
W2573304240,1
W2137940179,1
W2792261741,1
W3175341338,1
W4306776974,1
W1976152446,1
W3005047277,1
W1579843192,1
W2791737235,1
W4376891519,1
W54502226,1
W2586329273,1
W2110486727,1
W1987960874,1
W4313678528,1
W2066064555,1
W3206141883,1
W4390719228,1
W2897028281,1
W4412688770,1
W3196025524,1
W4409285812,1
W2101188293,1
W2890373521,1
W1645373062,1
W4393195382,1
W2169003452,1
W2123933445,1
W4360979287,1
W4381510746,1
W2768078301,1
W2953282350,1
W4404620218,1
W1534011785,1
W4309310694,1
W2783096100,1
W4313137614,1
W4307551507,1
W4387706359,1
W4401053624,1
W4406230838,1
W1966694479,1
W4225796329,1
W2418871371,1
W2782590702,1
W2088305085,1
W2604357671,1
W3012900549,1
W2529564876,1
W2998236829,1
W2535174779,1
W2560222971,1
W4281663622,1
W1979650304,1
W2110396808,1
W1967974729,1
W3183462114,1
W3019713657,1
W2791275249,1
W4408500019,1
W4391151082,1
W3207420443,1
W4284706305,1
W4402827972,1
W4214757674,1
W3165754151,1
W4392606996,1
W4409031944,1
W3015284582,1
W4388689199,1
W4409754150,1
W6929239356,1
W2135446993,1
W3024884275,1
W2254010247,1
W2772568829,1
W4327851727,1
W2131502275,1
W2953649359,1
W3045357577,1
W4304118461,1
W4408841388,1
W3133900470,1
W4368356198,1
W4400782860,1
W4293192145,1
W4320923073,1
W4391573701,1
W3088348421,1
W4292316594,1
W4403745705,1
W3018835539,1
W4225717287,1
W4286513996,1
W2116213766,1
W2296238519,1
W3096314299,1
W3009835582,1
W2968106919,1
W2170322114,1
W2980497727,1
W3017743511,1
W2617565096,1
W4210870431,1
W2415086816,1
W2003282762,1
W2050477450,1
W2013379420,1
W3007757516,1
W2601520275,1
W2981964634,1
W2022953037,1
W3013666749,1
W2963970709,1
W2906401679,1
W4385230191,1
W3100859383,1
W4291633106,1
W2912083894,1
W4299627282,1
W3168614415,1
W3174008638,1
W3011369748,1
W4220671611,1
W2114851331,1
W1811760231,1
W2253397145,1
W2991764101,1
W4205869416,1
W2508272809,1
W2767011053,1
W2261604737,1
W2209947947,1
W1979997864,1
W4223472974,1
W2099910135,1
W2942944892,1
W4381741921,1
W4297374377,1
W2126125646,1
W4382501950,1
W2971242945,1
W4388543298,1
W4361215264,1
W2048021429,1
W4229019502,1
W3138882923,1
W3143871140,1
W4312202001,1
W2125700721,1
W2796108808,1
W3169751830,1
W2905579543,1
W4407060905,1
W4398244712,1
W2902040088,1
W2146746563,1
W4318249992,1
W4411228132,1
W4229071499,1
W4400747624,1
W2109618730,1
W3204601406,1
W3202338200,1
W3008249050,1
W2333936213,1
W2138568832,1
W2015016172,1
W2062810910,1
W4293574770,1
W3045621023,1
W1972970347,1
W2810663873,1
W4226186163,1
W4283657188,1
W2156095142,1
W4211025575,1
W4220745563,1
W1998060881,1
W4411049611,1
W4386692382,1
W4400430722,1
W4304845333,1
W2795313272,1
W3092705394,1
W4407593118,1
W4389797311,1
W4387739774,1
W4379768880,1
W3003372978,1
W2141297458,1
W2168949666,1
W4390047543,1
W3211666217,1
W3197491280,1
W2032064589,1
W4392966717,1
W2752217756,1
W2095117874,1
W2491811284,1
W4281698468,1
W2757550254,1
W2088325485,1
W2232278549,1
W1659355396,1
W3129859590,1
W4382447950,1
W1763877838,1
W1518813471,1
W7081546572,1
W6870213008,1
W4400005782,1
W3009938727,1
W2126465759,1
W2140354297,1
W2893485115,1
W2886571701,1
W6603061776,1
W2004483943,1
W4403014119,1
W2982152012,1
W6760020134,1
W2517925965,1
W2507589331,1
W3188637847,1
W2571275084,1
W6838445137,1
W4401360755,1
W6790421830,1
W6723003947,1
W3187576010,1
W2031899675,1
W2988934653,1
W3034081432,1
W983474663,1
W6625475529,1
W3029158258,1
W6756842658,1
W3076177739,1
W4313242165,1
W2440234732,1
W4382602128,1
W2101288585,1
W2071607654,1
W6601014162,1
W25051614,1
W6678374548,1
W2771211631,1
W3192365687,1
W2770023838,1
W6770746861,1
W2345917221,1
W1968870836,1
W2138936986,1
W4404137168,1
W4324020340,1
W3170899584,1
W6782666952,1
W2020689586,1
W2165853736,1
W2997605000,1
W3036555597,1
W2085827291,1
W3125805663,1
W2273371409,1
W6697018724,1
W3181065098,1
W4394760236,1
W2131977155,1
W2295124130,1
W198078199,1
W4390756424,1
W4366998073,1
W3186066216,1
W2092063770,1
W4318472751,1
W3203822499,1
W1957890759,1
W2535045428,1
W3119917389,1
W2778794637,1
W2908240099,1
W3002807058,1
W2111490943,1
W2027951593,1
W4281482246,1
W2061230889,1
W3125754252,1
W4379875651,1
W1583260447,1
W2123881666,1
W2417760852,1
W2788679476,1
W1486720683,1
W2786555934,1
W2792692599,1
W3158179759,1
W4232474910,1
W2493890699,1
W4400695307,1
W2885642829,1
W2470198608,1
W4400647772,1
W2947195368,1
W3012762841,1
W4312531007,1
W1508636005,1
W4213434136,1
W2010218959,1
W2099772161,1
W3005022849,1
W3165178786,1
W1888759561,1
W3042346447,1
W4200026682,1
W3024532045,1
W3177185927,1
W6630685692,1
W2032826061,1
W3151766596,1
W2790327400,1
W4380300617,1
W4387373272,1
W3171404022,1
W4323318541,1
W4391166603,1
W4367319195,1
W4387740097,1
W6744304603,1
W4229799917,1
W1576284511,1
W422657572,1
W6679987795,1
W3163042084,1
W2159665635,1
W4303414955,1
W4403740532,1
W2996916339,1
W6683297804,1
W2118458758,1
W3200480929,1
W2151000531,1
W2131773668,1
W1598597002,1
W2528700509,1
W3013114114,1
W2007421032,1
W2597419673,1
W3123979484,1
W2080548747,1
W2159192216,1
W2053515873,1
W2204262283,1
W2965543473,1
W1997233418,1
W3133587803,1
W4388940755,1
W4281395773,1
W1834981560,1
W2011058289,1
W2055280086,1
W2796586228,1
W4288851347,1
W2091311102,1
W3116857995,1
W2979570547,1
W3192777745,1
W2960233896,1
W3023176392,1
W4385850655,1
W2525232196,1
W4395002510,1
W4401290445,1
W2051335646,1
W3130261234,1
W4401852072,1
W4387865393,1
W4404843125,1
W2799849336,1
W3128843006,1
W4403425408,1
W2783103087,1
W4372335773,1
W2981452408,1
W3083643134,1
W3124135363,1
W2895197502,1
W3023399675,1
W3086534639,1
W4380684215,1
W4285743812,1
W2883649459,1
W2889985839,1
W3156393462,1
W2520597034,1
W2922149309,1
W4283662583,1
W4296785113,1
W3005321945,1
W2991026100,1
W2887583804,1
W2883955440,1
W6857039607,1
W2010348352,1
W2165432589,1
W2893426645,1
W2398043003,1
W2105162861,1
W3122012753,1
W2809710353,1
W2965325631,1
W2061224360,1
W3123211920,1
W1486469025,1
W4226074566,1
W3153884107,1
W4224939089,1
W4310359131,1
W3205873947,1
W3020693072,1
W2948418640,1
W6637360310,1
W3135780164,1
W4237692210,1
W3165559521,1
W2913797239,1
W2229198949,1
W3116489293,1
W4393204027,1
W3156825196,1
W2128210247,1
W2013897994,1
W2080301258,1
W4319333435,1
W4366778919,1
W4200113292,1
W2246864616,1
W2101938269,1
W4367396771,1
W2156435103,1
W2019003965,1
W2086989313,1
W4233836956,1
W4386966790,1
W6877981417,1
W4323539063,1
W4285051011,1
W2985703782,1
W3025336575,1
W6798762572,1
W4399446582,1
W3182706296,1
W3045585093,1
W4385331045,1
W3110574973,1
W2913365037,1
W4410589713,1
W4313815774,1
W1995296061,1
W4401908588,1
W4323971793,1
W2053428160,1
W4408380461,1
W6680278328,1
W4317754263,1
W6849092466,1
W4200070126,1
W4386773916,1
W4226458216,1
W1573878645,1
W4402811016,1
W4404588400,1
W4280545692,1
W2791229893,1
W4417072297,1
W4415653500,1
W6794518753,1
W4245115391,1
W4291145880,1
W6776978944,1
W3157997350,1
W2061047797,1
W6739649711,1
W4409679339,1
W4322740150,1
W3143754954,1
W3144485446,1
W2787803724,1
W3174475530,1
W2566050899,1
W4321604689,1
W4239915495,1
W2564393905,1
W4409255586,1
W3163531848,1
W2804748058,1
W2904227226,1
W4283324088,1
W3200144811,1
W2948662346,1
W4309119160,1
W2055795844,1
W2984533299,1
W3122414394,1
W6878929393,1
W4409533828,1
W4409526624,1
W4405146440,1
W1991620266,1
W3212181260,1
W4393063463,1
W2110417523,1
W2093025097,1
W2552590287,1
W2761243279,1
W4380361308,1
W4323316819,1
W2336552023,1
W1809581819,1
W3172866213,1
W3201948844,1
W4297461015,1
W3005689043,1
W3094660952,1
W3045629194,1
W4410095170,1
W4410094377,1
W4410830788,1
W3188336095,1
W4410832058,1
W3213364294,1
W4410826312,1
W2784284125,1
W4296463053,1
W2951770423,1
W4403610743,1
W4313439667,1
W2902765460,1
W605576289,1
W2897878844,1
W4237301751,1
W2308510141,1
W4292092991,1
W3202079324,1
W4309496865,1
W4311632422,1
W4285808246,1
W4312269785,1
W2589108807,1
W4384937157,1
W4387737029,1
W2594685226,1
W4205780493,1
W1976818431,1
W2581582493,1
W3023689102,1
W3138970751,1
W2558922826,1
W4292527235,1
W2956968894,1
W2807533536,1
W4404134954,1
W1598451232,1
W4403094222,1
W2955021457,1
W2810840855,1
W3114490832,1
W2920469006,1
W3141292793,1
W4390466417,1
W6979165132,1
W3107226610,1
W239121488,1
W3195410890,1
W4403700948,1
W3203243032,1
W2478157855,1
W4393858312,1
W6647163801,1
W2783564415,1
W3010936584,1
W3126856044,1
W3166273316,1
W2106152453,1
W3094489130,1
W2089430563,1
W2619062931,1
W4224312362,1
W657312650,1
W2943050897,1
W4319457915,1
W3086395653,1
W4401690266,1
W2946386196,1
W296216050,1
W3071879207,1
W4380204737,1
W3045061464,1
W3023066456,1
W3000581694,1
W4287471394,1
W4405552758,1
W4240402005,1
W3167201262,1
W4200583767,1
W2417683855,1
W4397012631,1
W2006295067,1
W2897057921,1
W3004317783,1
W2619487154,1
W4385147517,1
W4390228320,1
W3083697719,1
W2069469523,1
W2920187112,1
W1965196656,1
W6748131504,1
W2619408868,1
W2135247103,1
W2104024286,1
W6681416766,1
W1540254559,1
W2617013108,1
W2801439663,1
W6793852310,1
W1599024505,1
W3029407036,1
W3120943654,1
W4395465967,1
W2504453584,1
W6839441765,1
W2110420621,1
W4200311398,1
W2141273327,1
W1977977041,1
W4205685441,1
W4378212292,1
W4361000292,1
W2003596899,1
W4396928159,1
W3118265156,1
W3217066851,1
W2778307802,1
W4384023633,1
W4323971751,1
W4400770763,1
W3135752043,1
W2802008805,1
W2999195718,1
W2932756513,1
W4220662375,1
W4200525849,1
W2514141493,1
W2156977334,1
W2065910293,1
W4225140940,1
W2026149693,1
W4398757212,1
W4390590648,1
W4400110553,1
W4400081650,1
W4390846496,1
W4402264492,1
W4212882514,1
W4392598855,1
W4205106161,1
W4389623916,1
W3151430758,1
W4310153618,1
W3032680524,1
W4224262199,1
W4383566677,1
W3198084704,1
W3037966251,1
W2912025981,1
W4327757239,1
W2529824396,1
W4285587051,1
W2799930679,1
W4391403421,1
W4387099986,1
W628841978,1
W4392462646,1
W3048937249,1
W4242706042,1
W4206457919,1
W2909004123,1
W3013685219,1
W4402327579,1
W2911856017,1
W3035423599,1
W3099606351,1
W2581186038,1
W2900342127,1
W4280613390,1
W2178525676,1
W3021007732,1
W2608194258,1
W2520765338,1
W4225116087,1
W2482025535,1
W1483208119,1
W3209723603,1
W2123598582,1
W4391042257,1
W4220992242,1
W4382752551,1
W2059916607,1
W2904757136,1
W4285356239,1
W1121678479,1
W4311025816,1
W4213324653,1
W3126632830,1
W2018130836,1
W3087926165,1
W4388096060,1
W3089589649,1
W2495051805,1
W2465272545,1
W3136227395,1
W4324026006,1
W3135190903,1
W2116678601,1
W2468132004,1
W1176045189,1
W2957075696,1
W3093466736,1
W2271636982,1
W2604483966,1
W2610295977,1
W3010938300,1
W1990309549,1
W2025717323,1
W2909473777,1
W2169467558,1
W2946537104,1
W4389137104,1
W2615488593,1
W4229335687,1
W4311834555,1
W2017501878,1
W1916371443,1
W2770190609,1
W3203871149,1
W2461063239,1
W4390473596,1
W3015049184,1
W2976362764,1
W2164902648,1
W2741656354,1
W4388917673,1
W4317371841,1
W3165747682,1
W646785638,1
W2790862210,1
W2519947670,1
W4214946515,1
W4392243392,1
W2955323986,1
W3000586022,1
W2889146759,1
W4214582697,1
W3107028140,1
W4387326670,1
W2063867927,1
W4388291813,1
W6737588617,1
W2177368405,1
W4375827485,1
W2480010178,1
W3117160023,1
W4378473470,1
W2416120105,1
W1974739407,1
W2030719116,1
W2025849241,1
W880345403,1
W4366758508,1
W1849466736,1
W4251772733,1
W4400369566,1
W4399922112,1
W4401858385,1
W4414404386,1
W4409459598,1
W3079790529,1
W6604868452,1
W2907010927,1
W3049165497,1
W2005159871,1
W2920871702,1
W3206948482,1
W4210913598,1
W4308516671,1
W2121161541,1
W4406624459,1
W4391116409,1
W2030505903,1
W2920636000,1
W1987231290,1
W3200639555,1
W4409312129,1
W4327606228,1
W3193752663,1
W4386815550,1
W3140740671,1
W2889822768,1
W6754021683,1
W3080591408,1
W2126606958,1
W2296039683,1
W6811174696,1
W2996451441,1
W4225909847,1
W4205207900,1
W6966784014,1
W3181042863,1
W1985503019,1
W1982941932,1
W3009224910,1
W4293218468,1
W2740749042,1
W4211160291,1
W3003083160,1
W3124916305,1
W2517506351,1
W4226265105,1
W4362582824,1
W2800133235,1
W1953514870,1
W2519745608,1
W2780675143,1
W4280519420,1
W2021827389,1
W2099653704,1
W2091873062,1
W1511969357,1
W3013941884,1
W2484582356,1
W2081714882,1
W3092378602,1
W6739129084,1
W2050155172,1
W4281480646,1
W4396946025,1
W2118292923,1
W2918370266,1
W2608984570,1
W2643196034,1
W2164249826,1
W3092179187,1
W2801453141,1
W3042557581,1
W2381674231,1
W1567972044,1
W7034904123,1
W1970128298,1
W4400006966,1
W4386130772,1
W4400913821,1
W4404301582,1
W4386918057,1
W4387366029,1
W6861797578,1
W4220838404,1
W3126059685,1
W4200055248,1
W4322719632,1
W4391926549,1
W2094104200,1
W4405556609,1
W4405812884,1
W4289523421,1
W3135918404,1
W2755476356,1
W3114743757,1
W4376279914,1
W3089409019,1
W3081189037,1
W3127321716,1
W2047712547,1
W2012667713,1
W3019909935,1
W3087706624,1
W3186771862,1
W4206186180,1
W4409667807,1
W3141653433,1
W2492400243,1
W3037523062,1
W6662298336,1
W4412897073,1
W2048138799,1
W4361212271,1
W3027285460,1
W2106148301,1
W2973338680,1
W3021479851,1
W3125032787,1
W2595554554,1
W2909505936,1
W4383093129,1
W3093605830,1
W2318330535,1
W3093509170,1
W4389235478,1
W4385790840,1
W2045281006,1
W4402924311,1
W4410348141,1
W4408026397,1
W4404365182,1
W3023695158,1
W3202526359,1
W6685181995,1
W6857605105,1
W3195845987,1
W6852535753,1
W4407260351,1
W2094480967,1
W2910934826,1
W3121772940,1
W4400942805,1
W4211115086,1
W4387910984,1
W3202145518,1
W2606718348,1
W4377134097,1
W3016058803,1
W3211767521,1
W4213277114,1
W2781841230,1
W4308747556,1
W4387104837,1
W3011502453,1
W4408039063,1
W2556171343,1
W2614762100,1
W3185344789,1
W4402322276,1
W4403249345,1
W4233216911,1
W2909094610,1
W2900020868,1
W2980177989,1
W2996999492,1
W3035348578,1
W3214769791,1
W6850819551,1
W4366603052,1
W1972788052,1
W4390148860,1
W4385226861,1
W4400987611,1
W2144903344,1
W4389078007,1
W4386351999,1
W4223569779,1
W4307741142,1
W4320879326,1
W1988899826,1
W3134525167,1
W2904968421,1
W3096169604,1
W2156848121,1
W3089095388,1
W2863108105,1
W2615522645,1
W4285595119,1
W4400651605,1
W1988337884,1
W3102705162,1
W4380680563,1
W4391932177,1
W3214273881,1
W2168885658,1
W6638478383,1
W4362614156,1
W6791930635,1
W2996571723,1
W4392356648,1
W3083128033,1
W6874024203,1
W2744556021,1
W4307983783,1
W2570796533,1
W6790289046,1
W4391361407,1
W4310522584,1
W788421597,1
W3041341641,1
W3014272295,1
W3030991920,1
W1483845914,1
W4389790917,1
W4410125565,1
W4249913709,1
W4306291075,1
W2033486279,1
W3133293300,1
W4213381572,1
W4396906265,1
W4223535533,1
W2031794263,1
W3128659404,1
W6635844821,1
W2143550254,1
W4413542585,1
W6801217507,1
W3176636947,1
W3011468811,1
W4388661192,1
W4313555445,1
W1988996822,1
W4391777813,1
W3010124072,1
W2496880784,1
W3209114516,1
W2132372817,1
W1774440032,1
W2294730550,1
W4375861393,1
W1987198869,1
W2809671866,1
W2009429876,1
W4285042335,1
W3000983434,1
W2394483027,1
W2745937057,1
W1965046949,1
W3192660206,1
W2067716017,1
W4399595124,1
W3154793835,1
W2994713357,1
W2963119268,1
W4403896853,1
W2739275495,1
W4411065131,1
W4407240398,1
W3216811732,1
W4362712646,1
W3200073305,1
W3169299573,1
W2801561824,1
W4282843157,1
W3126010978,1
W2793286258,1
W4390170067,1
W3119120938,1
W2346099160,1
W3200005887,1
W2971730340,1
W4327738973,1
W2987670788,1
W3121303414,1
W2277364188,1
W4411016355,1
W4390015065,1
W2561164060,1
W4205556267,1
W4296713566,1
W4402952189,1
W3192856699,1
W3042572581,1
W4386508574,1
W4378373118,1
W4392898494,1
W3127968685,1
W3121576597,1
W4409197016,1
W4293597023,1
W4388647971,1
W2907914160,1
W4392346785,1
W3036956037,1
W3098158319,1
W1588936555,1
W3179562775,1
W4376561061,1
W2910531890,1
W2801331860,1
W4309268968,1
W3214427138,1
W2789946129,1
W3197296032,1
W3094401697,1
W2982793202,1
W4403400037,1
W2554179839,1
W2137912067,1
W2136099029,1
W2757321799,1
W3159054985,1
W2125220741,1
W4379470052,1
W3184704624,1
W4225104233,1
W2767526807,1
W1494921583,1
W3123739069,1
W3156878415,1
W2895773179,1
W2146428988,1
W3092276744,1
W2079576465,1
W4410824350,1
W3053131996,1
W4406994574,1
W2948752744,1
W4362698383,1
W3007523113,1
W4364379854,1
W3179936201,1
W4383874821,1
W3040970918,1
W2154328087,1
W2158985563,1
W4402843485,1
W4402978008,1
W4309667006,1
W4409786197,1
W4391969540,1
W4402656341,1
W2782692771,1
W4407945490,1
W2507884765,1
W2148111566,1
W3136854085,1
W2898597317,1
W4394904029,1
W2091675492,1
W3021765327,1
W2911212090,1
W3215009069,1
W2088874394,1
W2021933026,1
W1506226870,1
W2584894021,1
W2533574559,1
W3113233334,1
W2116700285,1
W2153584585,1
W3046571965,1
W4321611826,1
W4394739014,1
W3045463910,1
W4381848322,1
W2346727233,1
W4220964016,1
W2920401593,1
W4413671117,1
W4200277724,1
W4398765910,1
W2980367438,1
W3129081342,1
W4403867077,1
W149848788,1
W4390197525,1
W4398171108,1
W4381685163,1
W2808430023,1
W4384925615,1
W4388033775,1
W4409726362,1
W4245999678,1
W2267522389,1
W2978770139,1
W4387779185,1
W2073407255,1
W2593705545,1
W4296866885,1
W4403755554,1
W2762484031,1
W4292707876,1
W3170482689,1
W4386928158,1
W2103351853,1
W3152397097,1
W4312829455,1
W3200966599,1
W2112309180,1
W2112939849,1
W1995457102,1
W2052492394,1
W2792810331,1
W2915267595,1
W2915038899,1
W3000101606,1
W7052355322,1
W1987159251,1
W4367856956,1
W4389980784,1
W4391350774,1
W4398197624,1
W4407197393,1
W4384408112,1
W2171443468,1
W4383872453,1
W4236213345,1
W4392788116,1
W4256209572,1
W2983772981,1
W2557164381,1
W4379741127,1
W2424813105,1
W4225324736,1
W2899112996,1
W4306893984,1
W4237891243,1
W3003749845,1
W2514065375,1
W3085767304,1
W4281967988,1
W4389773814,1
W4362666497,1
W2149493207,1
W3156744908,1
W3098606239,1
W2907108901,1
W3048346058,1
W2305400731,1
W3141393232,1
W2776422648,1
W2896900165,1
W6861591026,1
W2518909007,1
W4385078381,1
W6735584944,1
W3186597747,1
W2600263878,1
W4401067886,1
W6799699682,1
W3193729595,1
W6801409317,1
W2920229056,1
W2966767160,1
W2146866923,1
W3096342782,1
W2108092078,1
W4408348811,1
W4295917081,1
W4200591549,1
W2039811614,1
W4402132694,1
W4322503955,1
W2734847877,1
W2924252131,1
W2134478945,1
W4398139028,1
W2578800146,1
W4323308058,1
W2473918984,1
W4321793181,1
W2164840034,1
W2152587735,1
W2984678179,1
W4390277673,1
W2337073523,1
W2734429242,1
W2103457203,1
W2120224267,1
W3014272345,1
W2052803777,1
W2158258560,1
W4214864602,1
W4296250208,1
W4387098014,1
W2887910788,1
W6851730170,1
W2132794807,1
W2184710687,1
W1564392755,1
W2171095917,1
W3135426453,1
W6810777828,1
W2123840501,1
W2157958832,1
W6678794477,1
W4296808540,1
W2044115095,1
W2168853794,1
W2792013433,1
W4405363623,1
W2959942725,1
W4280600232,1
W4239866089,1
W3082781008,1
W4362589065,1
W2995916535,1
W2977361883,1
W2754714386,1
W4238408621,1
W2527255919,1
W2615768322,1
W6628404669,1
W1967806125,1
W2330567980,1
W2039414656,1
W1979517429,1
W3090965901,1
W2012855146,1
W2052963912,1
W4229452429,1
W4214520407,1
W3208235678,1
W3124942008,1
W2902900369,1
W4281783336,1
W3176065858,1
W3086029573,1
W3203458222,1
W3005219125,1
W2609972560,1
W3180921187,1
W6852590302,1
W2995098893,1
W4220732120,1
W4367662894,1
W4402538116,1
W4382516701,1
W4410382133,1
W4283273556,1
W917774098,1
W4390941650,1
W2942814003,1
W3121537144,1
W2924241399,1
W4410326326,1
W2591223599,1
W4407140864,1
W2075224211,1
W3121513629,1
W2047572901,1
W2171195484,1
W2345772661,1
W2261406464,1
W3032086033,1
W2736972440,1
W607505555,1
W4226096087,1
W4377240346,1
W3166377178,1
W4394847483,1
W4404702865,1
W4390919538,1
W4403867243,1
W4401916375,1
W2903139154,1
W4400770440,1
W4284693042,1
W4387958349,1
W3000708488,1
W4401459970,1
W2007383086,1
W2072194882,1
W4401131783,1
W4365445567,1
W2282925681,1
W2947431665,1
W2117526018,1
W4400594273,1
W2028929048,1
W4396736213,1
W4312883969,1
W2583809919,1
W2882984097,1
W4391392237,1
W2160746369,1
W4310782530,1
W4389942599,1
W4224326392,1
W2117552883,1
W2074344667,1
W4403073177,1
W2793337459,1
W2766006768,1
W2903218669,1
W4410640296,1
W4313485178,1
W4404258884,1
W3033102451,1
W4308772521,1
W4312947794,1
W2070534472,1
W4395111160,1
W3114757412,1
W4387455194,1
W6911900203,1
W4385802561,1
W4387659203,1
W2525502433,1
W4388909645,1
W2258974036,1
W2773947688,1
W2944829391,1
W1992593810,1
W2032453160,1
W4382140953,1
W1525039046,1
W3152911298,1
W6602332119,1
W4247864676,1
W3037850998,1
W4386779803,1
W4401554862,1
W1761805956,1
W2804614319,1
W4360862799,1
W3092116446,1
W6948834732,1
W2947368386,1
W3188050369,1
W4389685414,1
W4390698709,1
W4280635995,1
W2964305195,1
W4411307798,1
W6960095232,1
W4387434160,1
W4381187221,1
W4410751835,1
W4396740405,1
W4322759407,1
W4368371879,1
W4401289915,1
W4409900639,1
W2889020783,1
W6783042817,1
W2054080298,1
W4402547580,1
W6882401766,1
W2784070037,1
W1126991912,1
W2271670697,1
W4387640304,1
W4378882673,1
W4389992504,1
W4312659945,1
W4376125825,1
W4214619092,1
W4412033389,1
W4389670801,1
W1961264899,1
W4391260780,1
W4405528153,1
W3135270810,1
W3171455530,1
W2043033687,1
W2111283307,1
W2040878746,1
W3033657925,1
W1970467291,1
W4206349399,1
W2323552460,1
W2162986551,1
W3121796214,1
W6754356812,1
W2332175813,1
W2132362882,1
W4236874156,1
W2028578957,1
W2110161496,1
W2319209715,1
W2912143581,1
W3081359921,1
W2314115027,1
W2148351912,1
W2531987917,1
W2886683942,1
W2908698517,1
W4377140942,1
W3096724926,1
W2112825966,1
W4391918614,1
W2966414021,1
W2144588338,1
W4319982070,1
W1612700042,1
W4393323883,1
W4387428231,1
W2550310705,1
W3130468063,1
W4392893243,1
W3157736904,1
W3011371218,1
W2898172507,1
W4200083442,1
W4390205419,1
W2044363955,1
W4408219314,1
W3197136614,1
W3124442571,1
W4288023101,1
W4376645755,1
W4392793994,1
W4396808573,1
W4400371846,1
W2736633314,1
W4394873232,1
W4319335208,1
W168701674,1
W4389044916,1
W4378745257,1
W4394859320,1
W2789057879,1
W2557595292,1
W3134557419,1
W3180820185,1
W2047945561,1
W2980136185,1
W1552836528,1
W4315490957,1
W4408239175,1
W2965592683,1
W4409568896,1
W4400421591,1
W2955934177,1
W4391428466,1
W2093683555,1
W4416072095,1
W4388625772,1
W4311662334,1
W4392170959,1
W4399393877,1
W4406270766,1
W4413571384,1
W3154510686,1
W3182560849,1
W4399394211,1
W7147401998,1
W2086278903,1
W4394816496,1
W2029678497,1
W4416877359,1
W3123615063,1
W4367320919,1
W4404060359,1
W4413485350,1
W4380873570,1
W4239897573,1
W2947357560,1
W4220959955,1
W4294163095,1
W4220730444,1
W4298119170,1
W4411780527,1
W2974876696,1
W3165600456,1
W7117372493,1
W4401580325,1
W4295279253,1
W4289860756,1
W2810820772,1
W4224294191,1
W3120124559,1
W4226159977,1
W4229036117,1
W4386954121,1
W4310602614,1
W4387460851,1
W2906096677,1
W3186638591,1
W4386439276,1
W2992985788,1
W4401453638,1
W4393358987,1
W2038220866,1
W4380877712,1
W7117557073,1
W3154171284,1
W4410160059,1
W4387612605,1
W4387784082,1
W2618185743,1
W4404509404,1
W4294725444,1
W3147944404,1
W4308968899,1
W3208437326,1
W4229070956,1
W3012731499,1
W2908976112,1
W2755651866,1
W4323059867,1
W2805673449,1
W3200608261,1
W4200125505,1
W4393354990,1
W4386992106,1
W4400222768,1
W4319294257,1
W4391593556,1
W4307340621,1
W2068411599,1
W7155362483,1
W2168261002,1
W2775794168,1
W3045915306,1
W4393305958,1
W4411437718,1
W4404295976,1
W2155463117,1
W4377085167,1
W2585439740,1
W2933675411,1
W2131854951,1
W2121782344,1
W2008735714,1
W2186021169,1
W2202529936,1
W2157028861,1
W4408673372,1
W2560738460,1
W2194493661,1
W4416149320,1
W2954925915,1
W6903969253,1
W4220784325,1
W4400309141,1
W2047481197,1
W3016760168,1
W2147878212,1
W4406915414,1
W2965762363,1
W4246695376,1
W3123261549,1
W2765543553,1
W2079190330,1
W3007824964,1
W7128638875,1
W2958918112,1
W3163600180,1
W2039901125,1
W4409205144,1
W4383058517,1
W2910516329,1
W2050155733,1
W4393226751,1
W4386579865,1
W4411652946,1
W4384471072,1
W4399563335,1
W2784395169,1
W2959503223,1
W3170743934,1
W4319592120,1
W4403969036,1
W4414425292,1
W4403432151,1
W4396728944,1
W4391289957,1
W1495442744,1
W3164387183,1
W1969439060,1
W3094294891,1
W2180303388,1
W3138162491,1
W7120156798,1
W2169836917,1
W1969337370,1
W2474840435,1
W7128428549,1
W2032530063,1
W3171203163,1
W2284412981,1
W4387709739,1
W4376491577,1
W2811383882,1
W2964100036,1
W4393246596,1
W4256213935,1
W2124980060,1
W7131101536,1
W3210389794,1
W3000294442,1
W4401188992,1
W2942117871,1
W4296082443,1
W2805240277,1
W4411214815,1
W3120499071,1
W4309213718,1
W4402711669,1
W2979927886,1
W2891712975,1
W2749511055,1
W3114453970,1
W4236043814,1
W3185502242,1
W3217589973,1
W4321461050,1
W4411287851,1
W2122489490,1
W4281393389,1
W4377227020,1
W4396765439,1
W2151582747,1
W4361190531,1
W4366743052,1
W4400833666,1
W4398163012,1
W4392298250,1
W4396906730,1
W4284974243,1
W4225557919,1
W3045188953,1
W2056612254,1
W2147927985,1
W4384665040,1
W3032342573,1
W2886804642,1
W1974159362,1
W3194256692,1
W4387798156,1
W2054286597,1
W2769399136,1
W4415033526,1
W4306674304,1
W4293217392,1
W4391401508,1
W3095940460,1
W3217576295,1
W4408211640,1
W4403704111,1
W4213334408,1
W4318542553,1
W4412729544,1
W4308364479,1
W4401713430,1
W4281747639,1
W7117114256,1
W4406323285,1
W2069183422,1
W4405804334,1
W4402323982,1
W4417221090,1
W4224868022,1
W4403995904,1
W4412949816,1
W4415027505,1
W2081747422,1
W2804198587,1
W2955034566,1
W2017408484,1
W2771752115,1
W3033146682,1
W4292229870,1
W4411293674,1
W2789591412,1
W2973940919,1
W3047046471,1
W2016909154,1
W3129982381,1
W4390227527,1
W4404601901,1
W4410232356,1
W2094353560,1
W4381740807,1
W4241094133,1
W2113069496,1
W2124089773,1
W4393155871,1
W2974820705,1
W2987270357,1
W2173751122,1
W4400488945,1
W2766075783,1
W7127595942,1
W3186429542,1
W4396228102,1
W4317614441,1
W4404611097,1
W4415884605,1
W4408476276,1
W3199244014,1
W2973061501,1
W133073359,1
W4396926044,1
W2593726389,1
W3095746778,1
W4312091560,1
W4289528638,1
W7124175431,1
W4386963584,1
W4401422310,1
W2907431149,1
W2890543392,1
W2419308537,1
W2042970866,1
W4388929535,1
W4400721884,1
W4220862011,1
W2131154800,1
W4414886651,1
W4388485248,1
W4385797604,1
W7126058792,1
W4390798563,1
W4315785119,1
W4416217150,1
W2041863100,1
W4392094158,1
W4392798798,1
W4282942665,1
W4382680795,1
W3195486795,1
W4385074332,1
W4391722015,1
W1979096038,1
W4396661772,1
W4376642984,1
W1977423873,1
W3106967268,1
W4379095003,1
W4293569064,1
W4399773734,1
W2106055191,1
W4408235389,1
W4205796681,1
W3199403711,1
W3201470117,1
W2619150144,1
W3173654117,1
W4390583917,1
W4311359314,1
W4411386213,1
W3022336107,1
W4308516866,1
W1999119686,1
W4415654726,1
W2915451364,1
W2186939959,1
W2727256170,1
W2084740160,1
W4406428433,1
W4386219774,1
W4241999050,1
W2974912800,1
W4406044574,1
W4224312644,1
W4400497561,1
W3039738742,1
W3010457767,1
W4386344582,1
W4328096834,1
W2997348704,1
W4413299200,1
W2224889066,1
W4385064497,1
W4378714336,1
W4404551144,1
W2735787022,1
W2891149308,1
W4413054589,1
W2089944225,1
W2970340713,1
W4220948820,1
W4214839266,1
W2953103303,1
W4386932159,1
W2026701492,1
W2941230658,1
W4237169206,1
W3208051138,1
W4306630554,1
W3118551283,1
W3212372760,1
W2155577853,1
W4402858885,1
W2724382134,1
W2750901702,1
W3160025720,1
W4404539844,1
W4413189324,1
W4388860274,1
W3030074689,1
W3196264399,1
W4414397497,1
W3186747409,1
W4252889458,1
W2802555252,1
W2057032874,1
W4407774514,1
W2282595618,1
W2408957291,1
W2092636664,1
W4391176016,1
W2169172688,1
W2049443002,1
W4417148441,1
W7115601799,1
W4401895860,1
W2157683902,1
W6943693220,1
W3036403081,1
W4394858892,1
W2887877490,1
W2164733897,1
W4389560718,1
W2109828952,1
W2131650605,1
W4210960126,1
W4389120388,1
W2700548279,1
W3036236993,1
W2034831501,1
W2101430875,1
W4296416897,1
W4404789560,1
W2419093209,1
W2807049553,1
W2123223233,1
W3035894501,1
W4404488690,1
W2145669276,1
W1997290596,1
W2112554023,1
W2084247145,1
W4220694422,1
W4406213107,1
W7125826006,1
W7102395369,1
W2953464197,1
W4367284841,1
W4210939407,1
W4396223909,1
W4382774982,1
W4411858344,1
W2024714476,1
W4406844258,1
W4281492992,1
W4392284523,1
W3212350725,1
W7128507663,1
W4308721734,1
W4409366208,1
W4293000371,1
W4391455825,1
W4412418291,1
W4319719835,1
W4387157282,1
W4363645985,1
W4407223881,1
W2773842164,1
W4405751818,1
W4206746425,1
W3156902345,1
W4409098698,1
W4402828743,1
W4387728893,1
W4402186197,1
W4220950118,1
W4413276591,1
W4328120211,1
W4281390815,1
W4409098726,1
W3139972023,1
W4390819488,1
W4405524857,1
W4389801260,1
W2797862713,1
W2066669194,1
W3195053142,1
W2555696105,1
W2972677927,1
W4394675533,1
W2897882881,1
W2972961026,1
W4309144645,1
W3171801815,1
W2960842836,1
W1968864783,1
W3158394641,1
W4311666647,1
W4399279596,1
W2134389576,1
W2014383245,1
W2139499737,1
W2156239059,1
W3157988758,1
W2156395131,1
W4410780520,1
W4399569145,1
W4376873060,1
W2104834906,1
W4417044101,1
W2932398150,1
W4414144518,1
W4362554918,1
W2108546319,1
W4210258356,1
W4402723507,1
W4402812299,1
W1976422196,1
W3113319576,1
W3194876036,1
W4311577549,1
W2077923057,1
W2073700972,1
W4389991974,1
W2916862098,1
W2406959511,1
W4389077407,1
W3096055746,1
W4405078807,1
W3025171151,1
W4407248971,1
W3215291942,1
W2724988773,1
W2279377888,1
W2570174586,1
W4390229149,1
W4387791610,1
W2594200727,1
W4319763580,1
W4411484079,1
W4284705100,1
W3157162945,1
W4394577699,1
W2791694032,1
W3013237813,1
W2122911303,1
W4410579100,1
W4283722864,1
W3158424684,1
W4207032606,1
W4210255133,1
W4321495698,1
W3175872745,1
W4403287345,1
W4386055356,1
W4235653383,1
W1566956630,1
W3164779333,1
W4408499227,1
W4411286503,1
W3182351438,1
W4405609851,1
W4220670924,1
W4309944144,1
W4400402359,1
W2157937931,1
W4402191118,1
W4316494531,1
W2613593111,1
W2113880439,1
W2061865571,1
W7117276176,1
W2346836849,1
W4401113509,1
W4289940700,1
W4210594092,1
W3134010452,1
W2408975829,1
W2093621090,1
W2031741091,1
W3119151590,1
W3153245564,1
W4413051585,1
W4414417066,1
W2809904019,1
W3033915111,1
W3082681852,1
W4210329157,1
W4404082567,1
W2032003412,1
W2071206051,1
W4404184153,1
W2529727168,1
W4246596174,1
W4310272053,1
W4396748686,1
W4312942607,1
W2168924589,1
W2979422472,1
W3138819015,1
W2936994188,1
W2769955708,1
W2106584039,1
W2575710929,1
W4388463028,1
W4412788267,1
W2999424519,1
W4381943676,1
W1597096732,1
W2401086227,1
W2588309384,1
W2964220225,1
W4295136040,1
W3145971129,1
W1989005086,1
W3084419993,1
W4211120392,1
W7139073357,1
W2965108970,1
W3127446597,1
W2605387798,1
W2905527479,1
W3198579856,1
W4322709443,1
W4388422682,1
W2791981097,1
W2133188124,1
W4386067678,1
W2157782959,1
W4280573674,1
W2637653848,1
W2153178512,1
W4231787122,1
W4400591490,1
W4391146254,1
W4317033649,1
W3089306714,1
W1966206262,1
W3210811841,1
W4385241775,1
W1976552292,1
W2092526400,1
W4392800429,1
W3132345957,1
W2298121077,1
W4206676729,1
W2297225446,1
W2619614161,1
W2024670170,1
W4252633962,1
W2067815845,1
W2016468808,1
W3217605192,1
W4393240500,1
W2162744347,1
W2094028527,1
W3000688371,1
W2806647983,1
W1974530306,1
W7119709177,1
W2995622090,1
W4400248287,1
W4386845821,1
W4410206397,1
W2150221519,1
W4410829218,1
W4392897843,1
W4389978931,1
W2119100598,1
W3025778640,1
W2995576379,1
W2289838685,1
W2922026037,1
W2014134373,1
W3040460260,1
W1603868846,1
W2918127071,1
W2116513779,1
W4220912874,1
W2136407476,1
W1204404493,1
W4392542324,1
W3134111219,1
W2018711865,1
W2086270563,1
W3107315840,1
W1489348597,1
W2606647460,1
W2163749674,1
W4318257509,1
W4411456433,1
W4322768660,1
W2070283028,1
W2712510613,1
W2921997530,1
W2800234339,1
W4280630827,1
W4391116458,1
W4378878741,1
W4409905101,1
W2899293200,1
W4281765192,1
W2768602473,1
W4298000029,1
W3029729275,1
W4392813804,1
W2604639021,1
W4403597965,1
W2734648717,1
W2075855743,1
W3027425415,1
W2013803150,1
W2002923113,1
W1992768313,1
W2568939700,1
W2129847973,1
W4401543788,1
W3160744168,1
W2278221716,1
W4388996220,1
W3185763312,1
W4412474874,1
W4392662110,1
W3002790801,1
W3199824771,1
W2166135669,1
W3081959843,1
W4387414839,1
W4399202389,1
W3107793483,1
W1847072478,1
W4406625464,1
W4409405258,1
W4407144573,1
W4412475082,1
W4413895018,1
W3013472044,1
W3121360284,1
W1789051789,1
W4399407264,1
W4403530954,1
W4406334671,1
W3023578641,1
W4391787823,1
W4391730346,1
W4210943245,1
W2133404285,1
W2338535177,1
W2717004666,1
W3046885474,1
W4408320465,1
W2800491443,1
W4205731958,1
W3035639465,1
W1991277091,1
W4296102038,1
W4391116313,1
W4404868893,1
W2410546078,1
W2964654521,1
W4391522076,1
W4404827970,1
W4406882340,1
W2023219615,1
W2782495558,1
W2901460723,1
W3164315881,1
W4214940839,1
W3152845213,1
W4404811634,1
W2915365125,1
W4404209444,1
W3134299608,1
W3083749175,1
W3110660525,1
W2795263855,1
W2945147590,1
W2166181973,1
W3111441668,1
W2954035155,1
W2964967377,1
W2883825658,1
W2124970285,1
W4386322367,1
W3096938180,1
W1675883253,1
W2131380459,1
W2136636673,1
W2059145008,1
W2015032271,1
W2548915770,1
W3202447559,1
W4313014990,1
W4410126414,1
W2075408158,1
W4386099806,1
W4413743265,1
W4388778158,1
W4324063750,1
W4389669832,1
W2902030523,1
W1979651742,1
W4395009145,1
W4410045210,1
W4282917861,1
W2011093451,1
W4403415454,1
W3188471965,1
W2003520593,1
W2905721702,1
W2899667549,1
W2049973693,1
W4287444226,1
W4396976127,1
W2993651271,1
W4405157202,1
W2777323687,1
W3210077695,1
W4389525592,1
W1801428883,1
W4415739708,1
W2119440145,1
W2142120573,1
W3011172299,1
W4402548328,1
W4404606693,1
W1998310232,1
W2152281954,1
W1999597863,1
W2315049027,1
W2084636593,1
W2025381789,1
W4417448641,1
W2968533483,1
W3010450042,1
W3207747701,1
W2047458643,1
W7153527503,1
W7133546600,1
W7128158859,1
W2465897519,1
W4391363377,1
W2994142261,1
W2914525562,1
W4205401514,1
W7160509795,1
W4403830126,1
W4380154252,1
W4411227037,1
W2219262598,1
W4214656778,1
W3117348552,1
W4393109597,1
W1976718747,1
W2007133288,1
W2783678244,1
W4285736551,1
W2163737839,1
W2091041599,1
W4205719011,1
W2021224451,1
W4378473710,1
W4285094506,1
W2061518408,1
W4226516408,1
W4389165065,1
W3215515036,1
W4323364113,1
W2056029968,1
W4311530576,1
W2000737708,1
W4389429260,1
W4404908931,1
W4408077628,1
W3081320314,1
W4401626724,1
W4414788804,1
W4390650879,1
W4387300484,1
W7087136592,1
W4239740269,1
W2893484112,1
W2111183978,1
W4226449247,1
W7171995165,1
W2313017258,1
W2102411940,1
W4303856798,1
W4295907481,1
W3153801067,1
W2795036324,1
W4294669270,1
W2899604782,1
W2766818166,1
W4303982420,1
W4389331953,1
W3093941166,1
W2905680660,1
W4223947537,1
W2885749774,1
W3038100261,1
W2997696654,1
W3041625504,1
W2618847170,1
W4381599156,1
W2160069069,1
W3115840282,1
W4318714309,1
W2624187225,1
W4409155120,1
W2341138625,1
W4231290621,1
W3136911988,1
W3001704513,1
W2116381183,1
W2800413489,1
W2149164687,1
W2048176942,1
W4401775012,1
W4412711458,1
W2597564288,1
W3130802762,1
W1848983536,1
W2953682971,1
W2794463382,1
W4292332663,1
W3201674919,1
W4309066549,1
W2115884548,1
W4317207568,1
W2606279411,1
W2965908236,1
W2035434656,1
W4317932318,1
W7133605740,1
W2464354804,1
W2165560246,1
W2949143937,1
W7135094601,1
W4407403014,1
W2118895804,1
W4412966653,1
W1555269737,1
W2108405051,1
W4415585198,1
W2992853059,1
W4404486639,1
W4313517280,1
W4293194197,1
W4240022415,1
W4362698229,1
W3126144348,1
W4400814947,1
W3122225477,1
W2996497702,1
W4327861166,1
W4212796598,1
W2116597587,1
W2288084616,1
W2396467461,1
W4224141341,1
W2562797503,1
W3003763571,1
W2093332945,1
W2284796593,1
W2906301478,1
W3204078077,1
W2068137760,1
W2023976048,1
W2068151298,1
W4295709208,1
W2063631634,1
W2062285010,1
W2516799320,1
W4297265269,1
W4388641556,1
W2922525990,1
W4409096806,1
W3016563325,1
W4401731013,1
W4415064054,1
W3088814753,1
W4362507303,1
W4294147140,1
W4412011834,1
W4395675389,1
W4309740974,1
W3124895281,1
W3124091918,1
W4399633221,1
W2002326369,1
W3155620408,1
W3202554610,1
W4415958039,1
W2963121203,1
W4405293690,1
W2775299937,1
W4243164716,1
W2468396200,1
W2498120608,1
W2588039596,1
W2762302750,1
W4409835921,1
W4382136383,1
W4410746332,1
W7083701217,1
W7162760201,1
W3016720662,1
W7117966948,1
W7143380678,1
W7153200139,1
W7123918636,1
W4396511505,1
W4389432474,1
W2103570635,1
W1972119555,1
W2512060983,1
W4400119625,1
W4400926754,1
W2770838391,1
W2560099763,1
W3096709850,1
W4401056414,1
W4393272958,1
W4389180879,1
W4405833607,1
W4390771839,1
W4390758286,1
W3109375573,1
W4256568479,1
W4388169132,1
W4214914453,1
W3191092064,1
W4402087937,1
W2936737652,1
W4413915960,1
W4416342039,1
W7117317188,1
W4247692650,1
W4413942901,1
W3024670893,1
W4402631117,1
W7125968336,1
W4389121120,1
W2729551988,1
W4414262117,1
W4224223990,1
W4416935976,1
W4392166859,1
W4200360089,1
W4361011092,1
W4402574856,1
W4406253480,1
W3131253004,1
W4416999691,1
W4409473578,1
W3091373377,1
W2136608905,1
W3165610121,1
W4401959496,1
W4220929194,1
W4283018934,1
W4307561206,1
W4405136719,1
W4297347671,1
W4376646226,1
W2594097329,1
W4403004973,1
W2536699574,1
W4412829389,1
W4411785377,1
W4389488243,1
W2898605312,1
W4404048793,1
W2021442215,1
W1943352183,1
W2085923394,1
W4401345746,1
W4205470725,1
W2588638795,1
W4410904360,1
W4396867075,1
W4412386411,1
W3146388207,1
W3158727545,1
W4401728100,1
W2031175980,1
W3129086084,1
W4210670486,1
W4405262174,1
W4401911446,1
W4391265902,1
W4395675278,1
W4391473958,1
W4387941172,1
W4292133399,1
W4288391541,1
W4416102026,1
W4414902960,1
W3128602833,1
W4380887255,1
W4383621592,1
W4392153689,1
W2327850718,1
W3017359501,1
W2484936283,1
W4411572561,1
W4403560518,1
W4378472187,1
W2053455604,1
W4283117855,1
W4388841157,1
W4220842178,1
W4410768250,1
W2597814163,1
W2913052258,1
W3189725541,1
W2809928293,1
W3185176478,1
W4408879355,1
W4412196772,1
W2205279457,1
W4402623346,1
W4409011864,1
W4409289304,1
W4416795983,1
W4411370080,1
W4283652125,1
W4310938403,1
W4404540259,1
W4409643904,1
W4282917428,1
W2766157797,1
W2903082935,1
W2097636528,1
W2152898373,1
W4320855218,1
W4377097198,1
W4205853270,1
W4403552373,1
W2955473321,1
W4412617255,1
W4306873960,1
W4401826600,1
W7156264238,1
W2806756073,1
W2735780097,1
W4399367928,1
W2191818089,1
W1992321798,1
W7128916067,1
W4414900363,1
W4309113355,1
W4412553999,1
W4378907265,1
W4412441612,1
W4291972511,1
W7126384391,1
W7125493343,1
W2070629130,1
W4389622913,1
W4414041436,1
W3038422082,1
W4415172726,1
W4405552663,1
W4414615888,1
W4409257925,1
W4410697858,1
W4295224458,1
W4409232195,1
W4388456033,1
W7138920331,1
W3155054572,1
W4410542973,1
W4399129955,1
W1989927258,1
W4307252815,1
W2118711140,1
W4416214272,1
W4408468817,1
W4408567495,1
W4408336195,1
W4206610066,1
W1969896102,1
W3204301986,1
W3097800094,1
W4383223794,1
W4310831222,1
W2146272590,1
W4410057239,1
W4283797972,1
W4417506310,1
W2908201438,1
W2950445808,1
W2003525587,1
W4388563512,1
W2809637171,1
W4417201071,1
W2239810687,1
W1975726953,1
W7127098186,1
W2152367004,1
W4252823809,1
W3155858820,1
W2980040143,1
W4415605430,1
W2344939541,1
W4413431517,1
W4416982772,1
W2014927312,1
W4380480601,1
W4386738056,1
W4408411497,1
W2095168318,1
W4402036441,1
W2092622760,1
W3193826735,1
W4220896587,1
W4206538025,1
W4410050680,1
W2028256818,1
W4364378658,1
W4404723452,1
W4313379719,1
W3168970705,1
W2747540716,1
W2935318660,1
W4313596247,1
W3046280637,1
W4387060755,1
W3154399080,1
W2897802327,1
W4399987631,1
W4237614063,1
W2740366435,1
W4393167026,1
W4289837191,1
W4402068963,1
W2898301425,1
W2124923935,1
W2117938050,1
W2089698022,1
W2059193291,1
W2126253397,1
W1997118050,1
W3192139977,1
W2125028512,1
W2924729669,1
W4210309523,1
W2084089553,1
W4414993312,1
W1272999264,1
W4402491586,1
W3205898131,1
W4380873153,1
W2130503689,1
W2028459319,1
W3159481280,1
W4402898560,1
W3003718848,1
W2015751196,1
W4294233039,1
W4372291569,1
W2095437242,1
W4391235531,1
W2016029582,1
W4405857443,1
W4402010854,1
W4311770278,1
W4392861231,1
W3020172987,1
W2271392742,1
W4251796712,1
W3159266727,1
W3026248712,1
W2344359098,1
W1895227968,1
W1977458393,1
W3129651396,1
W2953789783,1
W4376504416,1
W2003766731,1
W2112260299,1
W4283450603,1
W4416099990,1
W4308456552,1
W4388797421,1
W1859490716,1
W4368340754,1
W4319826536,1
W4414214832,1
W4399563917,1
W4413447577,1
W4414861048,1
W4411620799,1
W4410811002,1
W4389220750,1
W7128431489,1
W4399501837,1
W4389742321,1
W3133551795,1
W4406152755,1
W4410964175,1
W3173110976,1
W4310264377,1
W3097947426,1
W3083717759,1
W7135059063,1
W2996539750,1
W2155198916,1
W1988172012,1
W4309339517,1
W3166858349,1
W4390619466,1
W3033609190,1
W4362553227,1
W3202626796,1
W4313545237,1
W4362590255,1
W2602802957,1
W2957373121,1
W3164317392,1
W3192471287,1
W2322630401,1
W3023825568,1
W4403842143,1
W2964322092,1
W4293242440,1
W3204957059,1
W2081093027,1
W2897238650,1
W3062364896,1
W4402842810,1
W4383199296,1
W4311247428,1
W3023221006,1
W3161163507,1
W2912249546,1
W4210937888,1
W4308125800,1
W4377939155,1
W2744744265,1
W4220834070,1
W2292493149,1
W2103227116,1
W2924316479,1
W4253860945,1
W4386271690,1
W2997587959,1
W4386209307,1
W2987201997,1
W4416118274,1
W2943350255,1
W4287402730,1
W3004903890,1
W3135092962,1
W4366982390,1
W4401892144,1
W4392283285,1
W4302763284,1
W2476597886,1
W2792741074,1
W4387341189,1
W3199225265,1
W2948678286,1
W4404453777,1
W6941381658,1
W4380538162,1
W3083804794,1
W2148826257,1
W2916168844,1
W2034620081,1
W3114940703,1
W2034219614,1
W2323699364,1
W4283645865,1
W4407843617,1
W3124370808,1
W3119527628,1
W3157643309,1
W4293770416,1
W4399725889,1
W2401405858,1
W4391343739,1
W3033230077,1
W3151203188,1
W4390336565,1
W4281980585,1
W4408382903,1
W4399668172,1
W4402095929,1
W4377294276,1
W3139480379,1
W4378783380,1
W4225117870,1
W4205134630,1
W3173686988,1
W3217403024,1
W3124415235,1
W3104108706,1
W3083984614,1
W4387348861,1
W2460709543,1
W4317951930,1
W2141754986,1
W4390946555,1
W2891939571,1
W2981798740,1
W3049085807,1
W4323652673,1
W4320178939,1
W4406542471,1
W4407036391,1
W4409680455,1
W2779377959,1
W2527114487,1
W4398255416,1
W4239303381,1
W4394709981,1
W4402620198,1
W4408294094,1
W4405032943,1
W4396769109,1
W4392714571,1
W4401461701,1
W2944236687,1
W4210776967,1
W4321502354,1
W4283652429,1
W4404140585,1
W4244853246,1
W4402403800,1
W1987668599,1
W2612042560,1
W2032426748,1
W4296051267,1
W2618191546,1
W2904857832,1
W4407315965,1
W2141007997,1
W2014011845,1
W2123578138,1
W4210621310,1
W2132005995,1
W2340710247,1
W332522306,1
W2943282262,1
W2990324052,1
W4224057609,1
W3200107697,1
W3195980543,1
W1964949983,1
W4212824320,1
W3109151975,1
W4406602927,1
W4234078746,1
W2056700089,1
W2141137971,1
W4235990809,1
W1527002197,1
W4396747857,1
W1513358288,1
W2157536550,1
W4390014425,1
W4221122276,1
W2413548689,1
W2562257544,1
W2596331862,1
W2037909095,1
W1703278125,1
W2989873976,1
W2763246334,1
W3144171516,1
W4213422306,1
W2948921728,1
W4385257845,1
W2891954837,1
W3108945975,1
W3198733029,1
W2724130426,1
W4389339209,1
W2094811827,1
W4291366476,1
W4404235833,1
W2982580298,1
W2148143831,1
W2098026442,1
W4410572252,1
W4387526446,1
W3181414820,1
W3014489163,1
W4407878947,1
W2917832312,1
W3113652054,1
W3173368490,1
W4390639798,1
W4280640464,1
W2993330622,1
W4392509344,1
W4318984771,1
W2603676293,1
W4292822115,1
W4386051275,1
W3006636269,1
W4391490345,1
W2912646388,1
W3020893018,1
W4291004228,1
W4321087996,1
W2409109943,1
W3026908507,1
W3170741461,1
W4416781777,1
W3014820946,1
W2905159184,1
W2080550434,1
W2906191045,1
W3126758615,1
W3084496761,1
W2624522361,1
W3031770522,1
W4385806398,1
W2806923299,1
W1974756937,1
W3196874995,1
W4410431614,1
W4414240861,1
W4389043816,1
W3212988796,1
W1494905517,1
W4200349254,1
W2921890606,1
W2135307785,1
W4225679594,1
W3118867725,1
W3106763823,1
W2963573770,1
W4392182110,1
W3195746067,1
W4396228862,1
W2022202957,1
W3161321898,1
W4361214839,1
W1967137980,1
W2903401658,1
W4385294465,1
W4392976316,1
W4388761482,1
W1971466496,1
W2904968630,1
W2559855969,1
W3083400020,1
W4317777175,1
W4282923083,1
W4324098208,1
W4234447823,1
W4362535641,1
W4391510451,1
W4400930418,1
W4210339306,1
W2155489106,1
W2809179113,1
W2919675303,1
W4390946551,1
W4409227345,1
W4403513792,1
W2014841303,1
W2109696181,1
W2532031923,1
W1976043039,1
W4403630099,1
W4409284625,1
W2099898405,1
W2921039083,1
W3122321639,1
W2599590226,1
W2552229653,1
W3143448567,1
W2989623431,1
W2954640182,1
W4206534802,1
W3112987801,1
W4234272799,1
W4402458760,1
W3014725168,1
W3160550928,1
W2744426654,1
W2946870596,1
W4384501579,1
W2039914642,1
W2146890048,1
W2144120311,1
W4290091350,1
W3095444028,1
W2788805050,1
W4200011022,1
W4377293897,1
W2917924787,1
W4292103659,1
W3124895319,1
W4389515555,1
W1484862639,1
W2150432046,1
W3178665153,1
W2897508754,1
W3172500059,1
W4292714459,1
W4291000632,1
W3045501565,1
W4283022123,1
W2948636733,1
W3028702513,1
W2773306921,1
W1972269232,1
W4361017467,1
W4387077098,1
W3209766169,1
W4376607948,1
W4386306246,1
W4385772763,1
W2972661930,1
W1565410334,1
W4392762452,1
W2151570219,1
W2128149221,1
W3092111304,1
W4362700553,1
W4206246326,1
W2144978765,1
W3207221239,1
W4400226016,1
W4400504027,1
W4313236549,1
W2016154171,1
W2099547042,1
W56061487,1
W3176538810,1
W3179549119,1
W2021737457,1
W2947265742,1
W1976250332,1
W4391101802,1
W1997653522,1
W2740194671,1
W2796447327,1
W4313410212,1
W3124062417,1
W2009391052,1
W1970497752,1
W3189782727,1
W4310363735,1
W3213754877,1
W3134342232,1
W3170157537,1
W4312207704,1
W4235758154,1
W2972922912,1
W1981717548,1
W2014039522,1
W2074331135,1
W1981675777,1
W4406550556,1
W2742780575,1
W4393340994,1
W4211209193,1
W4235744033,1
W2013070894,1
W4210877555,1
W2531443779,1
W3170179490,1
W2095664996,1
W2095163862,1
W2142907162,1
W3019736826,1
W1982359794,1
W2101290336,1
W2122569494,1
W4413382176,1
W3024390760,1
W4294169789,1
W2896328175,1
W4210912458,1
W3097343068,1
W4282028044,1
W4220776447,1
W1986360329,1
W4413614379,1
W3192986271,1
W3137757024,1
W3161044252,1
W2593519887,1
W2154256736,1
W3038103016,1
W4391920974,1
W2923306782,1
W2096786203,1
W4400764118,1
W2809530516,1
W3127257092,1
W2161097564,1
W1743502548,1
W3096548245,1
W4408052653,1
W3093826111,1
W2595179843,1
W4313583502,1
W4309684843,1
W2031925446,1
W3036354998,1
W2069836700,1
W2808765557,1
W3217684651,1
W2800643783,1
W2263851890,1
W3187167855,1
W3011426279,1
W3083559985,1
W4366599841,1
W2138182149,1
W2558200480,1
W4312284105,1
W4393200184,1
W2911850314,1
W2009776004,1
W2298059932,1
W2967604726,1
W2995381100,1
W4412963755,1
W3135782673,1
W4200440998,1
W4400229518,1
W3162163026,1
W4409181356,1
W2466386648,1
W2142150409,1
W4405962604,1
W4317214864,1
W4390610723,1
W2061087152,1
W4307846395,1
W3217745892,1
W4392970825,1
W4280568192,1
W4385634760,1
W2280039098,1
W2997891612,1
W2610830173,1
W3085335084,1
W2105229990,1
W3027301087,1
W2058333346,1
W2137448699,1
W2807563202,1
W3209174468,1
W2033832139,1
W1968170978,1
W2146890278,1
W4285010511,1
W2144976125,1
W1977912056,1
W2319657889,1
W2806503569,1
W626805481,1
W2509644070,1
W2129598873,1
W2157689693,1
W2010793828,1
W4311504627,1
W2898336556,1
W3009882440,1
W4406169374,1
W2991002574,1
W4407931206,1
W4386258984,1
W2881635489,1
W3123414034,1
W4306404003,1
W3048590709,1
W2962748317,1
W2916106361,1
W2483772798,1
W2098372828,1
W4387468635,1
W2914214731,1
W1984864528,1
W4386226730,1
W3178367618,1
W4296027765,1
W2141770335,1
W3128771792,1
W4386601407,1
W4409400899,1
W4394673760,1
W4410875752,1
W2611250527,1
W3131282271,1
W4390176371,1
W4401870087,1
W2919934820,1
W4389222699,1
W3109468689,1
W4388870367,1
W2800541910,1
W2133243032,1
W4378349180,1
W4404171485,1
W4410548283,1
W2064873973,1
W4401101615,1
W3123497531,1
W4403012075,1
W4410094573,1
W2888939741,1
W4391684473,1
W4396219222,1
W4400901578,1
W3004225954,1
W2048296855,1
W4405221525,1
W2911901121,1
W4398216105,1
W2931651267,1
W7116666136,1
W4402321060,1
W4379053640,1
W4304701156,1
W3010688582,1
W4414403746,1
W3095363001,1
W52213227,1
W4406774356,1
W4407011255,1
W2990581188,1
W1996417803,1
W2620054967,1
W2005012682,1
W4411506407,1
W2025258580,1
W2085400722,1
W2540208959,1
W4386258770,1
W2165037395,1
W2486039130,1
W2805885226,1
W2016225289,1
W4307401860,1
W4403260247,1
W3084126475,1
W4303453748,1
W3177287506,1
W4406558620,1
W2573152477,1
W4224213971,1
W2070151882,1
W2972807922,1
W2067691287,1
W2593329744,1
W3020508564,1
W2571467723,1
W3134952662,1
W2969716746,1
W2902035468,1
W3208194388,1
W4386935629,1
W2804463557,1
W2911716671,1
W2902147263,1
W4213442028,1
W2981831649,1
W4406828114,1
W2042996237,1
W2322074970,1
W1978733406,1
W2986303562,1
W2153913352,1
W4390881277,1
W4384627184,1
W2115657655,1
W4388677045,1
W4311161375,1
W4285262711,1
W4364368080,1
W4391841824,1
W4410227335,1
W4377819083,1
W3006209269,1
W3217537968,1
W4398169659,1
W4387673660,1
W4323810485,1
W4389573203,1
W2905547533,1
W4391781762,1
W3122324357,1
W2063132668,1
W2588652569,1
W3103040966,1
W3011559030,1
W3015185712,1
W855413166,1
W2769415561,1
W4405365944,1
W4393982369,1
W3121676285,1
W4403745484,1
W4386135236,1
W4409539994,1
W3216030349,1
W4410121065,1
W4214949202,1
W7128442246,1
W4289524206,1
W3103614669,1
W2756578555,1
W4313502408,1
W4405719011,1
W4407143614,1
W3200152448,1
W4410300332,1
W4321503342,1
W4399424425,1
W4224952604,1
W1992644910,1
W2173150149,1
W2318937455,1
W2736201696,1
W2107894836,1
W4292808503,1
W2766610146,1
W2997446669,1
W3008916557,1
W2288373360,1
W4403307008,1
W2760977209,1
W3002862539,1
W2088900131,1
W1986808996,1
W1974186786,1
W2020978243,1
W4399055089,1
W4288723198,1
W1982208435,1
W2886368623,1
W3197842996,1
W2519107635,1
W4301185073,1
W2009864501,1
W2136183068,1
W2958473609,1
W2167033557,1
W3184978746,1
W2073174643,1
W2906557400,1
W2539004064,1
W2962546467,1
W4403692184,1
W4404095030,1
W4392644145,1
W4366981148,1
W4405943914,1
W2027745689,1
W2993930772,1
W4390271621,1
W4400322004,1
W3037454550,1
W3113247834,1
W2100055196,1
W4404258111,1
W4404930950,1
W2753640335,1
W242090125,1
W1979830619,1
W4211042213,1
W4383501137,1
W3003412142,1
W4214592134,1
W3156756194,1
W4313454698,1
W2166590762,1
W4380986318,1
W3200180007,1
W1903293742,1
W1891626881,1
W1763433851,1
W4310809419,1
W4404202584,1
W1980066378,1
W3033314547,1
W4386708341,1
W2613126601,1
W2532227415,1
W3122726673,1
W2782048701,1
W2432899589,1
W4249507887,1
W1594226329,1
W2113439606,1
W2922038786,1
W2617250045,1
W2979881756,1
W1997020477,1
W2022744004,1
W2046388059,1
W2065964280,1
W3020723314,1
W4281252825,1
W4409963150,1
W4403656174,1
W2049103906,1
W2980408673,1
W4404388105,1
W4405972180,1
W4400972731,1
W4386503815,1
W1964758667,1
W4307739468,1
W4389566116,1
W3152976328,1
W4407266319,1
W4310733431,1
W2272130985,1
W4291392574,1
W3115656579,1
W3157783688,1
W3119574611,1
W2966445572,1
W4296163469,1
W4393323856,1
W4310436337,1
W4379375669,1
W2068775391,1
W4410215368,1
W4210900813,1
W4311287841,1
W4409886594,1
W3174308226,1
W2049313713,1
W4393951665,1
W2257424952,1
W3016967484,1
W3211839886,1
W4401975357,1
W3195392928,1
W2076300803,1
W4388014843,1
W2347814052,1
W2151931504,1
W3106638497,1
W4411026877,1
W2136337626,1
W2947174094,1
W2901989937,1
W2747990130,1
W2014459303,1
W2072176658,1
W1968609162,1
W2115456658,1
W2808668519,1
W2396310523,1
W4386170819,1
W1989814207,1
W4224211218,1
W2470735635,1
W3197209534,1
W4414532167,1
W2176119732,1
W4221046028,1
W4394571687,1
W4406774320,1
W4400782444,1
W4405253553,1
W4206925780,1
W4404900745,1
W4406259012,1
W2952384131,1
W4380369372,1
W2337790390,1
W4401690575,1
W4414045536,1
W1967559904,1
W2105605801,1
W2901632877,1
W2047873637,1
W2986178162,1
W3096284196,1
W3093837456,1
W1999964367,1
W4410126007,1
W4392799358,1
W3173602095,1
W4414981499,1
W2486951052,1
W4392761518,1
W4361278871,1
W3212681197,1
W3089329597,1
W2774131336,1
W4386266561,1
W1980631654,1
W4388140329,1
W2969761727,1
W2555217081,1
W2972869264,1
W3173813669,1
W3208469239,1
W2112463249,1
W4407985376,1
W1989944970,1
W4312203942,1
W2157877522,1
W4402418943,1
W4402138624,1
W2655124276,1
W4403628729,1
W4229455494,1
W4313208461,1
W2902778823,1
W4323352753,1
W2895608921,1
W4396615764,1
W2976227705,1
W4408140962,1
W4293399665,1
W4404235616,1
W4283367073,1
W4382011554,1
W4399555464,1
W3007313875,1
W2884420074,1
W4289766585,1
W2064102351,1
W4368367890,1
W4406403927,1
W2936433103,1
W2106087954,1
W4293098277,1
W2103323398,1
W2776508401,1
W4391994977,1
W4385852610,1
W4400873204,1
W3014223223,1
W2407046889,1
W4396999729,1
W2471042873,1
W2990745083,1
W2066003911,1
W2064409402,1
W4250740255,1
W2029529267,1
W2150746536,1
W4308334862,1
W2059422712,1
W4411492949,1
W1989842853,1
W2039346709,1
W2117147404,1
W4409269240,1
W4412926108,1
W2149435665,1
W2981629422,1
W4406667308,1
W4392697005,1
W4412493859,1
W4387570362,1
W4210483744,1
W214683081,1
W4402287469,1
W2951287977,1
W1531483956,1
W4388190911,1
W4312069042,1
W4404240008,1
W2155471542,1
W4381251315,1
W3117958734,1
W4405509497,1
W2150537068,1
W4389574595,1
W2068612931,1
W4283170998,1
W4393317679,1
W4410325838,1
W4399451129,1
W4406951449,1
W4393092884,1
W4200406030,1
W4407123868,1
W4365128964,1
W3204410465,1
W4400775037,1
W4401117396,1
W4313646063,1
W2144597484,1
W2130515523,1
W3083529076,1
W4392588091,1
W2059381072,1
W4283156239,1
W2104730157,1
W4319080643,1
W4407838638,1
W2589061554,1
W1859066379,1
W4415994582,1
W2774517495,1
W4398211423,1
W3195554119,1
W4415957457,1
W2917491956,1
W1560148819,1
W2079695567,1
W2034899155,1
W2791271232,1
W2101419153,1
W3081258743,1
W2027591253,1
W2481742396,1
W3217742776,1
W2062179419,1
W4233562638,1
W3080556076,1
W2557567230,1
W1981369038,1
W2152841784,1
W4402491497,1
W4213449154,1
W2783040364,1
W4404602148,1
W2075158325,1
W2061055819,1
W4296450884,1
W3018295891,1
W2041009929,1
W2768961456,1
W2207027976,1
W2120868962,1
W323779564,1
W2912553045,1
W2608595774,1
W4375906590,1
W3121832096,1
W3124902921,1
W2624509573,1
W2788597170,1
W2127444108,1
W2571111866,1
W2346387860,1
W2114439486,1
W2890465794,1
W2883278328,1
W2604132211,1
W1547003862,1
W4414020198,1
W2956697779,1
W2771296771,1
W4417147705,1
W4393955832,1
W3095663154,1
W4412724825,1
W2537885959,1
W4403337850,1
W4410351969,1
W2020682310,1
W3171685251,1
W4413416474,1
W3217227839,1
W3033380172,1
W2111194162,1
W4407918189,1
W3081446408,1
W4394890128,1
W2474120624,1
W4376618161,1
W4410081415,1
W3158951575,1
W2101482755,1
W2768548832,1
W2889474777,1
W2901377442,1
W2056931688,1
W2095530998,1
W3164054819,1
W2741965824,1
W3123071755,1
W1880443892,1
W2496160689,1
W2114048274,1
W2790130561,1
W4321376027,1
W2465511293,1
W3121600499,1
W2142296697,1
W2558073076,1
W2006199113,1
W2096991001,1
W2096922379,1
W2058547807,1
W3092739146,1
W1989176279,1
W4366537628,1
W4285098737,1
W4408040332,1
W4385069436,1
W4412392909,1
W2066218616,1
W2150878737,1
W4401429400,1
W1973928416,1
W2167955766,1
W2062238610,1
W2021770790,1
W2963705895,1
W4377940842,1
W2126068736,1
W2775411160,1
W2737985520,1
W4319747688,1
W4399452143,1
W4304141582,1
W2168391307,1
W4353050210,1
W2080165152,1
W4387640073,1
W2095362277,1
W4408369294,1
W4391325530,1
W4407900676,1
W4388797251,1
W4401894103,1
W4295014341,1
W2582760350,1
W2138763209,1
W2965749922,1
W2119387226,1
W2135072607,1
W4224995792,1
W2119175667,1
W2082875112,1
W2045742872,1
W4300395170,1
W4236528399,1
W1507787960,1
W4376119837,1
W4214895877,1
W2013574972,1
W2085296567,1
W3006663692,1
W4297849670,1
W4393985836,1
W3087487604,1
W2964089112,1
W2053565500,1
W2237599554,1
W4391052350,1
W4310157922,1
W4312217429,1
W2913939796,1
W4317213429,1
W3177863079,1
W4410070694,1
W4390021842,1
W2586908203,1
W2062723889,1
W4379376202,1
W4394755442,1
W4220863340,1
W4411918916,1
W4403399739,1
W4389744459,1
W4391693592,1
W4417012430,1
W4385075791,1
W1983342401,1
W4387578963,1
W1598011883,1
W4244966803,1
W4366984739,1
W4392304088,1
W2809222797,1
W4280637914,1
W4403025173,1
W4307384267,1
W3132004844,1
W3089360731,1
W4402596392,1
W4225143248,1
W4402574939,1
W3145938979,1
W3196059471,1
W3121915731,1
W4223917991,1
W4390665098,1
W4392735593,1
W3033928645,1
W4389484964,1
W2031117631,1
W3033883115,1
W3120405068,1
W4289745605,1
W3119191785,1
W3116034496,1
W4410755972,1
W4239792476,1
W4402830545,1
W4407265197,1
W1980470076,1
W2114993593,1
W2903971384,1
W4226174489,1
W3115594324,1
W4252958107,1
W4393102548,1
W3026943404,1
W4394770903,1
W3204857157,1
W4318938593,1
W4411836380,1
W4411837668,1
W3122346467,1
W4403891661,1
W4404971861,1
W1543099137,1
W2166466427,1
W4413248780,1
W2788727748,1
W150713168,1
W2599029309,1
W4385064750,1
W2884643959,1
W2767781105,1
W4283323452,1
W2153443882,1
W3205844392,1
W2784454096,1
W4412511211,1
W2144816153,1
W2040484355,1
W2170110280,1
W4407667020,1
W4403924032,1
W3164169757,1
W4405069162,1
W2903691598,1
W4394863918,1
W2781983792,1
W3165159017,1
W2072315047,1
W2101117798,1
W4318941323,1
W4416840361,1
W4377104649,1
W4225405305,1
W4413934435,1
W4410921133,1
W4402951349,1
W3189696706,1
W2800838429,1
W4253148238,1
W2769278618,1
W2971592622,1
W4214665463,1
W2084789133,1
W2808353110,1
W2890520857,1
W2894311636,1
W2117874791,1
W4388888852,1
W4403700645,1
W4401442921,1
W4285799273,1
W3092170284,1
W2136691071,1
W4319786225,1
W4380876861,1
W4318457172,1
W4288042276,1
W4380786427,1
W2997250199,1
W2070463124,1
W4210583126,1
W2782838605,1
W3004216768,1
W2102484702,1
W2056541844,1
W4307217168,1
W2904707171,1
W4413771114,1
W4361282543,1
W4408706093,1
W2781163115,1
W3088118220,1
W2937505430,1
W2903936225,1
W2905633053,1
W1564113679,1
W2133364870,1
W4409198378,1
W3014179614,1
W3178065438,1
W4225788809,1
W2089224119,1
W2133647349,1
W3125346844,1
W2082557338,1
W3156694795,1
W3124552193,1
W4403007589,1
W3123032931,1
W2267605752,1
W2883052616,1
W2729071409,1
W4283265201,1
W2811189661,1
W2169950526,1
W4281623016,1
W2042506807,1
W2747008621,1
W1987128809,1
W3182986319,1
W4399387795,1
W4386506491,1
W4221039100,1
W2109086545,1
W4399893155,1
W4411670521,1
W3179088710,1
W4401464540,1
W4401304153,1
W4406954814,1
W4407027344,1
W1854793339,1
W3081900475,1
W4376642128,1
W2021407834,1
W2729216744,1
W4306951387,1
W4313400773,1
W2004934221,1
W1986813400,1
W2922392018,1
W2888791340,1
W4385988249,1
W4405010026,1
W2397073015,1
W4404243924,1
W4404959832,1
W4404195682,1
W3210896477,1
W2768392855,1
W4404141777,1
W4412513200,1
W2056001886,1
W4404829239,1
W4388776363,1
W4413006133,1
W4288768545,1
W2953509089,1
W4313642897,1
W4405514983,1
W3216656919,1
W2931676815,1
W4223563809,1
W4365512775,1
W4283447504,1
W2807297116,1
W1547506455,1
W4401862124,1
W4409254508,1
W2042279241,1
W4242912627,1
W2042774699,1
W4391775572,1
W1985029570,1
W2291088358,1
W4409893406,1
W4412005079,1
W4312083027,1
W4406991697,1
W3121891159,1
W2075845723,1
W2158388917,1
W3155271531,1
W3214507936,1
W4410924493,1
W4307552883,1
W4402968374,1
W2497814408,1
W2724703735,1
W2805968200,1
W4387451833,1
W2064588950,1
W3194092067,1
W4385874066,1
W4200244570,1
W4319058758,1
W2751191062,1
W2597891703,1
W2060908000,1
W2075037102,1
W4394875078,1
W4387388024,1
W4213257409,1
W4214850144,1
W1510703988,1
W4391116406,1
W4404608772,1
W4244953789,1
W2951046369,1
W3164382592,1
W2978959221,1
W3121827612,1
W3083724186,1
W2793666873,1
W4402224033,1
W3088399774,1
W4322757798,1
W3185593527,1
W4417321395,1
W3090639588,1
W2491608642,1
W3000202434,1
W3209030885,1
W4386897779,1
W4205418957,1
W4381309092,1
W4389393005,1
W4404824249,1
W1670816734,1
W2911653323,1
W4385424886,1
W4409378102,1
W2163938684,1
W4409166692,1
W3169243897,1
W3192714106,1
W2017196595,1
W4410449655,1
W2921396337,1
W4394693412,1
W3039127551,1
W3023656966,1
W2029834375,1
W4405105216,1
W2887946286,1
W2053220202,1
W2927298185,1
W2604425978,1
W4400263819,1
W4252115855,1
W4391321945,1
W3089038138,1
W4380789023,1
W1978029411,1
W4283517742,1
W4411122025,1
W2606715387,1
W2968581109,1
W3082408432,1
W2516929841,1
W2101700074,1
W4213085623,1
W4387393306,1
W4295122596,1
W2496186512,1
W3118946388,1
W1993853351,1
W4253186501,1
W3150044582,1
W2614861860,1
W2463912363,1
W2176362171,1
W3160948410,1
W4311439697,1
W4287913961,1
W2797372203,1
W4280559609,1
W2997474044,1
W2800456530,1
W2623784764,1
W3019318554,1
W2763471957,1
W2904642014,1
W2902295422,1
W2052302765,1
W2967157430,1
W4360611799,1
W4394807753,1
W3006878587,1
W4385521666,1
W3217530918,1
W3174969120,1
W2593585967,1
W4400151056,1
W4223935515,1
W4210774444,1
W6773823508,1
W4289526151,1
W3180042146,1
W2037929474,1
W2793693528,1
W2921672471,1
W4206770526,1
W2604759837,1
W3123742711,1
W2550860154,1
W2604530366,1
W2608030452,1
W2769699150,1
W4323652909,1
W4220965483,1
W1493739384,1
W3206457488,1
W39025111,1
W6670670121,1
W1981635403,1
W6672391840,1
W2064360179,1
W1854809606,1
W2996301449,1
W2559945801,1
W6682344460,1
W2154432479,1
W6638767499,1
W272723726,1
W2131342995,1
W2591110654,1
W2019574507,1
W2569890759,1
W2330467346,1
W2014933829,1
W2139098397,1
W2104286300,1
W2512708993,1
W1983827588,1
W2006705572,1
W2925877614,1
W2724440900,1
W4307934634,1
W2801887936,1
W2277588929,1
W2101619822,1
W2617238115,1
W3093011452,1
W2890815968,1
W3153869087,1
W2594678477,1
W4297974475,1
W4293027748,1
W4393357707,1
W3031513184,1
W2341269953,1
W2164051725,1
W6778978267,1
W3122338908,1
W2170239385,1
W108158629,1
W2605460902,1
W6686899544,1
W112584988,1
W2783566229,1
W2792900845,1
W271130301,1
W6769851149,1
W4236892097,1
W3107354066,1
W3042040347,1
W2098076170,1
W2050815921,1
W3088145218,1
W2003738648,1
W2916276721,1
W3089235287,1
W4207043814,1
W4205839816,1
W2102646791,1
W3124647799,1
W4324129271,1
W2561547357,1
W2143633589,1
W2003844382,1
W2138602284,1
W6849228700,1
W6680428956,1
W2126054055,1
W3123455098,1
W6746972600,1
W1590036227,1
W2147358310,1
W2146555277,1
W6688948153,1
W4385712089,1
W3005212765,1
W2181462575,1
W1952015529,1
W4226281856,1
W2915580847,1
W6809511541,1
W6797708134,1
W3090327309,1
W3212840423,1
W6870263010,1
W1981122774,1
W2998988941,1
W3110263355,1
W6734537936,1
W4206742514,1
W2605329632,1
W2982255768,1
W2345184766,1
W3132917782,1
W6869594482,1
W2226652252,1
W6858265783,1
W3121091550,1
W2591613766,1
W4400468255,1
W2530135419,1
W2130672284,1
W4388763802,1
W6661569977,1
W2792256095,1
W6685762620,1
W3188233285,1
W4394709443,1
W4321488076,1
W6609967173,1
W3127240394,1
W3083081336,1
W3111722600,1
W2907744937,1
W2965305109,1
W3093812263,1
W3152923717,1
W6774760957,1
W3095060556,1
W1973355349,1
W4318542438,1
W6800606589,1
W2773165621,1
W4283121108,1
W2795113686,1
W4324131066,1
W1947982366,1
W2912350999,1
W3155091255,1
W6800604737,1
W2914065943,1
W3199732518,1
W2990767742,1
W4224317776,1
W3011376650,1
W3187399770,1
W3080699533,1
W6855959646,1
W3008801804,1
W6858928247,1
W4383748228,1
W6745510870,1
W4295168440,1
W4225277761,1
W3187320385,1
W4386323490,1
W1997372422,1
W2023498662,1
W2728838695,1
W2744837849,1
W4366824877,1
W3092204640,1
W1516848314,1
W1830751645,1
W2172168186,1
W2957775823,1
W2008551115,1
W4365143557,1
W4297778571,1
W2056417951,1
W3090113966,1
W138486183,1
W2563162365,1
W1650850743,1
W6638140206,1
W2607355449,1
W3108630591,1
W3130978285,1
W2514210154,1
W4386329689,1
W2146422137,1
W4386443899,1
W2769390228,1
W2232028631,1
W1473196726,1
W3215695897,1
W2745098416,1
W2887330497,1
W2947582348,1
W4206688156,1
W6683310354,1
W1244789886,1
W4220949266,1
W4293052243,1
W2914535362,1
W4210598588,1
W4386224563,1
W2000936340,1
W2474025229,1
W4324057798,1
W6756378108,1
W2971685965,1
W3026715422,1
W4390507962,1
W2110878250,1
W2148401687,1
W1970311418,1
W2415900652,1
W1967237446,1
W4393114364,1
W2795137805,1
W3048342111,1
W4390578634,1
W4205670955,1
W3091916200,1
W4391134020,1
W4388237609,1
W4391925966,1
W4394823887,1
W29221968,1
W2800771904,1
W2925880325,1
W1969962511,1
W2063290321,1
W2088168671,1
W1974015833,1
W1973315060,1
W3036167625,1
W2049895578,1
W3120334963,1
W2314750237,1
W2051302848,1
W2626770576,1
W3149803743,1
W2122396557,1
W2796522335,1
W3123904380,1
W2594134135,1
W6608373568,1
W3027115067,1
W2790866427,1
W2280885197,1
W6645817196,1
W3048388701,1
W2888425871,1
W4296025803,1
W4319737045,1
W4362701106,1
W2021784153,1
W3091232166,1
W4234360206,1
W2999062668,1
W4318460218,1
W2472807956,1
W4301179207,1
W4214769326,1
W3084432112,1
W3012134213,1
W3121775334,1
W3198195693,1
W4385798589,1
W6689537140,1
W2999216392,1
W4388231801,1
W3083514795,1
W1607912433,1
W2060614946,1
W1982851434,1
W2154151072,1
W3208450827,1
W197048128,1
W2274426521,1
W2147072925,1
W2313981538,1
W3119229319,1
W3027168270,1
W2081792455,1
W2298222292,1
W2065189620,1
W2898443084,1
W3100483703,1
W4284989746,1
W4386219701,1
W7071554368,1
W4311074350,1
W4312561608,1
W4367294887,1
W3129657225,1
W2782565929,1
W4321352869,1
W4386797749,1
W4229607017,1
W3037213942,1
W72113902,1
W2950709739,1
W3134984343,1
W1536890004,1
W4321235676,1
W3002205706,1
W4384161681,1
W3005997239,1
W3108936326,1
W2997387113,1
W4387337025,1
W2913810552,1
W3160822186,1
W2987908020,1
W2912635860,1
W1981747529,1
W2049666545,1
W3194823032,1
W4317759448,1
W2079613131,1
W4367843211,1
W6981539349,1
W3127296387,1
W3082625990,1
W4287146869,1
W2060181440,1
W2970079873,1
W2471451311,1
W3128985841,1
W3118913087,1
W1993229583,1
W4401274488,1
W4388541131,1
W3131477171,1
W2534211758,1
W2432956679,1
W571848861,1
W4362495637,1
W1969138018,1
W4388279377,1
W3118284675,1
W2995343486,1
W4288708973,1
W6790597757,1
W4289333437,1
W4381805016,1
W2902151166,1
W4353021608,1
W3107522099,1
W4391136104,1
W3020201769,1
W2784438562,1
W2331161548,1
W3215652629,1
W4200441239,1
W2969985332,1
W2647593392,1
W4318220677,1
W2133514661,1
W2060687102,1
W2935498002,1
W4386003051,1
W2755479991,1
W2981754129,1
W4353015398,1
W1555454913,1
W4245342046,1
W4312863241,1
W4233385340,1
W4233220061,1
W3164790675,1
W2954267675,1
W6795641904,1
W2487770199,1
W4387877669,1
W4394689361,1
W2986877720,1
W4392016111,1
W1981357916,1
W2478066798,1
W2085819028,1
W2924914657,1
W2888295321,1
W2528472710,1
W2118789529,1
W2024532053,1
W2996792987,1
W2110228706,1
W1936355388,1
W2520482845,1
W4387879752,1
W2534458719,1
W2756433810,1
W1986362177,1
W3217482321,1
W2043448735,1
W2933740802,1
W3080657298,1
W2021520739,1
W2803074619,1
W3016786572,1
W3027085430,1
W2735623843,1
W2795767265,1
W2324288513,1
W3127785131,1
W3042430055,1
W2309783085,1
W2990401185,1
W4246671065,1
W2991331614,1
W4309462555,1
W4385667516,1
W2298013006,1
W2807904482,1
W4307771166,1
W2998223455,1
W4307106836,1
W3157544919,1
W2062514422,1
W2907852318,1
W4307839110,1
W4321097598,1
W2746249555,1
W3011123572,1
W4320000777,1
W3118083448,1
W4327892763,1
W4200578127,1
W4385146553,1
W4308623293,1
W4210522522,1
W4235192536,1
W1977919873,1
W1981372520,1
W2081089816,1
W2959807651,1
W2129747953,1
W2888864881,1
W4380362662,1
W3047353720,1
W18064217,1
W4319877945,1
W2064126994,1
W2936668263,1
W2155328308,1
W2110912806,1
W2105665234,1
W4214759974,1
W4298616695,1
W2724474238,1
W2811139219,1
W119633270,1
W2661329693,1
W4213369064,1
W4300970005,1
W4294189863,1
W2548000951,1
W3129780571,1
W2275942111,1
W4367307047,1
W2945055514,1
W4307136181,1
W2805365160,1
W4386864187,1
W1979096248,1
W2954205683,1
W2258844229,1
W2110307757,1
W4249861198,1
W2116190278,1
W2587097263,1
W2615078148,1
W2111256197,1
W2737781098,1
W3013699033,1
W3092074004,1
W1815429339,1
W2544078967,1
W2044321558,1
W2077420217,1
W2080856492,1
W1983104344,1
W4229987482,1
W4363674584,1
W2913787865,1
W3155487762,1
W4210362793,1
W2066609235,1
W2966596276,1
W4205832795,1
W2039424710,1
W2123603106,1
W2162635749,1
W624352011,1
W3121367272,1
W2107683862,1
W2160370097,1
W4213126615,1
W2782899595,1
W2904964912,1
W3007069295,1
W2481240341,1
W2765824944,1
W2952002734,1
W2664267452,1
W2513311417,1
W4212850950,1
W4288040945,1
W2508254620,1
W3153696290,1
W2917524411,1
W4321331748,1
W2787593818,1
W4250857377,1
W2982580997,1
W2235350106,1
W3114452320,1
W1519209287,1
W3048973494,1
W6809885414,1
W4386699889,1
W7073884793,1
W4285793705,1
W3118327144,1
W3014126118,1
W4312187402,1
W3182749940,1
W3208688711,1
W2037062185,1
W4378214696,1
W4283701974,1
W2561755977,1
W4378213367,1
W4200013722,1
W3013667198,1
W3193047808,1
W2800655341,1
W2802681236,1
W4392960484,1
W3209217438,1
W4392660693,1
W4392454043,1
W4251154224,1
W3190549215,1
W2995623967,1
W3190853365,1
W2767449008,1
W3140631004,1
W3153617659,1
W2400713314,1
W4206531947,1
W4392640495,1
W4360778464,1
W3035893338,1
W4296077857,1
W2318671944,1
W2749110319,1
W1138395142,1
W2134315029,1
W2155982092,1
W3009897984,1
W4367369375,1
W1966818197,1
W2607944287,1
W2001850620,1
W4294884747,1
W2112038757,1
W2152299830,1
W2224741092,1
W2106182893,1
W2807614571,1
W2055102958,1
W3040574752,1
W6922358100,1
W4384133734,1
W2115217874,1
W1970491894,1
W4306871064,1
W4378348661,1
W2130634565,1
W3123152915,1
W6852664689,1
W1019423702,1
W2000953468,1
W6635866594,1
W2151324144,1
W2947527422,1
W2163168008,1
W3027416161,1
W1933048711,1
W2112075935,1
W4311057091,1
W3125090164,1
W2968358429,1
W3092706599,1
W2896572287,1
W2977816177,1
W6764990184,1
W2993793263,1
W3033788400,1
W4225711765,1
W3088324931,1
W3048401913,1
W4285151809,1
W1984069615,1
W2795391743,1
W4403434994,1
W3125575719,1
W2076189473,1
W4388267180,1
W2068747179,1
W6752867117,1
W3211623002,1
W4390549859,1
W1965555277,1
W6791260382,1
W6857263440,1
W2078938833,1
W2329512445,1
W4394929536,1
W3134406281,1
W2100967449,1
W4200355040,1
W2023021827,1
W4386305275,1
W2971179867,1
W3194979580,1
W2476732026,1
W3097049589,1
W4293159755,1
W3046058631,1
W1982079600,1
W4400864175,1
W2049681773,1
W2153352637,1
W4240370447,1
W2526019668,1
W2336767210,1
W3161161392,1
W6679266515,1
W2043053823,1
W4292804883,1
W3210587435,1
W2227133224,1
W2762880670,1
W4391854601,1
W4285144569,1
W4393192261,1
W4309207094,1
W6869977197,1
W4295678577,1
W4400368226,1
W4386737678,1
W2792167150,1
W4298145327,1
W4386084226,1
W2941757906,1
W4323035112,1
W4379882442,1
W4226408000,1
W3113375961,1
W2582185702,1
W4317528921,1
W3129178204,1
W2899949768,1
W2793662329,1
W2036149274,1
W2102943790,1
W2952853752,1
W1993130654,1
W4285589008,1
W1982971507,1
W2012577975,1
W2761602908,1
W2138596656,1
W3122060817,1
W3182034215,1
W4229697443,1
W2165095281,1
W3011331846,1
W3175716767,1
W7020787722,1
W2051632008,1
W2942881396,1
W6647975832,1
W2263775352,1
W1875473376,1
W2093151539,1
W2159516798,1
W4292722239,1
W4226338913,1
W3085632965,1
W185790014,1
W4238799880,1
W1984474804,1
W1511502075,1
W2137079598,1
W2045461288,1
W2028140447,1
W2106359593,1
W2050155706,1
W1986739257,1
W2010373802,1
W3165183354,1
W2945703515,1
W4200398633,1
W2913896042,1
W2889499566,1
W2137054915,1
W4383222217,1
W4311963026,1
W6656910113,1
W3092324099,1
W3152679296,1
W6778987650,1
W6813180074,1
W3119405285,1
W6776532966,1
W2993123607,1
W2738895407,1
W3024836116,1
W6736861047,1
W3173191113,1
W2793350103,1
W4316341693,1
W2789303199,1
W3209525305,1
W3112425613,1
W2972745945,1
W3091800042,1
W6788262746,1
W4379055437,1
W4400479045,1
W4234449713,1
W6796200666,1
W3113702372,1
W6785984092,1
W3106831181,1
W6801643409,1
W2004232234,1
W2742711470,1
W4400737368,1
W6678429926,1
W6775408638,1
W3048165682,1
W4321178700,1
W6703817840,1
W3144171146,1
W4232139103,1
W6802781329,1
W3005653953,1
W6765570968,1
W4285144947,1
W3205353036,1
W3206465546,1
W4387478207,1
W6802697212,1
W3090982981,1
W2340677676,1
W3114267784,1
W3036874044,1
W4214895246,1
W2997529933,1
W3015469448,1
W3145431373,1
W3203518055,1
W6775166845,1
W3122128306,1
W6792521013,1
W2742279476,1
W3200293541,1
W2987886073,1
W4295077688,1
W6780228707,1
W6786896825,1
W2773266137,1
W3032685092,1
W3153536832,1
W6758817510,1
W6787623561,1
W3118941520,1
W6777150506,1
W4206403877,1
W2171362509,1
W6703817854,1
W3196027488,1
W1589666723,1
W2339371375,1
W4389683660,1
W4214569202,1
W2518482153,1
W4288422748,1
W4212983734,1
W4399054923,1
W3087442944,1
W4394709997,1
W4225163882,1
W2783465553,1
W4392243148,1
W3123271778,1
W4387880964,1
W4210291895,1
W3189272062,1
W2783188980,1
W4387253911,1
W3026045600,1
W1662473182,1
W2513311475,1
W2341753922,1
W4320856891,1
W4321116313,1
W3119562005,1
W1949010708,1
W4309712706,1
W4309714901,1
W3199069121,1
W6685521365,1
W2789842345,1
W2891015488,1
W4240515078,1
W4377232724,1
W4398137502,1
W4372328836,1
W4321168882,1
W2954618012,1
W4377220774,1
W2094642875,1
W2771473478,1
W2981503235,1
W2120979891,1
W1981873722,1
W2128037334,1
W2514977214,1
W4220945642,1
W3157651122,1
W6856574348,1
W3191397578,1
W2088457568,1
W4386581577,1
W4290775422,1
W4400682697,1
W6726046653,1
W2982279350,1
W2344328160,1
W2994949787,1
W4296334721,1
W2602831653,1
W4386757277,1
W3038614642,1
W3159835972,1
W1971730543,1
W3023172537,1
W4221107568,1
W2155274319,1
W4240787498,1
W2010674821,1
W2163699426,1
W2283988088,1
W2014586159,1
W2962818310,1
W1510002261,1
W2079753388,1
W2898705720,1
W2896543778,1
W4285503183,1
W1529849012,1
W4296922474,1
W3008129445,1
W2154707615,1
W4253877253,1
W3121140023,1
W4255990624,1
W3210189782,1
W2954800806,1
W3126476755,1
W3033397787,1
W4390502090,1
W4205972784,1
W4207083690,1
W2808558019,1
W2707002830,1
W3131486905,1
W4283586926,1
W3135800687,1
W2936519770,1
W3000112879,1
W6839509819,1
W2776311277,1
W2128136313,1
W2004632224,1
W4221022098,1
W6789428339,1
W2593621230,1
W2884547146,1
W4220701728,1
W3205177877,1
W2335986851,1
W2921431792,1
W1355596,1
W2146748819,1
W2169079338,1
W2097442448,1
W2767168513,1
W3017263980,1
W3097765434,1
W2154701501,1
W2079098200,1
W2990160831,1
W4317214496,1
W3111756233,1
W2036956387,1
W2948739416,1
W2795714144,1
W3198885266,1
W2091977306,1
W2888588674,1
W3107993577,1
W6772716604,1
W4319071930,1
W2565884969,1
W4214504757,1
W6704726074,1
W2999295561,1
W3155410124,1
W4410171835,1
W108753682,1
W3022223324,1
W2747689099,1
W3158140510,1
W2886220574,1
W2913437656,1
W4310095884,1
W2802013153,1
W2491568905,1
W3135050853,1
W2959905654,1
W4385622521,1
W2142194547,1
W2996102951,1
W3131704889,1
W3111866228,1
W4225308785,1
W2183164970,1
W3134230515,1
W4401824170,1
W2992943073,1
W3044377510,1
W2265274463,1
W4389958554,1
W1941553121,1
W3045928259,1
W3139802940,1
W2897524335,1
W2979979113,1
W3121913280,1
W2915216676,1
W2585418778,1
W6794216717,1
W1998162968,1
W6758981974,1
W3033095922,1
W2913587998,1
W2894876481,1
W3006607088,1
W3093767001,1
W4327697240,1
W4308954085,1
W3207876046,1
W2991944328,1
W2810040899,1
W1446420006,1
W2895358423,1
W1832897790,1
W2883385946,1
W3032276648,1
W3043647951,1
W2995625862,1
W4206761728,1
W6843248207,1
W4220944659,1
W4392145600,1
W4322760637,1
W2616634474,1
W4297249004,1
W3139528122,1
W4365420224,1
W3037845607,1
W2552426847,1
W3005463941,1
W2565620924,1
W2942040758,1
W2939718751,1
W2961775114,1
W3080480643,1
W4293677294,1
W2945267182,1
W2483872386,1
W2076939211,1
W2789529728,1
W1858804344,1
W3047225376,1
W3030317699,1
W4391484546,1
W2132033829,1
W3123722757,1
W4317436812,1
W2037701205,1
W3126676898,1
W3168312119,1
W2967760385,1
W3083282120,1
W2320304532,1
W4312744594,1
W4391612232,1
W3012525193,1
W4283803762,1
W2565071409,1
W2955402364,1
W3214063850,1
W3044705306,1
W2943959782,1
W2165429299,1
W3041819868,1
W2948624332,1
W2587270862,1
W2990202343,1
W4366549501,1
W2936473746,1
W3133101076,1
W4288442044,1
W3138810137,1
W2747594862,1
W2970401214,1
W1973055540,1
W2956622947,1
W3006880319,1
W201617469,1
W2968803386,1
W4226340298,1
W3003973063,1
W2900927824,1
W2118500471,1
W2943612449,1
W2790835907,1
W3129658926,1
W2156608844,1
W4282931476,1
W2098808544,1
W2100257258,1
W2036017373,1
W2600361628,1
W2926454436,1
W4220909361,1
W4220948770,1
W2014267743,1
W3200748187,1
W2031217066,1
W1026505939,1
W2106234893,1
W4298352491,1
W1487745556,1
W1936764152,1
W2044612846,1
W3000534932,1
W2891755706,1
W2962567400,1
W3149867929,1
W4318225064,1
W2125377515,1
W2971569643,1
W2057670138,1
W6999319717,1
W4384277106,1
W2099019068,1
W6786614128,1
W3089121866,1
W4312114541,1
W2145555293,1
W2132515061,1
W3109014791,1
W4253114755,1
W2097479456,1
W4205673101,1
W6684697212,1
W6674755559,1
W6987482434,1
W4384926285,1
W4224025241,1
W3009646738,1
W2973105839,1
W3000091713,1
W4206521173,1
W6713419075,1
W2067289555,1
W6748135875,1
W2788569014,1
W2052654293,1
W3164921016,1
W4210278561,1
W3170947912,1
W1968021637,1
W2403581464,1
W4401659540,1
W4386246301,1
W2020480331,1
W2501467509,1
W4385154833,1
W2167858356,1
W1827945361,1
W2167032523,1
W6704248321,1
W2321600203,1
W3126048465,1
W2107067966,1
W2886834546,1
W2143531251,1
W4383874514,1
W4312266700,1
W6848874939,1
W6760229248,1
W6678785685,1
W2038273794,1
W2477980627,1
W2527853308,1
W4224283768,1
W3096569226,1
W6728027719,1
W6760914127,1
W3166836284,1
W2531214069,1
W1979018899,1
W2335274386,1
W4393794571,1
W3181139120,1
W2596315545,1
W3125594344,1
W4207083472,1
W2071352950,1
W3122652718,1
W2412862172,1
W3123517985,1
W2979774728,1
W2910772998,1
W2945293104,1
W2779650760,1
W3112817596,1
W2095756471,1
W3126123097,1
W4238383472,1
W3020875595,1
W2610248313,1
W2762798126,1
W3124485762,1
W4200124540,1
W107433411,1
W2339573327,1
W3213414586,1
W4393345987,1
W2059929364,1
W4213197074,1
W3175117491,1
W3196062731,1
W2936590944,1
W4313331380,1
W2943597722,1
W2978400121,1
W3039437037,1
W2595553153,1
W2786970068,1
W4386862017,1
W4390056455,1
W1867017453,1
W4285061194,1
W6608520938,1
W6849291002,1
W6714091315,1
W3210043448,1
W4253580852,1
W5558053,1
W2096320699,1
W2791537082,1
W2964099165,1
W6909881351,1
W3124430794,1
W4323354653,1
W2038458296,1
W3125837522,1
W2026772829,1
W4322731891,1
W2090514228,1
W3012023095,1
W3134974804,1
W2115994519,1
W2981885818,1
W4387378287,1
W994496612,1
W6690243488,1
W4237675789,1
W2553595877,1
W2739521562,1
W3193689383,1
W2946533711,1
W3012457404,1
W2953310925,1
W2579942960,1
W3206557727,1
W3198590919,1
W2024843519,1
W1979309706,1
W2090870220,1
W3002211593,1
W3045319509,1
W1529476591,1
W4282935033,1
W2077476869,1
W4317434814,1
W2034392626,1
W2113809823,1
W3134189123,1
W2081310448,1
W1596726679,1
W2887058282,1
W2998657800,1
W2992987354,1
W2106183779,1
W2900535504,1
W2903372175,1
W3006193894,1
W2098735230,1
W4386319105,1
W3153300371,1
W2116746085,1
W4310467316,1
W6763383379,1
W1859502711,1
W4387176966,1
W2887412569,1
W2109803412,1
W1935562153,1
W1985818520,1
W4280575778,1
W1630534919,1
W3165630130,1
W2084184410,1
W2343783328,1
W3199496931,1
W2064023259,1
W4236447408,1
W2297248573,1
W3122287636,1
W2981072274,1
W2967549648,1
W3200778084,1
W3013809263,1
W3087677175,1
W3092329338,1
W3129436263,1
W3200910925,1
W4316813355,1
W3123542774,1
W3119619942,1
W4289313242,1
W1642101863,1
W2166238316,1
W2473443487,1
W3098458099,1
W3092653475,1
W3048734103,1
W2337028196,1
W2060358790,1
W4391480748,1
W2906031947,1
W2087881910,1
W4291754690,1
W1936067993,1
W2282134061,1
W3201061471,1
W2005092827,1
W2135766934,1
W3011898863,1
W4281640152,1
W1987286910,1
W2724451881,1
W2948687970,1
W4200115803,1
W2413840146,1
W3143820191,1
W2606200452,1
W35705976,1
W6849904876,1
W2780792650,1
W3007562719,1
W6982552601,1
W6736032101,1
W2992098494,1
W2600792000,1
W4322096421,1
W1509760042,1
W2973077705,1
W2529035277,1
W2900971128,1
W4236681742,1
W3110281866,1
W3081291028,1
W6601402322,1
W4321488636,1
W2165367048,1
W6959924390,1
W2087970116,1
W1944451286,1
W3102393927,1
W4291732986,1
W2070063698,1
W2326133504,1
W2541008432,1
W2894052871,1
W2024180819,1
W2606902647,1
W7056825539,1
W2074861811,1
W4214767839,1
W2083292454,1
W2090154105,1
W4206503695,1
W3108287252,1
W1994344225,1
W4293566928,1
W2904073693,1
W4317372338,1
W2905117079,1
W2763468320,1
W2425390133,1
W2972633178,1
W4205628463,1
W4385892355,1
W2274867930,1
W2082731986,1
W2954531375,1
W2999122675,1
W6683904486,1
W2020675527,1
W6860716307,1
W4220737009,1
W4392345806,1
W1006867692,1
W2043031379,1
W4387436329,1
W2024089885,1
W2294149857,1
W2522429262,1
W3114065280,1
W2106953173,1
W2791349494,1
W1979410730,1
W2071562692,1
W4385147767,1
W1974641662,1
W7073542397,1
W2322750767,1
W3108518672,1
W4387381473,1
W2476181906,1
W1526394977,1
W2583677922,1
W2769215926,1
W1580531203,1
W2891876680,1
W2063102065,1
W2935355093,1
W1538276037,1
W2947346820,1
W2528183365,1
W3214935704,1
W2293438952,1
W2552319314,1
W2990697354,1
W2564647690,1
W2618872266,1
W2047299824,1
W4366283740,1
W2544516434,1
W2589082547,1
W4389455017,1
W2083310187,1
W2937679172,1
W3004955343,1
W2138123019,1
W2965690281,1
W2518125121,1
W3209196398,1
W3096656155,1
W118437433,1
W2920806532,1
W2885950593,1
W2290990583,1
W1476400025,1
W2807003753,1
W1945860620,1
W2559837976,1
W2578890358,1
W3009367791,1
W2105976862,1
W2525429568,1
W2220044669,1
W1758814283,1
W2518261154,1
W2910456254,1
W2734587367,1
W4294628836,1
W2466455802,1
W2018941743,1
W2568331873,1
W2913660106,1
W4205400539,1
W2123803825,1
W4285676591,1
W2063841790,1
W4206444459,1
W2153399439,1
W3037962314,1
W2516172092,1
W3033954441,1
W3045210202,1
W2999822729,1
W2774743973,1
W4230647411,1
W2949996410,1
W2053651253,1
W1995928597,1
W4390231558,1
W2938919280,1
W2110139250,1
W4306738477,1
W2769797900,1
W3089558432,1
W1646864759,1
W2932995215,1
W4284969683,1
W4388034506,1
W2110519984,1
W2566205308,1
W3090038799,1
W2418594856,1
W2365953715,1
W1973925112,1
W3160766186,1
W2172219617,1
W2218244946,1
W2904988032,1
W2063450440,1
W2160605010,1
W3022770439,1
W3134515240,1
W2100644533,1
W6686287715,1
W2119414163,1
W1995064113,1
W3127178506,1
W1556418632,1
W2904884150,1
W2136519218,1
W6730750600,1
W2911901243,1
W2164771123,1
W3126559484,1
W3025114740,1
W2158926431,1
W4294884339,1
W4287463733,1
W2068129931,1
W6833565164,1
W2121113196,1
W3095596738,1
W2164791654,1
W4210821693,1
W4377095812,1
W2130183383,1
W2033942923,1
W2296499839,1
W4378378753,1
W2781765163,1
W2087956351,1
W2159927369,1
W3092156597,1
W2094368311,1
W1481269173,1
W3125707582,1
W1979857951,1
W6637730983,1
W1558747506,1
W1972320266,1
W3023643759,1
W6672842733,1
W2895841634,1
W3026237845,1
W4391939939,1
W3196813928,1
W2980258356,1
W2078852878,1
W2963161248,1
W1893384134,1
W634911892,1
W1596515083,1
W1906135274,1
W2246069969,1
W4210477569,1
W6766806892,1
W1550294132,1
W1715155134,1
W2100382622,1
W2058718434,1
W3110944153,1
W2147307435,1
W3176753518,1
W2115988822,1
W4389626248,1
W2792308249,1
W4303183227,1
W6786482871,1
W3212215791,1
W2755121006,1
W4290851352,1
W2012082729,1
W2176570791,1
W221401484,1
W1598542599,1
W3213300062,1
W2784156628,1
W6808615615,1
W2186421006,1
W3041202517,1
W2952759995,1
W2990206932,1
W2307938957,1
W2030739748,1
W1992175202,1
W2188422774,1
W1508634523,1
W2014817703,1
W4322097816,1
W2489616931,1
W2010702903,1
W2499103225,1
W1987621316,1
W1976312011,1
W2230176076,1
W2094464492,1
W2115645133,1
W2504753605,1
W1523693806,1
W2010757131,1
W2055999941,1
W1562303665,1
W2091533593,1
W2170059143,1
W2116811557,1
W2884652165,1
W2169836272,1
W3200494956,1
W2964973221,1
W3198795572,1
W2026455867,1
W2792112522,1
W2135145575,1
W3171069291,1
W2793141437,1
W2613083488,1
W6639168640,1
W6912457677,1
W2031840462,1
W4235130871,1
W2947770046,1
W4296633484,1
W2023213650,1
W3137045624,1
W1507455620,1
W4309373815,1
W1980130408,1
W2418990382,1
W1891104972,1
W2008590049,1
W3202186063,1
W4312817543,1
W6652455334,1
W2026702936,1
W2059968960,1
W3122780218,1
W2108934935,1
W1594301268,1
W6683050741,1
W4252610587,1
W1600671086,1
W2105819205,1
W4224023280,1
W597941156,1
W3119609799,1
W2049997112,1
W2103326696,1
W2562926004,1
W2772752496,1
W2004284440,1
W2048005030,1
W4327700196,1
W3033763582,1
W2095795445,1
W2983671637,1
W2990583608,1
W4380840095,1
W2947472523,1
W1608165352,1
W2990290820,1
W2589167453,1
W2913828842,1
W4376619791,1
W4313148978,1
W2994550146,1
W4286209194,1
W3092741083,1
W3040630561,1
W2994666228,1
W2905838161,1
W2901908500,1
W1911723277,1
W2994678370,1
W3194759886,1
W4293008664,1
W4384071342,1
W2919477414,1
W2802120533,1
W3013600833,1
W2902508378,1
W2919771246,1
W6792580617,1
W2277132665,1
W2341252499,1
W2521263838,1
W3155821498,1
W2565139906,1
W2127606804,1
W2009741955,1
W6686710751,1
W4312067483,1
W3136881490,1
W3095931302,1
W2575227472,1
W2979767056,1
W3003961597,1
W2620094952,1
W2897198941,1
W3121412034,1
W2797670168,1
W4312075174,1
W1981358475,1
W1482797281,1
W2146284085,1
W3023144858,1
W1816893564,1
W6683667848,1
W2023668736,1
W6894026278,1
W2575569836,1
W4210775420,1
W6637286149,1
W4399900424,1
W1602126724,1
W575712408,1
W2946130880,1
W3081817818,1
W3089788875,1
W2982379106,1
W2767423872,1
W2917501962,1
W2944295131,1
W2998499274,1
W3021610843,1
W6644694879,1
W3181173970,1
W2805069672,1
W2794061250,1
W2995284626,1
W6646283587,1
W1530466595,1
W4294816828,1
W4206569210,1
W2785775741,1
W2964543001,1
W4242163498,1
W3048626289,1
W3181869980,1
W2004905061,1
W2962822313,1
W3163928990,1
W2903582594,1
W3169496992,1
W6868548154,1
W4213237029,1
W3175480627,1
W4388053123,1
W2993123114,1
W2998752185,1
W2947012878,1
W3209056452,1
W2921139585,1
W134417960,1
W1558113582,1
W2460112555,1
W4399256153,1
W3148849430,1
W2991727075,1
W4385833265,1
W4238069031,1
W3043469742,1
W3013123743,1
W2897720549,1
W4309323344,1
W2038515372,1
W3210509849,1
W2766150752,1
W2978063180,1
W3160554220,1
W4283521149,1
W3091850164,1
W4245595689,1
W4220860707,1
W4296638863,1
W3026663830,1
W3080155190,1
W4210599604,1
W2905999619,1
W3205339862,1
W2914184162,1
W2971706868,1
W2483870201,1
W3007866300,1
W2136602717,1
W1583278297,1
W3118223051,1
W2588124542,1
W1656557635,1
W2598233282,1
W3108680538,1
W3037531591,1
W2182716549,1
W2163227771,1
W1878235648,1
W2272590331,1
W3025973334,1
W3098530345,1
W6756427405,1
W4225815613,1
W2469490025,1
W2107679459,1
W1963916765,1
W2147664728,1
W2757153932,1
W4200558553,1
W3021443729,1
W2130669545,1
W1522834024,1
W2594159856,1
W2011747645,1
W2967057584,1
W3123052489,1
W3123475321,1
W2139817025,1
W2998516735,1
W2791753912,1
W6720667865,1
W3005464981,1
W2010977977,1
W3144850668,1
W4375851934,1
W2767404358,1
W4375851974,1
W3023892674,1
W3132028455,1
W3162402260,1
W2414051710,1
W2111385632,1
W2086794078,1
W4226152941,1
W4317754309,1
W3206760623,1
W2528112323,1
W3206998924,1
W4304690492,1
W4225165521,1
W2922831931,1
W2767686481,1
W4297259615,1
W3013540635,1
W2400345030,1
W4226372668,1
W4205703156,1
W2895082050,1
W2912603240,1
W4321748419,1
W4281773158,1
W3183802008,1
W4375852064,1
W2950700489,1
W2301449167,1
W4361290442,1
W2042660852,1
W4363678266,1
W2884973323,1
W2889124058,1
W6712884891,1
W4375851907,1
W2081007272,1
W3135138087,1
W2925359132,1
W2981596557,1
W4226197675,1
W2792250907,1
W2788348200,1
W4205977786,1
W2953948703,1
W2476695450,1
W2955012210,1
W2760222460,1
W2417999968,1
W3159811539,1
W1794403333,1
W1994394210,1
W2062808749,1
W4320079087,1
W3089511757,1
W2281008158,1
W3169991114,1
W3094806106,1
W3130181724,1
W4224311955,1
W2736143725,1
W4388632328,1
W4304807394,1
W2559140865,1
W2127665449,1
W4308695909,1
W2541131855,1
W2969931457,1
W2148219171,1
W4386422401,1
W2519910102,1
W2752628317,1
W6643579054,1
W4285407607,1
W1964980302,1
W6790544645,1
W3178495092,1
W3115248178,1
W3205449426,1
W1569469427,1
W1541914996,1
W2619134258,1
W2910623854,1
W4251465197,1
W338611730,1
W2057259827,1
W2327745250,1
W3119445983,1
W6630632471,1
W2073209853,1
W2128131424,1
W3123575677,1
W2095453718,1
W2986357756,1
W2375481,1
W2909940748,1
W2321285204,1
W3124064698,1
W3122585396,1
W1704588382,1
W2061601685,1
W6742537550,1
W4231108233,1
W2742400806,1
W3122605672,1
W2156432147,1
W2735887674,1
W2105710755,1
W4210513632,1
W2069518950,1
W2018754319,1
W2078709055,1
W911526302,1
W3140782632,1
W2346129514,1
W2081908573,1
W2113170529,1
W1853653714,1
W1593653116,1
W4379536643,1
W4311305789,1
W4210321660,1
W2896514460,1
W3174817091,1
W4297684454,1
W4313450498,1
W4322752012,1
W4293217582,1
W4253177366,1
W4226211417,1
W3025234571,1
W3035129579,1
W2911319500,1
W2779089873,1
W2191191673,1
W3089826508,1
W4210902349,1
W2807411253,1
W2197260957,1
W2954941636,1
W1997871979,1
W2146411203,1
W7066278906,1
W3124317057,1
W79304350,1
W1985669843,1
W2014173724,1
W2993389657,1
W2800957618,1
W4256523194,1
W2087222790,1
W2554002093,1
W2072141017,1
W1992015234,1
W4252204535,1
W1587192187,1
W3121770345,1
W3169884556,1
W2504653638,1
W1995252705,1
W2973341728,1
W3126507522,1
W2158838341,1
W3036250832,1
W1180080976,1
W4309400102,1
W4384626005,1
W2599679529,1
W2868267105,1
W3153401251,1
W4200422854,1
W4226211178,1
W4313139401,1
W4200190097,1
W4200587910,1
W3042167738,1
W3187345089,1
W2983322150,1
W3211796844,1
W4255955168,1
W6750054810,1
W2004737436,1
W4380538276,1
W3122884149,1
W2915164835,1
W4322208036,1
W4309206861,1
W3202556441,1
W3093277218,1
W6832346482,1
W2795271575,1
W2999903191,1
W2985969529,1
W2479859543,1
W3087978396,1
W1560987171,1
W2557504862,1
W1631725876,1
W2986336476,1
W3216956759,1
W3176400955,1
W2971897286,1
W1504577973,1
W2946620193,1
W2810278939,1
W2987869903,1
W2123806073,1
W322520475,1
W2781331628,1
W2998847341,1
W2034012458,1
W4205320316,1
W2464402848,1
W2072118667,1
W1968974731,1
W1973144307,1
W2561885184,1
W3156561517,1
W4256179568,1
W4322625289,1
W4361278130,1
W2769332885,1
W4283029498,1
W4387065162,1
W4318615266,1
W3183736264,1
W3174199907,1
W4210408226,1
W4212999800,1
W2767588452,1
W2107598591,1
W4205635235,1
W2169686953,1
W2023777287,1
W2835095691,1
W3113360234,1
W4294025637,1
W61988226,1
W2138022499,1
W2443298901,1
W3083698822,1
W2198648495,1
W2113370871,1
W6751419887,1
W6743188333,1
W2587779007,1
W6770752896,1
W6712140784,1
W2120211292,1
W2991186828,1
W3006629608,1
W2124451353,1
W4234681626,1
W2953921550,1
W2762447495,1
W2888504296,1
W2066486551,1
W2405088503,1
W2800471936,1
W6713549636,1
W2397794917,1
W2064408446,1
W1582477397,1
W4241033649,1
W1995418967,1
W2216260947,1
W2015911819,1
W3200027743,1
W2913740287,1
W2131487117,1
W1501939076,1
W2312776829,1
W2049078266,1
W2346264073,1
W4240484632,1
W2050711361,1
W4235035170,1
W3136927463,1
W1972085182,1
W3204611231,1
W3029171348,1
W3134827916,1
W2019393576,1
W1480013205,1
W2138525153,1
W2157319031,1
W4243658490,1
W2049701862,1
W2002674919,1
W1972882357,1
W2162272256,1
W2942605105,1
W4362521850,1
W2980030563,1
W2478316953,1
W3092634347,1
W2120455325,1
W2153684076,1
W3124357949,1
W4291004231,1
W6771139606,1
W4234856611,1
W2002151188,1
W2071936897,1
W1985797544,1
W2078567285,1
W2005326937,1
W6678379301,1
W2924203286,1
W1990150123,1
W6638147685,1
W1555622286,1
W2075865788,1
W2134593729,1
W2182520871,1
W2981115275,1
W3000603055,1
W2095914490,1
W1570867086,1
W2103839285,1
W1969072101,1
W3200040377,1
W2032524882,1
W2077707563,1
W2758026101,1
W1991114743,1
W2097906862,1
W6633117799,1
W96038653,1
W1507655527,1
W2181982643,1
W1502903882,1
W4230906437,1
W2728509848,1
W2887398732,1
W2951354992,1
W2528192787,1
W1987747855,1
W2119620549,1
W2101092965,1
W3126121702,1
W3157749764,1
W1562672336,1
W3123844866,1
W2954943415,1
W2345221143,1
W2117503214,1
W1989388297,1
W1600300577,1
W6685518688,1
W2800658779,1
W3033215561,1
W2147169903,1
W3015812362,1
W4280632034,1
W2000364821,1
W1970205046,1
W2147945158,1
W2802754911,1
W2948826644,1
W1977578104,1
W1990188549,1
W1994264295,1
W3009158921,1
W2035151633,1
W1990050048,1
W2049056723,1
W2796437801,1
W2981651266,1
W2991529466,1
W3139425631,1
W2146538537,1
W2027457572,1
W2081263209,1
W45608371,1
W2994779286,1
W1742697922,1
W2100261414,1
W2157675730,1
W4226398965,1
W4248852829,1
W2908192919,1
W3120462784,1
W3122175712,1
W3123724670,1
W2088851131,1
W2529653009,1
W2944496292,1
W2518991521,1
W2662611492,1
W2728621433,1
W4388151924,1
W2124329636,1
W2984777969,1
W2184105182,1
W2073044811,1
W3140123634,1
W4226097117,1
W2051312534,1
W2967887127,1
W4396935714,1
W25781114,1
W2605978227,1
W2047159741,1
W3127150579,1
W2056621186,1
W3113191654,1
W2297413686,1
W3011998033,1
W2969520152,1
W3008375791,1
W6676651824,1
W4220700043,1
W6665660881,1
W2128381827,1
W2966715882,1
W4206204108,1
W2910693967,1
W6632939615,1
W2064735571,1
W3185079644,1
W1548140009,1
W2477329315,1
W3211435174,1
W3024855212,1
W4280565143,1
W2520963894,1
W2944764493,1
W4362612932,1
W3118878244,1
W3129154208,1
W3110249195,1
W1894573148,1
W4214500615,1
W3194756722,1
W4283646433,1
W4242054808,1
W3124037542,1
W4293723471,1
W2100614543,1
W2049629265,1
W1896258760,1
W6838923229,1
W6669338786,1
W4385336243,1
W21015222,1
W3200835394,1
W4282965833,1
W6681788716,1
W4200618508,1
W2148935883,1
W2204059918,1
W2071302511,1
W2580408056,1
W3043321472,1
W6630613670,1
W1998331595,1
W2802081155,1
W4392859928,1
W2118745447,1
W6633091221,1
W2094914994,1
W6647652915,1
W2128392529,1
W2126683099,1
W2017914535,1
W2089401927,1
W6838417956,1
W2580007960,1
W4316041485,1
W4229439761,1
W4390288299,1
W2604099412,1
W3167793804,1
W2921873324,1
W2737016901,1
W2890264182,1
W2277906325,1
W1969599053,1
W2902225647,1
W4293085750,1
W2135365107,1
W4234878958,1
W4253639961,1
W2110139388,1
W2776946813,1
W1990076255,1
W2026207706,1
W1991925547,1
W4378071844,1
W4247033766,1
W3088387617,1
W2096726539,1
W2610834048,1
W3179389969,1
W2785232091,1
W2057442840,1
W2754721719,1
W2754801594,1
W2560731522,1
W3086699080,1
W1988377065,1
W2115569288,1
W4319159308,1
W2136451369,1
W2995635941,1
W4287448988,1
W3112469149,1
W4280547925,1
W2142691518,1
W6664777887,1
W2361337410,1
W2922054544,1
W2736015498,1
W3029753466,1
W31869466,1
W2093357658,1
W2765788542,1
W6670184809,1
W4205982023,1
W2098215830,1
W2188995484,1
W2118771012,1
W1666973340,1
W2109553821,1
W6635877661,1
W2076287534,1
W1595818440,1
W2731950788,1
W2623765168,1
W2096842199,1
W2919915583,1
W2064493761,1
W2937100555,1
W2947175323,1
W2954593888,1
W2192022016,1
W1529483137,1
W111031448,1
W2128728535,1
W2702360522,1
W2161350022,1
W7048207616,1
W2541735118,1
W4210813921,1
W2600916415,1
W2564257742,1
W4386164351,1
W4225350630,1
W1845568876,1
W3164137333,1
W3075884737,1
W1989894576,1
W2126082807,1
W4213347339,1
W1989280147,1
W2944592785,1
W2906425415,1
W2117225980,1
W4200206491,1
W4229451282,1
W1883758818,1
W2418872436,1
W4221133563,1
W3125629140,1
W2915744129,1
W2050718423,1
W3212250892,1
W2008310014,1
W3126439263,1
W3177143734,1
W2085677274,1
W4311452622,1
W2185868483,1
W4281684003,1
W2731362887,1
W4224035484,1
W2893031534,1
W3165136234,1
W1978708459,1
W2093409306,1
W6601298363,1
W4200202162,1
W2905284453,1
W2094648385,1
W3093611466,1
W2587055348,1
W4243000933,1
W1525751377,1
W2024891689,1
W2038999742,1
W3119056701,1
W3048866143,1
W2560461345,1
W2592692991,1
W4301785338,1
W2085643148,1
W2032684666,1
W2102594407,1
W2924938870,1
W3170751920,1
W2954206704,1
W2033260055,1
W4300462122,1
W2253046829,1
W3088414525,1
W2141529881,1
W2019699866,1
W2947567953,1
W4210610209,1
W2103665909,1
W3132374643,1
W3155122742,1
W6703050221,1
W2149264487,1
W4400902944,1
W6637348954,1
W3012186301,1
W6775421030,1
W6615792913,1
W2088029788,1
W2085026057,1
W3122859888,1
W2728191764,1
W2561369310,1
W3124433827,1
W1504361108,1
W2174502990,1
W2078993558,1
W2042563896,1
W2056698817,1
W6999992401,1
W2058450899,1
W4312918557,1
W4318948403,1
W4225001693,1
W2900710469,1
W1994507008,1
W2048944314,1
W2605317001,1
W3030332332,1
W3093382274,1
W6766721997,1
W3015888402,1
W2091068477,1
W4299639446,1
W4235018790,1
W2911627387,1
W2333043347,1
W4229671821,1
W6870324098,1
W4225271812,1
W6851925490,1
W4285742077,1
W6772562136,1
W2890739253,1
W4292466921,1
W2950091196,1
W4366725146,1
W2510720340,1
W1494416504,1
W2737226905,1
W6678460920,1
W3040102587,1
W2139345294,1
W2055590472,1
W1536723723,1
W4241335902,1
W3119017482,1
W1585145906,1
W2901511592,1
W3038656035,1
W4239920512,1
W2144846758,1
W3109410822,1
W3110205454,1
W3045099581,1
W2672993430,1
W2022572725,1
W2997726935,1
W2289330993,1
W2415363355,1
W1507597201,1
W2075107167,1
W2754250134,1
W2168007777,1
W2529157628,1
W2489526213,1
W4409038296,1
W2000794094,1
W4205609242,1
W3002543821,1
W3001518114,1
W2109308461,1
W2898877382,1
W1998789259,1
W1989836612,1
W1558828271,1
W3082760957,1
W2808927757,1
W2074737965,1
W4220878494,1
W6683069688,1
W605593526,1
W2129385334,1
W4317623426,1
W1586187912,1
W1979981979,1
W2104648787,1
W6744085527,1
W1959813583,1
W3010831243,1
W406005444,1
W276243264,1
W2064122588,1
W3208731840,1
W2887808228,1
W2767620388,1
W2026266507,1
W2977891684,1
W2080907093,1
W2273660705,1
W3047656168,1
W2051497213,1
W4280506107,1
W4232528854,1
W3196176049,1
W7027995948,1
W6600057417,1
W2138917087,1
W3017780935,1
W2022051215,1
W2101736928,1
W2547846453,1
W2782615825,1
W4220893817,1
W4379467045,1
W2063801866,1
W2981866324,1
W3004166893,1
W2795253547,1
W4225403218,1
W2481338934,1
W3159273643,1
W3011790643,1
W2981269966,1
W2125235026,1
W2141602647,1
W2302398833,1
W3017245920,1
W3179046472,1
W4298189487,1
W3027931597,1
W2104681108,1
W2507175164,1
W2775795095,1
W2965448311,1
W4210635974,1
W4234356048,1
W4400305249,1
W2138866482,1
W3082274149,1
W2040241060,1
W2762920285,1
W1998933571,1
W3206510151,1
W2165902766,1
W2892542822,1
W2039968814,1
W2116323140,1
W2754166363,1
W2016146705,1
W2565147088,1
W3110194737,1
W2968246777,1
W3184449991,1
W2399755153,1
W2086325363,1
W2548403749,1
W2997105297,1
W3045808828,1
W3171954900,1
W2095093938,1
W2399359325,1
W3097021535,1
W3101218019,1
W3005376779,1
W2590842089,1
W3087471587,1
W2163112883,1
W2138135548,1
W4295681642,1
W2010647607,1
W3034039253,1
W1908131837,1
W3147655398,1
W4282930383,1
W2132132228,1
W1977753324,1
W2170446050,1
W2511166729,1
W3011532946,1
W2103778140,1
W2095939435,1
W3001036411,1
W1588610010,1
W2067720781,1
W1924056263,1
W3201673997,1
W1984009427,1
W2425231553,1
W2955463205,1
W4407420902,1
W2912602711,1
W2041747189,1
W2144181824,1
W1982485143,1
W2398405403,1
W2121157358,1
W2797160374,1
W4319462045,1
W2487279212,1
W2528924313,1
W6763004007,1
W2605344441,1
W6736285808,1
W3142719242,1
W6798333545,1
W2202322071,1
W4402581570,1
W4386656837,1
W4392169151,1
W1974019037,1
W3012195446,1
W2185937525,1
W4226303985,1
W2810807812,1
W4387421721,1
W2974449718,1
W2109835773,1
W1793389802,1
W3091231177,1
W2095745334,1
W4205709060,1
W3189163650,1
W4211001382,1
W3009747008,1
W4387780653,1
W4393045293,1
W2083995756,1
W2025635200,1
W3010711285,1
W2338695869,1
W2964694116,1
W4313027762,1
W4206527774,1
W3198945926,1
W4401863242,1
W4309232211,1
W3121557236,1
W4399259412,1
W4207020756,1
W2620842994,1
W4226468233,1
W2090056738,1
W4403128041,1
W2168307999,1
W1514571346,1
W6630731050,1
W3194053188,1
W2601225262,1
W2586769758,1
W3123357919,1
W2954388897,1
W4313334379,1
W2064082345,1
W4402990097,1
W4403734617,1
W2070042835,1
W4242154221,1
W4395483902,1
W3213493837,1
W2897926874,1
W4366691584,1
W6750140099,1
W3104130183,1
W4302275963,1
W3088818428,1
W4388738447,1
W4310190384,1
W2912433379,1
W4388519852,1
W3110724713,1
W1978733850,1
W4288436418,1
W4388169048,1
W3209774578,1
W2074768986,1
W2145370018,1
W2947934572,1
W2547565715,1
W1972153781,1
W4251264967,1
W2820721328,1
W2151432963,1
W4379053841,1
W4317434631,1
W4210521191,1
W3042946143,1
W2107446437,1
W6758045737,1
W3027301249,1
W2951189947,1
W4318305509,1
W6755916349,1
W2966352156,1
W4362591117,1
W6849283071,1
W2996366183,1
W1995984331,1
W2809265713,1
W2534559424,1
W6602825755,1
W1581558870,1
W2758388910,1
W6629764346,1
W2030915370,1
W6737854010,1
W2326933197,1
W2084781120,1
W6682221134,1
W6633724138,1
W1898610025,1
W6634722424,1
W1497322494,1
W2084398551,1
W2060806362,1
W2763148304,1
W102374466,1
W4206641356,1
W71141615,1
W6671595106,1
W2949492650,1
W2073045528,1
W2029235197,1
W2159871434,1
W2178799435,1
W2908054057,1
W2163377035,1
W3174762189,1
W3121030511,1
W2135498674,1
W4220833981,1
W6725910461,1
W2078383010,1
W6685679735,1
W3200917312,1
W2966648902,1
W3046931780,1
W3092381931,1
W2510286180,1
W2171689018,1
W2995633662,1
W2143062300,1
W4385488405,1
W81105128,1
W2782235379,1
W2292813756,1
W4293747416,1
W1858707587,1
W1579847890,1
W2987193414,1
W2795361759,1
W2133098669,1
W3096296628,1
W2599622894,1
W1851740361,1
W1482988873,1
W2529355924,1
W3195776283,1
W2930675045,1
W2509542825,1
W2205928417,1
W4293576502,1
W2809125764,1
W2087672551,1
W2077958091,1
W2512393512,1
W2120079020,1
W4281995674,1
W4221084533,1
W6671784191,1
W4360608858,1
W3202775981,1
W3118533918,1
W4210872896,1
W4247370842,1
W3024607636,1
W2898189563,1
W6749374107,1
W4389055879,1
W2767456678,1
W4310700282,1
W2157026791,1
W4388977099,1
W6734351837,1
W2947583344,1
W3016080224,1
W3092565088,1
W3011773069,1
W3088255208,1
W2167066650,1
W2102330235,1
W2794294012,1
W2525370347,1
W3087700073,1
W2130435387,1
W2186404860,1
W2996476125,1
W4206522716,1
W3217092198,1
W2151421940,1
W2970134186,1
W2055362322,1
W640554353,1
W2904138036,1
W2297377350,1
W1969766670,1
W133513553,1
W1991316260,1
W2806333547,1
W1976401274,1
W3045866147,1
W3087110372,1
W1543445707,1
W2049459446,1
W2091720548,1
W2131596353,1
W2790221703,1
W2782778042,1
W1755327942,1
W2286186106,1
W2271412019,1
W4319233948,1
W2911552057,1
W3130423157,1
W3133899174,1
W4311477059,1
W4405031591,1
W4220898213,1
W2143354717,1
W4385980218,1
W4367171884,1
W4376644592,1
W4321600609,1
W4283725588,1
W2744001789,1
W2144951642,1
W2114094086,1
W2148542143,1
W2323290108,1
W4377103937,1
W1485738625,1
W2137319353,1
W4205754284,1
W4285585490,1
W4390495617,1
W4318473231,1
W4402322595,1
W4401482808,1
W4313679507,1
W4390487412,1
W4405233998,1
W4309629629,1
W4283711877,1
W1969917274,1
W2037006547,1
W3123465918,1
W137877097,1
W2023366259,1
W4210371427,1
W4220834037,1
W2947244921,1
W2799709527,1
W2237218827,1
W4400986281,1
W4280534299,1
W4389801225,1
W4386701015,1
W1998012006,1
W2119483337,1
W4393442779,1
W245393358,1
W4319789903,1
W3122113593,1
W2912372888,1
W4405483477,1
W2011369796,1
W2773627313,1
W4394881850,1
W2943704384,1
W3187440867,1
W4401615254,1
W3164550744,1
W4385976970,1
W2064454189,1
W3121797427,1
W4296716111,1
W4286880263,1
W2773930251,1
W4283816200,1
W2478425393,1
W253646976,1
W2031392253,1
W2123180161,1
W2585538287,1
W4200400721,1
W3185755821,1
W102090999,1
W2077575594,1
W2083484947,1
W4298087556,1
W6695796241,1
W6655976209,1
W2115941674,1
W4200371114,1
W3157467166,1
W4402149514,1
W2137195266,1
W4283791631,1
W4317042146,1
W4387707425,1
W2738681903,1
W2503446889,1
W2955007703,1
W52812438,1
W410896418,1
W4286251171,1
W1983736621,1
W2086545241,1
W4386510066,1
W2941291171,1
W4390942568,1
W4402996089,1
W4398562264,1
W4391465739,1
W2754206766,1
W4404484846,1
W4400072215,1
W4317434351,1
W2760497244,1
W6747368622,1
W2025663413,1
W2053335611,1
W2786716493,1
W6754665845,1
W2798084581,1
W2766166596,1
W3092499280,1
W6606577282,1
W2085415993,1
W2117150421,1
W2795987867,1
W2106537256,1
W6636112663,1
W2168912712,1
W2997853311,1
W3025091443,1
W6853657545,1
W2167406738,1
W3179247682,1
W6767711202,1
W6861714444,1
W6837224221,1
W2039814100,1
W4400859677,1
W4366983043,1
W4283692469,1
W2127161081,1
W3131368213,1
W4315703288,1
W2944197726,1
W3188602521,1
W2296706167,1
W4367693040,1
W3119541399,1
W1896295260,1
W2984566271,1
W4225279937,1
W2060998698,1
W2760087700,1
W207864486,1
W2405205060,1
W1874690516,1
W2910754521,1
W2768974623,1
W3021143415,1
W2170179774,1
W2024491306,1
W2055712032,1
W2940347365,1
W6772182038,1
W2024057389,1
W2622348772,1
W4361215794,1
W2897667116,1
W2156219299,1
W2045031487,1
W3010635623,1
W2277056561,1
W4252550701,1
W4324030268,1
W6668922143,1
W2915794115,1
W2808669065,1
W2507492744,1
W2785416003,1
W162917566,1
W1792271844,1
W6750653887,1
W2072004093,1
W2012523473,1
W6664796792,1
W1602464923,1
W4294295917,1
W6752365246,1
W3041151418,1
W2162992236,1
W2060220120,1
W6670805552,1
W2161348014,1
W2059173332,1
W6790090665,1
W2086091016,1
W2029023062,1
W6671712379,1
W7008509877,1
W6629986304,1
W3204544876,1
W6842942682,1
W6648556684,1
W2054982226,1
W6657811250,1
W2116904859,1
W2906302024,1
W1528146208,1
W2802499327,1
W4366699622,1
W6679089235,1
W3202169910,1
W2883504763,1
W2616434647,1
W2792010366,1
W2904643543,1
W3008071109,1
W4303685900,1
W3112390549,1
W4396706871,1
W2949092239,1
W6789847608,1
W1964181320,1
W2062882434,1
W6681987720,1
W2016178064,1
W4231387220,1
W6658154551,1
W6823589455,1
W1603710936,1
W2079404304,1
W3168969300,1
W2100541738,1
W4385691237,1
W3009742090,1
W2080120883,1
W3121048549,1
W2921086355,1
W3113475823,1
W4401231676,1
W2922005326,1
W4413577430,1
W1631751430,1
W2620128010,1
W2014154272,1
W3028091330,1
W2112657305,1
W2155710463,1
W2041230744,1
W4252447817,1
W4391529684,1
W2807471150,1
W4307660711,1
W6632299963,1
W2920989561,1
W2013778404,1
W3212595948,1
W4256422177,1
W4293591615,1
W2010114441,1
W4200115035,1
W2153580402,1
W2314309845,1
W4388902068,1
W6795042455,1
W3156779370,1
W4280603081,1
W3035317561,1
W3213611563,1
W1489517126,1
W2889371040,1
W4292824562,1
W2012953654,1
W2810631447,1
W2053738891,1
W4220806917,1
W4319005734,1
W2158216526,1
W4393270409,1
W1985679448,1
W2774841064,1
W4393950570,1
W3189623648,1
W4379353928,1
W4280497853,1
W1581352753,1
W2099629135,1
W1802322323,1
W1999414944,1
W1963770468,1
W2527440246,1
W2950040156,1
W2892472037,1
W1964821080,1
W4384344873,1
W2981088151,1
W2767258143,1
W2899293162,1
W3207562061,1
W2965014727,1
W1565623546,1
W4307429710,1
W3130273408,1
W2000244392,1
W1548332874,1
W3028086444,1
W2121455588,1
W4399453607,1
W4399577494,1
W4248107262,1
W1858901317,1
W2168616151,1
W4251947762,1
W4200084334,1
W3177826892,1
W2811071970,1
W2144560128,1
W3007376099,1
W2585022050,1
W2921072221,1
W4281772625,1
W4243344135,1
W6904911378,1
W2784056390,1
W2766298593,1
W4393228004,1
W4400737352,1
W4313591460,1
W2587242826,1
W1560729591,1
W2117012826,1
W2132741614,1
W2172054491,1
W4360866182,1
W2736649112,1
W2879848695,1
W2025653942,1
W2096522065,1
W2802606642,1
W3123366097,1
W4229049629,1
W2766839875,1
W3199984279,1
W2590666983,1
W2093609250,1
W1967186445,1
W2920693695,1
W2031124239,1
W1499252764,1
W4367682375,1
W4312417666,1
W4392029526,1
W3131395737,1
W4400511849,1
W2468968837,1
W2053516193,1
W2477902079,1
W2079109684,1
W3029349816,1
W2890082534,1
W2808986508,1
W2045244425,1
W2010186128,1
W2588028366,1
W2489566999,1
W4226027230,1
W2165664560,1
W4321379113,1
W2153777745,1
W4388233165,1
W2044069756,1
W4362522113,1
W2827902231,1
W4379930810,1
W2915432360,1
W2148700651,1
W2768919196,1
W2791214061,1
W1983570167,1
W2067672266,1
W2131462268,1
W2931874158,1
W2057247238,1
W3000078509,1
W1964735707,1
W1971791682,1
W3161217202,1
W2061132009,1
W1974403517,1
W6744943667,1
W3199709160,1
W2099497145,1
W2143662499,1
W1224822351,1
W2074328992,1
W2083057529,1
W1964935810,1
W3156033790,1
W3171193886,1
W4324130301,1
W4386089069,1
W7033316086,1
W4224106141,1
W2019749736,1
W2065159982,1
W2520580545,1
W2025484360,1
W2914721755,1
W4251368032,1
W2953221578,1
W2749348299,1
W2613175112,1
W2054317102,1
W4323347916,1
W2625931771,1
W3191103984,1
W2292172097,1
W4396783337,1
W4205238128,1
W2003724124,1
W2548842344,1
W4289262141,1
W4289782646,1
W1965472600,1
W2081842021,1
W2969556335,1
W4391508218,1
W2903077536,1
W2153244256,1
W2152803686,1
W4229458421,1
W1858030536,1
W2157973258,1
W2387022250,1
W2031644331,1
W2049251069,1
W2473265572,1
W3121652528,1
W3034873087,1
W2794258525,1
W4304144221,1
W2785045897,1
W2996584317,1
W2345684849,1
W2762687326,1
W3006822087,1
W1616305286,1
W2166879488,1
W3128893022,1
W6721271164,1
W2616731789,1
W2152578567,1
W4280631200,1
W1986406019,1
W2098972373,1
W2048939607,1
W2728177298,1
W2529658044,1
W4310335101,1
W4401334214,1
W1937810361,1
W3086806595,1
W2530289260,1
W2167612461,1
W4393279721,1
W3119142941,1
W4394681533,1
W3005177349,1
W2076699559,1
W6860074363,1
W3175998072,1
W3153125100,1
W6795744041,1
W2071169991,1
W6719016384,1
W6847625176,1
W3044888685,1
W6795407068,1
W4327811305,1
W2955619970,1
W6607416894,1
W4362469565,1
W4362700725,1
W2911597296,1
W2810704796,1
W1970185664,1
W2068718694,1
W4214840218,1
W4401462567,1
W2464628842,1
W2510252135,1
W4200023430,1
W2154617922,1
W2907887400,1
W2806350022,1
W1590286476,1
W4241479515,1
W4313363951,1
W4394873053,1
W4241702884,1
W2130649333,1
W2096076228,1
W3181798611,1
W2343313711,1
W4280574162,1
W2026403390,1
W3127515235,1
W2159093059,1
W3112331543,1
W2226656833,1
W1579461316,1
W4300860716,1
W4205771472,1
W2059395782,1
W2604325301,1
W2995584823,1
W2035175933,1
W4302025103,1
W2902601257,1
W3217558995,1
W2041339911,1
W2760704851,1
W1987004644,1
W3182690825,1
W2133745832,1
W2464942160,1
W3181355478,1
W3113985563,1
W3164486763,1
W4296034637,1
W2471972011,1
W2129573808,1
W2118053306,1
W2058082637,1
W3020236348,1
W2067708941,1
W2971445208,1
W3091618408,1
W3024316691,1
W2108738598,1
W4362718785,1
W2987783728,1
W4388982673,1
W3120241654,1
W4403763571,1
W6851927659,1
W4280606062,1
W4221015854,1
W4313650756,1
W2080994524,1
W6749565731,1
W4220964963,1
W3141088342,1
W3206557941,1
W4404379288,1
W2097548034,1
W2110165031,1
W1688304374,1
W114929610,1
W2039266427,1
W3174509543,1
W3179071461,1
W2116337449,1
W2964428410,1
W54412580,1
W2904078704,1
W2531595198,1
W2031495746,1
W2301165680,1
W3159658927,1
W2016037146,1
W6697619507,1
W2189541598,1
W2791977379,1
W4389979883,1
W4294884677,1
W2034139068,1
W2828075311,1
W4205241756,1
W2153612992,1
W2078699285,1
W2036096248,1
W2883082179,1
W2162660365,1
W1996585988,1
W2152923650,1
W2518623092,1
W2053350111,1
W4390270689,1
W2805643088,1
W3103956654,1
W2948957517,1
W3047013238,1
W4385748282,1
W1973889801,1
W1952172570,1
W2073189789,1
W6655176955,1
W3012535838,1
W1919405701,1
W2016051835,1
W3033604250,1
W3087990214,1
W2775629821,1
W3136622702,1
W3069665762,1
W4308858392,1
W3093662064,1
W2323580017,1
W2994019041,1
W2889870023,1
W4231159986,1
W2588243925,1
W2738248914,1
W4387494005,1
W2109387850,1
W4386466627,1
W4391349022,1
W4393204722,1
W2136844335,1
W3144895434,1
W2753613850,1
W2909784470,1
W4384197592,1
W4232581044,1
W2029922263,1
W2952480066,1
W3105539462,1
W3160776979,1
W3157346013,1
W4285045971,1
W2574135390,1
W4396655764,1
W2915857642,1
W3004824430,1
W3137182646,1
W2968408999,1
W2996180485,1
W4389141775,1
W110722186,1
W2924301109,1
W4317214859,1
W2949669715,1
W4221084169,1
W2161175062,1
W3010678413,1
W2462797431,1
W3164844978,1
W3005239446,1
W2909729347,1
W2029362642,1
W3211708756,1
W2991048570,1
W3211478159,1
W2915133678,1
W2883013011,1
W4289840669,1
W2046766207,1
W1878794724,1
W2981337424,1
W4212828036,1
W2071962570,1
W4389737649,1
W3016146844,1
W2441069419,1
W4224051571,1
W2974082739,1
W2475378065,1
W3215896231,1
W2887383763,1
W2087487164,1
W2794465468,1
W2978826000,1
W3007853882,1
W3204229045,1
W3017564333,1
W3137863155,1
W1957387065,1
W2143024685,1
W3121254970,1
W2108533793,1
W3119577692,1
W3133787211,1
W2899471050,1
W3204937102,1
W4362471624,1
W4401634999,1
W4401333884,1
W4220952716,1
W3026788181,1
W3152481308,1
W4366823932,1
W3089009864,1
W3083739332,1
W2973217957,1
W2992780831,1
W2910156352,1
W4309603719,1
W3025846889,1
W3167395458,1
W2946181839,1
W3190701086,1
W3182822729,1
W2954650928,1
W2353892682,1
W2141912729,1
W2559940314,1
W2126980101,1
W3034245077,1
W3093855023,1
W2113518651,1
W4313458765,1
W3038674001,1
W3106557839,1
W2073104443,1
W6642382196,1
W2554450964,1
W2028780962,1
W2032228748,1
W1999416840,1
W3040059012,1
W4406038743,1
W3159481760,1
W6930039690,1
W571147078,1
W7047945982,1
W2947770535,1
W3034886034,1
W2958035139,1
W4364370078,1
W3198469010,1
W4220687227,1
W4321793605,1
W3042470891,1
W2922159450,1
W3205779276,1
W4405721353,1
W2948824650,1
W4297235986,1
W3000860815,1
W3130156599,1
W2971327176,1
W2773478070,1
W2151661766,1
W3204466702,1
W4404216729,1
W2995240923,1
W3120883226,1
W6629783768,1
W3013984585,1
W4310213184,1
W3080127368,1
W4396567757,1
W4400799782,1
W2982440203,1
W2981618459,1
W3039116734,1
W4322775345,1
W4390546339,1
W4224257950,1
W2903331214,1
W4396667527,1
W2909021350,1
W3014750679,1
W4398757175,1
W3045317583,1
W3112594898,1
W2885032378,1
W2998994274,1
W4311042195,1
W4386084881,1
W2144073688,1
W4385478531,1
W4288517785,1
W4206106284,1
W4287377103,1
W3083284831,1
W4383710833,1
W4242839358,1
W4380051804,1
W3082692522,1
W2898809232,1
W3203207730,1
W4379197122,1
W6752354428,1
W4254369482,1
W2795965769,1
W2466897490,1
W2123162799,1
W3134694337,1
W2101049618,1
W3138106125,1
W2544731948,1
W2737489340,1
W2165731251,1
W2968650060,1
W2060769276,1
W2466165381,1
W2032712358,1
W2997770809,1
W168548545,1
W2778089445,1
W2031041746,1
W2055505621,1
W2166298434,1
W2088748773,1
W7138874769,1
W2166122059,1
W2783127432,1
W2686867303,1
W4317434770,1
W4307845500,1
W4285092335,1
W2125547737,1
W2735142795,1
W3093828040,1
W4224239384,1
W6681528810,1
W3185214583,1
W2950197636,1
W2955377298,1
W3089962160,1
W4391132401,1
W2131624435,1
W2403160433,1
W3163747873,1
W4393032893,1
W3106815669,1
W6756303777,1
W4288808728,1
W2497560875,1
W2900951568,1
W3158484453,1
W3186555071,1
W2888470228,1
W2990805355,1
W4392582751,1
W4284960642,1
W3185642618,1
W4214643476,1
W3198416211,1
W4303446423,1
W4381596762,1
W2130990539,1
W2931198101,1
W4299910277,1
W4366082776,1
W4386592036,1
W3088510095,1
W6636964740,1
W6806856572,1
W6842467065,1
W3095024197,1
W2917846503,1
W3022826384,1
W2149375809,1
W4392871987,1
W2885765269,1
W2117373983,1
W3120787790,1
W2791379234,1
W3194971311,1
W2085112284,1
W4378515734,1
W2061475419,1
W2064590206,1
W6846253536,1
W6862529032,1
W2807922290,1
W2048517557,1
W110636908,1
W2891084728,1
W172006112,1
W2129072523,1
W2623122931,1
W6610582761,1
W6770862505,1
W6780156642,1
W2578951653,1
W6804121863,1
W2162109160,1
W2980651593,1
W2883074329,1
W2168194221,1
W6606993237,1
W4249876668,1
W3045992443,1
W6683808527,1
W2580483797,1
W2300783011,1
W3023735911,1
W2111120958,1
W2908741563,1
W4301826656,1
W3150642647,1
W6639938518,1
W4377086619,1
W6789722335,1
W7073792637,1
W2592647417,1
W4297182727,1
W2481769138,1
W3044443532,1
W2136729150,1
W122738151,1
W4206704123,1
W2766590219,1
W2783813757,1
W2117249928,1
W2103295541,1
W2134563707,1
W4392354722,1
W4307106779,1
W2169079626,1
W3016768376,1
W4366091824,1
W3012710649,1
W2950336243,1
W3087598434,1
W3178541516,1
W2606572181,1
W4221037529,1
W2008016348,1
W4361215961,1
W2985680294,1
W4385322772,1
W4378619388,1
W3196539609,1
W2597775634,1
W2009243320,1
W4389180664,1
W1850541179,1
W602681897,1
W3123940124,1
W1655203505,1
W2138025804,1
W2085485552,1
W2947920467,1
W3124317749,1
W2618141395,1
W4293218896,1
W2109112888,1
W2168759906,1
W198674991,1
W2078860872,1
W2746464756,1
W2093994500,1
W2345360038,1
W3142411867,1
W1942502040,1
W2052064491,1
W4206493617,1
W2121394189,1
W2128279205,1
W3128105209,1
W4225643569,1
W3169118355,1
W4213199157,1
W3211929205,1
W2908179109,1
W6676053861,1
W2994992719,1
W3044224146,1
W2065800536,1
W3048363961,1
W2141656645,1
W2890649429,1
W2770115237,1
W1967502910,1
W2734938500,1
W3087039085,1
W4224245287,1
W1535227032,1
W1675065135,1
W2166789068,1
W4230000677,1
W3092213576,1
W2130264014,1
W3125421844,1
W3092086268,1
W2082517482,1
W206175423,1
W4236301267,1
W3125500289,1
W4200472024,1
W3123060301,1
W3215624925,1
W4235375713,1
W2087867519,1
W3017985416,1
W3036829263,1
W2789553693,1
W1833773045,1
W618958753,1
W4292966126,1
W3121547363,1
W3126672278,1
W2345880934,1
W3023775832,1
W4249784450,1
W3144189232,1
W4200410344,1
W1972991952,1
W2346984154,1
W2008200750,1
W2034298799,1
W3099613698,1
W2109683413,1
W3023084351,1
W2977785531,1
W3124631269,1
W3157144226,1
W4230228350,1
W3002847303,1
W2585579783,1
W3111983898,1
W2050676639,1
W2077112282,1
W2915739541,1
W4393992872,1
W4327724192,1
W2402993623,1
W4297682688,1
W2064832148,1
W2591007805,1
W4292242570,1
W3125960586,1
W575933316,1
W2554218969,1
W2972611968,1
W1987362520,1
W1022073408,1
W3147348757,1
W2984078042,1
W2021593215,1
W2015019618,1
W3165450851,1
W4377044070,1
W2029271435,1
W2106188008,1
W2020911490,1
W2152510535,1
W3130356557,1
W2610245475,1
W2802377141,1
W1988182991,1
W2158809385,1
W2017320893,1
W2116536643,1
W2030670712,1
W2795290938,1
W7037302193,1
W2888011456,1
W3138775740,1
W4403475220,1
W4285203909,1
W2766030046,1
W2983073293,1
W2138243933,1
W4224130078,1
W4392705505,1
W4319843361,1
W2614465184,1
W1982433262,1
W2969775057,1
W2922064706,1
W4295073589,1
W4403961008,1
W3137559700,1
W2187668060,1
W4396959779,1
W4293241248,1
W3123209193,1
W2727420541,1
W1908758654,1
W2519826403,1
W2747931062,1
W2766654964,1
W1967735683,1
W2551234371,1
W3034916246,1
W2106969535,1
W2553657397,1
W4401949316,1
W4401698736,1
W6790817959,1
W2012761579,1
W4387426189,1
W6863139588,1
W2329491695,1
W2050621173,1
W6713282864,1
W2136962818,1
W4225705962,1
W4223436404,1
W4379651095,1
W3006405197,1
W4388793490,1
W4235397554,1
W2890658131,1
W6766453556,1
W6604715103,1
W4406939821,1
W2589419687,1
W4231496654,1
W4281666874,1
W3168174069,1
W6743555804,1
W3099682630,1
W4220953877,1
W2989996106,1
W2272872027,1
W2155022231,1
W2172025911,1
W4319779839,1
W6675003305,1
W4388487178,1
W4310873604,1
W2768290852,1
W2747463145,1
W2048913989,1
W4313477136,1
W1865812232,1
W4310874018,1
W2123346002,1
W6756770508,1
W2185114445,1
W2783060859,1
W6767611647,1
W6676838057,1
W4242587393,1
W117720252,1
W4252014798,1
W2750169109,1
W2978565238,1
W6686150486,1
W2903099346,1
W2922144196,1
W2095569416,1
W3124743783,1
W2763103160,1
W4281621033,1
W2805155030,1
W2888924851,1
W2040128470,1
W4381716703,1
W2806992509,1
W3037422153,1
W2290047736,1
W4390941830,1
W2900263813,1
W3008685514,1
W3006949069,1
W3005407742,1
W2384835045,1
W4310530313,1
W2036243358,1
W4235877087,1
W2117635915,1
W1970906013,1
W3123191203,1
W2002925692,1
W2018407318,1
W2090849644,1
W2892006111,1
W3147252851,1
W2024799482,1
W2108446460,1
W3215256724,1
W2044542046,1
W2024005323,1
W2968571680,1
W2964201283,1
W1980882767,1
W2894300003,1
W2581029168,1
W2085894154,1
W2919897771,1
W2991226751,1
W3137620785,1
W2588183451,1
W3117541478,1
W3164486495,1
W2919941448,1
W3092098884,1
W2740874741,1
W2769351826,1
W3134049847,1
W2155152688,1
W2944295219,1
W2111492243,1
W3040339070,1
W1965395446,1
W2121299385,1
W2929214896,1
W2160180972,1
W2170552938,1
W3048228762,1
W2079782516,1
W124385058,1
W1511097203,1
W6715669969,1
W2130548761,1
W3012942528,1
W2060176258,1
W6679412700,1
W2346339977,1
W2914937580,1
W2063453228,1
W2889267688,1
W6685013773,1
W6802676816,1
W2907898442,1
W2123959451,1
W2782837275,1
W3178974784,1
W4319460859,1
W2385690228,1
W2794676737,1
W1934876896,1
W2494359231,1
W3003253795,1
W2129047078,1
W1965249498,1
W2593380977,1
W3139093166,1
W2048771920,1
W1995153115,1
W3199272885,1
W2521898550,1
W3193315718,1
W2012381057,1
W4366524570,1
W2780452938,1
W1541065195,1
W1804167848,1
W2998484023,1
W3033162756,1
W4280535320,1
W2905301675,1
W3038034618,1
W4254761943,1
W4404287307,1
W578466430,1
W2896254170,1
W4310598006,1
W4223954571,1
W1495013633,1
W2963635322,1
W4304086172,1
W2946529104,1
W1576319182,1
W2271643717,1
W1986714427,1
W1999008425,1
W2129249268,1
W1551263158,1
W2914349163,1
W2050324760,1
W6763298063,1
W2979498043,1
W2597131606,1
W4401176926,1
W4210423668,1
W4401995143,1
W3075050981,1
W3124953761,1
W1569046610,1
W4399887836,1
W4210567747,1
W4402653952,1
W2803723329,1
W2613460691,1
W4386476016,1
W2975320458,1
W4392774372,1
W4243177628,1
W4388001156,1
W4381336815,1
W2808106422,1
W4242250040,1
W3184375505,1
W2049315825,1
W2735070501,1
W2309139110,1
W1973793901,1
W2106466051,1
W3024310168,1
W2001529817,1
W2606114487,1
W3127466377,1
W3199860366,1
W2141159107,1
W2076102246,1
W2178956025,1
W2136808296,1
W2564349466,1
W2739425927,1
W104830175,1
W2792368257,1
W2892387255,1
W4383226024,1
W4366985436,1
W4387463915,1
W4391789184,1
W4390480670,1
W4220970187,1
W4389980814,1
W2157937036,1
W4317213930,1
W3139106917,1
W2518282759,1
W2536754005,1
W4206457002,1
W4400992938,1
W1967040875,1
W4327615386,1
W4381613407,1
W2985483763,1
W2190940690,1
W4212913991,1
W4389704348,1
W4391829178,1
W2953581828,1
W4396568194,1
W2106213230,1
W3125384355,1
W4376613979,1
W4376648336,1
W4399910709,1
W4318541251,1
W3213800663,1
W2799329299,1
W4226108681,1
W4221020288,1
W2397110497,1
W2587425508,1
W4380854491,1
W3156264934,1
W3111919828,1
W3186227290,1
W4389990178,1
W2306745356,1
W4220802639,1
W2805155567,1
W2952372792,1
W4311399096,1
W3041705494,1
W4319984998,1
W2310609024,1
W2972926796,1
W2000860727,1
W3005660300,1
W3130355778,1
W2299940200,1
W2148628147,1
W2789141591,1
W2902910125,1
W2164132840,1
W2095236874,1
W6853204177,1
W2031215450,1
W4400738824,1
W2461023845,1
W3045076802,1
W3112298362,1
W2116306665,1
W2739141681,1
W3176287405,1
W1512913565,1
W3015727060,1
W3026619687,1
W2122790226,1
W3047493740,1
W2062764576,1
W2902867119,1
W2044015292,1
W2063095802,1
W2026182357,1
W3083561574,1
W2951217781,1
W2137581174,1
W3175319737,1
W4211097225,1
W4233095491,1
W4385282640,1
W2191062907,1
W2809504037,1
W4254300215,1
W3036318564,1
W4308616421,1
W4224300925,1
W4377192308,1
W2159743120,1
W2898084133,1
W3034825795,1
W2886080192,1
W4200066631,1
W4394984012,1
W2967973304,1
W2842716614,1
W2965925575,1
W3173585070,1
W4311575655,1
W2790706219,1
W3214314854,1
W1566599962,1
W4392720544,1
W4388871172,1
W3129437528,1
W2023970026,1
W3094293860,1
W2945877874,1
W16309552,1
W2092206423,1
W2902117381,1
W4289537125,1
W3200396654,1
W4471378,1
W3188927034,1
W2019837960,1
W3159713567,1
W3022639917,1
W3108731387,1
W2750995450,1
W1566006885,1
W2777317353,1
W3130089988,1
W3008509379,1
W2902868537,1
W2093070014,1
W4296025726,1
W2068374682,1
W2112868766,1
W2892988679,1
W4290652876,1
W2898346645,1
W4300688571,1
W3208034092,1
W4230152046,1
W2617581423,1
W2886333327,1
W2609194368,1
W197106486,1
W3122735122,1
W2893073171,1
W4297361601,1
W2999249115,1
W1982391838,1
W4388217074,1
W2889152681,1
W2791020847,1
W2936193657,1
W4323031874,1
W2460223229,1
W2091117904,1
W4384197118,1
W2585177554,1
W2167670743,1
W2123540834,1
W3203445074,1
W2120768624,1
W2079369363,1
W3214914227,1
W2918803642,1
W2132571705,1
W4296706654,1
W2837258019,1
W4309349323,1
W2142192018,1
W6810666996,1
W4226241924,1
W2143219402,1
W2783044334,1
W2464016379,1
W2621060818,1
W2096255578,1
W2030689064,1
W2091475372,1
W3097679301,1
W3102354001,1
W4229022395,1
W6853335728,1
W6737664538,1
W2972960140,1
W3128418106,1
W2573515209,1
W2908382073,1
W2054733510,1
W2129963705,1
W4237936487,1
W2051606944,1
W2004728809,1
W2929411792,1
W3017512041,1
W4210351340,1
W1999633953,1
W2612917871,1
W2801899866,1
W2165879234,1
W2243996133,1
W2898754746,1
W1986486185,1
W2107299871,1
W2553540021,1
W1914904200,1
W4317797532,1
W4230479580,1
W4318243954,1
W4289523835,1
W2079976804,1
W3116008021,1
W4391319550,1
W3020410606,1
W3159917931,1
W2955886651,1
W2139090321,1
W2488588872,1
W2789586881,1
W2040946514,1
W2736255997,1
W3207125894,1
W4382011352,1
W4234143043,1
W3186672426,1
W2899123316,1
W6687817913,1
W4245943389,1
W2313894824,1
W2999993870,1
W6941230051,1
W2522371873,1
W2110418484,1
W2912586448,1
W3169610437,1
W2760889384,1
W4382727756,1
W3157218996,1
W2948590734,1
W2754725540,1
W2907815516,1
W2756030014,1
W4386010705,1
W2784268328,1
W4381510980,1
W2753603515,1
W2332953250,1
W4386629970,1
W3202902309,1
W2492917444,1
W2921527591,1
W2883207415,1
W4200518974,1
W2901933828,1
W4206935531,1
W2769683458,1
W4321225479,1
W2998062694,1
W2947414328,1
W3061407427,1
W2946656895,1
W3181731598,1
W2622435757,1
W2546656681,1
W2593993521,1
W2979762322,1
W4236983832,1
W2312786640,1
W3200131300,1
W2893048619,1
W4387141166,1
W2919703838,1
W2333932506,1
W4391746906,1
W2529939172,1
W4385295808,1
W2128783507,1
W3013673067,1
W2911516091,1
W2467340258,1
W2168230540,1
W4313437762,1
W3091646983,1
W2620657405,1
W2626237599,1
W4361875803,1
W3009227332,1
W2923485653,1
W4210456424,1
W2990007587,1
W2557074756,1
W3196394367,1
W4310023090,1
W4225296485,1
W4380519529,1
W2166570738,1
W4400046041,1
W2770339913,1
W4383000862,1
W4285505699,1
W4377028196,1
W2273994531,1
W2964390058,1
W3186591303,1
W4307405799,1
W4389478502,1
W4389541931,1
W2911924475,1
W2080209171,1
W3020948399,1
W4285403920,1
W2210027503,1
W2808533579,1
W1903744504,1
W4387001953,1
W3091168696,1
W2018040008,1
W3177580424,1
W4206146746,1
W3009911935,1
W2944834771,1
W2145346460,1
W4282830501,1
W4372338256,1
W2119660085,1
W2167313647,1
W4238805501,1
W1959058091,1
W2117371169,1
W3002577457,1
W2592950173,1
W2260985867,1
W2170459910,1
W2934223931,1
W2027202747,1
W2021430803,1
W4295807325,1
W4379053546,1
W4311491884,1
W1901074109,1
W6715737850,1
W1964428372,1
W2093923681,1
W2414659707,1
W2083816972,1
W2414250272,1
W2595260576,1
W2121916376,1
W2802203356,1
W2101511862,1
W4220938281,1
W2607469252,1
W4315649467,1
W2281985683,1
W1596182949,1
W2916905303,1
W4387531134,1
W1969212212,1
W2122060671,1
W3174923144,1
W6608620676,1
W2017722805,1
W4391751492,1
W4289638298,1
W2523001944,1
W6692796613,1
W2823335847,1
W2097127822,1
W2410863268,1
W4210891512,1
W2886886122,1
W2790887288,1
W2907143313,1
W2051731330,1
W6687941505,1
W3121318243,1
W2100587346,1
W4388896352,1
W3127447021,1
W2329236731,1
W4308825553,1
W3098786900,1
W2180722343,1
W1973653826,1
W4241964765,1
W4280584936,1
W4383217821,1
W2069159633,1
W2151561401,1
W3122787169,1
W3134537969,1
W3005713779,1
W6690653143,1
W2802017665,1
W4225524137,1
W6772607777,1
W2046375937,1
W6739278526,1
W4296799597,1
W2898778864,1
W4403657526,1
W4401825248,1
W3132615986,1
W3191732024,1
W6790136837,1
W3111517682,1
W4285798564,1
W2334154113,1
W4294628305,1
W4389160974,1
W3045402199,1
W2969651969,1
W2324193748,1
W4232226401,1
W4308289267,1
W4389472194,1
W6940724268,1
W2016160438,1
W1722370073,1
W4293833981,1
W2168385777,1
W2080223787,1
W3092224433,1
W2147801004,1
W3197483334,1
W2913019979,1
W2015988468,1
W3017588549,1
W4294124603,1
W3041696969,1
W2896104694,1
W2253587700,1
W2756788861,1
W4206121249,1
W3129504958,1
W2982241607,1
W4385280587,1
W2795285793,1
W2038673349,1
W3111170368,1
W2169150420,1
W2766907186,1
W122272942,1
W3107523442,1
W3195956443,1
W2947633495,1
W2035025074,1
W2084319173,1
W1520690232,1
W2792280305,1
W2203899836,1
W4386828802,1
W4372294552,1
W3123566129,1
W4327590939,1
W6631557640,1
W3125302965,1
W6792181485,1
W2259569554,1
W6633033335,1
W1969911048,1
W2064509746,1
W1958648563,1
W4242954286,1
W4405769704,1
W4404234098,1
W4297776511,1
W3110271092,1
W6786608174,1
W2896865480,1
W6870872876,1
W3119671618,1
W2148623437,1
W3133898151,1
W4400598316,1
W4200257039,1
W4383695015,1
W2336109468,1
W2623881313,1
W6767964541,1
W1986551732,1
W3049375500,1
W1530172293,1
W4289838604,1
W3034743246,1
W3169407429,1
W1980942241,1
W2380417364,1
W2022746126,1
W3207940007,1
W2745976675,1
W4297387584,1
W3121444961,1
W2889499462,1
W4400112095,1
W4409559414,1
W4409269839,1
W4412636628,1
W4385415458,1
W4401037078,1
W3133068959,1
W2962984261,1
W2134724120,1
W2898414060,1
W1863624429,1
W2809881132,1
W2518103922,1
W2148480029,1
W4282037728,1
W2163737854,1
W4214754838,1
W2061829943,1
W2039690763,1
W3116918668,1
W4400874089,1
W4327967862,1
W4251227402,1
W2972009880,1
W4396672557,1
W6892505169,1
W4252608075,1
W4412672492,1
W4200468526,1
W3196999455,1
W2904499372,1
W6694609667,1
W6689571202,1
W2290648252,1
W4318218766,1
W2030744232,1
W4387598947,1
W4404636395,1
W2969892713,1
W2020858697,1
W1899802703,1
W3120873927,1
W3146732790,1
W2941735845,1
W2130298802,1
W2946504778,1
W4382344214,1
W2600945132,1
W4380088158,1
W3106716241,1
W2152139345,1
W4224318204,1
W2253213976,1
W6848122273,1
W2199153962,1
W3122985574,1
W4295049486,1
W4311930532,1
W4385759828,1
W4280514738,1
W2754672704,1
W1923855339,1
W3144489365,1
W3186130847,1
W2969627978,1
W3193823764,1
W2178805465,1
W2129303710,1
W4317038908,1
W2971906840,1
W4297249063,1
W4392765184,1
W2926578789,1
W4312128911,1
W2903132101,1
W2114586331,1
W3153363338,1
W4318816231,1
W3084285408,1
W3178133130,1
W4389305230,1
W4380084547,1
W1805023940,1
W2072564622,1
W2602445570,1
W6695872815,1
W1590590250,1
W2185752892,1
W2285081914,1
W2316028073,1
W6638249630,1
W4294843973,1
W3197258259,1
W3135220147,1
W6792057568,1
W4281617356,1
W4387118504,1
W4308603374,1
W6782105344,1
W3018134756,1
W4200059315,1
W6686876579,1
W6810602132,1
W2077517740,1
W2588049523,1
W2896108656,1
W6786091755,1
W3126096622,1
W2002836575,1
W4390817314,1
W1995011547,1
W4391116290,1
W2897020200,1
W6838993824,1
W4200069064,1
W2017546740,1
W2013506230,1
W4232920689,1
W4284963713,1
W4387344391,1
W2897783451,1
W2115715061,1
W3139400346,1
W4400006508,1
W4388527355,1
W3159233128,1
W3173669402,1
W2142125000,1
W4220653931,1
W2102536697,1
W2103316868,1
W2161402654,1
W2081103473,1
W2791816793,1
W3164562535,1
W4316340190,1
W4388979790,1
W4390666813,1
W4386142020,1
W2953664621,1
W2995107794,1
W2199580449,1
W2004014822,1
W2080696239,1
W4225152047,1
W2984941291,1
W3081999921,1
W4378744931,1
W2059424469,1
W2031367983,1
W2969388716,1
W3186468784,1
W4387297111,1
W4391899231,1
W4320490138,1
W4285490150,1
W1963550555,1
W4401232342,1
W4391844216,1
W4399075189,1
W4385077140,1
W4367600515,1
W2974048772,1
W2026852397,1
W1756164802,1
W2102650015,1
W1974683481,1
W3102868106,1
W4307161944,1
W2163867457,1
W2094710432,1
W3037021011,1
W2788782181,1
W2258639182,1
W3082033375,1
W2259214877,1
W3148006809,1
W2021838730,1
W2799449427,1
W2512404208,1
W4385595925,1
W2496601852,1
W2783527577,1
W3009396940,1
W4378639856,1
W2337611556,1
W4401333201,1
W3157128969,1
W2145827122,1
W2170383489,1
W2030138696,1
W2088477804,1
W2763816141,1
W4231174949,1
W3123778313,1
W2158675787,1
W2736829733,1
W2143801717,1
W3081029034,1
W7019633904,1
W2966127270,1
W3088935937,1
W2591962183,1
W2063989701,1
W3039514257,1
W3008362288,1
W1585229448,1
W3002038118,1
W2948235553,1
W2615010047,1
W2319263429,1
W2908966383,1
W2916190274,1
W2023743179,1
W2153054970,1
W2971628050,1
W2129483417,1
W2803060781,1
W4309339516,1
W2893479704,1
W3022631259,1
W7028188391,1
W6604389382,1
W2491849061,1
W4362710292,1
W3125846403,1
W3094856348,1
W2145300366,1
W2987128535,1
W4308513881,1
W1995380619,1
W2750615195,1
W1987373680,1
W1991865795,1
W4291963961,1
W2121357407,1
W2147398002,1
W1978376859,1
W1894386470,1
W2133616206,1
W2990120731,1
W2098163983,1
W3180832740,1
W2789542135,1
W2085377003,1
W6732720785,1
W3128367817,1
W2181038221,1
W2759615586,1
W4248653013,1
W4384937103,1
W4200048872,1
W4360983064,1
W2159842440,1
W4389141889,1
W2613798345,1
W4286819820,1
W4321076741,1
W3156425747,1
W4206749999,1
W4281892839,1
W4291002120,1
W4294052425,1
W4303511536,1
W1452782063,1
W4293065493,1
W2143876041,1
W6856658913,1
W2890182776,1
W6744687822,1
W2141218628,1
W6600275753,1
W2143815327,1
W4386630193,1
W2757803884,1
W3024281384,1
W2735050634,1
W4400155857,1
W4234106400,1
W6879961,1
W2805249495,1
W6814729619,1
W2381413656,1
W2748213259,1
W6752135767,1
W6738344639,1
W6799932343,1
W3168474287,1
W1974583432,1
W2152318060,1
W1513574710,1
W2032370090,1
W45943138,1
W2618801414,1
W2044110885,1
W2314669880,1
W2054170327,1
W2116927442,1
W2044596556,1
W4309942212,1
W6792590518,1
W2599749275,1
W2165373023,1
W4401037189,1
W2135397632,1
W1570897097,1
W3191069856,1
W4253429119,1
W2126155986,1
W2056394552,1
W1973882297,1
W2125660275,1
W4388362041,1
W6987133529,1
W6779411051,1
W2333655813,1
W2147255366,1
W2747671736,1
W4255659084,1
W2276319162,1
W2110887054,1
W2046108506,1
W4238483310,1
W2148219776,1
W1527975604,1
W1978906194,1
W2283925765,1
W2145520874,1
W4388791021,1
W6689237702,1
W1810370060,1
W6603583199,1
W2230401965,1
W3103602634,1
W4366779197,1
W7051935415,1
W2242137476,1
W3197515756,1
W3216634619,1
W4387334674,1
W4235211439,1
W4231132258,1
W2067022845,1
W4309368146,1
W3124978499,1
W3202977625,1
W1977127730,1
W3183458096,1
W6800685772,1
W4225276552,1
W4367678086,1
W2765345630,1
W3138463385,1
W2954409839,1
W2099155870,1
W2333340626,1
W4206305486,1
W2015529304,1
W2018230462,1
W4396577893,1
W2135785083,1
W3017022264,1
W3157765743,1
W4231290711,1
W2550488875,1
W2741232874,1
W95588507,1
W3093975212,1
W4308768082,1
W4323533840,1
W4313466775,1
W1606618341,1
W6621273607,1
W4400382994,1
W2503798410,1
W2169668999,1
W2119953432,1
W2019347754,1
W1996968388,1
W2094833690,1
W2092401019,1
W2736656018,1
W1546296806,1
W2163006457,1
W1542339819,1
W2745899231,1
W3122492388,1
W4250915023,1
W2618584494,1
W2747396903,1
W4391881931,1
W3159737717,1
W4315472614,1
W3192417164,1
W4387128984,1
W2274375179,1
W4319825683,1
W2948961911,1
W4385417997,1
W3199421746,1
W4315640857,1
W2051106489,1
W4380089056,1
W6959650641,1
W2110869518,1
W1608391913,1
W359134762,1
W2996597775,1
W2626800770,1
W6830223681,1
W4367669492,1
W4290887514,1
W3120470422,1
W6729945651,1
W6797232334,1
W2067342499,1
W2260868327,1
W1970369207,1
W2066048276,1
W6631782257,1
W1819553985,1
W1517012835,1
W2071972904,1
W1549447203,1
W2064252123,1
W2071421369,1
W2423626861,1
W2994435855,1
W2949855520,1
W1562703792,1
W2078789144,1
W2148690887,1
W2908983136,1
W2604458452,1
W2050545075,1
W3119116371,1
W2190176698,1
W4283804383,1
W4284898224,1
W3142869421,1
W2603256724,1
W2407866234,1
W3206155146,1
W3160026590,1
W2083396915,1
W6604465585,1
W6713708107,1
W2898840584,1
W4390325140,1
W6854133972,1
W2891283943,1
W2919613191,1
W2953581757,1
W2981997235,1
W4256594067,1
W2614252651,1
W3014855180,1
W1598245794,1
W2142934439,1
W1973964948,1
W2108712160,1
W2900595516,1
W4223449672,1
W2407701701,1
W2625625371,1
W2951037531,1
W4300006923,1
W4246077074,1
W3104523752,1
W2962200422,1
W2099136864,1
W2315018471,1
W3015784556,1
W4393356993,1
W4319315031,1
W3014174215,1
W4388694490,1
W4391264234,1
W4392587952,1
W4387053174,1
W2504928064,1
W4388068333,1
W4386139031,1
W4386996669,1
W4393195843,1
W4366811156,1
W2901217160,1
W4386914766,1
W4387458479,1
W4390671210,1
W4388304700,1
W2886054132,1
W4390459614,1
W6621934677,1
W4281782213,1
W2146288845,1
W4306917687,1
W4406105450,1
W2064625385,1
W2110180019,1
W3035914573,1
W6668625823,1
W2094834485,1
W6605186309,1
W2443567239,1
W4251859756,1
W2091280087,1
W4293097284,1
W6718802848,1
W2310217906,1
W2422895071,1
W3000495106,1
W6611383217,1
W2991264254,1
W2922387387,1
W4226377529,1
W2982629347,1
W2174053180,1
W1562014980,1
W4362734029,1
W2110593397,1
W7001140189,1
W2052849026,1
W4412191354,1
W3121411908,1
W2066033564,1
W2896783683,1
W126908095,1
W2139364752,1
W1490045621,1
W2469820693,1
W1974154443,1
W4312224862,1
W2335391580,1
W4289783162,1
W4390272400,1
W2801421029,1
W3125000867,1
W2897512171,1
W2587645484,1
W4281616861,1
W4318714313,1
W2060643401,1
W4367349834,1
W4285608020,1
W3193403880,1
W2890981779,1
W4393025507,1
W2167643701,1
W4322500782,1
W2644445747,1
W4206959818,1
W6700594521,1
W2091595093,1
W2045353577,1
W2887332899,1
W3025379405,1
W3122584406,1
W2756210496,1
W2101951012,1
W2985333924,1
W4382681597,1
W1559008400,1
W2943326141,1
W2326189071,1
W2792103460,1
W2546259518,1
W2015342205,1
W2790560342,1
W2087228724,1
W7014540827,1
W2028004082,1
W2149916726,1
W4382776835,1
W1584703127,1
W2969909951,1
W2011940982,1
W2014903435,1
W3012607842,1
W1515282913,1
W4392926812,1
W3159109152,1
W4386253020,1
W2980254909,1
W2122839539,1
W3153505674,1
W2261059368,1
W3071548641,1
W4388637484,1
W4319989036,1
W2570821743,1
W4387119901,1
W4389479781,1
W4386879931,1
W4392864551,1
W4387806583,1
W4392457580,1
W4360946178,1
W3136401233,1
W3025111443,1
W3183522109,1
W3092689956,1
W3108297219,1
W3129275326,1
W3122173818,1
W195705887,1
W3011829798,1
W3185763378,1
W1975742130,1
W2131712380,1
W2902060816,1
W2148557038,1
W2066258100,1
W2094008071,1
W6621104187,1
W2123407767,1
W2984585873,1
W2125885951,1
W3124299257,1
W1493996708,1
W2053035049,1
W4248735792,1
W2188912016,1
W158244297,1
W2153804780,1
W4413852167,1
W2111445712,1
W1885844119,1
W4244486240,1
W2117772754,1
W640993743,1
W2316634500,1
W2002164017,1
W2161121814,1
W1949237957,1
W2021278128,1
W2188488708,1
W2917951224,1
W2151152699,1
W1513425316,1
W4302853952,1
W2226781140,1
W2329801804,1
W4232618109,1
W2043573899,1
W1977905080,1
W4389684617,1
W2046626514,1
W2065555285,1
W1536554503,1
W1986112398,1
W2339397860,1
W2416479355,1
W3123685911,1
W2022460013,1
W4252265714,1
W2063907671,1
W141169950,1
W2340205501,1
W2052654061,1
W2051395037,1
W2021238370,1
W1975766545,1
W2037336197,1
W2101907700,1
W1999597215,1
W2122598469,1
W1640086222,1
W2135965844,1
W2150562212,1
W2029274790,1
W2050033945,1
W2122611725,1
W2148233314,1
W2117462698,1
W3122802862,1
W1994222210,1
W2160453607,1
W1558644544,1
W2090318980,1
W2161792299,1
W2083958892,1
W4234542464,1
W2409866867,1
W2010221102,1
W2087036807,1
W2106038105,1
W2017282425,1
W2055052927,1
W2060977466,1
W1515996566,1
W2029708444,1
W1548949530,1
W1523688347,1
W1990052590,1
W2802686906,1
W2148122108,1
W2302434910,1
W1202002785,1
W2150212466,1
W1975305325,1
W4399408822,1
W643895685,1
W2094421584,1
W2163664999,1
W2024727834,1
W2170540774,1
W2964875964,1
W2146742069,1
W3121210656,1
W1821322055,1
W2084688604,1
W2063012344,1
W2133868729,1
W2169552471,1
W1545557929,1
W2017349284,1
W4239293599,1
W1480932993,1
W229476970,1
W1791262594,1
W2281024217,1
W2801652914,1
W2970140799,1
W1776473782,1
W1980155146,1
W1526052567,1
W2134612286,1
W2018254624,1
W1529834639,1
W6653817567,1
W2786741979,1
W4248681815,1
W2159492200,1
W1561577536,1
W2124983108,1
W2099599884,1
W2045656233,1
W6685905057,1
W1970614238,1
W2602158221,1
W377295446,1
W6874264,1
W1820865367,1
W2970200170,1
W2168085654,1
W2792467716,1
W2091209607,1
W1991215594,1
W6785528735,1
W2012405526,1
W3122365252,1
W3124429012,1
W1992186241,1
W3126061856,1
W2161976483,1
W7047933213,1
W403910266,1
W3142777947,1
W2188852184,1
W2891875252,1
W6657140743,1
W3126088640,1
W6681791765,1
W4398664579,1
W6748559977,1
W3125156328,1
W1983665614,1
W2270117523,1
W2035155123,1
W1968538166,1
W2075884078,1
W29351975,1
W2033434956,1
W2007714518,1
W2056105926,1
W1970156854,1
W2085004729,1
W2167730045,1
W2042138938,1
W2153513854,1
W2063243106,1
W2013817492,1
W2141794009,1
W2142816927,1
W2029741249,1
W2095915026,1
W2067135053,1
W2041557742,1
W2033413121,1
W2045147052,1
W2045333639,1
W2102567329,1
W2058077753,1
W1970599808,1
W2030491651,1
W2042891564,1
W2150935173,1
W168883868,1
W2213466407,1
W2183509790,1
W2039520970,1
W1540361121,1
W2128266265,1
W1983686131,1
W2292661480,1
W2188676922,1
W2000040518,1
W2623252037,1
W1969962248,1
W1987242608,1
W1976157985,1
W339333220,1
W1508589077,1
W169032313,1
W2027750053,1
W2059014533,1
W610062628,1
W2333766834,1
W3122447934,1
W4313022159,1
W2080520997,1
W2283678745,1
W177818418,1
W126771194,1
W2109680283,1
W2162235599,1
W2052152466,1
W2547496136,1
W4382236728,1
W44934640,1
W2152781298,1
W2414062629,1
W2551864178,1
W2402052113,1
W1995299403,1
W2028509748,1
W2468292347,1
W2587967674,1
W2266107119,1
W2137755876,1
W1993055046,1
W2315668992,1
W1542103187,1
W2160780272,1
W1990004288,1
W2917837889,1
W1980996064,1
W2132496294,1
W2120357482,1
W1548525621,1
W2269681906,1
W2123961938,1
W2139566281,1
W2129404362,1
W2154477074,1
W2208809056,1
W2132783414,1
W2171601221,1
W2170076520,1
W2095761465,1
W1985607582,1
W2023690749,1
W182083651,1
W2163480358,1
W127972485,1
W6999943179,1
W2005504642,1
W1556156932,1
W4238062491,1
W2119391023,1
W3122638888,1
W3122679874,1
W3126035153,1
W2100130392,1
W1844009424,1
W3121771523,1
W1979842176,1
W2106058419,1
W1681932403,1
W2083729601,1
W2123954654,1
W4231657962,1
W2096540068,1
W2047733010,1
W2041648758,1
W2418932073,1
W2152793761,1
W2083258343,1
W2053207930,1
W2909254261,1
W2020267609,1
W3122754482,1
W1503078947,1
W2625146816,1
W2134537888,1
W2102089766,1
W1607430267,1
W3008297887,1
W1984765068,1
W2125400398,1
W39231185,1
W1983183416,1
W2159803932,1
W2132528779,1
W2145221548,1
W7017567726,1
W6678317320,1
W2104787874,1
W2394549912,1
W2123951785,1
W4230626641,1
W6668769188,1
W2105549451,1
W2057465112,1
W6669727552,1
W186914685,1
W2083598175,1
W2140966626,1
W2122380421,1
W2006596236,1
W1789084451,1
W2443523814,1
W2061254433,1
W1974591829,1
W2128985210,1
W1567451599,1
W4375945044,1
W2213080645,1
W1578506398,1
W2033776994,1
W2018682599,1
W2053972608,1
W2192264922,1
W3121333862,1
W2162236032,1
W2016152640,1
W2115134315,1
W203369876,1
W1879178299,1
W2108262602,1
W1971727530,1
W2098131455,1
W1982454443,1
W2120217079,1
W2144189793,1
W656779199,1
W4238635506,1
W2076362456,1
W2182635753,1
W4400202726,1
W1503344770,1
W2107419386,1
W170641897,1
W2102032862,1
W6666129042,1
W1981662606,1
W71900535,1
W2102809962,1
W2129979276,1
W575347202,1
W188307474,1
W2977504015,1
W2023295591,1
W2135534456,1
W2091533134,1
W2268681021,1
W2031806192,1
W2133278192,1
W2122832642,1
W4210280948,1
W2068908293,1
W1536150793,1
W2000793156,1
W3121405033,1
W6992057282,1
W2152289394,1
W2065271642,1
W2048918184,1
W1979701553,1
W3123069316,1
W2110104098,1
W1831641254,1
W2050699868,1
W2027748634,1
W2064101697,1
W1976840973,1
W2419499139,1
W2099970434,1
W2467698729,1
W3125749070,1
W2167665562,1
W2181967835,1
W2136381387,1
W2147710954,1
W2082474120,1
W2087964979,1
W2916578698,1
W7015651869,1
W2064930340,1
W2064921779,1
W4301134136,1
W2069103920,1
W3125235802,1
W1521466038,1
W145895808,1
W2119546174,1
W2075317434,1
W285783295,1
W6884892387,1
W4289997285,1
W2058941857,1
W1494119055,1
W6653152130,1
W6664258234,1
W6654794014,1
W2153589240,1
W2309487030,1
W2114692608,1
W4233969177,1
W2119629949,1
W2797817606,1
W2092722188,1
W3125255073,1
W2095069822,1
W4254904989,1
W2155846194,1
W2164765179,1
W2088091107,1
W1980636271,1
W1968867482,1
W1999885038,1
W1984468161,1
W2016004430,1
W2127463902,1
W2161094697,1
W6601697118,1
W2079697801,1
W2054721964,1
W1852732291,1
W1523634411,1
W3124490076,1
W42717353,1
W1976615849,1
W2056261722,1
W2143601458,1
W2150237546,1
W2072750694,1
W2041500594,1
W2165023937,1
W1976844062,1
W2013053093,1
W3044866075,1
W1540159583,1
W170463941,1
W2096809121,1
W4205936453,1
W2105464137,1
W4244280139,1
W1973079909,1
W1971002753,1
W2108177662,1
W1982493323,1
W4233846967,1
W2320066148,1
W3142482927,1
W625687328,1
W2082315901,1
W2010685204,1
W1577815977,1
W2052462768,1
W4300648631,1
W4254110382,1
W2740793724,1
W233096492,1
W7025462592,1
W6645140879,1
W4396526283,1
W2139861363,1
W6996291121,1
W2895775694,1
W2590039099,1
W2117022214,1
W2305662908,1
W2804013503,1
W778822776,1
W2785751008,1
W2129297819,1
W2339351805,1
W2143831333,1
W2170762919,1
W2076318373,1
W2117974804,1
W2099475618,1
W1554154296,1
W2133451199,1
W2048899628,1
W1607473315,1
W2049077669,1
W1480125115,1
W2007624952,1
W2050016781,1
W1990841216,1
W2342460000,1
W1583055627,1
W3121270270,1
W2108986935,1
W1983466742,1
W787941199,1
W2108320617,1
W2051002330,1
W2074900208,1
W2954156511,1
W1578152577,1
W575988172,1
W2277957958,1
W1996823689,1
W2313122862,1
W2152345693,1
W2621276208,1
W1975251881,1
W2154983297,1
W2558752661,1
W2143010499,1
W2077282275,1
W2171590576,1
W2043474425,1
W2613211359,1
W3437088,1
W427280077,1
W2581692051,1
W261382063,1
W1500608409,1
W3121552115,1
W322283970,1
W188773197,1
W2081825296,1
W2156274205,1
W2032983858,1
W1609820505,1
W3123274596,1
W2205460421,1
W1978712108,1
W600317443,1
W3083792250,1
W97688357,1
W2028935545,1
W2096998958,1
W3038913554,1
W2059649930,1
W2131482577,1
W2302801215,1
W2092155853,1
W2166288272,1
W1998753436,1
W1567183905,1
W2041816876,1
W1503927439,1
W6601100789,1
W2094975191,1
W3122315536,1
W2008007402,1
W1930012473,1
W6819474500,1
W73967621,1
W3124041038,1
W1507701463,1
W2102578812,1
W2189592079,1
W4413227601,1
W2131553265,1
W1497472194,1
W4229887412,1
W1842305356,1
W2049761512,1
W7020048278,1
W2012322976,1
W1977287747,1
W2171743519,1
W1985977301,1
W1992972619,1
W2043224207,1
W2145085490,1
W2029073853,1
W2120523603,1
W1764133785,1
W2002055028,1
W2163486174,1
W2028626843,1
W2109215304,1
W1531989075,1
W2105501846,1
W3123852029,1
W1656816330,1
W2065841141,1
W2144029319,1
W2078574443,1
W2167208852,1
W1970107692,1
W2045688918,1
W2161184333,1
W136507495,1
W2105842235,1
W1532918368,1
W3149413856,1
W2067379889,1
W2504770403,1
W2157784218,1
W358752064,1
W2054400039,1
W2786108669,1
W2139386512,1
W2115894150,1
W2121948123,1
W1977479516,1
W2019189021,1
W1996583516,1
W2018315297,1
W2027088809,1
W2166915232,1
W2133919816,1
W1536252751,1
W2079072704,1
W2006731719,1
W4243333083,1
W2048752856,1
W2004304999,1
W1993055095,1
W2321279984,1
W1974950726,1
W1989864366,1
W1972467724,1
W2333876356,1
W1993760687,1
W2149981051,1
W1988448057,1
W3123335860,1
W2072459775,1
W2155452639,1
W2087836953,1
W808361440,1
W2030994221,1
W4236455120,1
W2046752514,1
W184989231,1
W2059501504,1
W4239303547,1
W3122241580,1
W1979907230,1
W2154228283,1
W2021115106,1
W1937246694,1
W1980336349,1
W1505788006,1
W2520446678,1
W2325322151,1
W2318825096,1
W2081742544,1
W2171593536,1
W1976974873,1
W1551417161,1
W2004752197,1
W2136127555,1
W2091021082,1
W2151689550,1
W2119390837,1
W1978201746,1
W2169799295,1
W3022774728,1
W1483206439,1
W2132512653,1
W3125089503,1
W1989714411,1
W1984131812,1
W3125708720,1
W3123788503,1
W2097437842,1
W2151757429,1
W2102543373,1
W2158033661,1
W2100255980,1
W3122867100,1
W4229551153,1
W6688401771,1
W1579000085,1
W2048514745,1
W2139597379,1
W1513726781,1
W2095194673,1
W1577588136,1
W2169157345,1
W2344991172,1
W3125638235,1
W2218182766,1
W2035782089,1
W2008018630,1
W6683320229,1
W4244671680,1
W2335712328,1
W2125923622,1
W2001916972,1
W2111669400,1
W2478837940,1
W2162653232,1
W2215064078,1
W1054868033,1
W4235387994,1
W2107226330,1
W2045345365,1
W2170094403,1
W4239309059,1
W2080970762,1
W349885834,1
W2029532555,1
W2029758834,1
W2036389121,1
W2112739640,1
W2730924202,1
W2749054882,1
W4247137063,1
W2183659092,1
W580846685,1
W1584628319,1
W1846545049,1
W1989382178,1
W3125429397,1
W4248441965,1
W2303287794,1
W4245857265,1
W2160672605,1
W188807262,1
W2130505980,1
W1510139271,1
W2042266648,1
W1556057683,1
W1996254382,1
W1933814166,1
W2011677878,1
W2153838988,1
W4235475698,1
W1978125974,1
W2326135887,1
W2017158388,1
W1995561053,1
W4251695561,1
W2159482149,1
W2022958366,1
W1550408369,1
W2145901869,1
W2154403760,1
W2734590058,1
W2058830956,1
W2299650155,1
W4243215402,1
W4233977211,1
W2026468045,1
W2070054856,1
W2064444255,1
W2091843200,1
W4387628289,1
W2144345633,1
W4250040931,1
W4232933331,1
W4231539502,1
W1502366513,1
W4237568451,1
W2000166448,1
W2012238114,1
W2094979572,1
W2101472655,1
W2312862906,1
W2058413436,1
W4402397894,1
W2151553331,1
W2064497278,1
W2162861920,1
W2114488753,1
W2343489410,1
W46248244,1
W2157571423,1
W570351146,1
W1490424081,1
W4255493303,1
W2154036943,1
W2027209861,1
W1551861027,1
W1491614607,1
W2048176798,1
W1574854936,1
W1593803441,1
W3125722652,1
W585652044,1
W176883899,1
W6631980151,1
W6630723351,1
W1994444878,1
W2110439704,1
W4241864143,1
W2101384705,1
W2263576205,1
W119186785,1
W2119166430,1
W2738274201,1
W2398836005,1
W2324348678,1
W2036337552,1
W2314592543,1
W1913039393,1
W2012378389,1
W622498102,1
W1979088405,1
W6634178306,1
W1959360915,1
W2040763193,1
W1797015530,1
W4213005495,1
W1554955953,1
W2182241136,1
W2079115662,1
W2171359453,1
W2169595925,1
W4239041053,1
W1901910762,1
W4242161187,1
W3124376021,1
W2055022672,1
W3122271111,1
W1976907388,1
W2155520610,1
W646795660,1
W3102919431,1
W2121427706,1
W2094139921,1
W2147996485,1
W2029590923,1
W1835155391,1
W2061979451,1
W1788630419,1
W2160521563,1
W2129038261,1
W2057294466,1
W2102237032,1
W1520641906,1
W3044463720,1
W1490784792,1
W2076256957,1
W2105633881,1
W2016578796,1
W2062951426,1
W2084138727,1
W169082843,1
W2261139806,1
W1531455100,1
W1995349856,1
W2067163409,1
W4205596000,1
W2065569862,1
W6628799907,1
W1972362505,1
W2008059558,1
W1963630589,1
W2044923123,1
W2002673387,1
W2153355900,1
W2129906534,1
W2082853467,1
W2330463600,1
W2004401665,1
W1897896059,1
W1548710824,1
W2060412866,1
W4243589572,1
W3122447286,1
W1537133952,1
W3124650792,1
W3125559411,1
W2040739094,1
W2118786793,1
W2160990031,1
W2060565181,1
W2033347752,1
W2054526438,1
W2147245324,1
W2478217208,1
W2280385141,1
W2151253584,1
W2071479546,1
W2205576585,1
W1495400279,1
W1504489201,1
W2000437409,1
W2143930219,1
W2023342502,1
W3123471572,1
W2008202927,1
W1986857789,1
W2039470208,1
W1529479154,1
W2037061962,1
W1483136599,1
W2164306692,1
W2071312820,1
W1532816070,1
W2476768722,1
W2043676704,1
W2056575124,1
W2237639219,1
W1594885476,1
W1979423827,1
W1562867671,1
W2588681363,1
W1948835521,1
W4255059817,1
W2778065451,1
W2891732599,1
W2140960626,1
W1996250425,1
W1969018809,1
W2167937033,1
W1972653600,1
W2117834723,1
W2164191253,1
W2170545497,1
W1539053875,1
W2023005761,1
W1532465746,1
W34230099,1
W2166054011,1
W2890523441,1
W2592851927,1
W6805573987,1
W2946500961,1
W86738517,1
W1902127904,1
W1518289899,1
W3080570264,1
W590966450,1
W2005980314,1
W2327977156,1
W2419287784,1
W2112787069,1
W6755795586,1
W1972326099,1
W1498870722,1
W1834925021,1
W2162183147,1
W1585454076,1
W4236838593,1
W1857006886,1
W2104101984,1
W4248178187,1
W1532975605,1
W1994968258,1
W1027693411,1
W6602042062,1
W50602166,1
W2725350996,1
W2131598457,1
W2136689088,1
W1980413896,1
W2735508626,1
W2300971548,1
W2037198363,1
W133383233,1
W2021482312,1
W2072148588,1
W1978960076,1
W2019535568,1
W6731373681,1
W2566524850,1
W2042921215,1
W6756485207,1
W2898988790,1
W6748819784,1
W6748297841,1
W2528237813,1
W2066049013,1
W2028054185,1
W1710000935,1
W2407820486,1
W6693447051,1
W1986663533,1
W589225296,1
W1778032352,1
W2601612430,1
W4205294298,1
W2938271069,1
W2055611064,1
W2155930034,1
W2141954955,1
W2076488248,1
W1976991383,1
W1966441109,1
W2091717177,1
W2505179188,1
W2095590136,1
W2303068012,1
W2336165558,1
W2073068252,1
W1605500464,1
W1601214733,1
W2127006325,1
W1992746671,1
W2188576741,1
W1534828682,1
W2181727300,1
W6990662722,1
W4408005452,1
W2071281573,1
W2321157259,1
W1988433785,1
W4241562007,1
W2181773147,1
W6647285029,1
W2112370313,1
W3121207610,1
W2542978631,1
W4252662999,1
W1639391176,1
W3142532616,1
W4299572054,1
W2197520236,1
W2059445629,1
W1541869061,1
W1525404786,1
W2153315144,1
W2330473269,1
W2138891393,1
W6631992811,1
W2192696767,1
W4241765127,1
W2085840628,1
W1514466296,1
W6683682643,1
W7009429116,1
W2891467552,1
W2734916322,1
W1575651469,1
W1590478855,1
W1996613776,1
W2489967145,1
W2155980737,1
W1603484337,1
W180155906,1
W386565592,1
W1557176266,1
W1529260143,1
W3124227657,1
W2955753217,1
W99246206,1
W201838796,1
W2010583807,1
W2140176110,1
W345942620,1
W1546318604,1
W2117218914,1
W2113279876,1
W2072636087,1
W3148138757,1
W6671704851,1
W2060310057,1
W4300014799,1
W2137435244,1
W2024808898,1
W2108772836,1
W2057124956,1
W2135917379,1
W2072421275,1
W2285549030,1
W1970723866,1
W2001245637,1
W1965933613,1
W2054406943,1
W2089962769,1
W2103029959,1
W1973762507,1
W2074611909,1
W2159011937,1
W2095865108,1
W1988642375,1
W1967610947,1
W2061140519,1
W3022562948,1
W155390068,1
W1977783455,1
W1994338156,1
W1956394468,1
W3146973586,1
W2143981995,1
W181397561,1
W2120155874,1
W3124547640,1
W2132700900,1
W573455126,1
W2994172176,1
W2045541573,1
W2133449415,1
W2161459327,1
W1551897101,1
W1492371212,1
W2081358848,1
W2100564574,1
W2035010487,1
W2119270647,1
W2018299658,1
W2512886255,1
W2057176689,1
W2616845767,1
W1900833323,1
W2152633400,1
W2158973784,1
W1971765404,1
W2112383195,1
W2153597726,1
W2009134423,1
W2070148285,1
W830058291,1
W2479276995,1
W2052737346,1
W2082491211,1
W2039194650,1
W2110729711,1
W2103620078,1
W2103797832,1
W2101376126,1
W2322584079,1
W1982698826,1
W646675392,1
W2486735285,1
W1985178462,1
W2478761888,1
W3129427001,1
W74135474,1
W2128041107,1
W3023336206,1
W2167981412,1
W2937340162,1
W1542733223,1
W2164174393,1
W2137237801,1
W2016053293,1
W2056649924,1
W1505623534,1
W2193947639,1
W1989651089,1
W2416353372,1
W2053898838,1
W2170580486,1
W2133396022,1
W2030018250,1
W1530544144,1
W1556622069,1
W2126587448,1
W7020802594,1
W279801190,1
W1969001549,1
W2118983581,1
W1991228461,1
W2080025201,1
W2136228020,1
W1984450750,1
W2059830021,1
W2181690829,1
W2057204208,1
W3125458877,1
W2018778841,1
W2555991898,1
W2785117553,1
W1969387837,1
W2013403368,1
W2018930189,1
W2138756430,1
W2153259929,1
W2113223801,1
W2101210024,1
W1973690077,1
W1968252354,1
W2131461419,1
W2067416497,1
W2064243431,1
W2027847229,1
W1999687715,1
W3096282994,1
W1710902238,1
W2399676627,1
W1964884058,1
W1970697787,1
W2093851125,1
W2260744360,1
W2003905296,1
W2312348170,1
W2331593198,1
W560391578,1
W6716591342,1
W628004818,1
W4254781585,1
W2156897454,1
W6633252070,1
W2111055994,1
W2136546505,1
W2795032579,1
W1590210216,1
W2031990091,1
W2045357062,1
W98447095,1
W2032767440,1
W2055134396,1
W2103409504,1
W2006284311,1
W2000845472,1
W2180406326,1
W2026719425,1
W2044650577,1
W2034993244,1
W2277652750,1
W2272374508,1
W2275380692,1
W1996365672,1
W2113865951,1
W1937999910,1
W2168833394,1
W2022126547,1
W59615473,1
W2050959824,1
W1990242797,1
W6675418475,1
W2100892875,1
W6602421920,1
W2097524484,1
W2133038506,1
W1988819146,1
W1949355954,1
W560896234,1
W2154629869,1
W2007235584,1
W2132162358,1
W6652300969,1
W4231651081,1
W2054817141,1
W2159510068,1
W2074764246,1
W196501643,1
W2065671942,1
W2125466807,1
W2022208579,1
W1554453491,1
W2970413213,1
W2160222455,1
W1638078919,1
W4247187908,1
W2014324135,1
W1487297847,1
W2046211472,1
W113755190,1
W2040280566,1
W2130788511,1
W2152844620,1
W2028350374,1
W2161671056,1
W2118451323,1
W1679388252,1
W2057807996,1
W2142953900,1
W2146568608,1
W1997090636,1
W2027845379,1
W1997990591,1
W7075666567,1
W2002800670,1
W4300987477,1
W1970679411,1
W1573041019,1
W2186509594,1
W2027242528,1
W1579073686,1
W2018867182,1
W153546003,1
W2171192259,1
W1548370045,1
W2119420806,1
W4256526604,1
W2011183703,1
W1541245072,1
W2103336588,1
W2905696240,1
W6611592441,1
W2099139367,1
W1999420609,1
W1980781241,1
W2012153123,1
W1970412442,1
W2097285811,1
W2098069913,1
W2102944473,1
W2108371623,1
W1571989388,1
W346162639,1
W2161711963,1
W2103271936,1
W2125098712,1
W2050531956,1
W2121531737,1
W2083377545,1
W2008259831,1
W4300858259,1
W1528691988,1
W1867169352,1
W1445118003,1
W4250843263,1
W3125604088,1
W1480720506,1
W2132812533,1
W2622753931,1
W2135321462,1
W2091655496,1
W2141011694,1
W4244739652,1
W2084206209,1
W67902107,1
W2035284079,1
W3124210252,1
W1481900472,1
W4403058736,1
W4254289363,1
W2089670708,1
W2412081079,1
W2317804006,1
W4240769589,1
W2090535596,1
W2021286796,1
W4299430170,1
W2132234856,1
W4234323881,1
W2072762231,1
W2048534968,1
W4295612440,1
W2526499735,1
W4205796131,1
W2156275028,1
W2023115322,1
W2092002642,1
W2181711710,1
W2478611056,1
W3099514962,1
W4238025769,1
W2068335390,1
W6605006787,1
W2089924901,1
W1969330373,1
W6676050633,1
W2085503697,1
W1827889919,1
W2042753096,1
W2106771731,1
W1974840096,1
W3144847119,1
W2015026541,1
W2166728708,1
W1888690253,1
W1931110653,1
W4232215770,1
W2141809304,1
W2166227248,1
W2159642921,1
W2150459713,1
W2161075463,1
W2012264642,1
W6680351335,1
W2017990047,1
W2042211944,1
W6660894606,1
W2136022926,1
W6683658578,1
W2105411942,1
W6671576279,1
W2136701671,1
W2069843376,1
W3145074154,1
W6653162840,1
W2050660525,1
W2100303889,1
W64025254,1
W1998000223,1
W1605603308,1
W250589216,1
W2110975552,1
W3124727057,1
W1983146642,1
W1584596632,1
W21869571,1
W2159980146,1
W2168477540,1
W2010695531,1
W2108183214,1
W2163986411,1
W3121874719,1
W1990143228,1
W1984162795,1
W422933624,1
W2165661232,1
W2407348641,1
W1561155978,1
W2164504586,1
W2099951881,1
W2017699874,1
W2090258875,1
W1933917314,1
W201387291,1
W1532934514,1
W2000134949,1
W1576091308,1
W2526139095,1
W2168839771,1
W2093759678,1
W2263269534,1
W1486003462,1
W1584170943,1
W2189264310,1
W2135489866,1
W1982229467,1
W3123546540,1
W2044939010,1
W1944410034,1
W2621075605,1
W1498266296,1
W4256742633,1
W160580156,1
W2166936378,1
W2093066538,1
W325563152,1
W2897971917,1
W1514890184,1
W1541708487,1
W1965119719,1
W2319627832,1
W2273609082,1
W2060772473,1
W2324293541,1
W1546272118,1
W1984505297,1
W6602547051,1
W4231931854,1
W2041446724,1
W4238503602,1
W1982632551,1
W4232047568,1
W1979756272,1
W2017679397,1
W4233582806,1
W1988466242,1
W2049249064,1
W2090873661,1
W4254434712,1
W2075224571,1
W2067266759,1
W1492272080,1
W1990973473,1
W2109332867,1
W1625294013,1
W2001563681,1
W1976823095,1
W1994708426,1
W1982364866,1
W2158542947,1
W2111637361,1
W2064886591,1
W2117192229,1
W2160007247,1
W2008448109,1
W2004541993,1
W2317995021,1
W2907899433,1
W6631905963,1
W2112027202,1
W2059716826,1
W2007578747,1
W3193532866,1
W2067888371,1
W2070133517,1
W4240754218,1
W2000560866,1
W1511749802,1
W2060293366,1
W2332299733,1
W1886907483,1
W1964218078,1
W2119819503,1
W2006758732,1
W1986175197,1
W1972922514,1
W2123740079,1
W2119510222,1
W2149784082,1
W82726669,1
W1975411855,1
W207791858,1
W1993784559,1
W2012468914,1
W1490553148,1
W1587215449,1
W1599680386,1
W2049856438,1
W1866869144,1
W2301699822,1
W2142991635,1
W2019305031,1
W2114021921,1
W2109225654,1
W2023734657,1
W2915836683,1
W2796137796,1
W641494183,1
W1564254671,1
W2148694408,1
W2387564163,1
W2004944131,1
W1992613154,1
W2071844051,1
W587410104,1
W325058147,1
W6609742980,1
W2099067527,1
W259318297,1
W1654269190,1
W62301028,1
W3139951389,1
W121227233,1
W2586076859,1
W1896544330,1
W1492986455,1
W4298428629,1
W2081513090,1
W2044557693,1
W2059292659,1
W2077627951,1
W1993841568,1
W2158372555,1
W2035314238,1
W1712704667,1
W2336892764,1
W2104001728,1
W1539235296,1
W560093158,1
W4254796933,1
W2003487351,1
W2289799721,1
W2030776478,1
W2137987285,1
W1969175980,1
W1972775038,1
W2519285560,1
W2131227780,1
W2167424463,1
W2091652116,1
W1606568461,1
W436777308,1
W1518614422,1
W2057804172,1
W2119912669,1
W1818972661,1
W1975342617,1
W2063995265,1
W2112326249,1
W2116865078,1
W1978731156,1
W2066800590,1
W2057592767,1
W1572314840,1
W2146081729,1
W2612073804,1
W2158709047,1
W1546641059,1
W1498251865,1
W2108104236,1
W2061901651,1
W1494775825,1
W2018751384,1
W2021119794,1
W71095065,1
W150573749,1
W2188135534,1
W6630482370,1
W6656866024,1
W2024508784,1
W2152312644,1
W6674567629,1
W1601416016,1
W2151718515,1
W1971802430,1
W2152576550,1
W2132349122,1
W2029107877,1
W1026375791,1
W4252312688,1
W2079215593,1
W2795378546,1
W2270715486,1
W50225531,1
W1998993326,1
W2098468047,1
W1586714687,1
W2023851228,1
W2203062932,1
W1616321293,1
W2266406587,1
W3121611529,1
W1844781598,1
W1876661202,1
W2899475205,1
W1986996850,1
W6639195568,1
W3122442329,1
W618595557,1
W2015455880,1
W1897898405,1
W1986493788,1
W2114041605,1
W3125647723,1
W2271320782,1
W2146683595,1
W3125245786,1
W2123608828,1
W1865417087,1
W2118988434,1
W3208479502,1
W1502463517,1
W2120369462,1
W4409477147,1
W4403314659,1
W2006047002,1
W2076268218,1
W2091847390,1
W2184163318,1
W2788553376,1
W2181445982,1
W4235131189,1
W2131807191,1
W2154062944,1
W2014427855,1
W2127719902,1
W2032042806,1
W2148682946,1
W2026141652,1
W2124799436,1
W1497963113,1
W4289255140,1
W2054299143,1
W2145251555,1
W2157052122,1
W2078017775,1
W1570277647,1
W2131009456,1
W2145815557,1
W1989116929,1
W2133721739,1
W2019597919,1
W2160596431,1
W2012161138,1
W2012227757,1
W2102834225,1
W2016512922,1
W2417080456,1
W2111598559,1
W2028602695,1
W2026167946,1
W2018699655,1
W2157237487,1
W2150301729,1
W3122281020,1
W2136552225,1
W2601448622,1
W3126349953,1
W1994502124,1
W2162621425,1
W2146795164,1
W4249245633,1
W1967271316,1
W2160175585,1
W318218181,1
W1555341889,1
W2086461097,1
W3025637252,1
W6600710834,1
W2062188005,1
W2612660452,1
W2167759796,1
W6666028542,1
W2072415900,1
W99945452,1
W1975488313,1
W2155117571,1
W6600992521,1
W6679486954,1
W2161437585,1
W2027601891,1
W2115043622,1
W2003513035,1
W2118627202,1
W2005286945,1
W1892459592,1
W79370826,1
W2133680877,1
W2006981377,1
W1558118804,1
W1990079944,1
W2162609485,1
W2118291723,1
W6645581832,1
W2914859005,1
W2501406033,1
W6658061031,1
W1996880541,1
W2043344796,1
W4247617246,1
W2024408311,1
W3121857298,1
W2028592094,1
W2625955905,1
W1857614722,1
W1979821720,1
W1963052136,1
W2039409618,1
W2101508556,1
W2051836383,1
W1964971801,1
W2044287967,1
W6636593308,1
W4248307879,1
W4302767823,1
W1629460453,1
W2019466658,1
W2155891194,1
W1996493949,1
W1529149907,1
W2062895901,1
W1968888380,1
W2167319787,1
W2033052431,1
W1557454676,1
W2157734420,1
W2057162600,1
W2408929055,1
W2076185346,1
W2035479265,1
W2130239664,1
W6674968958,1
W2078634515,1
W2025157798,1
W2063316350,1
W2064538429,1
W2119976492,1
W180238949,1
W2081901974,1
W2099988998,1
W2149337343,1
W1975661599,1
W2168083806,1
W2076053986,1
W2076892873,1
W2095916426,1
W2139121045,1
W2184355523,1
W2029055615,1
W2021077729,1
W2142087631,1
W2158154472,1
W189858111,1
W2075136522,1
W1994256263,1
W2394549772,1
W2012593352,1
W1979305378,1
W2168183180,1
W2080981268,1
W1534215117,1
W2120937931,1
W1967359323,1
W3203143381,1
W2775321133,1
W1588474133,1
W2170630928,1
W6607912576,1
W1979887936,1
W2117580211,1
W4388073303,1
W2034759979,1
W1852362,1
W4245315774,1
W3122538003,1
W1995699993,1
W1964857121,1
W2092455048,1
W1607436690,1
W1671298475,1
W3125485076,1
W2970499074,1
W2762412131,1
W1594907654,1
W3125200922,1
W2118988523,1
W2106997087,1
W2395654840,1
W2070586589,1
W2093085666,1
W2115203492,1
W1604239391,1
W1533867010,1
W154025616,1
W6606181953,1
W2147615829,1
W2169486059,1
W1971099840,1
W4293577771,1
W2075330266,1
W2038579832,1
W1956831617,1
W1976249177,1
W2083965252,1
W2103370441,1
W2042694950,1
W2004926575,1
W69556849,1
W4249485697,1
W1581994957,1
W2098047679,1
W2154734473,1
W2077757285,1
W2169264699,1
W2123781212,1
W1579893495,1
W2101157755,1
W3093012486,1
W2181463622,1
W1999061866,1
W1974470817,1
W6603803069,1
W2035166444,1
W6684187661,1
W2034037966,1
W6638555799,1
W6685061812,1
W6679442915,1
W1491794515,1
W6629444430,1
W2106433220,1
W35310954,1
W2337257174,1
W2166498298,1
W2127653958,1
W2139711588,1
W2257439282,1
W1588521433,1
W4231398649,1
W3122043120,1
W1587340719,1
W4244429228,1
W2150257564,1
W2022510465,1
W2070915007,1
W267588612,1
W2167453971,1
W6922395894,1
W2130234323,1
W2088947677,1
W2039484174,1
W2033731823,1
W1993043041,1
W3152155811,1
W2020950361,1
W1980239264,1
W2096077169,1
W6607673466,1
W4254613287,1
W1481913241,1
W2123327226,1
W2155182007,1
W1482516845,1
W2049716114,1
W2110537705,1
W2105025384,1
W2062934287,1
W1576574028,1
W1564770585,1
W1550114899,1
W2039678313,1
W3029752640,1
W2112005229,1
W1946605220,1
W2050261320,1
W3122126666,1
W2065325504,1
W2129484902,1
W2032689844,1
W2048035941,1
W2287879220,1
W6690072191,1
W6601417635,1
W2086659032,1
W2606362682,1
W6680104004,1
W2056057037,1
W1600797628,1
W6605656611,1
W1980283607,1
W7047665187,1
W7018644742,1
W1984735973,1
W1530933023,1
W1499071009,1
W2144169667,1
W2089085261,1
W2443803246,1
W4250606934,1
W2080595280,1
W1556896453,1
W2124171314,1
W2116701902,1
W2162468633,1
W2104003477,1
W167255681,1
W2106349601,1
W4236185146,1
W2124882383,1
W2027327533,1
W2067662305,1
W2416219414,1
W1498038412,1
W2148889331,1
W1978636928,1
W2166509975,1
W3123969688,1
W3122503376,1
W2016141601,1
W2009926157,1
W2036261814,1
W2072726508,1
W2112433887,1
W2043156186,1
W2087739687,1
W1981678497,1
W163758123,1
W2064692175,1
W2171128372,1
W2099327868,1
W158000836,1
W1972500884,1
W2206041223,1
W2115782719,1
W2801882346,1
W3125077677,1
W2100963729,1
W3123605999,1
W2075370718,1
W1528034150,1
W2010097446,1
W1585200916,1
W1762654932,1
W2134220393,1
W2081423049,1
W4241842213,1
W2117071720,1
W2005412243,1
W2049133117,1
W3216279150,1
W7019502004,1
W4399578091,1
W2159368759,1
W46564979,1
W3123027183,1
W1984693851,1
W1992748240,1
W1025723234,1
W616879245,1
W1593874824,1
W1508186789,1
W2891761690,1
W2157471150,1
W4307533328,1
W1557832170,1
W3122769774,1
W2101441610,1
W2024186240,1
W2019864986,1
W2044443987,1
W2076752699,1
W2059139929,1
W2171370410,1
W2098498053,1
W1980318333,1
W1842710802,1
W1965340883,1
W2169670646,1
W2132507153,1
W2166709155,1
W2155241186,1
W1987282451,1
W2122833169,1
W4232225420,1
W1986327445,1
W2075285473,1
W2041830601,1
W2038922251,1
W2029030193,1
W2133526648,1
W1977066841,1
W2070196488,1
W1976849220,1
W2059161944,1
W1987202914,1
W2025905746,1
W2012373436,1
W2150019425,1
W2097368998,1
W1976396529,1
W6638516405,1
W2070845075,1
W1983133896,1
W1992404236,1
W2000181220,1
W2147598956,1
W2038514228,1
W2095851462,1
W1996070045,1
W6658355290,1
W6651819870,1
W6681187130,1
W2123649325,1
W2048323504,1
W6653777584,1
W6648903481,1
W6659544426,1
W2159639587,1
W6675715627,1
W6657969685,1
W6682688866,1
W6681181852,1
W6657950432,1
W2035046989,1
W6680969482,1
W6661207401,1
W2063055942,1
W6662642150,1
W1813609006,1
W2049175009,1
W2053824562,1
W2066124661,1
W2139041145,1
W2012895519,1
W1480729244,1
W2128922975,1
W6662128914,1
W2164482377,1
W4231525781,1
W2102839754,1
W3125362172,1
W2292188963,1
W2083727063,1
W2330234496,1
W1935900796,1
W6678963070,1
W2038655360,1
W2762705586,1
W2076154241,1
W2087723561,1
W2100234054,1
W1966640821,1
W2168438618,1
W4244147831,1
W2109588006,1
W2031135351,1
W2112292222,1
W2127875000,1
W3123383029,1
W1606918181,1
W2103117380,1
W2115098571,1
W2096128547,1
W2136362180,1
W2438271686,1
W2115727540,1
W2078819946,1
W2100129468,1
W1987110164,1
W581249100,1
W1995709328,1
W2060595941,1
W2080916240,1
W4250856066,1
W1785042854,1
W2081808247,1
W2061726978,1
W2002931286,1
W2343527714,1
W6672627240,1
W2050133755,1
W1929563365,1
W3122653481,1
W1933059014,1
W2071595116,1
W2104650320,1
W2089178052,1
W1984567952,1
W2024794367,1
W2009970352,1
W1978909837,1
W1981501415,1
W2117089757,1
W1607125416,1
W2133864193,1
W1588610321,1
W2013800554,1
W1822980231,1
W2405624517,1
W2127552501,1
W2084410314,1
W1993001203,1
W2093137664,1
W2496648838,1
W2313009697,1
W2305482808,1
W2030725967,1
W2120588488,1
W2087254680,1
W3123186910,1
W2889688693,1
W3123940933,1
W626202520,1
W1539799637,1
W1534832208,1
W1965081270,1
W4300060779,1
W2555627378,1
W2184598130,1
W2099946622,1
W2015936695,1
W2012117556,1
W1973512570,1
W2164066078,1
W2059449287,1
W1976814495,1
W2083927213,1
W2411608931,1
W2089030552,1
W4249447472,1
W2094577070,1
W1608724602,1
W2135539936,1
W2076663604,1
W1950143140,1
W2171692026,1
W1963867953,1
W1525932138,1
W3121538516,1
W2132510981,1
W2045156163,1
W653475022,1
W1997969414,1
W2054844204,1
W2200774363,1
W2077957226,1
W1595615370,1
W3122557280,1
W2010505816,1
W2133916390,1
W2427051068,1
W3093459327,1
W2046617780,1
W2128409525,1
W1998008835,1
W2150270556,1
W2154656496,1
W3023596957,1
W3125550593,1
W2890682288,1
W2142556800,1
W2329861224,1
W2159354041,1
W1578161706,1
W2055984252,1
W2071275878,1
W2124783008,1
W2000479069,1
W59725191,1
W2081250166,1
W2002490191,1
W6601176353,1
W2042509539,1
W2149025975,1
W2326365479,1
W3127686821,1
W2055391998,1
W1981660099,1
W2094545351,1
W2095775928,1
W1994244616,1
W3122251822,1
W1986721142,1
W2292694743,1
W1980804382,1
W1516968758,1
W1559003248,1
W1978531815,1
W2140008246,1
W2120455340,1
W2523217664,1
W1970703917,1
W2016615131,1
W2009569619,1
W2032582909,1
W1519150949,1
W2193342869,1
W1993714949,1
W2069886199,1
W2170269192,1
W2089587925,1
W2616280937,1
W2127056538,1
W2158861890,1
W2408081177,1
W2155798421,1
W633077105,1
W2334427329,1
W2065290393,1
W2084693379,1
W2080316841,1
W2057301190,1
W2072807527,1
W1988878302,1
W2405038752,1
W2103593248,1
W1728574210,1
W1980983506,1
W2119221697,1
W2015816687,1
W2126115738,1
W149491669,1
W2032779318,1
W2189228273,1
W2045027002,1
W2074930094,1
W2052563912,1
W1591839355,1
W2042726835,1
W2134564772,1
W2143014525,1
W1965898111,1
W2066493684,1
W2112616800,1
W2049311011,1
W2236026179,1
W2047616553,1
W2086370635,1
W2003851469,1
W1489018916,1
W91172726,1
W1606656369,1
W1775651592,1
W2098431942,1
W1970165358,1
W1491555925,1
W2036550667,1
W6779290,1
W2020838853,1
W2019585945,1
W2167101329,1
W1941605790,1
W1495290965,1
W4410125893,1
W3123474632,1
W46156053,1
W2063777002,1
W2086608444,1
W2117758021,1
W2113030552,1
W1971246002,1
W2133295078,1
W1986225391,1
W2053569944,1
W2017182341,1
W2052196609,1
W2065339016,1
W2332524467,1
W1979958992,1
W1533007440,1
W2019712065,1
W3149361754,1
W2097664066,1
W1974023399,1
W1969117859,1
W2460571893,1
W2067282928,1
W2040911701,1
W2080953560,1
W2115315426,1
W396881235,1
W2025958689,1
W2165199381,1
W1965444429,1
W3216227864,1
W1969384825,1
W1496939770,1
W1990407055,1
W4236945046,1
W4246066076,1
W3122007368,1
W1497440181,1
W16911124,1
W1582152660,1
W2042265219,1
W2556730433,1
W2396897898,1
W2011272461,1
W4250928294,1
W2142917721,1
W1947154892,1
W2302796506,1
W2184860618,1
W2006895024,1
W4252970982,1
W2027682506,1
W3138704199,1
W2979544977,1
W1586502042,1
W1976769904,1
W2050207200,1
W2125689351,1
W1983069643,1
W2129876730,1
W1586680689,1
W1832115062,1
W2077213854,1
W4255581736,1
W2795019487,1
W631486773,1
W9160669,1
W3124684255,1
W1974185830,1
W2977729662,1
W2081726978,1
W2022257268,1
W2143286669,1
W2037141540,1
W1643087102,1
W2004778834,1
W1731587819,1
W2188053207,1
W2012467789,1
W2049996352,1
W1998573991,1
W3022739254,1
W2314146283,1
W2016201983,1
W2000336448,1
W1563555761,1
W2054249032,1
W2916973209,1
W2088187721,1
W2122339381,1
W2168246742,1
W1561004071,1
W3123856414,1
W306439754,1
W1983253885,1
W2081878338,1
W2329556022,1
W1964727894,1
W1991454524,1
W4246559506,1
W129305155,1
W2088619849,1
W2111696168,1
W2792253196,1
W52854724,1
W2113446458,1
W2146880712,1
W49891529,1
W2057675598,1
W2069375273,1
W7073930197,1
W2118905339,1
W1598093870,1
W1535943325,1
W2045860276,1
W2029261510,1
W2070658776,1
W2028351311,1
W6633308028,1
W2033466722,1
W2970842869,1
W2104270050,1
W2081793392,1
W2055562588,1
W3124276351,1
W2343340732,1
W1503098650,1
W2040312158,1
W2013071466,1
W2108085314,1
W2111423304,1
W1979159029,1
W2057129866,1
W3151330335,1
W2134472542,1
W2158096212,1
W1897763008,1
W1985122745,1
W2329403934,1
W2244611347,1
W2151335551,1
W431738551,1
W1606015852,1
W4298595599,1
W1602672075,1
W6683632176,1
W7014472837,1
W1507696292,1
W2258112786,1
W625162915,1
W2917753732,1
W2105489923,1
W6788418388,1
W1996389936,1
W2151141975,1
W4403350172,1
W2027310755,1
W1555819901,1
W1684809301,1
W764553006,1
W1997506097,1
W2025625762,1
W2152724335,1
W2340923256,1
W2619910769,1
W2150427176,1
W2110302356,1
W1984459233,1
W2068155534,1
W2135328589,1
W1940042507,1
W3121983429,1
W1805462834,1
W3023719715,1
W2109775242,1
W2374991645,1
W2089527194,1
W3121611104,1
W2158203487,1
W2093520584,1
W4206536850,1
W2090874096,1
W2149673791,1
W2151698491,1
W2048991462,1
W310009784,1
W2788716959,1
W1966736499,1
W1974443434,1
W27823332,1
W1548440474,1
W1964409862,1
W6674589393,1
W3130634373,1
W4299291752,1
W2172138320,1
W3122009086,1
W6735013130,1
W2334278194,1
W2169819260,1
W1585709543,1
W1966138051,1
W6779169824,1
W2010505597,1
W2000450201,1
W1979075916,1
W2006251689,1
W3126064976,1
W6638098019,1
W2137250360,1
W2121113880,1
W2337315143,1
W2188767985,1
W4242483745,1
W6995852023,1
W41440739,1
W2158011168,1
W1983642499,1
W2144789621,1
W2094289621,1
W2137272077,1
W3115742895,1
W2042025834,1
W6644966205,1
W2050529097,1
W2060697853,1
W2099662421,1
W654360903,1
W1714526935,1
W2060577008,1
W2132085451,1
W2329496109,1
W1195474453,1
W3123999644,1
W6789417439,1
W1490003024,1
W2032347849,1
W3122773638,1
W1552395240,1
W2091694803,1
W2242810068,1
W2170871477,1
W2008805011,1
W2163230419,1
W2060069597,1
W2134795844,1
W6629245875,1
W2271280358,1
W2153621997,1
W138793704,1
W3122913021,1
W6675757660,1
W1947041612,1
W2118245685,1
W3121597164,1
W2597587126,1
W6684724171,1
W6633436186,1
W2605171782,1
W2136219334,1
W6628262024,1
W6629219664,1
W1439562375,1
W1560886679,1
W3123187496,1
W1487508455,1
W1608224430,1
W2294770777,1
W2288482315,1
W92236133,1
W2748212672,1
W428247590,1
W2327214633,1
W2415945689,1
W2007476330,1
W2006315836,1
W2292857130,1
W600196727,1
W4399411933,1
W1976596209,1
W2000991311,1
W2139529156,1
W1978329985,1
W2407808145,1
W20210328,1
W629386865,1
W647370682,1
W1553861720,1
W2063282398,1
W2084358235,1
W2274451206,1
W2101234667,1
W2099511908,1
W2338520449,1
W1781828558,1
W2096788242,1
W1993599642,1
W2119487974,1
W2327951920,1
W4247073151,1
W2029030272,1
W1550764081,1
W6674349655,1
W3032040911,1
W3047666388,1
W1486879520,1
W1518525384,1
W4207080826,1
W3047971307,1
W7020043954,1
W2185087184,1
W2181755996,1
W2158991192,1
W1969811439,1
W6603633132,1
W2565569929,1
W2066718423,1
W3048293904,1
W4246307741,1
W182124562,1
W3048170439,1
W4206187907,1
W2626442591,1
W2092143914,1
W2002251716,1
W2100650984,1
W2146520852,1
W2067154398,1
W2561772084,1
W2070701946,1
W2156359583,1
W2005857290,1
W2977360625,1
W2765302467,1
W2023155012,1
W1479884209,1
W2167306552,1
W2122431330,1
W2221674003,1
W2536125416,1
W2162318070,1
W2020081047,1
W2101970205,1
W1506031202,1
W2122153439,1
W4205597937,1
W2495983688,1
W2298001369,1
W1995875600,1
W1483820058,1
W2099972324,1
W4244634393,1
W3149454450,1
W2059295315,1
W6639463562,1
W1519892790,1
W6631149003,1
W1980187445,1
W1631371317,1
W2291329619,1
W1574410696,1
W4247146476,1
W4213070564,1
W2090597741,1
W6734700562,1
W1907620761,1
W2037512490,1
W2770572358,1
W6601105626,1
W2573359292,1
W6728841759,1
W2953174998,1
W2135644233,1
W1838072834,1
W2150069228,1
W811343617,1
W2056189220,1
W336904244,1
W1511422247,1
W4239137631,1
W2153240403,1
W2400678900,1
W1512648066,1
W2006704338,1
W2009404442,1
W2000745612,1
W4409446452,1
W2067135016,1
W181625778,1
W13505133,1
W1987748365,1
W2152874686,1
W2626528567,1
W2150256216,1
W2100588976,1
W2429033181,1
W2168128210,1
W4242649600,1
W2111996442,1
W2747113886,1
W2762874137,1
W2760142245,1
W4255643187,1
W2134516121,1
W1857170875,1
W2467170498,1
W2021169264,1
W2024302939,1
W2105705711,1
W2059206267,1
W3131215869,1
W2245158693,1
W1516216046,1
W1970847521,1
W2058655689,1
W6667670338,1
W4244837625,1
W2799209423,1
W2070106785,1
W1978439505,1
W2063392528,1
W1978134605,1
W1979188389,1
W1985194853,1
W1996466985,1
W4239936780,1
W625492953,1
W2560972523,1
W2085238530,1
W2157522393,1
W1988303486,1
W2114430504,1
W2133809177,1
W4410094418,1
W2147901854,1
W6636011310,1
W2734716188,1
W2015968061,1
W3125505654,1
W1577484573,1
W2139662973,1
W1580130145,1
W1974614151,1
W3124267629,1
W1496341902,1
W2068648098,1
W2144674507,1
W2166770780,1
W2186626045,1
W3126017258,1
W1582769683,1
W2009942293,1
W2141592294,1
W2009131989,1
W2028393820,1
W2082047925,1
W1577156806,1
W1578133558,1
W2286176451,1
W2053498806,1
W2053389859,1
W3124601770,1
W180247403,1
W3124599784,1
W2097034353,1
W2138721678,1
W2146607332,1
W2097158460,1
W2210645152,1
W3023501125,1
W2151568307,1
W2157858863,1
W2144469399,1
W2106117834,1
W2123718831,1
W1647537488,1
W4213191234,1
W1515936800,1
W3147033906,1
W6646495080,1
W6637182458,1
W1657753858,1
W3123829275,1
W1258353434,1
W1517340334,1
W2509695441,1
W2048644074,1
W200282605,1
W1548861910,1
W925248273,1
W2102802839,1
W2189401168,1
W4234458532,1
W1752204317,1
W2664240466,1
W2081990140,1
W2744291905,1
W1598255814,1
W2063856754,1
W2169139476,1
W2603814672,1
W3124260798,1
W6725217129,1
W2506655319,1
W6708838291,1
W2154822634,1
W6630827328,1
W3121740303,1
W1551333953,1
W2412527301,1
W1984626758,1
W4253342256,1
W658805660,1
W6686716975,1
W6727356247,1
W6715541987,1
W1994439421,1
W2080641307,1
W1979449984,1
W2040746848,1
W2334254901,1
W2130884071,1
W2158334323,1
W2515382678,1
W1964988792,1
W2115649012,1
W1807256883,1
W2044606162,1
W2029148378,1
W2486687576,1
W2124975206,1
W2894972231,1
W1979751471,1
W1586176502,1
W4234876371,1
W1233208954,1
W2891434846,1
W2155982020,1
W1947226924,1
W1603903339,1
W2129327240,1
W2530569707,1
W2095510253,1
W1597898450,1
W6655147246,1
W1767604137,1
W1506291360,1
W2413203413,1
W1995952828,1
W1729017034,1
W2055160305,1
W2118306924,1
W2104516624,1
W2110084295,1
W2114018282,1
W2163419100,1
W1988659079,1
W2149039187,1
W2603046008,1
W2106707793,1
W2327294987,1
W2033739878,1
W2146338616,1
W61165092,1
W2186844269,1
W1665228730,1
W2105188093,1
W2738248106,1
W1964251955,1
W941378780,1
W2057426371,1
W1597230962,1
W2064971013,1
W2019481610,1
W2030927751,1
W2088537809,1
W2127163275,1
W2074925071,1
W1984849516,1
W1824892238,1
W2046776551,1
W2096709536,1
W1994258869,1
W231063171,1
W2018457371,1
W2118452659,1
W2340073912,1
W2141778163,1
W2114821488,1
W149663004,1
W3124479598,1
W3141727052,1
W2133292180,1
W2176419632,1
W4229558635,1
W2107281639,1
W2165429102,1
W2119354377,1
W1598578578,1
W2085194366,1
W2033509393,1
W2146062480,1
W4242973775,1
W2043838154,1
W2106038055,1
W2189000552,1
W2118966035,1
W2108748956,1
W2049344075,1
W2088086445,1
W2196782522,1
W2135774027,1
W4254662695,1
W2121607062,1
W4239546189,1
W6645504906,1
W4234844240,1
W2107397242,1
W2107568324,1
W1989557494,1
W1854430074,1
W2530385172,1
W2739342573,1
W4233054543,1
W2039910014,1
W382536044,1
W2512162818,1
W1968564845,1
W2007777858,1
W1576960987,1
W1967762291,1
W1983353772,1
W2114959740,1
W6634508150,1
W1511500340,1
W6701923859,1
W3121172571,1
W1509199247,1
W6779586284,1
W2052239955,1
W2503350456,1
W2041705800,1
W6688399146,1
W2063259411,1
W6629223648,1
W2482481679,1
W4388063104,1
W2157699529,1
W2153556468,1
W2109972422,1
W2148755480,1
W2112334970,1
W2135450867,1
W6638959718,1
W1964887264,1
W2011156570,1
W1544911769,1
W2169695716,1
W879511075,1
W2107031996,1
W2135155742,1
W4232045906,1
W2019399521,1
W2092677704,1
W2487713464,1
W2416892088,1
W1719304160,1
W2280465749,1
W4248976333,1
W2166431591,1
W2138037959,1
W2086105170,1
W2024764641,1
W7075646701,1
W2048685526,1
W6630178785,1
W6676216116,1
W2034342572,1
W2008649369,1
W7005866220,1
W2240420932,1
W1548000852,1
W4298849050,1
W2208772814,1
W2104166792,1
W2077078231,1
W37291110,1
W2438403039,1
W2150161524,1
W2097908012,1
W2606431456,1
W2058521701,1
W2116915830,1
W2150712906,1
W2240519939,1
W1973045290,1
W3123120659,1
W2131069598,1
W2010815017,1
W4249176722,1
W4312606921,1
W1958368661,1
W3121358291,1
W2169462149,1
W1997240423,1
W1563038433,1
W1964034287,1
W2104539446,1
W2018218928,1
W1891332300,1
W2115659806,1
W2094566819,1
W2613948213,1
W2068392998,1
W1607538551,1
W2126316129,1
W2321489642,1
W6677174368,1
W6704041986,1
W2169194537,1
W2771972396,1
W2043756208,1
W146887934,1
W4390218314,1
W2139198005,1
W2410260998,1
W2107038014,1
W2004513627,1
W2003338293,1
W2586793975,1
W1963411091,1
W2064287678,1
W2148656541,1
W1549977703,1
W6609220724,1
W235536935,1
W2127102393,1
W2187066659,1
W219634995,1
W6641262492,1
W2621656116,1
W2061842799,1
W2167041737,1
W1718841516,1
W1840520559,1
W1972322022,1
W4237384181,1
W2155120093,1
W2109977867,1
W7000834087,1
W1606210594,1
W3121168902,1
W2111119910,1
W2034777197,1
W2502179513,1
W2138579616,1
W2098950780,1
W2207952994,1
W1534286836,1
W2069371576,1
W4236232811,1
W3208831396,1
W2058917393,1
W2081858434,1
W2101734703,1
W2146549276,1
W2107250597,1
W2080064194,1
W2062697240,1
W1551492681,1
W1974636229,1
W6681543039,1
W1976601318,1
W2166792680,1
W2106654521,1
W2091358215,1
W1972623522,1
W3122139347,1
W2095034589,1
W2015225219,1
W2135149437,1
W2085095425,1
W2052295671,1
W2149586874,1
W2199809880,1
W2184308087,1
W2486298609,1
W2096793087,1
W2533654718,1
W2092932867,1
W4239957387,1
W2008302069,1
W2226296846,1
W1964048791,1
W2304585685,1
W1971686418,1
W2169733559,1
W1982754929,1
W2018811597,1
W1999219738,1
W2088395768,1
W2285770651,1
W1973912493,1
W2049293573,1
W2345583621,1
W2101991082,1
W2293307018,1
W2477567206,1
W2798276295,1
W2279825310,1
W2159569665,1
W2092392399,1
W2102297274,1
W2027330192,1
W1996404736,1
W2120892341,1
W1995752593,1
W2072026805,1
W1980407516,1
W4246275412,1
W2138238248,1
W2081842347,1
W4214669672,1
W4302508320,1
W2170229364,1
W1868001186,1
W2020961533,1
W4238263012,1
W2137564114,1
W1869116082,1
W1962964587,1
W1962862023,1
W2590859347,1
W2140517777,1
W1504923393,1
W1908275814,1
W2019124170,1
W2064587039,1
W2032811376,1
W1568574613,1
W2035809511,1
W2586832018,1
W1502696581,1
W2122869947,1
W1989394452,1
W2030210373,1
W2084051787,1
W2116636822,1
W1915787798,1
W2006293338,1
W1966612262,1
W4255615693,1
W2061282879,1
W4242883546,1
W6811199433,1
W2613510791,1
W168834392,1
W2142466214,1
W2050733067,1
W2128230773,1
W2165448571,1
W2033335157,1
W2597537395,1
W2001369648,1
W2137606402,1
W1980793725,1
W1869813491,1
W2415371748,1
W2073956826,1
W1986829461,1
W2123139375,1
W2064580124,1
W2115371793,1
W6616155761,1
W6607983582,1
W2115999490,1
W194243269,1
W580334478,1
W6605302759,1
W2147680692,1
W1417402050,1
W2188507200,1
W2417801387,1
W4211134429,1
W2119151782,1
W2096217879,1
W2466605641,1
W2066161981,1
W1972950717,1
W2134267752,1
W2099663772,1
W2022440685,1
W2024782751,1
W2126579862,1
W2135726218,1
W2258549090,1
W2660079355,1
W7074057920,1
W2136186571,1
W1507197607,1
W2221683938,1
W2136104047,1
W2078286137,1
W2106012089,1
W2528187983,1
W2004619993,1
W2123998326,1
W2023009352,1
W2160193235,1
W1985320702,1
W2135152987,1
W6674671182,1
W2098692495,1
W2342957829,1
W2549662458,1
W2012091042,1
W1993372475,1
W2339017507,1
W2027645648,1
W2031570565,1
W42481311,1
W1995952004,1
W1999743334,1
W1974800060,1
W2029805537,1
W6692475551,1
W2089726493,1
W2173789185,1
W3124738853,1
W1528857264,1
W4206037471,1
W3124068731,1
W3124877041,1
W2128216595,1
W4252179008,1
W4233081607,1
W1566331826,1
W1482697894,1
W2585477150,1
W2550332396,1
W2510327432,1
W2316175917,1
W1506550319,1
W2118159163,1
W2329834464,1
W2610986832,1
W2125115221,1
W2144357229,1
W1931651620,1
W2553652709,1
W2016381774,1
W2549314884,1
W2415776067,1
W2612166593,1
W6737090168,1
W4407886908,1
W2094810366,1
W3125363134,1
W2998359159,1
W1747843948,1
W1502317879,1
W4237827607,1
W1482958167,1
W2111557483,1
W4234118077,1
W2622398615,1
W2590104896,1
W2066060030,1
W2113318452,1
W2553717726,1
W2557995395,1
W1760692908,1
W2075478131,1
W2087554246,1
W2028565991,1
W2169203719,1
W2790123099,1
W2795475834,1
W2034232242,1
W3123302331,1
W1964984530,1
W24056351,1
W2127887433,1
W2568475417,1
W2794551248,1
W2083316163,1
W2009309690,1
W2105511787,1
W2611466939,1
W2336541016,1
W1577534264,1
W2044975374,1
W2190030843,1
W2168876670,1
W2508608959,1
W2113070211,1
W2112309553,1
W2258963705,1
W2064606506,1
W2062860049,1
W2041486376,1
W4245355190,1
W2037646738,1
W4410106274,1
W2564726288,1
W3122930898,1
W2109743855,1
W1540286834,1
W3124491919,1
W2088490799,1
W595331685,1
W3122145464,1
W3145349069,1
W2411289071,1
W2964510282,1
W304673973,1
W2071764588,1
W1972628253,1
W2278572213,1
W2133500760,1
W2025396922,1
W2087818989,1
W2106565642,1
W2906944407,1
W2062142621,1
W3124338191,1
W2344757716,1
W2138477611,1
W1986533064,1
W2152475689,1
W3124255649,1
W2105212353,1
W3123752825,1
W2114298149,1
W3124135054,1
W55668326,1
W6608160072,1
W3023880154,1
W1551943766,1
W2205003424,1
W3122219528,1
W2147432158,1
W2102441157,1
W4211150306,1
W1978630615,1
W2512289332,1
W2120614203,1
W2133718997,1
W2133902674,1
W2085993995,1
W1986873195,1
W6645210854,1
W2341788469,1
W1887918297,1
W1996637735,1
W3023735680,1
W2229593248,1
W2036790311,1
W1577349567,1
W2479531384,1
W1808631708,1
W2276153134,1
W2781689495,1
W2145312238,1
W2564807717,1
W2323480550,1
W2020499489,1
W6781510645,1
W2512964593,1
W2159370636,1
W2461822356,1
W2167546137,1
W2517691169,1
W2040911241,1
W1976474092,1
W2529264718,1
W4237356565,1
W2004201361,1
W2001357527,1
W2090391920,1
W2769109779,1
W2095703913,1
W2049550488,1
W2171024037,1
W2117518403,1
W2060804434,1
W2780036527,1
W1528869278,1
W1995875958,1
W1973913125,1
W1524356801,1
W4252124756,1
W2107176478,1
W3125635617,1
W2033045842,1
W1606891821,1
W2171821508,1
W182086655,1
W4229657826,1
W1682276415,1
W2403639140,1
W2033133183,1
W2119082860,1
W2071646854,1
W2076364434,1
W1980556709,1
W2134484332,1
W1973408167,1
W2404659463,1
W2035524024,1
W2167106423,1
W1970621826,1
W2135138873,1
W1987897297,1
W2115757066,1
W2022175865,1
W1987537831,1
W1998133686,1
W2419149310,1
W2128002322,1
W6645426321,1
W6703127233,1
W2132351613,1
W2258607771,1
W1979882228,1
W2560846928,1
W2068791673,1
W2085348157,1
W1969615997,1
W6685720415,1
W2124180548,1
W1561216250,1
W2800547446,1
W2484998325,1
W1976845316,1
W2028025668,1
W6684925228,1
W2159339457,1
W2153148216,1
W2101621119,1
W2140725189,1
W2120192636,1
W2052474267,1
W2088274037,1
W2036646293,1
W2768037361,1
W1963742495,1
W2135363428,1
W2746562707,1
W1971840133,1
W2037301226,1
W2155987322,1
W2017345706,1
W2155336975,1
W2576236859,1
W2052810066,1
W3122244088,1
W6641364799,1
W6601434176,1
W3123240844,1
W1606760425,1
W2121820235,1
W1964514031,1
W2149027374,1
W2079569558,1
W3121827116,1
W2003682543,1
W6727202307,1
W1588330885,1
W1498604664,1
W6676752985,1
W6680664091,1
W2133369488,1
W1840144356,1
W2163239208,1
W1561130015,1
W1925122065,1
W1975704530,1
W2318248376,1
W4232937668,1
W1596835184,1
W4231236808,1
W4210889705,1
W2104413756,1
W4410167584,1
W6677287901,1
W2073400560,1
W2144555859,1
W2169887110,1
W4251749936,1
W1555980461,1
W2132942982,1
W2117694682,1
W1500766035,1
W2271767647,1
W2497721881,1
W2155372394,1
W2037185071,1
W2148682171,1
W2165636180,1
W1970944542,1
W1940420472,1
W3125709879,1
W4382886479,1
W2007013070,1
W2395285308,1
W2137235043,1
W2019469924,1
W2038839580,1
W2064064962,1
W1997807387,1
W2164505476,1
W6640434724,1
W6789773144,1
W2142278107,1
W2042309241,1
W2169868854,1
W1982350073,1
W2130668365,1
W2116325084,1
W157940817,1
W1525201159,1
W2060994685,1
W2140238474,1
W6673231745,1
W4248179433,1
W1749797131,1
W2286263687,1
W6682334546,1
W639687956,1
W2080927183,1
W1996892588,1
W2157230492,1
W2119740264,1
W3122661688,1
W2109902057,1
W2326333579,1
W2187904541,1
W2185697116,1
W1699900963,1
W2076614633,1
W1964631977,1
W3124551756,1
W2121151196,1
W1878974843,1
W1974990514,1
W80477456,1
W2529809654,1
W2120094046,1
W2050945153,1
W3124822038,1
W3124112657,1
W2284676919,1
W2069529976,1
W2128109984,1
W2104296066,1
W2102611326,1
W2160769117,1
W2256596303,1
W4242873090,1
W2149738820,1
W4206543333,1
W6636271895,1
W1605659420,1
W1997009480,1
W7028306850,1
W1964541983,1
W2070456588,1
W2268068630,1
W4404398606,1
W189876435,1
W2005029869,1
W4229775729,1
W6651653982,1
W2123286530,1
W6679045766,1
W2044124152,1
W2107295826,1
W2310789677,1
W2010695769,1
W2111325415,1
W2124635218,1
W2140975485,1
W3123540450,1
W2055496236,1
W3123074201,1
W3121158869,1
W1996294374,1
W1975346281,1
W1946352650,1
W2108565421,1
W2000835990,1
W2038332543,1
W2228895430,1
W2067123175,1
W2079436365,1
W2138345385,1
W3093992381,1
W2093777375,1
W2067399896,1
W146903094,1
W74130254,1
W2077022265,1
W6629336254,1
W2077942217,1
W2321641212,1
W2475151158,1
W2971197027,1
W1964536743,1
W1519165327,1
W2042072435,1
W1483026916,1
W615235434,1
W1983122369,1
W576830295,1
W2014231865,1
W1561137360,1
W2149812093,1
W278562176,1
W2957101314,1
W2159082168,1
W2006149131,1
W1984204127,1
W3121644502,1
W1647098615,1
W3044348100,1
W1588484982,1
W4210867529,1
W2012234210,1
W3125592328,1
W2160423972,1
W1966394120,1
W1494024574,1
W1481945423,1
W2163117879,1
W6628784365,1
W2345957502,1
W2145746205,1
W2065784786,1
W2044214615,1
W2319675654,1
W2168193483,1
W1974652119,1
W1980450922,1
W2015112598,1
W4299789077,1
W1532254604,1
W2018222482,1
W2104080075,1
W2038927795,1
W2142329317,1
W2427811555,1
W1681516972,1
W1972917308,1
W2081590363,1
W2048850362,1
W2103138279,1
W2063004535,1
W2165542694,1
W2110289718,1
W2341356442,1
W2026310016,1
W840087231,1
W6664437381,1
W2042982316,1
W1563041779,1
W2094925067,1
W2122691195,1
W2016276961,1
W2130579136,1
W1581479922,1
W1525187176,1
W2087572328,1
W2130288717,1
W2104465738,1
W6631674497,1
W1155024659,1
W3123789812,1
W6928868790,1
W4247669758,1
W2171656257,1
W2789198790,1
W3146705859,1
W7055360506,1
W1991714556,1
W1515765177,1
W1569120983,1
W2189026151,1
W2187589134,1
W2467212032,1
W1978754274,1
W1486826967,1
W2160676228,1
W2915313226,1
W2166191702,1
W2117306418,1
W3124147291,1
W1556615302,1
W2163689052,1
W1479798168,1
W2060137015,1
W2128203692,1
W2140963336,1
W2166176820,1
W1984653480,1
W1991227963,1
W86831489,1
W2009437100,1
W2095416110,1
W2120931187,1
W1926303018,1
W1970105364,1
W2084863756,1
W1982858945,1
W2152815552,1
W2071777165,1
W2024620182,1
W2033452954,1
W2067515856,1
W2321871865,1
W2099590462,1
W1967475532,1
W2157946136,1
W2083937105,1
W3121355726,1
W2289657332,1
W2518266956,1
W1971987975,1
W1933682911,1
W2131831713,1
W1995005198,1
W2060464167,1
W1970410595,1
W2102052467,1
W2135463798,1
W2068432849,1
W2145342579,1
W1866606518,1
W2024594841,1
W2026406392,1
W271584411,1
W2094268483,1
W4409458490,1
W1995179748,1
W2095164554,1
W3214923421,1
W2116775351,1
W2064344078,1
W2184046556,1
W2131176801,1
W2143219013,1
W1991253133,1
W3124035721,1
W2412639530,1
W1905479589,1
W2086629952,1
W1999069338,1
W2079478779,1
W2414364787,1
W562814510,1
W2160350516,1
W4233077376,1
W1584717347,1
W2097825051,1
W2105764482,1
W2164420168,1
W2037923061,1
W2009341441,1
W1967821571,1
W105223777,1
W2010887308,1
W2131093377,1
W1541331569,1
W2031842747,1
W2029978397,1
W2129095037,1
W2063775440,1
W2040247415,1
W2167009705,1
W1487336599,1
W4388330878,1
W3125374878,1
W7065236791,1
W1518055624,1
W2058484775,1
W1988375632,1
W2167655177,1
W4238040836,1
W1487607581,1
W2237254098,1
W3124743026,1
W1991422860,1
W1991948446,1
W2038136417,1
W1490412385,1
W2141318232,1
W2108095019,1
W2418558752,1
W2049960124,1
W2058252043,1
W2089980957,1
W2007684736,1
W2035039909,1
W2000919321,1
W1990310548,1
W1564268483,1
W1964241912,1
W2004065021,1
W2109223853,1
W2054706026,1
W2115031694,1
W226891417,1
W1976491475,1
W2133203400,1
W1552583698,1
W1984187610,1
W6633810986,1
W1987009528,1
W1526979429,1
W2249607917,1
W2145741464,1
W6633909495,1
W6631796188,1
W1525196160,1
W2126294209,1
W2079640469,1
W2034951011,1
W1987834455,1
W2042124062,1
W2071909013,1
W115073258,1
W1976764624,1
W2034170327,1
W2026487929,1
W1971242040,1
W167890903,1
W2129248710,1
W4233637714,1
W4410095157,1
W6668897192,1
W1522824946,1
W1996351770,1
W2976930669,1
W2110836239,1
W1641150693,1
W1972782913,1
W2146682040,1
W96918666,1
W2155472117,1
W1558116859,1
W2123809443,1
W2162210127,1
W2131797202,1
W3021936943,1
W2039550369,1
W1549185674,1
W2035019682,1
W3125526747,1
W6645591535,1
W181309761,1
W2127629883,1
W2940061409,1
W2072427825,1
W2188204889,1
W2012699701,1
W6684146871,1
W3121693448,1
W1983263063,1
W2091744415,1
W6645917633,1
W3121779940,1
W2006008314,1
W2020924582,1
W2143458089,1
W4236121785,1
W1979435650,1
W6628691885,1
W2153598797,1
W2155108082,1
W2003752854,1
W2098196189,1
W1990798545,1
W2127510146,1
W2129710210,1
W2104895994,1
W4233520449,1
W2116635629,1
W2153034426,1
W2081723126,1
W4255877244,1
W2096394008,1
W2117995365,1
W2020751391,1
W2119445547,1
W3144042878,1
W1882792209,1
W2499205792,1
W1627560665,1
W3152232815,1
W4244174679,1
W2004150837,1
W2118349819,1
W1676413351,1
W2025294054,1
W565710402,1
W2086391695,1
W2521957162,1
W2520345180,1
W1985574672,1
W1718218699,1
W4213275760,1
W2167195020,1
W4229642287,1
W2327348923,1
W1972325140,1
W2085074085,1
W1797971880,1
W3157171999,1
W2322722091,1
W6635106569,1
W2014860049,1
W3123296108,1
W333241180,1
W280273212,1
W1987610199,1
W2017698373,1
W21229244,1
W2291154418,1
W2181978601,1
W1488073489,1
W781280493,1
W6686643167,1
W2000320785,1
W2123108044,1
W1966432197,1
W3124544936,1
W2106974336,1
W1982680947,1
W1513068959,1
W2136614214,1
W2399792047,1
W646942018,1
W2137436063,1
W2068202338,1
W2118920490,1
W2168024036,1
W1984771921,1
W2134584514,1
W2590774291,1
W1865016364,1
W2314489454,1
W1518119736,1
W1998406205,1
W2181517744,1
W2563251252,1
W1515207280,1
W4245448477,1
W1963519464,1
W4309070398,1
W1759159515,1
W2164021519,1
W2036470819,1
W2114400075,1
W2530850858,1
W1603522928,1
W1564185537,1
W2019033744,1
W131771470,1
W2012318240,1
W2054933531,1
W6941394898,1
W2167106598,1
W2032670001,1
W1892780033,1
W2022878416,1
W6639396456,1
W2040968969,1
W1984794727,1
W2039629508,1
W2128087959,1
W2079876556,1
W2086995401,1
W2163620691,1
W1986276092,1
W176406519,1
W1975894819,1
W2105912416,1
W2010454872,1
W4255881738,1
W4298283550,1
W2410161092,1
W2023255826,1
W6655237157,1
W6679359725,1
W2020929316,1
W2324919584,1
W2125599446,1
W4237072333,1
W2008476374,1
W2083475779,1
W2101040284,1
W2134527623,1
W2130038011,1
W2139339819,1
W2156587545,1
W2023350458,1
W2183991154,1
W2158707586,1
W2010601158,1
W2016689329,1
W2071014506,1
W1983883651,1
W2904588591,1
W1975228404,1
W2168626882,1
W1964667913,1
W2085134412,1
W1981457513,1
W322846541,1
W2045395770,1
W2036542001,1
W1998992565,1
W1979982380,1
W4251192517,1
W2107179098,1
W166676164,1
W2107111031,1
W159649488,1
W2146957194,1
W2132313235,1
W2061089892,1
W3122266679,1
W1523400808,1
W1966248378,1
W2123531276,1
W1965279879,1
W2127135518,1
W6852864445,1
W1603789379,1
W4255326880,1
W1965296955,1
W1968667387,1
W2167047802,1
W161569314,1
W2300426829,1
W2168828865,1
W2012921516,1
W17715462,1
W6630433287,1
W1997222788,1
W1586268840,1
W70194479,1
W2024782144,1
W1485120222,1
W2071985577,1
W2012985419,1
W2166457153,1
W2110302141,1
W2414272541,1
W2038203281,1
W146498994,1
W6762498724,1
W2143040781,1
W2161911103,1
W1560209266,1
W2096898971,1
W1992485434,1
W26025473,1
W2153264557,1
W62047774,1
W1975837536,1
W1512628157,1
W2997654465,1
W1566718566,1
W3001315040,1
W1996531795,1
W1587631583,1
W6685447221,1
W2082134049,1
W2081776479,1
W1996731000,1
W2167654230,1
W1973097648,1
W2056736038,1
W4402917573,1
W2049399522,1
W2130184887,1
W2140997499,1
W2056707740,1
W2089355869,1
W7037549501,1
W1563563938,1
W1542655950,1
W1976095425,1
W2055140015,1
W2112345595,1
W2916700113,1
W1968387516,1
W1985638271,1
W2346686016,1
W1603058530,1
W2152457112,1
W2068730106,1
W3125097035,1
W2106202364,1
W2133099461,1
W1547415738,1
W3121301164,1
W2102123671,1
W2485567181,1
W2043958815,1
W1538576702,1
W3122456624,1
W2005930083,1
W6679631980,1
W2002414360,1
W4242148535,1
W4294232760,1
W3122737725,1
W2019970531,1
W6655494363,1
W4410161477,1
W2173052903,1
W2057805866,1
W1972737098,1
W1591469149,1
W2050259723,1
W6673445679,1
W2019126217,1
W2139200745,1
W2071597230,1
W1965826902,1
W2047972652,1
W2118015113,1
W1594992853,1
W2150054283,1
W1985136372,1
W6668565397,1
W2099920076,1
W2141057066,1
W2188549845,1
W2193924604,1
W1546727598,1
W2299013682,1
W2019744795,1
W2139625542,1
W2062622216,1
W2064058371,1
W2098951189,1
W2102135891,1
W1995280409,1
W2081609388,1
W1991982605,1
W2083708617,1
W1694189029,1
W2147362246,1
W2326833438,1
W2529044001,1
W1695565303,1
W2123106228,1
W2011460827,1
W3194899381,1
W2117798480,1
W1517831965,1
W2159476799,1
W114073249,1
W298529215,1
W2092509730,1
W2130436785,1
W2109481947,1
W1984615306,1
W2143170327,1
W2106093004,1
W2025738603,1
W2136128159,1
W4229729493,1
W2038839282,1
W2028754797,1
W2136670808,1
W1568918871,1
W1984888517,1
W1830425341,1
W2159639859,1
W2230910126,1
W2135027892,1
W2038898898,1
W1980032585,1
W1870477199,1
W564036088,1
W2077408629,1
W2403879010,1
W2145483497,1
W3124908900,1
W3124124180,1
W2155825816,1
W2406074635,1
W2315059199,1
W2068679481,1
W2293225345,1
W1974215503,1
W2153451893,1
W1657811827,1
W2498628613,1
W123430343,1
W2296093328,1
W2089966564,1
W2158751459,1
W4232309026,1
W2408674827,1
W2069474958,1
W2128523372,1
W1730590876,1
W1566854267,1
W1528748012,1
W2037438915,1
W2950497858,1
W2088108254,1
W2144009335,1
W2101293311,1
W1975496533,1
W2128871732,1
W2140851388,1
W6630764233,1
W2154671281,1
W2625380071,1
W2145986397,1
W4403867591,1
W1552397944,1
W2126469064,1
W2417993921,1
W2085585678,1
W2083600673,1
W6636035714,1
W2328614708,1
W2318888800,1
W2000821770,1
W2067159609,1
W4377253295,1
W2978936612,1
W6790087966,1
W2902889646,1
W2114344363,1
W2275312219,1
W4247351588,1
W1987090444,1
W2096613415,1
W2169576002,1
W1996930203,1
W2143051195,1
W1960977066,1
W2125708823,1
W1979816052,1
W2048597481,1
W2157560272,1
W6608185730,1
W2411672616,1
W2068710059,1
W1962032397,1
W2031968478,1
W1965873316,1
W2112380741,1
W2014209533,1
W2111130990,1
W2106006228,1
W2137187865,1
W2125118132,1
W2037406584,1
W1990835137,1
W2108513209,1
W2073051761,1
W2162111834,1
W2160547085,1
W2103004904,1
W2037174720,1
W2149011208,1
W2150106013,1
W3183915260,1
W2143656832,1
W2010579338,1
W2077636990,1
W198696304,1
W2016949639,1
W2077660923,1
W2168528355,1
W50779291,1
W6658147979,1
W3184177771,1
W2042163209,1
W2129711367,1
W2145842008,1
W2041805554,1
W1499804035,1
W3125748406,1
W6649442773,1
W91447225,1
W1994312041,1
W130751985,1
W2051721008,1
W2150135926,1
W2200833954,1
W1835588239,1
W1597485487,1
W1498052536,1
W6677671086,1
W3121795000,1
W3121350766,1
W6638898346,1
W1827167646,1
W405386915,1
W1519513334,1
W2137154979,1
W2091435338,1
W4252648999,1
W6678470598,1
W2020147058,1
W4255223030,1
W6821182107,1
W4206151629,1
W2071463906,1
W1504031243,1
W614368357,1
W756267460,1
W406948617,1
W1509618568,1
W47014057,1
W6675065983,1
W1604863450,1
W2444400445,1
W2115977565,1
W62824994,1
W4240337256,1
W4253561486,1
W1502163265,1
W2129833599,1
W2053879494,1
W2128467822,1
W2337023116,1
W1535600844,1
W2077007894,1
W2132575282,1
W645342318,1
W1486167516,1
W2075782473,1
W2153549946,1
W2100772265,1
W2164462703,1
W7002524420,1
W2115012618,1
W6636116748,1
W3123213498,1
W128856269,1
W4409433676,1
W6605358994,1
W2064036245,1
W3153319816,1
W3121780632,1
W2474582591,1
W2032168539,1
W2102691298,1
W2505184355,1
W3000197596,1
W2175754208,1
W6752138885,1
W1511005963,1
W3214941827,1
W6680654481,1
W3124993515,1
W187002467,1
W2262079664,1
W1969003160,1
W2026432352,1
W2128251743,1
W2736237262,1
W4252296991,1
W6684737603,1
W2169226612,1
W2133924558,1
W6693246583,1
W1986766398,1
W2160414137,1
W2157472793,1
W2460712092,1
W2169874009,1
W2078031612,1
W2055904857,1
W2016748709,1
W6823158874,1
W2998213326,1
W65739114,1
W2023764565,1
W2322992206,1
W2419557962,1
W4384468893,1
W2166946789,1
W157323849,1
W1507805782,1
W2148343957,1
W2343066643,1
W1924529051,1
W3203056154,1
W6683489551,1
W4399242733,1
W6648101938,1
W2107685728,1
W2289227517,1
W2109816801,1
W3125322357,1
W4393768585,1
W2246778678,1
W2398096221,1
W1565990870,1
W4253617610,1
W1562332309,1
W2039138789,1
W2015303421,1
W2290538816,1
W620990904,1
W2587873947,1
W2162961414,1
W2167011574,1
W1591013872,1
W2077768684,1
W6656961452,1
W2471684243,1
W1991081460,1
W2540654992,1
W1972815336,1
W2339813746,1
W3134877402,1
W3150767939,1
W2044998035,1
W2127759482,1
W1997130013,1
W1862822372,1
W2370444273,1
W2313261784,1
W2155542556,1
W2159109450,1
W3123563774,1
W2001562729,1
W2062281358,1
W6665746755,1
W2039143807,1
W1984454461,1
W6676414493,1
W2498640945,1
W6684799078,1
W2112146495,1
W6669116662,1
W1767520447,1
W6641658927,1
W1966065826,1
W6679773005,1
W2007516613,1
W2164555942,1
W2219622617,1
W2170810177,1
W2946231449,1
W2102617642,1
W2018703055,1
W2281454381,1
W2168705041,1
W2133442096,1
W1983844856,1
W3121681609,1
W2066254990,1
W2790929810,1
W2129865435,1
W6678381948,1
W1823055374,1
W2884313577,1
W2139441685,1
W2128240500,1
W1565560401,1
W2093708030,1
W2502769765,1
W6676020540,1
W2114226458,1
W2054436560,1
W2142758169,1
W1577430189,1
W2070808447,1
W2091559817,1
W2134093052,1
W3165945063,1
W249858112,1
W2128995016,1
W2793838479,1
W6792312869,1
W6602379306,1
W133612633,1
W4231586841,1
W2319060119,1
W1975161763,1
W2167006957,1
W2051116662,1
W2314734263,1
W2108105578,1
W3125171709,1
W1965070790,1
W2160285770,1
W3022037462,1
W2133211659,1
W2048923737,1
W2181770100,1
W2166907369,1
W2084710723,1
W2188859515,1
W2154118520,1
W2115486280,1
W1979982600,1
W2076025404,1
W2057879831,1
W2010395826,1
W3121559782,1
W2009920789,1
W6640951196,1
W2074963902,1
W2001394247,1
W2137728402,1
W2009229752,1
W1524857468,1
W2528018805,1
W1461021770,1
W1535483451,1
W2233951054,1
W2170968508,1
W2058352035,1
W2266179496,1
W2407827170,1
W2000644534,1
W2139663648,1
W2108899765,1
W1982890689,1
W2071892877,1
W2159614251,1
W3098536600,1
W4205857946,1
W2101258788,1
W2159819321,1
W2116800952,1
W2010143351,1
W2128920447,1
W2056621649,1
W2795598039,1
W2136126831,1
W6808024789,1
W2181886514,1
W3152030810,1
W1966001475,1
W2130257195,1
W2206660909,1
W2159864757,1
W2703423938,1
W2100643950,1
W2058815212,1
W1605824561,1
W6632179450,1
W2724541825,1
W1648572354,1
W4232745583,1
W2023303187,1
W1599201836,1
W2133250788,1
W4229885020,1
W840639623,1
W2014986319,1
W2135770787,1
W1978292381,1
W4244568317,1
W6982400012,1
W2184131291,1
W2123264713,1
W4235278727,1
W1980718595,1
W2048311466,1
W4251008842,1
W2097493399,1
W2516617856,1
W1942414756,1
W2011881803,1
W2024209230,1
W2029165215,1
W2089369613,1
W2013315155,1
W605425603,1
W1538467677,1
W2439701229,1
W2286974242,1
W2734711455,1
W1990676646,1
W2332038779,1
W4247046439,1
W4300103684,1
W2005374015,1
W1992796018,1
W2006222338,1
W2025987759,1
W2002780401,1
W2097367263,1
W2075690764,1
W2750227816,1
W2082735748,1
W2044718982,1
W1485079294,1
W2126895237,1
W2092434560,1
W2123909070,1
W2268331643,1
W2010085222,1
W2102750346,1
W2096829533,1
W6634815263,1
W6661731965,1
W1535091708,1
W2166841714,1
W432311989,1
W1990584478,1
W2129820079,1
W2093646292,1
W2302542175,1
W4251786515,1
W2610702146,1
W2121029583,1
W1950770779,1
W2083085858,1
W2088547373,1
W2166490290,1
W2039122606,1
W2507703924,1
W2006294254,1
W1518842989,1
W6631190276,1
W3122462008,1
W6679329143,1
W1963965317,1
W2212768557,1
W2289523257,1
W1993233344,1
W1852706946,1
W2134667405,1
W2082235977,1
W2095329548,1
W2121721478,1
W2246582498,1
W1994101826,1
W2994082369,1
W2102376021,1
W6603634859,1
W3122199449,1
W2132359054,1
W2156839371,1
W2038422132,1
W2055885787,1
W2102612564,1
W2126577213,1
W2075739997,1
W2059091060,1
W2061613504,1
W3124538989,1
W2111970349,1
W2072627722,1
W2004913021,1
W2129344386,1
W6635783688,1
W2008357798,1
W3123577557,1
W6630467164,1
W641345682,1
W2133166452,1
W2111599268,1
W2038285638,1
W2060921192,1
W1537357550,1
W70713066,1
W2079792971,1
W2109198784,1
W2158628966,1
W1598503210,1
W2076047401,1
W2095421614,1
W2055102995,1
W1992655665,1
W2095089115,1
W1537159868,1
W2037919563,1
W2157331597,1
W2138264010,1
W2120732265,1
W1523177657,1
W2027754547,1
W2147655837,1
W2079771714,1
W2109836277,1
W2106311908,1
W6603003011,1
W2159130879,1
W2070143516,1
W2116539842,1
W1581431636,1
W2332787986,1
W2170435828,1
W3121537175,1
W637484311,1
W1863531088,1
W2144140979,1
W2994872046,1
W2189355895,1
W2169737819,1
W1997924718,1
W2030742981,1
W1846898798,1
W2126528080,1
W2126983401,1
W2067228443,1
W2606868137,1
W6676175794,1
W2068901263,1
W1582571306,1
W3122304594,1
W1920787349,1
W573720579,1
W2022715815,1
W2100273578,1
W2136401331,1
W2060009409,1
W3026417138,1
W2104806878,1
W1742195968,1
W1964315293,1
W2073353025,1
W2183742266,1
W2025707623,1
W2055056256,1
W2020223752,1
W1981452338,1
W2129678216,1
W1575147782,1
W2120156708,1
W2102911984,1
W2147375548,1
W1497929585,1
W1496141239,1
W2043715088,1
W2001579773,1
W2993691525,1
W2318020159,1
W2061248561,1
W2071155942,1
W2160294795,1
W1520668153,1
W2117356399,1
W2330452718,1
W2074661292,1
W77666782,1
W2026028666,1
W4249853168,1
W6642474958,1
W2139064349,1
W2095554063,1
W1863480063,1
W2152904828,1
W1977502996,1
W2158866291,1
W2601056822,1
W1608400023,1
W3023960624,1
W2069169217,1
W3121131820,1
W2480219359,1
W2087614666,1
W2909297956,1
W2064440093,1
W2192556578,1
W2596185463,1
W2158221723,1
W3149395617,1
W56218459,1
W619702606,1
W47594971,1
W1855283887,1
W1678912940,1
W2023208500,1
W2044477478,1
W3124014552,1
W2076646346,1
W2032167823,1
W2176517976,1
W2150968783,1
W2914784934,1
W6631351153,1
W2130052807,1
W1980583069,1
W2768677766,1
W2157227083,1
W2063553095,1
W1990361425,1
W2112440119,1
W1540596182,1
W2522366157,1
W1985453331,1
W1481201729,1
W2187184352,1
W7038511153,1
W3123238227,1
W127636580,1
W2300653637,1
W2975473695,1
W6631126200,1
W1126583247,1
W2333064591,1
W2170662574,1
W2006873050,1
W2059622452,1
W1674642022,1
W1993629708,1
W2500281002,1
W1788697169,1
W2117020584,1
W2324430731,1
W2402783003,1
W1782242823,1
W2122734994,1
W2324331818,1
W2066867738,1
W2061437671,1
W1979238158,1
W2502892730,1
W1976075772,1
W1498016280,1
W2301157111,1
W1124708747,1
W2102283026,1
W1910274319,1
W2152574212,1
W4255822625,1
W1850710630,1
W1981518839,1
W2127820348,1
W4255827324,1
W2058574635,1
W2012529571,1
W2037490203,1
W2000028696,1
W2267699338,1
W1970369471,1
W2134735104,1
W2595284171,1
W2330703347,1
W1613992416,1
W2102999561,1
W1990415494,1
W6634280206,1
W2139419291,1
W2034558704,1
W1968906674,1
W1598052917,1
W2145011338,1
W2184407052,1
W2967395909,1
W2771004662,1
W2165763586,1
W1561897655,1
W1975535635,1
W1564360514,1
W2002754275,1
W6713850495,1
W1004584821,1
W1988115296,1
W2052802022,1
W2081939572,1
W2135276554,1
W2000963794,1
W2105455604,1
W2044515540,1
W2332858796,1
W2044212582,1
W6622705650,1
W1183331850,1
W3140827707,1
W1535807333,1
W2045752879,1
W2922134667,1
W2061603448,1
W2199836069,1
W2125632866,1
W3147616907,1
W81685006,1
W1546831332,1
W2136573655,1
W1995317092,1
W2018232559,1
W2052679756,1
W2080418646,1
W425758597,1
W4252594356,1
W2034967895,1
W1966221380,1
W3122969907,1
W2111261730,1
W2166717372,1
W1556715077,1
W2125357537,1
W2128294336,1
W2011781978,1
W2037239225,1
W2099336820,1
W2102319680,1
W1974436532,1
W2039189881,1
W1975383176,1
W2133037631,1
W2168293325,1
W2160165410,1
W2082262203,1
W2052356730,1
W1972352396,1
W2045369668,1
W6640875713,1
W2113219771,1
W63174127,1
W2296384854,1
W2159293131,1
W1905999613,1
W2997960800,1
W2007212082,1
W2154246179,1
W2095365968,1
W2116317490,1
W2024914273,1
W2005479125,1
W2146786634,1
W6637542223,1
W2113722078,1
W2147534591,1
W4230253980,1
W2113402064,1
W2024316343,1
W2150119583,1
W3122760232,1
W2145800549,1
W2259389627,1
W3123702851,1
W2132369486,1
W2207360157,1
W2416362739,1
W2592260431,1
W2179672210,1
W1520594002,1
W1970554182,1
W2120268131,1
W2153174854,1
W2799726962,1
W2884961422,1
W2106303969,1
W2168872273,1
W4229830454,1
W2064360505,1
W2148916068,1
W2146850004,1
W1547817194,1
W4239926713,1
W1576694020,1
W4243202256,1
W2322820359,1
W2118052532,1
W2099161251,1
W3125518467,1
W2151417411,1
W2137623058,1
W2006397401,1
W2091655150,1
W1983049601,1
W2088962017,1
W2131028225,1
W2412716903,1
W2018367679,1
W2158958368,1
W2410318194,1
W1577909208,1
W2118277535,1
W80957382,1
W2735672765,1
W2073059200,1
W132428718,1
W3123800309,1
W2044311390,1
W4236126545,1
W2319351748,1
W1982331927,1
W2055489559,1
W2085933742,1
W2089421149,1
W6682721471,1
W4312607381,1
W6679072789,1
W1561603517,1
W1896751591,1
W1518291990,1
W1984736364,1
W3123653915,1
W3044347796,1
W1972897092,1
W207310870,1
W1972126507,1
W2016676787,1
W2338854978,1
W2082650909,1
W2143308022,1
W2137337769,1
W2186068764,1
W1751388959,1
W1581498983,1
W1550985184,1
W2018328642,1
W1497337992,1
W1863046860,1
W2898417119,1
W2071009437,1
W2007003754,1
W2136432990,1
W1928022292,1
W2130835493,1
W1984619051,1
W1833655093,1
W2082903003,1
W3206635061,1
W1969903743,1
W2127989408,1
W4242428206,1
W2068300445,1
W2126017504,1
W4233965592,1
W2020086515,1
W613465185,1
W2396647745,1
W1967545352,1
W2026613870,1
W2151970147,1
W2562270192,1
W2065882396,1
W2892093762,1
W2067685925,1
W2050244971,1
W1606647850,1
W14771912,1
W1983350639,1
W2057871317,1
W2157356873,1
W3124559526,1
W1540237962,1
W2100710761,1
W1523386805,1
W3122998524,1
W2125464221,1
W2100208018,1
W2072158915,1
W1984989269,1
W2128786358,1
W2079110605,1
W1573701668,1
W4233445088,1
W3123582712,1
W264333377,1
W4231726396,1
W1985683923,1
W1977315170,1
W2082560839,1
W2100882635,1
W2013875302,1
W2080602917,1
W2056697906,1
W1525195833,1
W1986502480,1
W2328011167,1
W386777183,1
W2113494335,1
W2125274265,1
W2178659982,1
W2032158612,1
W2115142749,1
W2010026548,1
W2163259465,1
W175036649,1
W2001726001,1
W2115716443,1
W2039033949,1
W1868052657,1
W2064325669,1
W2324053270,1
W1990509433,1
W2127832030,1
W2011186823,1
W2129806340,1
W629885804,1
W2565402716,1
W6751348723,1
W6684202907,1
W1745123889,1
W2100161783,1
W2800574483,1
W2122216709,1
W2034442721,1
W2139002782,1
W6648531930,1
W4233014035,1
W1993333512,1
W1559328231,1
W2027940504,1
W2152682581,1
W47021985,1
W2383574274,1
W1969069395,1
W1989931913,1
W1761583219,1
W4294705765,1
W6637919367,1
W1210092515,1
W2125216147,1
W1976662407,1
W2086033503,1
W2103554798,1
W1553864609,1
W1566329825,1
W1771726014,1
W2115292543,1
W2168523361,1
W2005850736,1
W2032376273,1
W2092311312,1
W2145849239,1
W2038841223,1
W2106267488,1
W49283392,1
W597746913,1
W2072395157,1
W2036969091,1
W2097477729,1
W2000649305,1
W1564814496,1
W2044215174,1
W1484739539,1
W2074830226,1
W2066192694,1
W857605077,1
W99184453,1
W2138650818,1
W654049142,1
W1533388959,1
W622657072,1
W2057719008,1
W2051760501,1
W2516834350,1
W2109860650,1
W2186615948,1
W2185952116,1
W1569155678,1
W2031112152,1
W2056848088,1
W2086577006,1
W2370483730,1
W2128137506,1
W2245144738,1
W2776262591,1
W2322437385,1
W1575299154,1
W2188582210,1
W4385213661,1
W2613550240,1
W2140787381,1
W2748246845,1
W3148666785,1
W1603263218,1
W2151211428,1
W22800178,1
W2151967846,1
W1529253388,1
W2100268181,1
W1594723613,1
W846556396,1
W1986830157,1
W2019964738,1
W2041737034,1
W1975566906,1
W2025296903,1
W2086891016,1
W192968254,1
W1574004427,1
W1976672954,1
W2732122620,1
W2062582547,1
W1977621437,1
W2108485812,1
W1597069105,1
W2045644234,1
W2066009577,1
W1265411901,1
W1954015883,1
W2077338103,1
W2074485699,1
W2166150665,1
W2100482929,1
W2955410007,1
W2185692220,1
W2013936057,1
W1974168978,1
W2151115521,1
W2126009317,1
W2061783353,1
W43817151,1
W1591943676,1
W2011982529,1
W2168912109,1
W2070587406,1
W2146761068,1
W2073712155,1
W24170790,1
W2064019310,1
W2015856469,1
W1979217721,1
W2483892525,1
W2552763568,1
W2005723579,1
W2090927321,1
W4245108044,1
W1967126310,1
W2479023886,1
W2138175905,1
W2078073007,1
W2014580004,1
W2050617356,1
W2109251805,1
W2034803162,1
W1979369091,1
W2135543337,1
W2164502884,1
W2092145875,1
W2060080638,1
W2117579170,1
W2083556173,1
W2063053956,1
W2085280578,1
W2137328237,1
W2107033647,1
W1500481490,1
W1964594808,1
W2004902933,1
W2139389731,1
W2112655534,1
W2268053698,1
W4252855686,1
W2755944734,1
W2015067494,1
W2024205134,1
W1727459989,1
W2089665140,1
W2083606760,1
W1494165731,1
W1977505156,1
W2024799629,1
W2066792247,1
W2125387810,1
W2744777569,1
W2037504878,1
W2054280869,1
W2162334426,1
W1964621550,1
W1976297951,1
W2008490878,1
W3150342803,1
W2076336891,1
W1698918677,1
W2027919092,1
W1571062654,1
W1975797050,1
W1803375205,1
W3121647457,1
W264810874,1
W2160020666,1
W6601267958,1
W2084915173,1
W2031460682,1
W2017607432,1
W2993502617,1
W1985289044,1
W1563147257,1
W2070017952,1
W2140905951,1
W2062074206,1
W2035464508,1
W2151984941,1
W2261542975,1
W2161675600,1
W1585823992,1
W2093002069,1
W2071018551,1
W2071533107,1
W2731329354,1
W2058316157,1
W2000236238,1
W2070775205,1
W1967590756,1
W6653178564,1
W2023405896,1
W2063899986,1
W2103776874,1
W1508989202,1
W2079303036,1
W3125183430,1
W2144480282,1
W4245498832,1
W2004400742,1
W2092798836,1
W1980528615,1
W4240678977,1
W2132725818,1
W2087657902,1
W2478759695,1
W2152883252,1
W2099024601,1
W3125900386,1
W2132849250,1
W2342357798,1
W2059366208,1
W2050468852,1
W1568638344,1
W2299173268,1
W2286292839,1
W2056938725,1
W2130645826,1
W2290839534,1
W3122525786,1
W2009338539,1
W2008824695,1
W2065916161,1
W1534039242,1
W3109861757,1
W6604782850,1
W116591090,1
W2145016263,1
W2034135836,1
W2108102321,1
W2127403366,1
W6652673637,1
W2004128497,1
W2012472842,1
W2073225472,1
W2891753394,1
W2895373101,1
W2506916319,1
W282133,1
W2171695918,1
W2041542511,1
W2058067632,1
W2171141994,1
W2096254883,1
W2008263434,1
W2077618490,1
W2083244949,1
W1777183656,1
W2124801504,1
W2088409343,1
W2000100883,1
W2078266329,1
W2139894829,1
W352686746,1
W2170507689,1
W2083443345,1
W2145352823,1
W1990149498,1
W2159044497,1
W2163477848,1
W1539475119,1
W1982735119,1
W2160992219,1
W1987147490,1
W1739094479,1
W2148093477,1
W2030978808,1
W2035326433,1
W2110782454,1
W2017127235,1
W2078908246,1
W1979787999,1
W2142665794,1
W2036287317,1
W2015333801,1
W2064871165,1
W2009812960,1
W6687043899,1
W3126033029,1
W2187492670,1
W6682233911,1
W2184962173,1
W3121890638,1
W3122131130,1
W2077053280,1
W3217279821,1
W6638927453,1
W2106848538,1
W2151519563,1
W2116068810,1
W1582583590,1
W2108601834,1
W1500404656,1
W2164590148,1
W2088972316,1
W2012477550,1
W2030083071,1
W1717206243,1
W2060057531,1
W1966805252,1
W2119865699,1
W2098835036,1
W2127903684,1
W2045309255,1
W1996900682,1
W1593339216,1
W2065055504,1
W2188560600,1
W2027474175,1
W2324898385,1
W2164768016,1
W614215448,1
W349248956,1
W2409063227,1
W181191972,1
W3205882022,1
W1999940988,1
W645214378,1
W2131731926,1
W2107369086,1
W2117031917,1
W3122093370,1
W1561618742,1
W2031976003,1
W19025049,1
W247458718,1
W2329312514,1
W1545602896,1
W6676835779,1
W2098886784,1
W2611293332,1
W2608993842,1
W2169350344,1
W2626698004,1
W2149867662,1
W6694896404,1
W2133155475,1
W2065305082,1
W6858391151,1
W2254639661,1
W2153557264,1
W4235206771,1
W2270306267,1
W6777040694,1
W2015998159,1
W2071430596,1
W602099082,1
W2024276678,1
W1582300560,1
W134862522,1
W1524608050,1
W6664686093,1
W6633182039,1
W6635873557,1
W135449929,1
W2797563284,1
W3125098914,1
W1597195591,1
W1970925441,1
W6678346235,1
W1969293610,1
W3125609052,1
W6679031385,1
W655983168,1
W6605442294,1
W1554028527,1
W2413727582,1
W2113694631,1
W46150628,1
W2037904112,1
W3124227283,1
W1531187453,1
W6606272791,1
W1988136562,1
W1570042392,1
W1965577577,1
W2478079096,1
W1996013917,1
W180696654,1
W2025348785,1
W2154377687,1
W6633965593,1
W2027147699,1
W2005158855,1
W1567180696,1
W1525746632,1
W1606318478,1
W2246322927,1
W2506584859,1
W1497281671,1
W1500673190,1
W1544247103,1
W1758319641,1
W2547445894,1
W3201278613,1
W1576159163,1
W1529817911,1
W319697090,1
W4214609230,1
W73616245,1
W633440603,1
W2970364999,1
W1590937613,1
W2155167252,1
W2962002644,1
W1563042031,1
W2168021197,1
W2111490417,1
W1889667641,1
W1890462671,1
W2164412965,1
W3124261905,1
W1530662010,1
W3022966207,1
W1970448118,1
W2057796310,1
W3126052813,1
W4246632162,1
W2110491215,1
W1789829212,1
W3123601501,1
W3125907876,1
W6713670538,1
W2624262714,1
W2109580357,1
W2031247455,1
W2063322257,1
W2081621570,1
W2049660850,1
W2088631548,1
W2163311133,1
W1964749554,1
W2121220078,1
W3005115464,1
W3122669158,1
W20602064,1
W2061638198,1
W2123830299,1
W2168629879,1
W4243246718,1
W2160096583,1
W1986439365,1
W1573061253,1
W2129996389,1
W1991957690,1
W4231887640,1
W1534589792,1
W4251367084,1
W1601704645,1
W1972047171,1
W2128991497,1
W3135011791,1
W2002864548,1
W2726474170,1
W1994771258,1
W2125009468,1
W2149060914,1
W1976373922,1
W1591497135,1
W195203648,1
W1995061352,1
W1966333491,1
W100320613,1
W2036667805,1
W1986637700,1
W131790415,1
W2110486879,1
W2146580803,1
W2485234453,1
W2139201298,1
W2012979571,1
W1967392853,1
W2033117749,1
W3023628588,1
W2024669886,1
W2051162300,1
W2042258798,1
W2010518325,1
W1986955341,1
W48391052,1
W1604326300,1
W2119036567,1
W2015819980,1
W2157609868,1
W2310873830,1
W1534463048,1
W2269132228,1
W1998131644,1
W2127099542,1
W2030248037,1
W2092792206,1
W1694202179,1
W1544144851,1
W2050221816,1
W2051898784,1
W1992984743,1
W2132954154,1
W1642730888,1
W2142532695,1
W2091520951,1
W2165412000,1
W187028931,1
W2118635324,1
W1996760592,1
W3125053888,1
W2141832135,1
W1984147498,1
W2404749782,1
W6631944519,1
W4242123659,1
W1498504269,1
W2111191689,1
W1990924441,1
W2130855209,1
W2155425465,1
W2031384127,1
W3124486069,1
W1545009124,1
W2486501360,1
W2248298996,1
W2074660822,1
W1529163633,1
W1966491304,1
W2129961800,1
W1568560860,1
W161970838,1
W2266126644,1
W592106610,1
W2012519863,1
W399161379,1
W2143801026,1
W2132321631,1
W1990757099,1
W1964241694,1
W2024922973,1
W600513508,1
W1978411729,1
W2911492184,1
W2271089315,1
W2285654360,1
W1479866317,1
W2479569600,1
W2008411203,1
W3125796643,1
W2128668527,1
W2164117956,1
W183866181,1
W2125168028,1
W1980836351,1
W2075701171,1
W2100727034,1
W2137593843,1
W2140340560,1
W1994058637,1
W2037687914,1
W2018817872,1
W6656411067,1
W2024372218,1
W1549324090,1
W6678844098,1
W1497518238,1
W1788996363,1
W3124448921,1
W2171439211,1
W2145816995,1
W1583777851,1
W2791736475,1
W2402509785,1
W1923951652,1
W421200207,1
W1577172334,1
W2787975705,1
W1647434862,1
W4243566085,1
W2034484937,1
W4250366260,1
W2123807871,1
W1991828627,1
W2741437682,1
W2031780698,1
W2010871534,1
W599638872,1
W2013955600,1
W1999040004,1
W2058236605,1
W1524823559,1
W2097049379,1
W4362731004,1
W1533987814,1
W2104616630,1
W577865253,1
W173637391,1
W2037597622,1
W3151872007,1
W1989246932,1
W2168283218,1
W3035909662,1
W78652742,1
W6680673070,1
W2042762854,1
W2070504353,1
W1835365554,1
W2407810086,1
W6638470462,1
W2116804953,1
W2154839090,1
W2207609796,1
W2345419869,1
W6639503468,1
W2269743345,1
W2952029239,1
W2046597964,1
W308016569,1
W2336988687,1
W183291233,1
W1981686450,1
W1569909498,1
W6649854652,1
W2027074303,1
W2021908824,1
W595458010,1
W2034452537,1
W2158929402,1
W1986224657,1
W4254848309,1
W2079179638,1
W2061427260,1
W256353684,1
W2151803228,1
W2470543030,1
W3123331292,1
W2401755819,1
W2187172921,1
W1972260185,1
W1994153796,1
W1995317974,1
W1998625649,1
W6681786915,1
W2023763050,1
W2148858459,1
W2083308164,1
W2046637788,1
W2017696766,1
W1981231764,1
W2126939001,1
W2007367842,1
W2091595257,1
W2146310798,1
W2322243928,1
W2146957441,1
W2308190535,1
W1587794822,1
W2036325380,1
W2038312634,1
W2007580772,1
W2119471783,1
W2107792255,1
W129541652,1
W2258204423,1
W4388331255,1
W1978940241,1
W815459451,1
W577897522,1
W2064582672,1
W2014102403,1
W560248276,1
W2557577087,1
W2137440687,1
W2046684509,1
W2138097939,1
W2004450860,1
W2128826799,1
W2150002310,1
W1939532946,1
W3121255963,1
W2077632391,1
W2147064398,1
W2156150404,1
W2087812325,1
W345761599,1
W4300559310,1
W1992224467,1
W3124249708,1
W1535500786,1
W1502995775,1
W2145018567,1
W1500615176,1
W1494088636,1
W2038991098,1
W4214730038,1
W3124681737,1
W3148082169,1
W2156971046,1
W2278415825,1
W1990155485,1
W2107511505,1
W2130286795,1
W2041533350,1
W6981515557,1
W1486848433,1
W1908336187,1
W4301271610,1
W2298147764,1
W4252853485,1
W1998087894,1
W2319794630,1
W2326250782,1
W2330962400,1
W1993772947,1
W609578677,1
W2796802168,1
W2002146218,1
W2411722637,1
W2107400567,1
W2080102052,1
W2132020978,1
W1586002604,1
W1515522455,1
W2464880621,1
W4230568460,1
W2619242807,1
W4238143035,1
W1518056382,1
W2609289959,1
W2141061714,1
W2104197658,1
W1578086205,1
W1575826466,1
W2111510929,1
W2090559643,1
W2121944882,1
W6679160828,1
W6714248071,1
W1595496368,1
W1563888893,1
W6635515415,1
W6695087216,1
W2096450844,1
W2347743028,1
W2121785180,1
W6678916382,1
W3121865767,1
W2158650924,1
W4297924091,1
W1970951248,1
W1774815132,1
W2027063327,1
W2069426698,1
W6686648047,1
W2126464502,1
W153226996,1
W2240172179,1
W3158013643,1
W2188982585,1
W2036135045,1
W2130214800,1
W2132425160,1
W2161038231,1
W1983489591,1
W2070294323,1
W2089657808,1
W2099844674,1
W4231865052,1
W2804118537,1
W2069517904,1
W2073286967,1
W3123968295,1
W2120986885,1
W2108387613,1
W2120996482,1
W1587714154,1
W2098311144,1
W1531303863,1
W1981251471,1
W6679610908,1
W2114195949,1
W2028908792,1
W2092531911,1
W2003110786,1
W6672892701,1
W1557989049,1
W6678906958,1
W6679660293,1
W3125229461,1
W2150242099,1
W2119651709,1
W2495436907,1
W6817032934,1
W1972246405,1
W212776514,1
W6665950278,1
W1901834893,1
W621823012,1
W4255011349,1
W6685672694,1
W2034241668,1
W2068880073,1
W2098552801,1
W6675185632,1
W2049037673,1
W2088277493,1
W1989098828,1
W6642144536,1
W2164947695,1
W1966599626,1
W2129444496,1
W2107055383,1
W2105535935,1
W2110497638,1
W2004077753,1
W1586125257,1
W2081348049,1
W2076994918,1
W2019734293,1
W2133015434,1
W2097912527,1
W1995234390,1
W2225514638,1
W1985360094,1
W2019732886,1
W88290410,1
W4392034067,1
W2160029881,1
W2189295655,1
W2096827724,1
W81300498,1
W2054960152,1
W46863196,1
W2015089004,1
W1523267504,1
W2077944376,1
W2104765183,1
W6687332474,1
W2038275061,1
W217759480,1
W1837664969,1
W2428778268,1
W2188869023,1
W6644769655,1
W6639053281,1
W2167056760,1
W6717884977,1
W1489320201,1
W2139639454,1
W1996716011,1
W6600517885,1
W6635297075,1
W2137779456,1
W6676499683,1
W7021041182,1
W6679789440,1
W6671853664,1
W2127553991,1
W2107537354,1
W2044736745,1
W1968944173,1
W2110181221,1
W2017710097,1
W2002524198,1
W3124379587,1
W2975181420,1
W6755818418,1
W1578704263,1
W1969273892,1
W2127386638,1
W2041786720,1
W1986931990,1
W2128532887,1
W2037596385,1
W6676050049,1
W799728,1
W6684729244,1
W2105587100,1
W2413804249,1
W2092280695,1
W2130231621,1
W2274085294,1
W6751642355,1
W2048500668,1
W4302451102,1
W4246927237,1
W2084238568,1
W2084190206,1
W2067026800,1
W2326051269,1
W2097118497,1
W6680636994,1
W6659928185,1
W2186016525,1
W2080755549,1
W108574107,1
W1485062835,1
W2101456565,1
W2322158389,1
W2061466812,1
W1979684231,1
W6684083191,1
W1606798223,1
W6677815324,1
W2071446601,1
W2136211845,1
W2097464040,1
W6604497304,1
W647793834,1
W1027303759,1
W986953637,1
W951381783,1
W2205526637,1
W1014991778,1
W1978651284,1
W2008373070,1
W2010622844,1
W177667513,1
W3124262383,1
W2120445418,1
W2157693109,1
W6701388467,1
W2037788700,1
W4231743109,1
W2275274953,1
W2006413776,1
W2124358680,1
W3122286595,1
W587773934,1
W1512379072,1
W2516137114,1
W2117860290,1
W4392813386,1
W2487377689,1
W2313616187,1
W603825570,1
W1592214928,1
W4410169515,1
W1516136238,1
W402891436,1
W2009039505,1
W2152941610,1
W2246337456,1
W2187969959,1
W6601484203,1
W2156272758,1
W3121627786,1
W6601164114,1
W2044598461,1
W1966665426,1
W2291797956,1
W2032566434,1
W758463355,1
W2018969275,1
W29500946,1
W1552892365,1
W2301039886,1
W1985595562,1
W2046664290,1
W4255297791,1
W1993606967,1
W2136578350,1
W1515739979,1
W96424414,1
W2283836579,1
W2093630638,1
W2400491170,1
W2410683042,1
W2095541399,1
W3000563840,1
W4242739995,1
W2546820800,1
W2007263582,1
W2065083433,1
W2039322460,1
W2003227811,1
W2134285615,1
W2115750582,1
W2170322962,1
W4299616086,1
W2115833912,1
W1971500565,1
W2750896950,1
W2903239761,1
W2165275799,1
W2105673126,1
W2035428097,1
W2039651170,1
W4302606334,1
W2156631386,1
W2114862397,1
W1975706241,1
W2126760758,1
W2127272111,1
W2067670310,1
W1988450171,1
W1969124734,1
W2035124978,1
W2151018889,1
W1507624910,1
W2402438673,1
W1976276104,1
W2946368366,1
W1967286032,1
W2072590746,1
W2080761854,1
W2566284862,1
W615228004,1
W2086258602,1
W6633741209,1
W2102116580,1
W6987102577,1
W2001925627,1
W2108967212,1
W2049920329,1
W2895156515,1
W2128417073,1
W2063088854,1
W4210440177,1
W87530302,1
W2007641601,1
W7019298464,1
W640866538,1
W2114189430,1
W2079823376,1
W2901287142,1
W1482401674,1
W1607151382,1
W657824917,1
W2492537767,1
W1514068531,1
W623256484,1
W2009694311,1
W4241492576,1
W2343098960,1
W6662964916,1
W1576940359,1
W416664911,1
W2185685317,1
W2068254133,1
W2159235298,1
W2005704316,1
W1555218390,1
W1806789608,1
W2016137558,1
W223942771,1
W2802125118,1
W6678109728,1
W4242482960,1
W2046002558,1
W1962678333,1
W2891606002,1
W1506164182,1
W1501795472,1
W768415044,1
W4319589109,1
W4232852642,1
W2085886147,1
W1971242588,1
W2041203344,1
W2028973163,1
W2087501652,1
W2551304228,1
W1971819069,1
W71417826,1
W2122094006,1
W1584946063,1
W1969699349,1
W2112932325,1
W1964574755,1
W1970071132,1
W2416141215,1
W4064162,1
W1988949750,1
W2116518013,1
W2107381287,1
W69731611,1
W644336818,1
W6621066081,1
W2484597383,1
W2086181473,1
W632839831,1
W1989656547,1
W2142097980,1
W116403372,1
W1554236570,1
W563467282,1
W2498312233,1
W2011365363,1
W642997795,1
W1582156453,1
W1529624584,1
W2477255428,1
W2359219665,1
W2144424859,1
W2103024352,1
W2087665936,1
W9782971,1
W2754309215,1
W1997170979,1
W2410008585,1
W2037941968,1
W2092910305,1
W2414268337,1
W2127790142,1
W2014304869,1
W2092903875,1
W1998566684,1
W2071999091,1
W2065482764,1
W1971782045,1
W2328987365,1
W1998935989,1
W2114155600,1
W3120971933,1
W2024288175,1
W167368808,1
W4251105571,1
W1993299875,1
W2936091646,1
W1966715838,1
W2468470777,1
W2569477694,1
W40281185,1
W1552939069,1
W2047958121,1
W594546062,1
W6634909351,1
W561662591,1
W6662719280,1
W2501446037,1
W1964043210,1
W1496825512,1
W2996956892,1
W2108038564,1
W2068007822,1
W1499788840,1
W2118337363,1
W2260754219,1
W6603531860,1
W2038719634,1
W2075054331,1
W218348188,1
W2002629839,1
W6731249995,1
W1584669612,1
W2521267319,1
W608679722,1
W1486764476,1
W6747610314,1
W1921792772,1
W1980720922,1
W2080184288,1
W1558365919,1
W2109421489,1
W1978025816,1
W1993427095,1
W3121393209,1
W2139545718,1
W2035228366,1
W6676483400,1
W2187671335,1
W2169506012,1
W2129905273,1
W386628858,1
W634124726,1
W2037160943,1
W3197240327,1
W1986074500,1
W2071394599,1
W2088077074,1
W2320879688,1
W2012012642,1
W2035879195,1
W1984466701,1
W2164994076,1
W1972928298,1
W1997511838,1
W2058350181,1
W1483298648,1
W2317837133,1
W2046768063,1
W2417104450,1
W2268544800,1
W39268885,1
W2414709728,1
W2148216821,1
W1846534847,1
W2004063289,1
W162905861,1
W2047855591,1
W2048941639,1
W2032667008,1
W2106205762,1
W2108906257,1
W2741308078,1
W2013010910,1
W2123409465,1
W3124865774,1
W26832298,1
W2012412958,1
W3026418103,1
W107300982,1
W1974089384,1
W1496517168,1
W6678938328,1
W2014020924,1
W1552308884,1
W4236029887,1
W2110451815,1
W2162236163,1
W2066438159,1
W6630422534,1
W2070585280,1
W2068391309,1
W2038003613,1
W2025014816,1
W2104766416,1
W2033779958,1
W1556512893,1
W1990987999,1
W2068323204,1
W1974266509,1
W2116321481,1
W1986760411,1
W2004220287,1
W2106497068,1
W2053681068,1
W2148204729,1
W587526226,1
W4253346707,1
W2027232264,1
W2063530871,1
W2099213319,1
W2464969335,1
W609018337,1
W2081362017,1
W2143429111,1
W2023340089,1
W3125535621,1
W3123645730,1
W4236513030,1
W2079697423,1
W2010771219,1
W1530268943,1
W1486815724,1
W2046796944,1
W4251915282,1
W1604512070,1
W4302437186,1
W4252095560,1
W2474223529,1
W1525764571,1
W2008218074,1
W1917463914,1
W2915735627,1
W3126362609,1
W1999298498,1
W2605889383,1
W1765593638,1
W1500202861,1
W2752708226,1
W6682474199,1
W172980568,1
W3191254101,1
W4252475258,1
W5086244,1
W1513987604,1
W197452278,1
W6662067523,1
W2057625365,1
W2055687772,1
W1976976699,1
W2015159113,1
W2111110895,1
W2166527443,1
W6673615884,1
W2102920665,1
W2189588034,1
W2129156318,1
W2798791663,1
W1967921826,1
W104564066,1
W2034077072,1
W1968513304,1
W2023862931,1
W2025732556,1
W2060477764,1
W1526417262,1
W1965273083,1
W2091007387,1
W1525260276,1
W3122614952,1
W2183320301,1
W1529442972,1
W1997068184,1
W2005513160,1
W6629591947,1
W1991404086,1
W1626837244,1
W2092106284,1
W2009136416,1
W2045990329,1
W2061588115,1
W6760299917,1
W6732473475,1
W634511365,1
W4290748503,1
W2010628651,1
W2015353281,1
W2416404696,1
W2327001389,1
W2409192774,1
W2119538357,1
W1991113213,1
W4248372260,1
W2578597317,1
W4301912449,1
W1999937512,1
W2005446063,1
W2099724353,1
W164887491,1
W1497154723,1
W1978251369,1
W1991953462,1
W3168488462,1
W2406550173,1
W45125473,1
W2042004677,1
W14434140,1
W1991643939,1
W2078934184,1
W2037748041,1
W1592020336,1
W4253834373,1
W1523062282,1
W2129751622,1
W2053161423,1
W2916924353,1
W2917959741,1
W2125059859,1
W2151014135,1
W2492125309,1
W2325156234,1
W2419233599,1
W2071777517,1
W1971828677,1
W2465822081,1
W1968456248,1
W2155586440,1
W1969595059,1
W1979059515,1
W2050333529,1
W2080644578,1
W3088129956,1
W1584866504,1
W2122087499,1
W2465789963,1
W1734544972,1
W1564659935,1
W1997183179,1
W2318930241,1
W2498782531,1
W2003084467,1
W2257699166,1
W256702556,1
W2026421317,1
W4236512865,1
W2485934298,1
W1515688645,1
W2067479444,1
W370143576,1
W2083166570,1
W2314637879,1
W2016313024,1
W2326722625,1
W1925613010,1
W2339079905,1
W2024755396,1
W6646972276,1
W1502496348,1
W3151215443,1
W2000312149,1
W2260439434,1
W2327919107,1
W4240078079,1
W579409181,1
W2418081196,1
W6682515498,1
W4301382858,1
W344333583,1
W1979869635,1
W6639213473,1
W6620981667,1
W1852370203,1
W6692485554,1
W1959909310,1
W2136079156,1
W3013107115,1
W2739158217,1
W2381924394,1
W4378347450,1
W7160285547,1
W198672650,1
W3125158519,1
W2004840456,1
W1922576218,1
W2002042155,1
W1964424279,1
W2148246759,1
W229327359,1
W2021006777,1
W3122740365,1
W1976599448,1
W6655714871,1
W2063490680,1
W1561208550,1
W1972251267,1
W2171456177,1
W1712655942,1
W2135699215,1
W2196590424,1
W2617841280,1
W2885212733,1
W2069546401,1
W3154205990,1
W2171111184,1
W2109212530,1
W1488238200,1
W1995034320,1
W2619462005,1
W400262902,1
W1528919384,1
W2465664893,1
W3143437317,1
W2319456264,1
W2307052362,1
W2020753650,1
W2073974584,1
W2080375723,1
W1575538149,1
W1494148135,1
W1977394449,1
W2009325824,1
W133660651,1
W2394551090,1
W2290804282,1
W2407664773,1
W2139212057,1
W3156743858,1
W1489191899,1
W2041983960,1
W2316905241,1
W1970572347,1
W336709497,1
W2130833110,1
W2765357622,1
W1998106106,1
W2906247522,1
W2050857666,1
W1559636930,1
W2016502297,1
W4296577444,1
W2042548264,1
W2095785387,1
W1556234532,1
W2107554903,1
W2070725216,1
W642905443,1
W1964684636,1
W3125833697,1
W2504505482,1
W3122687805,1
W1998062473,1
W7019030187,1
W2013775051,1
W2293441460,1
W2498277387,1
W2794469804,1
W6638978037,1
W2034149394,1
W6840917336,1
W2397279240,1
W2061620276,1
W2319850088,1
W4290345804,1
W2066971748,1
W6667423937,1
W240302486,1
W2005624643,1
W1601483406,1
W2148260348,1
W1573167580,1
W2031134105,1
W2032629972,1
W2042217487,1
W4255372548,1
W2077852757,1
W2038938095,1
W2013615722,1
W2020661452,1
W2082722925,1
W1998480156,1
W2033711053,1
W2128098692,1
W2148076650,1
W2006596528,1
W2324029282,1
W1978351265,1
W1732466172,1
W2115728670,1
W1995895570,1
W1830509071,1
W2273495554,1
W2091270049,1
W2026753073,1
W2013062003,1
W2084155907,1
W2037853550,1
W1993122840,1
W2048293640,1
W7000001999,1
W2039333972,1
W1964355339,1
W3152076349,1
W2000817027,1
W2086853035,1
W3150914463,1
W2284162645,1
W165423618,1
W1997938413,1
W2205807229,1
W579523688,1
W1845899053,1
W602367385,1
W2074859464,1
W412709486,1
W2147718572,1
W2068941837,1
W2044260380,1
W2024867309,1
W1978988530,1
W2003495111,1
W2077315590,1
W1650681141,1
W3121127669,1
W1520881646,1
W4242309768,1
W2023536093,1
W2120451820,1
W2419828794,1
W2626527078,1
W6634925235,1
W1552483320,1
W2158660407,1
W2267265251,1
W2502561451,1
W1964777459,1
W3030283147,1
W6991529809,1
W6785308271,1
W1996453019,1
W1842783511,1
W1491554564,1
W2037487110,1
W2747380023,1
W293239803,1
W2794159678,1
W2103646587,1
W1985152712,1
W1974568514,1
W21098625,1
W1491675684,1
W1859119060,1
W1997063290,1
W2125910150,1
W2005140722,1
W2037981214,1
W1552235098,1
W4249224015,1
W2131307573,1
W109506750,1
W190929286,1
W1518015718,1
W2086559092,1
W2093057622,1
W4254555293,1
W2064450933,1
W3121875149,1
W1548895069,1
W580144868,1
W2015910383,1
W1981622703,1
W2025587905,1
W2017507770,1
W2042395357,1
W2433484291,1
W2426531372,1
W134881100,1
W2285799070,1
W2126327491,1
W2129926664,1
W2127702111,1
W1987742945,1
W2140512343,1
W2466546095,1
W2007832211,1
W2461754405,1
W2068020694,1
W1548302266,1
W1968290611,1
W1976252524,1
W3122233395,1
W1670274398,1
W1844917530,1
W3124481729,1
W2042632387,1
W1964622481,1
W2080966534,1
W764585361,1
W2064244383,1
W4229679513,1
W606724399,1
W2009760796,1
W2017378707,1
W3088888737,1
W2073000401,1
W4285592540,1
W1989360111,1
W2148932677,1
W2098853290,1
W6636561719,1
W2134248600,1
W1487555428,1
W1963940942,1
W2113941184,1
W2101759330,1
W2035180634,1
W2163602242,1
W2056309457,1
W2110039360,1
W1623170011,1
W971602775,1
W2020439238,1
W2277752311,1
W2738285238,1
W2010199923,1
W2059688393,1
W644255600,1
W1549252207,1
W2003434514,1
W1483236831,1
W2024778419,1
W2732605335,1
W84591973,1
W616076984,1
W594762671,1
W2965785998,1
W591895408,1
W2584062969,1
W3151307774,1
W2139334999,1
W1984889581,1
W563660830,1
W4230100596,1
W2008844548,1
W2177651882,1
W1671342357,1
W6693236875,1
W2264841595,1
W2158151570,1
W656076188,1
W2583002110,1
W1749731371,1
W2034772889,1
W1940210857,1
W1999502758,1
W2154133007,1
W4298727526,1
W1987306242,1
W3121677430,1
W2043902217,1
W2030006494,1
W2889089173,1
W636495784,1
W2159323124,1
W2889211534,1
W1980033160,1
W2128223286,1
W2044105869,1
W568564792,1
W1619950656,1
W627953917,1
W1530155851,1
W1555217030,1
W2116358085,1
W1523376974,1
W2613772869,1
W2009461956,1
W2045503332,1
W2123962991,1
W2143176377,1
W137537530,1
W2126672507,1
W1606029727,1
W2016525917,1
W1544623781,1
W2095384818,1
W2053921002,1
W2409001050,1
W2142000165,1
W1593508272,1
W2071028300,1
W2765624674,1
W1992079017,1
W2794694349,1
W2108578407,1
W2316927792,1
W2212401464,1
W1963662183,1
W1423401693,1
W1494878485,1
W2404252003,1
W2012018953,1
W1860869645,1
W1540863301,1
W1509533908,1
W1517797837,1
W2148207513,1
W2044239495,1
W2139577520,1
W1640875419,1
W88938048,1
W2116029933,1
W1894844642,1
W2029295975,1
W2143543192,1
W1981747359,1
W2906041666,1
W2132165717,1
W1995920680,1
W2028149108,1
W1989560695,1
W2032750042,1
W2796246777,1
W2611523583,1
W89651645,1
W2046620897,1
W2309670030,1
W2406258276,1
W182299764,1
W2344292623,1
W2152684822,1
W2130026568,1
W2047645372,1
W2406864003,1
W2416968959,1
W2200049480,1
W2148096865,1
W2077221632,1
W2088251607,1
W1837902344,1
W2066133532,1
W3141951587,1
W1988427696,1
W2095333934,1
W3151137336,1
W34389038,1
W4286779346,1
W2067259822,1
W3125016357,1
W2169772290,1
W2077027884,1
W2316497188,1
W1571667919,1
W2412632831,1
W2415128744,1
W1870375971,1
W2021011451,1
W2014356201,1
W2017267853,1
W4242142111,1
W1988069494,1
W1985859223,1
W2155366146,1
W46988149,1
W97571701,1
W1502108021,1
W2003733530,1
W2066677907,1
W1838027301,1
W3122565534,1
W2067620037,1
W1993745602,1
W1993492915,1
W2111112224,1
W1967040476,1
W2114853176,1
W918885930,1
W2075920374,1
W2171813799,1
W1973097985,1
W2081205543,1
W2000174118,1
W633999539,1
W1991463861,1
W2400430721,1
W2099703189,1
W4255384053,1
W1792106781,1
W2077293608,1
W2612285306,1
W4239474161,1
W2074940198,1
W2079888665,1
W2157828113,1
W2097048369,1
W2094502133,1
W4255107966,1
W2034315936,1
W2143010699,1
W2798577452,1
W1951106586,1
W299082208,1
W2063965683,1
W2435628419,1
W2074637732,1
W2147481282,1
W2043715819,1
W2075803275,1
W2610801491,1
W2013612808,1
W2104588916,1
W2087627141,1
W2334987221,1
W2082324035,1
W2012078186,1
W1968048987,1
W2092182407,1
W1995878589,1
W1982877556,1
W2014194341,1
W2624298198,1
W2133994318,1
W2087337563,1
W2302647826,1
W6677362328,1
W4256258919,1
W614920725,1
W2115039951,1
W2024822547,1
W2288849408,1
W2049365584,1
W2228161596,1
W1513955264,1
W3144673344,1
W189900367,1
W2126538991,1
W2526791246,1
W3123720507,1
W4245671429,1
W1982944723,1
W2069136877,1
W1495577759,1
W3125610041,1
W1499756738,1
W2040185701,1
W2137527824,1
W2017923271,1
W1589588709,1
W1536236243,1
W2167544233,1
W2186379012,1
W1878744777,1
W2154752052,1
W2135184715,1
W1988069286,1
W2161803649,1
W2054010214,1
W2115827027,1
W1978494018,1
W2143445912,1
W2207884334,1
W2134991466,1
W2745442144,1
W3106889297,1
W2108281829,1
W6631871644,1
W2327088997,1
W2053366786,1
W1529089999,1
W819535758,1
W6991312308,1
W2085985933,1
W2002505236,1
W6623146679,1
W2083082592,1
W2065935607,1
W2010273827,1
W2161849138,1
W2399421741,1
W2729541202,1
W2013916408,1
W2152029320,1
W2414647901,1
W1997853602,1
W1976643553,1
W2131679208,1
W2077319066,1
W2115295345,1
W3040349423,1
W2328945660,1
W1974628353,1
W2032789219,1
W2135023309,1
W2145201691,1
W1637105740,1
W1531524487,1
W2084250940,1
W2035833181,1
W2159376553,1
W2060973128,1
W1567972132,1
W1603714886,1
W2182904657,1
W93380275,1
W2131065697,1
W4388361823,1
W2135777122,1
W3122605636,1
W3123938598,1
W2050339882,1
W2035323809,1
W205779653,1
W2153352136,1
W1965144016,1
W2116447466,1
W577035121,1
W3015934416,1
W2801840425,1
W2093785075,1
W1984399289,1
W7009053564,1
W1549801183,1
W2890620603,1
W2140971281,1
W7066018139,1
W6616841886,1
W1980163671,1
W628204786,1
W2114979013,1
W1805306166,1
W1711769415,1
W2018657650,1
W2569225677,1
W4300578501,1
W2268530982,1
W1576239543,1
W2118571466,1
W2096272117,1
W2135818492,1
W2169525049,1
W2144427186,1
W2128612154,1
W2252387513,1
W2034347601,1
W2156777479,1
W198523940,1
W1595038890,1
W2057122498,1
W2094586724,1
W2093470467,1
W1492662576,1
W2064630040,1
W6804164354,1
W4238708824,1
W1502036679,1
W2153815192,1
W1495303411,1
W2038221791,1
W2329478381,1
W1579925753,1
W2148513908,1
W1985619206,1
W192677582,1
W2164162357,1
W2399362661,1
W2083004057,1
W1924088032,1
W2019058253,1
W2401208019,1
W3164999782,1
W2915824291,1
W2038350862,1
W2166033483,1
W2047029166,1
W1566820348,1
W2090173920,1
W2640700497,1
W2062575299,1
W6672893255,1
W3140756022,1
W1515101543,1
W199566724,1
W1752508399,1
W2075086752,1
W3121559375,1
W2037655926,1
W2092833945,1
W4315851413,1
W3143365984,1
W6668637147,1
W4301935454,1
W1997385555,1
W621488412,1
W6680141185,1
W2142960568,1
W566876742,1
W2031829896,1
W2655843255,1
W2110448405,1
W2132057021,1
W2097960474,1
W2000315152,1
W6675202602,1
W2100151099,1
W2021354444,1
W3122028482,1
W2920839227,1
W4299125684,1
W3087429045,1
W154311731,1
W1568022235,1
W1972547748,1
W2006836826,1
W2000614640,1
W2162645957,1
W2126072144,1
W3122366994,1
W1597265578,1
W1982033572,1
W6652301110,1
W6631100152,1
W4241307912,1
W580564058,1
W4237971676,1
W6649449249,1
W2067288243,1
W6945250484,1
W1530543991,1
W24490191,1
W2911024556,1
W1609359856,1
W581839251,1
W590561096,1
W2104444271,1
W184078128,1
W3121826721,1
W2156667005,1
W2118475905,1
W1850996048,1
W2027865559,1
W2040173861,1
W1967817453,1
W1994221687,1
W1980093639,1
W2170561187,1
W2071868769,1
W1973839902,1
W2164633309,1
W2052764041,1
W1986175646,1
W1967646724,1
W3126104625,1
W176858809,1
W2123684817,1
W3123944294,1
W1916094807,1
W2796225030,1
W1999783119,1
W1488813683,1
W2164056067,1
W158727920,1
W1588329362,1
W4296577666,1
W2263844298,1
W2117897510,1
W2051146354,1
W2008317537,1
W6604289850,1
W2049212342,1
W1555875414,1
W2256174703,1
W6693339283,1
W27684639,1
W6758177775,1
W605877127,1
W1965538868,1
W1988150416,1
W2080263803,1
W2075512291,1
W1586856310,1
W2163987336,1
W4238401324,1
W6674653178,1
W1999966954,1
W1192750057,1
W1986349882,1
W1991191105,1
W51642679,1
W6654546682,1
W2051704835,1
W2114397813,1
W1588199516,1
W2088334773,1
W2158777221,1
W2046399035,1
W186305087,1
W3021051353,1
W2148962857,1
W2142893432,1
W2043787485,1
W2756011565,1
W2955052071,1
W2096383449,1
W1543504288,1
W1502711351,1
W6632120444,1
W3123267572,1
W6644768623,1
W2156128936,1
W3124880524,1
W2125314405,1
W2026399591,1
W7045218926,1
W1990463521,1
W6660148848,1
W1982614327,1
W2036943145,1
W1644150848,1
W2973647575,1
W2226827320,1
W2398235127,1
W1975776109,1
W2122089713,1
W2064253961,1
W2793268478,1
W2080220235,1
W29373201,1
W2032178445,1
W4244924993,1
W2070877744,1
W6688377015,1
W2217264413,1
W6858175565,1
W2071856477,1
W2091418907,1
W2023778548,1
W2107462237,1
W2054480444,1
W1981655325,1
W2001444140,1
W2111305835,1
W1517822488,1
W2734797888,1
W2000712403,1
W2150035906,1
W2053966798,1
W2136057165,1
W2729516286,1
W2014431912,1
W2139604100,1
W2580735610,1
W1990741574,1
W2002632416,1
W2008560062,1
W2097004020,1
W1980817792,1
W2033230971,1
W2025706631,1
W2139315706,1
W2100203986,1
W2083722668,1
W2090556676,1
W6692907443,1
W2042644029,1
W2009854363,1
W1998154948,1
W6637914727,1
W2005305338,1
W6692756484,1
W2159296774,1
W2983336909,1
W2077746032,1
W6680040151,1
W1587140865,1
W3023203713,1
W2110194580,1
W1600840918,1
W6705462702,1
W2047905873,1
W2141160982,1
W2150943262,1
W2078332134,1
W2350191765,1
W597810776,1
W2099087315,1
W652376489,1
W2074210668,1
W2516059395,1
W1978771747,1
W1982523487,1
W2312869737,1
W1894995234,1
W2094052362,1
W2007719232,1
W2203061106,1
W6677668947,1
W2149479106,1
W2118013492,1
W6683690287,1
W2155977831,1
W2009991140,1
W1492270254,1
W6684019250,1
W2000139503,1
W93972382,1
W1584083576,1
W565164755,1
W2014581642,1
W1667307069,1
W636964427,1
W2505592226,1
W2410287550,1
W2182374367,1
W2061296658,1
W73572444,1
W1871447223,1
W2045524276,1
W2085309210,1
W2129089873,1
W2999274254,1
W98779782,1
W2966816487,1
W1973012455,1
W2327109342,1
W2077961445,1
W1972935321,1
W2037963833,1
W2060985661,1
W2073048244,1
W2052374530,1
W1971558152,1
W2624469039,1
W2154729843,1
W2331269392,1
W2052305759,1
W2060605257,1
W2157865284,1
W1996156731,1
W1973860140,1
W2731132201,1
W616575955,1
W2070908967,1
W3025268836,1
W2269159096,1
W2059130257,1
W2022205403,1
W1978586876,1
W1988072704,1
W2118272823,1
W1593602228,1
W6608354216,1
W2075377963,1
W206149807,1
W1984137051,1
W308427369,1
W2042985256,1
W2186916836,1
W2147068675,1
W2150750828,1
W2061308457,1
W2071951787,1
W42592222,1
W2033386946,1
W2067694860,1
W2034209649,1
W2792175078,1
W1995999657,1
W2244369749,1
W2058617528,1
W2102884925,1
W2736351191,1
W1693013267,1
W2475533128,1
W1988119080,1
W2059261907,1
W6634508654,1
W6659493356,1
W6642693777,1
W1994215504,1
W1998616252,1
W2043749312,1
W1457625834,1
W4233551803,1
W2050490658,1
W2036461847,1
W2476092673,1
W182574656,1
W3122694256,1
W1538219089,1
W2426724169,1
W2009978841,1
W2091847559,1
W2077379689,1
W3123774029,1
W6676529561,1
W1892997380,1
W1946889045,1
W4318365133,1
W2146597493,1
W1947204791,1
W2587639362,1
W2022039920,1
W4234854765,1
W6682174272,1
W1781347434,1
W1544361037,1
W4232470333,1
W1768448541,1
W2088389941,1
W568820729,1
W639077439,1
W2016923940,1
W2000925843,1
W1988780658,1
W2027732564,1
W628013286,1
W6601280857,1
W2158408477,1
W1998681369,1
W4231816004,1
W2055439635,1
W2143585160,1
W2109471149,1
W2620863897,1
W2745858531,1
W3122363245,1
W4410226144,1
W4238297093,1
W4234586002,1
W1785748790,1
W4235442980,1
W117501263,1
W6643333713,1
W2088277135,1
W3122393608,1
W2036522017,1
W6657533709,1
W2120801890,1
W6632517915,1
W6689214425,1
W6604822491,1
W2731310544,1
W4211070583,1
W6710933977,1
W2414978728,1
W2011508685,1
W1983622997,1
W25876327,1
W2026027039,1
W2099810057,1
W2411554989,1
W2092348871,1
W2097921910,1
W2005677614,1
W2083548203,1
W2009852395,1
W2063677345,1
W1973763339,1
W86646240,1
W2026676925,1
W2137508233,1
W1993317397,1
W2045652045,1
W2089333586,1
W1549078745,1
W1559330557,1
W2019714102,1
W2906052917,1
W2316250154,1
W4233562854,1
W2093242670,1
W2474241706,1
W2095945232,1
W4242364069,1
W2270666343,1
W314172921,1
W2043775892,1
W2063320168,1
W4232915119,1
W1589103605,1
W2165294886,1
W2109253496,1
W2012637657,1
W6689058686,1
W6602430163,1
W2233307435,1
W6987568775,1
W141658102,1
W2103379993,1
W2161752493,1
W6629004578,1
W2153712580,1
W2094277768,1
W2053160288,1
W2181308191,1
W2044452707,1
W3140701036,1
W1997464234,1
W1491716161,1
W2032339738,1
W2991711494,1
W2144943311,1
W4302520157,1
W2099974062,1
W2135570834,1
W2152705205,1
W2410850220,1
W2033735726,1
W162772609,1
W2237436332,1
W2144924752,1
W2389925745,1
W4248142985,1
W2027989077,1
W2188618273,1
W1976462582,1
W2418176306,1
W2106757197,1
W2077766346,1
W2125921626,1
W1999302264,1
W2094548031,1
W2292395056,1
W2089198501,1
W1983005394,1
W2157160430,1
W561351047,1
W1981290591,1
W2041069220,1
W2063129336,1
W1975340605,1
W2148766664,1
W2088170359,1
W1973483450,1
W2045314457,1
W2072473745,1
W2070654040,1
W2158833198,1
W2031818216,1
W2001948180,1
W2303398731,1
W2126440589,1
W1978961103,1
W2051048986,1
W2169768560,1
W2401761945,1
W1932702424,1
W3125302240,1
W2231696148,1
W2165335197,1
W1970823521,1
W1992829265,1
W1995934621,1
W2099249232,1
W2126765029,1
W1504617409,1
W2142778908,1
W2026374152,1
W2076429465,1
W2034395374,1
W2007104230,1
W2048796181,1
W2030180774,1
W2151808041,1
W2144154832,1
W2037231233,1
W3124948563,1
W2059358904,1
W2001206084,1
W2068322856,1
W1982569306,1
W1973096815,1
W2042527982,1
W2027433337,1
W1990551810,1
W2080895188,1
W6639485654,1
W6631251767,1
W1555176289,1
W2795101125,1
W1511235800,1
W2127737912,1
W2067846798,1
W69220444,1
W2153797162,1
W2133759840,1
W1649697888,1
W2145452915,1
W2036952445,1
W2063348908,1
W2732842974,1
W1496636817,1
W2101944782,1
W2795577733,1
W2149190286,1
W6629640197,1
W2076042203,1
W3126162687,1
W3122521056,1
W2414823012,1
W2497329255,1
W2058701642,1
W6683344873,1
W2001376614,1
W2129842044,1
W2090011060,1
W3121928775,1
W1608990978,1
W6718518465,1
W6719862990,1
W2468855793,1
W753145659,1
W2124882822,1
W1970991281,1
W2001208735,1
W1980084521,1
W2103844233,1
W184206205,1
W2140758664,1
W2323256971,1
W2068888122,1
W2405672435,1
W2066621811,1
W2600739573,1
W659062287,1
W632355419,1
W1864274255,1
W2142397482,1
W1605353467,1
W6622315221,1
W2060452106,1
W2288189925,1
W1984069681,1
W2096844058,1
W2315069782,1
W1973749534,1
W3004875124,1
W2005410862,1
W2036719449,1
W4234174289,1
W2165523181,1
W2980398652,1
W2152749479,1
W2788526672,1
W2038721407,1
W2230581634,1
W2054974718,1
W2066429030,1
W2160406847,1
W2099532215,1
W242212872,1
W6630267633,1
W2003312414,1
W2431585962,1
W1989390357,1
W2166655398,1
W1517761993,1
W4255154716,1
W2158733007,1
W1998447670,1
W2030476329,1
W2093598362,1
W1487935488,1
W1548482957,1
W1997261594,1
W2394620644,1
W2154390280,1
W2088632870,1
W2165576188,1
W2169922897,1
W2066810245,1
W2182846251,1
W2404633123,1
W1995722821,1
W2082435985,1
W2122661370,1
W2121979070,1
W1991774389,1
W1509227661,1
W2168330471,1
W2120486315,1
W2888030684,1
W2170901864,1
W2019050156,1
W573479788,1
W2129208566,1
W2156893148,1
W2163644520,1
W2162354801,1
W2007675146,1
W2171841503,1
W6602104539,1
W2144768591,1
W2064342741,1
W2795406237,1
W2127492391,1
W571572828,1
W2157451324,1
W3123428693,1
W3023109019,1
W797042426,1
W2150877503,1
W186259712,1
W591250916,1
W2090229250,1
W1677020151,1
W2293087698,1
W2166181154,1
W1568500358,1
W2230678019,1
W1964856445,1
W2188383120,1
W2006070899,1
W2140782104,1
W2044183039,1
W4292082529,1
W2094733371,1
W2062421963,1
W1746066148,1
W2130061248,1
W2000881501,1
W1969355781,1
W3122988066,1
W4391379888,1
W4233007079,1
W2031192471,1
W4301173340,1
W2136177236,1
W2793567454,1
W383376758,1
W2143985212,1
W1980204610,1
W2108468269,1
W2001159928,1
W1995312458,1
W2335595226,1
W2418173654,1
W2323251970,1
W2016216851,1
W2495371063,1
W2969902151,1
W1931066793,1
W2003268576,1
W2085990424,1
W3166706208,1
W2154695460,1
W2499287976,1
W2593013763,1
W1989640987,1
W2328673617,1
W2160166476,1
W2008503789,1
W1997080229,1
W2086524998,1
W2797099011,1
W2257267592,1
W2600320753,1
W2503026909,1
W2273761811,1
W635801425,1
W2263286434,1
W2143322331,1
W1509850078,1
W2105941026,1
W655891832,1
W2052253978,1
W2989734950,1
W2030627135,1
W4248197710,1
W1490166841,1
W2772587329,1
W1970661530,1
W393062875,1
W101015860,1
W4229681105,1
W13554670,1
W6634337092,1
W2006761741,1
W3129200393,1
W3125911196,1
W2085539104,1
W580952738,1
W6684506416,1
W1976640470,1
W2052614931,1
W2167990870,1
W1526380962,1
W2003991176,1
W2145512193,1
W4247483353,1
W2042110466,1
W2061016042,1
W1604049451,1
W2128315516,1
W2118881537,1
W2090930494,1
W2160176870,1
W2133462128,1
W1973411276,1
W1984130849,1
W3126136100,1
W2092582371,1
W2066578446,1
W2039164681,1
W2314744173,1
W2077389661,1
W1991746678,1
W1566399945,1
W2170462514,1
W1866542032,1
W1966347094,1
W2090896638,1
W958929473,1
W2108818539,1
W4301004430,1
W2068147156,1
W2489125002,1
W1978042049,1
W2033222106,1
W2040312188,1
W2033148895,1
W2411292938,1
W6715092170,1
W2026618440,1
W1521701728,1
W1964005707,1
W2063772729,1
W6682999832,1
W1488515423,1
W1803819218,1
W270474471,1
W1994846024,1
W2008198015,1
W76763109,1
W1522555326,1
W2163446021,1
W1993821384,1
W1522089346,1
W2054972192,1
W3124810880,1
W2109078197,1
W6682502489,1
W2114924290,1
W2153144043,1
W2006450549,1
W2111980323,1
W2053781770,1
W1975931480,1
W6665351847,1
W2414406689,1
W2004557857,1
W4206382468,1
W2770666609,1
W3166459195,1
W3124173461,1
W3143171225,1
W1538794685,1
W2738093955,1
W2044472975,1
W117578815,1
W1993398954,1
W1974644091,1
W2161332442,1
W1999549237,1
W2040083199,1
W2109891791,1
W1755576273,1
W1566672184,1
W2166234251,1
W3125755007,1
W3023117367,1
W2078646629,1
W1544163247,1
W3124347118,1
W1607357290,1
W2189804046,1
W1491734437,1
W1535643370,1
W2076664493,1
W215113349,1
W2151158500,1
W2169373023,1
W1966556973,1
W3148213161,1
W1982375873,1
W3123674119,1
W2106643525,1
W2117696002,1
W2071794721,1
W3023466162,1
W2072292992,1
W2021260897,1
W2020272840,1
W2080693781,1
W1885051536,1
W2124193264,1
W3125217044,1
W1980963037,1
W6600570975,1
W2145525035,1
W4244456974,1
W1743958447,1
W6782866197,1
W14129602,1
W6687253447,1
W2092104861,1
W2023063040,1
W2054371413,1
W6631765628,1
W2022582368,1
W6655281646,1
W6685157651,1
W6662035009,1
W2166385492,1
W2104809968,1
W2047561434,1
W2082131528,1
W6633858464,1
W2021967109,1
W2065201422,1
W4205367894,1
W4244764519,1
W1968552891,1
W4206825355,1
W2103302313,1
W2030217008,1
W1508740462,1
W1972551651,1
W2125934849,1
W2079018576,1
W1965522595,1
W3022399622,1
W1990108101,1
W1976793337,1
W6665047977,1
W6675267138,1
W1581029233,1
W1583379703,1
W2008055354,1
W1902387819,1
W3147456724,1
W6639506943,1
W6634992619,1
W1991239960,1
W2040460188,1
W3122647993,1
W2045035650,1
W2046666874,1
W2122869751,1
W3123518050,1
W2394895720,1
W2035363121,1
W1891840570,1
W2057849254,1
W2525823952,1
W6661896335,1
W6650404780,1
W6670321833,1
W6678335071,1
W6680252429,1
W6682186214,1
W6663936215,1
W6656051022,1
W3212907869,1
W2019965085,1
W2074330251,1
W2078427564,1
W6684164555,1
W1999053230,1
W1495821235,1
W6657026582,1
W2102406924,1
W2268632269,1
W2001760471,1
W63834813,1
W2231721765,1
W3031303248,1
W1829326148,1
W6602621582,1
W7025177302,1
W659473281,1
W2040260689,1
W4388330874,1
W6658751649,1
W2325663983,1
W1979975970,1
W2105468866,1
W2154703000,1
W2048304156,1
W1565680682,1
W6660431401,1
W1553746110,1
W108770139,1
W2345644107,1
W2274370992,1
W2994441200,1
W2299295997,1
W2523541632,1
W1978554491,1
W2521910181,1
W2154505463,1
W2178823455,1
W2188279751,1
W2178232045,1
W2143306834,1
W1536435379,1
W2282323097,1
W1531123056,1
W2189482508,1
W2186452522,1
W3121288566,1
W2082544794,1
W90434437,1
W2133735390,1
W3121774314,1
W2119650741,1
W2072762248,1
W2134126383,1
W2062511876,1
W1555894464,1
W2068558052,1
W2313912113,1
W1968450808,1
W2089642664,1
W3125331773,1
W3140144387,1
W1998055936,1
W2145150198,1
W2096581807,1
W1503574017,1
W6807131,1
W2496607510,1
W1581044676,1
W2109956329,1
W2061127918,1
W2267680605,1
W2074430427,1
W2979489625,1
W1983842300,1
W2088057490,1
W1556783812,1
W2041848239,1
W2909139097,1
W2060963484,1
W2012983481,1
W2015570303,1
W2314217509,1
W1978571540,1
W4230141845,1
W6684275242,1
W2127173340,1
W2163767758,1
W6653879083,1
W2316416829,1
W1999758940,1
W2146682792,1
W3201695655,1
W2059322122,1
W3197743519,1
W2130209540,1
W2618751901,1
W2578998522,1
W2033085635,1
W4298684622,1
W2007042995,1
W1963871207,1
W2098256140,1
W2153788518,1
W1855492192,1
W2414737314,1
W2017840315,1
W2142520992,1
W2154304940,1
W2404771475,1
W2107545186,1
W5990354,1
W1986945844,1
W1510384301,1
W1985879706,1
W1988980156,1
W2002511001,1
W1973187531,1
W1971847162,1
W1559073343,1
W6675926074,1
W4300012818,1
W2136237667,1
W1935180589,1
W2055399433,1
W2156341267,1
W659476690,1
W627278708,1
W4239688058,1
W2944414104,1
W2051089250,1
W1941373477,1
W2130049426,1
W2043348702,1
W2080652942,1
W4403314405,1
W4252179851,1
W2066583645,1
W2476392610,1
W628558187,1
W4253145162,1
W1991565994,1
W2002685789,1
W1643423553,1
W2081228973,1
W2081072700,1
W1982149446,1
W2125741119,1
W3143826864,1
W2027265724,1
W2167132265,1
W1977971987,1
W1541791910,1
W4237313162,1
W2184198306,1
W2034816432,1
W2799569127,1
W626280786,1
W1489146624,1
W2040266957,1
W1540174907,1
W1980581914,1
W2081561318,1
W2105982574,1
W1535608039,1
W4236890382,1
W6604233739,1
W2072509189,1
W2058821971,1
W2029709319,1
W2127586878,1
W2168780647,1
W1994858031,1
W2165845288,1
W2495491646,1
W2080973245,1
W1503589522,1
W1608561268,1
W2144205697,1
W642137198,1
W179586642,1
W2333480115,1
W2132791076,1
W3202063034,1
W2033399923,1
W4238228559,1
W4235547644,1
W2016060231,1
W2164909292,1
W2495266769,1
W2037664282,1
W2182669757,1
W4230231838,1
W2480051986,1
W4238681060,1
W4239255643,1
W2325169247,1
W43685031,1
W2125749503,1
W2064558934,1
W1562811233,1
W2321124577,1
W2061141931,1
W2182892291,1
W3148960484,1
W1497465258,1
W1837194938,1
W2058401072,1
W2071052662,1
W1983414662,1
W1875295471,1
W596612205,1
W1741782794,1
W1560947638,1
W2116539748,1
W2404847710,1
W2062493632,1
W1983290662,1
W3015039479,1
W1605459673,1
W1563842578,1
W2131978787,1
W2160793775,1
W1498556839,1
W2068302764,1
W1984282076,1
W2097163259,1
W2076705530,1
W4251699118,1
W1603765991,1
W2039914907,1
W2151167663,1
W2144688550,1
W2066556596,1
W2013722979,1
W6684259703,1
W564408648,1
W2794916396,1
W2037733131,1
W1595941223,1
W1596233358,1
W3008622062,1
W2013982026,1
W2416215069,1
W1994503796,1
W2059732302,1
W2399847893,1
W2066294936,1
W2063919887,1
W2114965021,1
W2118863785,1
W1592943540,1
W1965264610,1
W2066317585,1
W2066861266,1
W2065133462,1
W2002012360,1
W2111198130,1
W1740606321,1
W319066753,1
W4251090507,1
W1489795050,1
W1510060739,1
W1965232368,1
W2046580855,1
W153898042,1
W2061894294,1
W1977433163,1
W2064045353,1
W6831212880,1
W2169686286,1
W4205372927,1
W2057719328,1
W1948998524,1
W1825104184,1
W2004110547,1
W2128614044,1
W2086811403,1
W2025598207,1
W1481213504,1
W1994633510,1
W2042745860,1
W1976055810,1
W2331703735,1
W1532386014,1
W1852483758,1
W1967524667,1
W2018539648,1
W2081637174,1
W2039264823,1
W2049222497,1
W2170861834,1
W1979429119,1
W1971562506,1
W2099902508,1
W2395047117,1
W1988208848,1
W2027609671,1
W2148225853,1
W1984663281,1
W2150374398,1
W2046911278,1
W2027128952,1
W2582433334,1
W2048169993,1
W2999596965,1
W3015293722,1
W2078294177,1
W2059300415,1
W219955782,1
W1988003753,1
W1492637152,1
W2094192868,1
W1991251155,1
W2089685887,1
W2129448542,1
W19469651,1
W2067422331,1
W2148824946,1
W1983858506,1
W2596500039,1
W6681809489,1
W1970628410,1
W2057511215,1
W7075606806,1
W1488510225,1
W1971572556,1
W2123289485,1
W2096528587,1
W6641013180,1
W2037550279,1
W2078807483,1
W1514505298,1
W2037876281,1
W2108721052,1
W1986349550,1
W2160869098,1
W1969155158,1
W190052996,1
W6887851299,1
W2146149246,1
W2160294128,1
W80797059,1
W2333864291,1
W2143104968,1
W2081609903,1
W2057515381,1
W1963739832,1
W4231655409,1
W2035503762,1
W2188370073,1
W4232239664,1
W4256407207,1
W2182687784,1
W2150243154,1
W1570362852,1
W2071734608,1
W6962665979,1
W2165534272,1
W2169388912,1
W2166324378,1
W7074006858,1
W2608210331,1
W2141106206,1
W1881465,1
W3122294240,1
W2125878171,1
W1980605440,1
W2044366953,1
W2099062089,1
W2028200804,1
W6640982857,1
W2335362238,1
W2130717716,1
W2139140022,1
W2318711033,1
W2119217520,1
W1987876291,1
W1574609264,1
W1594419171,1
W1630937921,1
W1988590444,1
W1506797362,1
W2103714496,1
W2107732097,1
W2236966294,1
W1961916049,1
W2016065902,1
W2010626174,1
W55933706,1
W2026105064,1
W1596573958,1
W2029309779,1
W2068012806,1
W108886667,1
W2615901803,1
W2085530586,1
W2327447255,1
W2154551471,1
W1554652287,1
W1597164916,1
W2081292201,1
W2270802058,1
W2618399204,1
W2075928107,1
W1569180334,1
W2106174165,1
W1496762747,1
W2319922983,1
W2084157290,1
W2046964286,1
W2141119306,1
W2492273419,1
W2168901200,1
W407897055,1
W2092740668,1
W237809448,1
W2144992762,1
W2913492447,1
W1977638538,1
W1987772471,1
W2124554907,1
W3004547311,1
W2972139568,1
W2067729764,1
W2799071688,1
W210093367,1
W2493529059,1
W3142411957,1
W2976934725,1
W2105744592,1
W2067334242,1
W16105510,1
W182908194,1
W1996475526,1
W635529576,1
W2012448017,1
W2034272526,1
W2346721962,1
W2291495356,1
W2131832273,1
W2993575844,1
W2289826001,1
W1593150316,1
W1973422843,1
W2088930031,1
W2621708224,1
W2012836449,1
W3146568066,1
W2142066101,1
W2064957544,1
W2130685941,1
W2032615887,1
W2068704000,1
W4252331226,1
W1992890846,1
W71876030,1
W175441881,1
W2110949643,1
W2017562897,1
W2037003816,1
W1968293140,1
W2066840673,1
W1561620361,1
W2271547615,1
W2064199622,1
W3106993834,1
W1487947078,1
W1971224099,1
W2070754571,1
W2166550519,1
W1968177436,1
W2078007108,1
W2164732919,1
W2112675735,1
W1974308719,1
W2119503186,1
W2144492409,1
W2097816650,1
W2028060471,1
W1511437349,1
W1512102538,1
W2021934501,1
W2156423584,1
W1508173163,1
W1996600674,1
W2134397661,1
W1897673034,1
W2171467496,1
W2899931863,1
W1488932375,1
W2159850350,1
W1984841114,1
W2999802629,1
W1972697863,1
W2030045206,1
W2103201880,1
W2041539880,1
W2617749264,1
W276896307,1
W2890479801,1
W2038514915,1
W2067361057,1
W2077089593,1
W2317750876,1
W2120035575,1
W2004081668,1
W2275346204,1
W2173467921,1
W2746397544,1
W2022802789,1
W2076049652,1
W2086112037,1
W2005773093,1
W2171273310,1
W2037501781,1
W2209151704,1
W3124774905,1
W2043335884,1
W1484682888,1
W1670323232,1
W2048139526,1
W2090426150,1
W2030959217,1
W1524893127,1
W2161021117,1
W2017055625,1
W2970567267,1
W628053101,1
W2148777342,1
W2015166336,1
W2039291831,1
W1999588690,1
W2048752781,1
W2079363024,1
W2091937477,1
W2102223798,1
W1988381989,1
W1513660283,1
W2004616997,1
W2105913577,1
W2109384979,1
W2171833311,1
W2170478171,1
W13252630,1
W4242261812,1
W1837595069,1
W2077719728,1
W2006827813,1
W1991012792,1
W2054142416,1
W2486857344,1
W3124366560,1
W3020847264,1
W6604616897,1
W36062631,1
W771529971,1
W4248441261,1
W1971521912,1
W2088040467,1
W1997946942,1
W2160819746,1
W2128061550,1
W2084471425,1
W400293729,1
W2169066435,1
W299550379,1
W1482350828,1
W74716954,1
W635480811,1
W2078351377,1
W4205555771,1
W2075769684,1
W2157639603,1
W2069103239,1
W1828617744,1
W3145885692,1
W2087442202,1
W2066451701,1
W3146805580,1
W1739997275,1
W2066041759,1
W574375650,1
W1590463896,1
W2143416241,1
W2127668979,1
W1973344560,1
W2075926562,1
W2038826584,1
W2106976617,1
W1589705899,1
W3132562035,1
W1974898069,1
W2122970834,1
W2041953298,1
W1515683368,1
W25145208,1
W1526131861,1
W2223868730,1
W2028442196,1
W2146281950,1
W2152849583,1
W112053374,1
W2014485327,1
W4301657770,1
W1553650310,1
W1966958715,1
W2093030710,1
W1967138040,1
W1523997279,1
W2085798593,1
W4235854974,1
W2070420325,1
W198386799,1
W2052259131,1
W2076040349,1
W1696023616,1
W2154623458,1
W2025264896,1
W2079973462,1
W2096767045,1
W2073974662,1
W2076091312,1
W2060347940,1
W2020033338,1
W2008442510,1
W2014892455,1
W2150278133,1
W2651451375,1
W2092250615,1
W2121741883,1
W2272914630,1
W2338101785,1
W1522982418,1
W2154231202,1
W1972664806,1
W2322351534,1
W2064790857,1
W2070793478,1
W2126720351,1
W6607626446,1
W2142537447,1
W2049575938,1
W2768337983,1
W1814988523,1
W2105131136,1
W1991343965,1
W563428156,1
W3005761543,1
W2060279918,1
W2501470929,1
W187540355,1
W4405561029,1
W1988116731,1
W2155301956,1
W1990162704,1
W303277032,1
W2113976546,1
W2078676659,1
W2002231883,1
W2302932307,1
W2030436333,1
W1514075158,1
W2010659047,1
W2023611349,1
W2041970927,1
W1602770268,1
W2111963393,1
W1988879672,1
W3149187746,1
W2481238668,1
W2293199977,1
W2162040794,1
W2139528968,1
W130478927,1
W190061371,1
W4292542163,1
W2040812972,1
W1554530623,1
W4235050783,1
W3217384808,1
W2055935446,1
W1976504034,1
W4200544816,1
W2291064500,1
W990234035,1
W2472480394,1
W2070801030,1
W163140495,1
W2010336279,1
W49911213,1
W2059331885,1
W2037803098,1
W2129077065,1
W2096227113,1
W3124723406,1
W2055768612,1
W2121006975,1
W2531924523,1
W2167969973,1
W2022156540,1
W2124488388,1
W2916392902,1
W2108928645,1
W2155054432,1
W1654513821,1
W2129661530,1
W1641010911,1
W2151378142,1
W3126036346,1
W2012897065,1
W2125677898,1
W1631740830,1
W2263559793,1
W3177158025,1
W3125850729,1
W3123091567,1
W2115596507,1
W2132787655,1
W2041477614,1
W2026050581,1
W1982723563,1
W2258913946,1
W2111881184,1
W2132016840,1
W1561232921,1
W2053594214,1
W2068998468,1
W2230082010,1
W2764919111,1
W2142268809,1
W2038339628,1
W2470848708,1
W2408199861,1
W2210589292,1
W2141395970,1
W2102821579,1
W2008463809,1
W1979628310,1
W1994860343,1
W2164322567,1
W2141718762,1
W2145712277,1
W2347740793,1
W1980038245,1
W2321519539,1
W1996965388,1
W2075112066,1
W2036255163,1
W1831495753,1
W2080646064,1
W4289253236,1
W2156090712,1
W1554162480,1
W2027204995,1
W2009763892,1
W2090814001,1
W2150467137,1
W1922136685,1
W1982517788,1
W2113437819,1
W2090372154,1
W2060401717,1
W2796863805,1
W2051118092,1
W1994222804,1
W2071279317,1
W2027977944,1
W2335000856,1
W2126634638,1
W1991442652,1
W2130717328,1
W4321263799,1
W1502506077,1
W2168195699,1
W6629919066,1
W2031858136,1
W1973269051,1
W2083150592,1
W2408725477,1
W2506630286,1
W1570169918,1
W2025351604,1
W2254148688,1
W6677736686,1
W14732453,1
W2053040393,1
W2090954826,1
W2003879332,1
W6635434012,1
W2056208640,1
W2021941603,1
W2031425954,1
W4255631687,1
W2150161037,1
W2084173540,1
W2355573770,1
W2116978779,1
W2129565870,1
W2798289755,1
W4293108385,1
W2115723325,1
W2116147806,1
W2171669686,1
W2129085486,1
W6601617949,1
W2027473696,1
W21210697,1
W1550140746,1
W2045174934,1
W2181226087,1
W4245826541,1
W2198356458,1
W2120348917,1
W2171422619,1
W2034661484,1
W1532483546,1
W2499196641,1
W2093349432,1
W1594379447,1
W2037376053,1
W2139442201,1
W1952163141,1
W2468134828,1
W2017052834,1
W2145245433,1
W6716929370,1
W2089097250,1
W2159584910,1
W2006910061,1
W2087987248,1
W131211302,1
W2019400394,1
W39053810,1
W3214442792,1
W6684668383,1
W2063286160,1
W2032315194,1
W2045516356,1
W6633841875,1
W2013453412,1
W2151302593,1
W2106529491,1
W2092873137,1
W4391060333,1
W2148259202,1
W2151901967,1
W2557325116,1
W2006905596,1
W1503434345,1
W3123429429,1
W2138365378,1
W124674642,1
W2321169918,1
W2129985710,1
W2485415854,1
W2809828159,1
W1938727164,1
W1482370806,1
W2230973797,1
W2590064515,1
W1556504765,1
W2959792658,1
W2982908527,1
W1558808874,1
W2413155166,1
W2021933371,1
W2023691343,1
W1780531541,1
W2093883943,1
W1667265675,1
W1994955730,1
W55285801,1
W2171204795,1
W1562714951,1
W2012446811,1
W888640336,1
W2097740962,1
W2547238071,1
W2065567019,1
W2096064788,1
W2142704172,1
W2171786595,1
W2038133716,1
W2101505142,1
W2023976565,1
W2121372175,1
W3152261244,1
W2054329054,1
W1980922120,1
W1864107161,1
W1990908213,1
W2243933837,1
W2098661754,1
W2122258151,1
W2107277042,1
W3209664042,1
W1918978973,1
W2141009528,1
W1969874797,1
W2290526371,1
W2334802190,1
W2001153735,1
W3122123538,1
W2091044086,1
W2128033109,1
W2076083501,1
W2170244358,1
W79120577,1
W4300921711,1
W57285804,1
W1974789390,1
W199659475,1
W2133520711,1
W2021645358,1
W7687383,1
W2181883653,1
W2003618393,1
W2014104438,1
W2060001007,1
W2169613421,1
W2111771660,1
W2036122092,1
W2061489558,1
W2095603274,1
W1937705451,1
W2615815540,1
W2131899499,1
W2191529379,1
W1593706446,1
W2116979732,1
W2168294990,1
W2018648923,1
W1513678566,1
W2042516239,1
W2147461975,1
W2079477239,1
W2149878039,1
W1808529234,1
W2075190419,1
W1999760035,1
W2071103776,1
W1513757334,1
W1969105513,1
W2003194737,1
W2162943335,1
W1659782994,1
W2117688527,1
W2004637662,1
W2134507564,1
W2106755981,1
W2093292349,1
W215524506,1
W2020844610,1
W2075779641,1
W2060374620,1
W2000479835,1
W2148709085,1
W33697205,1
W2028624374,1
W2062338040,1
W2141490928,1
W2940302747,1
W2097803515,1
W2018803785,1
W2168580471,1
W1571272128,1
W2028532700,1
W2073038050,1
W2016238498,1
W2050850707,1
W1982564323,1
W2105139272,1
W2087137161,1
W1484613242,1
W1588738031,1
W1988140009,1
W2037253725,1
W1679550891,1
W2086470505,1
W2112803679,1
W3125907649,1
W2003250381,1
W1598379166,1
W3125157074,1
W3124909776,1
W2487857022,1
W2006145778,1
W2015937737,1
W2059104151,1
W1972874862,1
W3121348809,1
W2025611071,1
W2168535487,1
W214246213,1
W2154827268,1
W322318223,1
W2148538142,1
W2011103511,1
W2104018747,1
W2056763091,1
W2054522529,1
W885717823,1
W2018240231,1
W2043644814,1
W1988171708,1
W2170124176,1
W615987704,1
W2329321412,1
W2126591359,1
W2128497669,1
W2079264167,1
W1967088179,1
W1980083485,1
W296157688,1
W1994159693,1
W2166545615,1
W1727891047,1
W1988598634,1
W2110167814,1
W2945845754,1
W2892123422,1
W2156439166,1
W1982226601,1
W2891970968,1
W2099305437,1
W2072910019,1
W1991434235,1
W249562379,1
W2140810282,1
W4231117906,1
W2056059359,1
W2082396921,1
W2261441710,1
W4230870374,1
W616452157,1
W299089341,1
W2139790153,1
W2086591779,1
W2000504091,1
W6630882981,1
W3204440777,1
W6695953119,1
W6690580078,1
W2052144668,1
W2286071615,1
W1844195811,1
W2023769908,1
W2067166830,1
W2126527580,1
W152876125,1
W2155673357,1
W2055042140,1
W2126062817,1
W2168950392,1
W2090281808,1
W4399408170,1
W2334930053,1
W1678874605,1
W2066026428,1
W157978172,1
W2042349004,1
W2553007577,1
W2171565780,1
W2119438595,1
W2275924894,1
W4242562836,1
W1414979988,1
W4210702550,1
W189153248,1
W2989967299,1
W2165089079,1
W2181432921,1
W607032178,1
W3159738781,1
W1540782556,1
W3136031633,1
W4385887898,1
W2079924717,1
W6605882701,1
W2071195753,1
W6668843995,1
W2160146592,1
W4246826150,1
W2156113102,1
W2110262716,1
W1967391011,1
W143521791,1
W2611876199,1
W3023324556,1
W2113456115,1
W2017323883,1
W2139564895,1
W2142656263,1
W1592381839,1
W3122931329,1
W2110207053,1
W2136285353,1
W1567867213,1
W384750124,1
W1523591463,1
W1965328514,1
W655318029,1
W2555001983,1
W1977874966,1
W2109801298,1
W2140492286,1
W1968248796,1
W2093996043,1
W2078455576,1
W1556608552,1
W2125292621,1
W6677567334,1
W1595031583,1
W2324990071,1
W2086529412,1
W1576392144,1
W2000865223,1
W2033426421,1
W928766860,1
W72102737,1
W2051928000,1
W112882556,1
W2279311117,1
W1502461543,1
W2600878547,1
W2130189158,1
W2073169696,1
W2080984320,1
W2029518236,1
W2020100181,1
W2025919860,1
W2043015893,1
W2041184866,1
W2040203738,1
W2054121554,1
W1997037583,1
W6686339391,1
W3035994932,1
W2050822195,1
W1605359766,1
W1539788861,1
W4239548313,1
W2153538905,1
W2070691164,1
W2497198941,1
W2111201888,1
W1552681690,1
W2087347807,1
W2081277267,1
W1966769229,1
W2187508886,1
W2155342050,1
W2396383443,1
W74987602,1
W2396142089,1
W2030982345,1
W174765952,1
W2259698181,1
W44864004,1
W2162594490,1
W4256444201,1
W2098987638,1
W2138517681,1
W6686165260,1
W1841598902,1
W6680578580,1
W2133789436,1
W188871002,1
W6689059969,1
W2151708196,1
W181921523,1
W2092129393,1
W2147107812,1
W2163709519,1
W2019001407,1
W2471349222,1
W2059504115,1
W286713500,1
W3122999305,1
W1569265171,1
W2992763947,1
W2406353006,1
W1988799666,1
W2112958244,1
W3149745985,1
W2086181648,1
W3124685361,1
W2206798519,1
W2556828931,1
W2005936307,1
W2116587321,1
W2072560454,1
W2032003852,1
W2042226252,1
W2168291780,1
W2015017654,1
W2046689076,1
W2154658909,1
W3125932469,1
W1782146938,1
W1990553948,1
W2130109916,1
W2136409470,1
W4250523153,1
W4249144416,1
W2126799299,1
W1544819663,1
W1980263824,1
W126588561,1
W1534852664,1
W2136823593,1
W2797812752,1
W1970123412,1
W2317958188,1
W2072325878,1
W4301441860,1
W2498085807,1
W3124517058,1
W60308834,1
W6770648461,1
W6601690352,1
W81579076,1
W2140053170,1
W2170421789,1
W2149705008,1
W4211151340,1
W6771502804,1
W6628786924,1
W4321429408,1
W6680830606,1
W2333336295,1
W2066111258,1
W2276033000,1
W2152413000,1
W2090907451,1
W2185081937,1
W6698557277,1
W2133359435,1
W1984010454,1
W6716708629,1
W4229881609,1
W2157500613,1
W2007366460,1
W2028013985,1
W2103520611,1
W2082353817,1
W2225792633,1
W1966859223,1
W2011052128,1
W2170822387,1
W2166226519,1
W2046886643,1
W2416575275,1
W2134673567,1
W2099520632,1
W1544404374,1
W2164542363,1
W2140038629,1
W2123977318,1
W2147018083,1
W2085626011,1
W2137056396,1
W2118224589,1
W41991626,1
W6603364536,1
W1480136659,1
W2119938349,1
W2022055059,1
W2138176946,1
W2992472827,1
W2108171260,1
W2152370764,1
W2051894387,1
W2408909439,1
W6684086927,1
W1973586321,1
W2083697225,1
W2006949147,1
W6683890610,1
W2011953413,1
W2073962065,1
W2030346075,1
W1968223574,1
W1979180382,1
W2092148379,1
W1480939872,1
W2164883545,1
W2100975971,1
W2312009416,1
W2092568971,1
W1994609836,1
W2107560563,1
W1971475161,1
W31310327,1
W2013697141,1
W2112238768,1
W2034685373,1
W1881866146,1
W2131575393,1
W2001213794,1
W2020665411,1
W3188313604,1
W1997123508,1
W2133404234,1
W2025442512,1
W2108942104,1
W2463344716,1
W2088850080,1
W2028910637,1
W2274796918,1
W2080780263,1
W2042283584,1
W2091693285,1
W1998645304,1
W1537496069,1
W2112458809,1
W2109949182,1
W1579730854,1
W2144368801,1
W185697504,1
W1552410490,1
W212180561,1
W2019316207,1
W114647836,1
W2742989314,1
W2061686928,1
W2148790212,1
W2313407085,1
W2157628853,1
W2025752067,1
W3094977168,1
W2144103471,1
W2109297872,1
W2098678601,1
W2033887837,1
W51899016,1
W4210906583,1
W2413979311,1
W3121789473,1
W1988087166,1
W1986561639,1
W2978951380,1
W1841025801,1
W2034472621,1
W2092800330,1
W2012468083,1
W2000147226,1
W2773601073,1
W2082708985,1
W2029937526,1
W2061706224,1
W2159979916,1
W2404993217,1
W2146159370,1
W7045725658,1
W1600329635,1
W7056539874,1
W2100464863,1
W2142503664,1
W2148585246,1
W2119872796,1
W2069614614,1
W58347042,1
W128204256,1
W2097898435,1
W2138653164,1
W1990421959,1
W1965188285,1
W2060901056,1
W2008333077,1
W2418806815,1
W2315612022,1
W2027322394,1
W2167710956,1
W2135900694,1
W1588163064,1
W1593412983,1
W1495223155,1
W2110591692,1
W3123843288,1
W2409083498,1
W2621752936,1
W2168475719,1
W203118830,1
W2409496069,1
W6677969796,1
W6631762261,1
W2035041841,1
W2121338113,1
W1998326950,1
W3123669434,1
W1996752183,1
W2156271781,1
W2001287610,1
W2054825561,1
W1973215925,1
W1883707492,1
W2031048316,1
W2167305265,1
W1585295505,1
W2035008835,1
W892461271,1
W811325980,1
W1980423297,1
W2332675800,1
W2092140647,1
W643556495,1
W2029781212,1
W2091838317,1
W2141245633,1
W2160875741,1
W608631399,1
W2120137062,1
W4231609535,1
W2149916604,1
W2399995978,1
W6606523704,1
W1965944971,1
W6763726726,1
W2066953573,1
W11615498,1
W246383486,1
W6600492689,1
W1980406593,1
W112528857,1
W1519304779,1
W2086899345,1
W2092264227,1
W2099947451,1
W1995883183,1
W2160605904,1
W2150031079,1
W2111912013,1
W3124917344,1
W2022733908,1
W2274425233,1
W6683787887,1
W2097428948,1
W4248057234,1
W3122438521,1
W3124908158,1
W6661515067,1
W2066944566,1
W2018680569,1
W2145659716,1
W2075620142,1
W2529512933,1
W2063456226,1
W3159252451,1
W2132633145,1
W4246223421,1
W2061565725,1
W2111883499,1
W1941280795,1
W1521294832,1
W6628744505,1
W2094357075,1
W2142637473,1
W4248412978,1
W2015930340,1
W1671686464,1
W2096868672,1
W6636949712,1
W2108800386,1
W3125898175,1
W2066187373,1
W2009925064,1
W2019893360,1
W2616027747,1
W2167907674,1
W650021385,1
W1869199705,1
W1513849465,1
W1585711600,1
W1858733141,1
W1973308529,1
W2047323844,1
W2117455041,1
W2131740028,1
W1524369538,1
W2128284277,1
W2295136936,1
W2465963983,1
W2153984129,1
W2010323146,1
W2026793181,1
W1498782459,1
W2081977061,1
W2119127225,1
W2006482890,1
W2799112596,1
W2041938578,1
W4211162439,1
W3125122757,1
W2916466383,1
W3143141777,1
W2985711464,1
W2102478236,1
W2519138837,1
W2151074684,1
W4237467868,1
W2081214861,1
W2078309961,1
W1728475936,1
W6637877030,1
W4253195193,1
W2126263475,1
W2106708988,1
W2057745149,1
W2158226696,1
W1988203348,1
W2005223748,1
W2044290537,1
W2090266480,1
W2056297537,1
W3122986939,1
W1985886452,1
W2118024205,1
W2017307983,1
W2104063220,1
W2011094080,1
W2084071594,1
W2025960144,1
W1039167164,1
W2137196429,1
W4234920678,1
W4299356600,1
W1880674220,1
W2312208685,1
W4238551068,1
W2028080080,1
W2274432500,1
W2056267296,1
W611440867,1
W2091298137,1
W60112334,1
W2761329218,1
W1986860519,1
W561092022,1
W3176977251,1
W2031082866,1
W2058821618,1
W2086315647,1
W2409391443,1
W6841260940,1
W2131003757,1
W15384721,1
W4232467027,1
W4234463887,1
W64404886,1
W2102473807,1
W2162103831,1
W2009985411,1
W1536787570,1
W1963903843,1
W1971308760,1
W2494900683,1
W4392068323,1
W1894528794,1
W6626988929,1
W596600426,1
W4300107556,1
W6829504523,1
W1684140103,1
W2165145292,1
W4251321612,1
W2097659837,1
W2436324228,1
W2787809350,1
W1980443970,1
W2157572035,1
W2169741702,1
W2325417240,1
W1904578449,1
W2050633251,1
W2130069482,1
W38671659,1
W2056034437,1
W4213375414,1
W2130873208,1
W2043240355,1
W2067504063,1
W6702350494,1
W2794603212,1
W6770561365,1
W3125821477,1
W3125138460,1
W1976380751,1
W1984860354,1
W1925917161,1
W2003268793,1
W2290682206,1
W2188925393,1
W2073305011,1
W2069665106,1
W2009277908,1
W2411386713,1
W2160038895,1
W2125427336,1
W2312342829,1
W2097981845,1
W1993497994,1
W2388850052,1
W2012749267,1
W2481920468,1
W1966172720,1
W1971893753,1
W2147578335,1
W2107937726,1
W2080854794,1
W2059360110,1
W2117490039,1
W2150611245,1
W2087187738,1
W2268127975,1
W2069040326,1
W2129658652,1
W2118776903,1
W2144502038,1
W2428912186,1
W2023455682,1
W2019646588,1
W1974223115,1
W2032091566,1
W2019687020,1
W2115254384,1
W2010893068,1
W2101170018,1
W2060770988,1
W2021204984,1
W2163869527,1
W1673033778,1
W3145754441,1
W1482622080,1
W2167592599,1
W1831566233,1
W2160007807,1
W2137631141,1
W2183519917,1
W2111067814,1
W2036004412,1
W2023116632,1
W2768384405,1
W2203120982,1
W1980333433,1
W2054044897,1
W2040741242,1
W2411068762,1
W2106985203,1
W2164309750,1
W2144088986,1
W2012123493,1
W2101093436,1
W2044480428,1
W1506399260,1
W2131383438,1
W987572245,1
W2142696006,1
W2091031386,1
W1967261707,1
W2130752053,1
W1985984770,1
W2071938047,1
W2139025591,1
W2018802488,1
W2188426473,1
W2056454656,1
W1994624942,1
W2132838910,1
W2254651861,1
W2082408088,1
W1983273096,1
W2053628622,1
W2016968691,1
W2107648995,1
W2055435532,1
W134013472,1
W3125381408,1
W1977060610,1
W2028173255,1
W302449142,1
W607940723,1
W2045784885,1
W2753569374,1
W1525694312,1
W3126117953,1
W1978360177,1
W2016747072,1
W1978052967,1
W2792201790,1
W2252478847,1
W2187047541,1
W1541514953,1
W161434905,1
W2097858576,1
W2491948115,1
W1998945867,1
W2536037193,1
W2053058845,1
W6678282653,1
W2144635463,1
W2123191987,1
W2158953922,1
W2078339431,1
W1981298602,1
W1976305159,1
W1963787133,1
W2000948634,1
W2054323555,1
W2060054448,1
W2090555973,1
W2916685636,1
W1936905019,1
W2082263294,1
W2736185988,1
W2090421096,1
W1589800138,1
W2088612514,1
W2157061714,1
W1553548925,1
W2158619680,1
W1936594653,1
W1519303782,1
W1822990633,1
W2303228360,1
W2256346240,1
W2032369407,1
W2152613569,1
W2185342019,1
W2036692501,1
W2116084005,1
W1607627691,1
W2159244254,1
W159889355,1
W2550966059,1
W2060003941,1
W2619871983,1
W2121534601,1
W1985566352,1
W2285429752,1
W2115240075,1
W2101821130,1
W2152167557,1
W2080153283,1
W2494072357,1
W2156586136,1
W2169511365,1
W1492803745,1
W657759398,1
W2043216670,1
W6696391021,1
W2044186731,1
W2414963847,1
W2063236271,1
W4320300831,1
W2778896509,1
W83607066,1
W2530870217,1
W2554349356,1
W2012452253,1
W2951873177,1
W2306479649,1
W2184083532,1
W2145529477,1
W3191016132,1
W1591284341,1
W2076019321,1
W2289690891,1
W2144338218,1
W1501898971,1
W1855539512,1
W6600402959,1
W2168689749,1
W2128782833,1
W4205658009,1
W77088994,1
W2940769399,1
W2959801370,1
W2807034249,1
W67777992,1
W2900064269,1
W13855842,1
W1573368931,1
W2957306136,1
W2089962930,1
W2076098362,1
W2135672952,1
W3123716814,1
W2337616414,1
W2594768052,1
W2088126323,1
W2810187191,1
W2614609519,1
W1994373240,1
W4293208119,1
W2170916203,1
W2343810290,1
W573314544,1
W2053048409,1
W2477960253,1
W3081856352,1
W3111205674,1
W4233469956,1
W4249258521,1
W4256091189,1
W130108090,1
W1496012857,1
W2403147084,1
W2340038659,1
W2767370947,1
W2017273203,1
W3117624329,1
W2022434221,1
W3114209523,1
W3134406765,1
W4235224368,1
W3006005427,1
W4248825111,1
W2904198984,1
W3088963818,1
W3047815892,1
W6787590462,1
W2798227981,1
W2583401700,1
W2617350518,1
W2159838128,1
W1968998475,1
W2105216319,1
W2807723428,1
W2025418735,1
W2110788022,1
W2132268971,1
W2259658062,1
W6737443947,1
W6692559838,1
W4229804223,1
W2020090708,1
W2083637187,1
W2058463674,1
W2155402183,1
W2134099620,1
W2161092376,1
W2098314489,1
W6667146028,1
W2808588709,1
W2105848023,1
W2548039226,1
W3032540703,1
W3094003643,1
W2024421949,1
W2224590366,1
W2928975891,1
W4205913573,1
W2409973727,1
W3083365407,1
W1491476940,1
W2990637635,1
W2998289697,1
W2963006738,1
W1997557475,1
W2556272417,1
W4243145859,1
W2122057071,1
W2181588610,1
W2761458710,1
W2608667259,1
W6757544313,1
W2055390789,1
W6677266865,1
W2034069507,1
W2598216753,1
W2516352831,1
W2887997655,1
W2147046977,1
W2908279309,1
W2115565280,1
W6664991452,1
W2136616869,1
W2808888735,1
W2789965693,1
W2058639052,1
W6640759400,1
W2124899833,1
W2517169822,1
W149792448,1
W2164330697,1
W2166147966,1
W2312279040,1
W2955329959,1
W6638227081,1
W2894616212,1
W1976167126,1
W2112106801,1
W2345093711,1
W1972479177,1
W2739955018,1
W2145498556,1
W2789989289,1
W2730218027,1
W2561068211,1
W2724290991,1
W2147069162,1
W2145097556,1
W4233416519,1
W6755668020,1
W2528119378,1
W4300452961,1
W2892328695,1
W2128654249,1
W13122474,1
W2977497532,1
W1838847185,1
W2963466926,1
W2390870814,1
W2402585538,1
W2061276405,1
W2325467101,1
W3196470903,1
W216016893,1
W1985963551,1
W2337927676,1
W2087728042,1
W2102539672,1
W1978262077,1
W2161458058,1
W2124804270,1
W328006919,1
W3007767881,1
W2025371899,1
W4307237885,1
W2883827302,1
W6774674826,1
W2614285210,1
W6667288555,1
W563648290,1
W658584744,1
W650186302,1
W2129918244,1
W2990764512,1
W3003739716,1
W2000886271,1
W2006677587,1
W2737508671,1
W2048489440,1
W6696950142,1
W2771223696,1
W1985991037,1
W6732755981,1
W6650197474,1
W2010641113,1
W2120931247,1
W2170730100,1
W2790710188,1
W2444682805,1
W3124796678,1
W6738502163,1
W6694832712,1
W1886835424,1
W2148736229,1
W2116810060,1
W2998329601,1
W2970507397,1
W2704321291,1
W1971106254,1
W3121293023,1
W2580986741,1
W1599852203,1
W2124457327,1
W2943856338,1
W6669563717,1
W1976441470,1
W1975665878,1
W2015696005,1
W2893028021,1
W2080158899,1
W2897068042,1
W298629920,1
W2321352375,1
W1583560821,1
W630162528,1
W1591757064,1
W1587078905,1
W2495918559,1
W2152473356,1
W1971923678,1
W2174721032,1
W2903206161,1
W2961451426,1
W2797731190,1
W2033606892,1
W4230137605,1
W637114915,1
W1530414133,1
W3132758650,1
W2116003303,1
W1576187471,1
W4368253641,1
W594302033,1
W2752600643,1
W570994606,1
W1589242923,1
W3016256064,1
W2968257052,1
W2163201136,1
W4241240363,1
W4368253906,1
W1553160981,1
W2319751002,1
W4299503366,1
W2296478910,1
W2332158255,1
W1585992224,1
W17959865,1
W1981675719,1
W2952033501,1
W4320164613,1
W2945979120,1
W2468446069,1
W1566899673,1
W1986858923,1
W2076790991,1
W1804886546,1
W304148443,1
W3124550229,1
W2154448611,1
W2291819131,1
W2378478483,1
W117078153,1
W2785605180,1
W1968847452,1
W2802184936,1
W2116119723,1
W2163776717,1
W4385382261,1
W4300518093,1
W2315154775,1
W2315296368,1
W2073189295,1
W617065775,1
W2270862392,1
W2993883856,1
W4249304430,1
W2898336853,1
W3043693520,1
W2953101152,1
W6752132127,1
W6674534430,1
W2783905632,1
W6705182327,1
W2166243787,1
W2738024852,1
W6629797919,1
W2963536652,1
W2101301119,1
W2966260426,1
W2616379067,1
W2966888970,1
W2135226820,1
W2120156132,1
W2112119279,1
W3102946754,1
W2162981083,1
W2930859655,1
W2953743159,1
W2169697820,1
W2782868757,1
W2806033783,1
W2947210928,1
W2144261211,1
W1520035240,1
W2041737033,1
W2149867011,1
W1494478641,1
W2028387985,1
W2184205323,1
W1568329098,1
W1973297047,1
W2611169487,1
W2228606769,1
W4249850856,1
W2104726398,1
W2413238071,1
W3124101816,1
W3124712690,1
W2999452831,1
W2020981654,1
W2464948276,1
W2786677741,1
W2128464588,1
W2015031573,1
W2056264591,1
W2972798594,1
W2560674871,1
W2940098773,1
W2978192827,1
W2122784111,1
W2943535564,1
W1827673846,1
W2744215441,1
W2980784763,1
W2899557678,1
W2473754607,1
W2320366962,1
W2007050774,1
W6603590957,1
W2124636111,1
W2304364926,1
W1899485987,1
W2156336765,1
W2279479190,1
W2130124981,1
W1643455854,1
W2141951329,1
W2068702404,1
W1582014224,1
W1515144820,1
W6601650801,1
W1978049334,1
W2936928888,1
W190276640,1
W1763765629,1
W4237241082,1
W2790716667,1
W4240735459,1
W1684922458,1
W1966564919,1
W2605038974,1
W2029512632,1
W2792187679,1
W2035799188,1
W2945611026,1
W2791100853,1
W2067093645,1
W2607216795,1
W3170620989,1
W2135508377,1
W1970500666,1
W2575185665,1
W1556882269,1
W178317348,1
W2113017029,1
W1981649681,1
W2045824579,1
W3044326654,1
W2793693122,1
W1978466102,1
W1982991232,1
W372580650,1
W1923987658,1
W2043971265,1
W2403765310,1
W2615843762,1
W2183458658,1
W2121155082,1
W2602094617,1
W3190748239,1
W2177756622,1
W3210067896,1
W1983636742,1
W3120376360,1
W2253915556,1
W2763927655,1
W2142271042,1
W1970094254,1
W3084816352,1
W2520707394,1
W1511466599,1
W1996279130,1
W3107612920,1
W2120229733,1
W2116251861,1
W2789880198,1
W2151415475,1
W2117904284,1
W2191676270,1
W2137700726,1
W2090271893,1
W1581503202,1
W1539210943,1
W2096367725,1
W2795768883,1
W2399916144,1
W3122657684,1
W2159669024,1
W3135229929,1
W3168966034,1
W2328413006,1
W2766674453,1
W2183322368,1
W2743361866,1
W604199747,1
W3041838825,1
W2599656684,1
W2112033126,1
W2974187581,1
W3140149856,1
W4244040082,1
W1978783321,1
W1602939552,1
W82038529,1
W2024370570,1
W2167216856,1
W2327301592,1
W2736156800,1
W2079511651,1
W2017933248,1
W2079435899,1
W1995600021,1
W2892059232,1
W2320005721,1
W2069656871,1
W6749163153,1
W2904774484,1
W3125499011,1
W2090328721,1
W2136461375,1
W3121262480,1
W2152308346,1
W2154872949,1
W2028038980,1
W2556499396,1
W1892529192,1
W2125655387,1
W4230509899,1
W2009263548,1
W4214506270,1
W2085565841,1
W2143544460,1
W6996118211,1
W2110409489,1
W2974080042,1
W7029752464,1
W2163367485,1
W2102770197,1
W4234756793,1
W6735098082,1
W2164235841,1
W2862541655,1
W1775980678,1
W2908594383,1
W2528548268,1
W2011867932,1
W2113670598,1
W1577263863,1
W2131017234,1
W2011373357,1
W2122657220,1
W2340492980,1
W2030592699,1
W4231360289,1
W1989341747,1
W2323791497,1
W2484190657,1
W2222080613,1
W2026384652,1
W2058737110,1
W1670775779,1
W3047623440,1
W2039840225,1
W199180591,1
W2101741571,1
W2048565444,1
W1832462761,1
W2069480190,1
W6987340608,1
W2772799010,1
W2141909766,1
W2058158134,1
W2055523004,1
W2897738530,1
W2098936793,1
W2511270503,1
W2114702724,1
W2018110752,1
W2810113292,1
W2060316606,1
W2010461389,1
W1976435223,1
W2110259757,1
W3016553389,1
W3179235031,1
W2945766100,1
W4285710738,1
W2989000016,1
W1918795026,1
W2076745182,1
W2338856826,1
W2325937621,1
W4235107627,1
W1592433470,1
W2028192671,1
W2143443382,1
W3122878109,1
W6674527926,1
W2257696489,1
W1999471705,1
W2091157021,1
W1992314822,1
W6744394563,1
W2798871541,1
W2791665711,1
W2752702796,1
W6755795158,1
W2794330872,1
W2912156277,1
W2086148283,1
W2952880365,1
W3125076831,1
W3125912697,1
W6631252620,1
W2152203838,1
W2124515839,1
W6686282621,1
W2090101247,1
W2118202495,1
W3039747294,1
W6697993227,1
W3200660819,1
W6615918430,1
W2068172597,1
W2016607493,1
W1832134777,1
W2964068880,1
W2498454620,1
W2130140239,1
W2953146849,1
W2163050413,1
W1766821682,1
W2101773722,1
W2101699735,1
W2145437113,1
W2520546159,1
W2329871087,1
W2600772855,1
W3080143045,1
W2017624521,1
W4385482946,1
W2042843859,1
W2128356777,1
W1524515440,1
W2726208424,1
W2271737433,1
W2729228394,1
W2152419212,1
W1821851163,1
W4249587920,1
W2163605903,1
W1863239213,1
W2799923523,1
W2738192542,1
W3085968290,1
W1763873493,1
W2981417913,1
W2028686211,1
W3123354478,1
W3124066482,1
W197570494,1
W2053733959,1
W2290882246,1
W3119492218,1
W1973547814,1
W3004783340,1
W2897310388,1
W2616228917,1
W2159759971,1
W4238488591,1
W2911396165,1
W2883692789,1
W2165037673,1
W2181411769,1
W2035767848,1
W1600936132,1
W4245841281,1
W2137005930,1
W2913227163,1
W2981199835,1
W2584969994,1
W2574410963,1
W1559817201,1
W2036979818,1
W2046472416,1
W3121762968,1
W2887106849,1
W2609921692,1
W2109377318,1
W3021900821,1
W1981856979,1
W2061003899,1
W2094111221,1
W2911929375,1
W2591580397,1
W2617281868,1
W2955497961,1
W6741696794,1
W4200376907,1
W2889121611,1
W1778521208,1
W4237875843,1
W2215363977,1
W2165513789,1
W2062249948,1
W2376806436,1
W2307305507,1
W2115853887,1
W2127282543,1
W6678805404,1
W2967610937,1
W2065207630,1
W2025762191,1
W3164963558,1
W2022878945,1
W2134445957,1
W2035905216,1
W2104214944,1
W3021681552,1
W2032140899,1
W6789156381,1
W6735377248,1
W6675629591,1
W2987846437,1
W3166839645,1
W6758445243,1
W6775829514,1
W2728671830,1
W2146332823,1
W259477303,1
W2970356934,1
W4248979930,1
W2143417275,1
W6680924660,1
W3045303309,1
W6840161265,1
W2132500127,1
W2724765905,1
W1576222343,1
W2810603205,1
W2023141010,1
W4237908287,1
W1543379732,1
W3003249044,1
W2079729961,1
W2576413724,1
W1782379086,1
W2804553391,1
W2943050230,1
W2101196984,1
W3003227613,1
W3159146339,1
W2752353918,1
W4398374627,1
W2944202703,1
W1903943874,1
W1546572941,1
W2945443668,1
W6759029050,1
W6754669450,1
W1980262620,1
W1601036107,1
W2008682709,1
W4288346979,1
W2030383227,1
W2529120031,1
W2156659379,1
W4206997647,1
W2761318636,1
W4362232615,1
W2108752970,1
W2795180032,1
W2013536940,1
W2163300952,1
W1965855929,1
W2970207351,1
W2145126933,1
W2989957282,1
W2368910609,1
W3031230546,1
W2949760187,1
W3128042555,1
W3021461035,1
W3103018562,1
W1996458729,1
W1971001490,1
W3159787585,1
W2949191412,1
W2153359097,1
W2995198352,1
W3001225163,1
W3122410483,1
W2057775351,1
W2773353358,1
W2765289398,1
W4256262093,1
W2128555164,1
W1762832995,1
W2260741907,1
W2811371134,1
W1999568555,1
W2169860121,1
W2615656344,1
W2315712189,1
W2572144487,1
W3089023379,1
W2979812636,1
W2884853914,1
W2800553942,1
W2256897848,1
W2529629000,1
W1978399955,1
W2522166082,1
W2883407704,1
W1990083118,1
W2013490535,1
W1877719408,1
W2155269302,1
W2137364835,1
W2109006271,1
W2964106630,1
W2015522239,1
W2120493427,1
W2597249499,1
W2133622103,1
W2624480769,1
W2955559388,1
W2998326865,1
W2152024218,1
W568939578,1
W6781472144,1
W2539255848,1
W2066152650,1
W1578867421,1
W4231495351,1
W2560514599,1
W2070335567,1
W3112168026,1
W4380881252,1
W1487106420,1
W2326944759,1
W2122679534,1
W3087294518,1
W2135841300,1
W1995513060,1
W4230457969,1
W2138285147,1
W4244424352,1
W2789073623,1
W1808640232,1
W2026596343,1
W2946140082,1
W2132664574,1
W1963664028,1
W2954863700,1
W2153423992,1
W3124797293,1
W2153945345,1
W2061230487,1
W2315736054,1
W2889842939,1
W2953209526,1
W2140433454,1
W1567153298,1
W2126483230,1
W2098241636,1
W2113324208,1
W3132896540,1
W2132816979,1
W1526669572,1
W1565901470,1
W2727493490,1
W2947605771,1
W2799747548,1
W1546523058,1
W1952768014,1
W2215199919,1
W2012633686,1
W2789793645,1
W2768729536,1
W2344964487,1
W3123548166,1
W2614143839,1
W2102897370,1
W1552697621,1
W2092108709,1
W6636044598,1
W2100810149,1
W4232575633,1
W3041507269,1
W126901341,1
W1900077929,1
W4214535933,1
W2136258782,1
W3081731035,1
W1543627816,1
W2979704770,1
W1505869883,1
W4237948766,1
W2168555604,1
W2083354661,1
W4254077898,1
W2950035227,1
W2315020377,1
W1984051587,1
W2005482719,1
W7075642586,1
W2009743662,1
W2058912630,1
W150730881,1
W1654882699,1
W2490851912,1
W2051101759,1
W1565901703,1
W6663312915,1
W1995633631,1
W2587872459,1
W2492471710,1
W6830684619,1
W2047084571,1
W6619051924,1
W6722229205,1
W2136629724,1
W2907679108,1
W6607911049,1
W2052689423,1
W1881104602,1
W2024876762,1
W2145987399,1
W2061047185,1
W2029334660,1
W2987754314,1
W7055956649,1
W1970431301,1
W2502636592,1
W6602853719,1
W6649774284,1
W2786033617,1
W6629735401,1
W6756348084,1
W6702130568,1
W4238798574,1
W2129989018,1
W4232778010,1
W2109346653,1
W2980653491,1
W2135578638,1
W6639450613,1
W1708426851,1
W4242389719,1
W2105982938,1
W1988821529,1
W2920819479,1
W3008905187,1
W2121800587,1
W2107072358,1
W2150762559,1
W1933768036,1
W2077024838,1
W2048574522,1
W191917564,1
W6647279119,1
W2960780621,1
W2028799738,1
W3008834796,1
W6654532323,1
W1533887339,1
W1966603115,1
W2290937977,1
W2789606930,1
W2328134362,1
W6648694626,1
W2773194728,1
W1993307449,1
W1983662610,1
W3148205360,1
W2560947029,1
W6684715940,1
W6688760487,1
W2898160110,1
W2142538331,1
W2125779753,1
W2131576002,1
W6768399365,1
W2155277246,1
W2745329971,1
W2412732296,1
W1493754530,1
W6748943596,1
W2754863190,1
W21110393,1
W589737489,1
W560757745,1
W2537490573,1
W3122788292,1
W6693033100,1
W1564166258,1
W2555969804,1
W2111295126,1
W2783212887,1
W6742930279,1
W2051310113,1
W2146513348,1
W2151156333,1
W1994263489,1
W2088104143,1
W6749380506,1
W2035303902,1
W2059813301,1
W2066068504,1
W1953755056,1
W2224897246,1
W2903273827,1
W2972888717,1
W2802609660,1
W2980216360,1
W2008160772,1
W6681844083,1
W2898911556,1
W1679870006,1
W6763683228,1
W2280650899,1
W2089402107,1
W75316686,1
W2132912892,1
W2075631293,1
W2017379636,1
W2850635687,1
W2056284804,1
W2964055349,1
W2518342824,1
W2117083060,1
W2107482931,1
W3018654230,1
W2906530225,1
W2604057849,1
W2738241474,1
W1968661771,1
W2593577730,1
W6602866690,1
W6603130605,1
W2047454897,1
W2286941128,1
W2594016708,1
W2897234542,1
W3026720661,1
W3035990506,1
W6755335568,1
W1786030545,1
W2042528822,1
W6747973890,1
W2784381435,1
W6771928140,1
W1989740520,1
W2977354095,1
W2793311330,1
W2901992384,1
W2279852665,1
W2895279317,1
W2071382177,1
W1992700026,1
W1999135195,1
W134340884,1
W2084020664,1
W2224773439,1
W1965085721,1
W6605447738,1
W2996310369,1
W2049514987,1
W2527943531,1
W1977671923,1
W2060662108,1
W1968213842,1
W2167169191,1
W2149594454,1
W6776364629,1
W2784207055,1
W1978260978,1
W6648382030,1
W2123380611,1
W1537176893,1
W2004769256,1
W2078854905,1
W3019938335,1
W1914225607,1
W2143578964,1
W2791992611,1
W2035075737,1
W2060726399,1
W2789054361,1
W652450891,1
W6681382881,1
W2203888041,1
W2123709218,1
W1572049583,1
W2021076325,1
W2582620441,1
W4251984344,1
W2307413927,1
W2059801719,1
W1969966826,1
W2279534108,1
W1500132850,1
W6682411966,1
W2029656946,1
W6767361837,1
W72397318,1
W2170299067,1
W2264675881,1
W2505402984,1
W2161537835,1
W2148321061,1
W2004914173,1
W2222094873,1
W2888864580,1
W3201847914,1
W2612891587,1
W2905268603,1
W2478862444,1
W3020921190,1
W2163972092,1
W2061920751,1
W2528862740,1
W2118795000,1
W2017473136,1
W1981374026,1
W2974555310,1
W2014373672,1
W3026439485,1
W2912859891,1
W2783828761,1
W2053601549,1
W2026623450,1
W1509899727,1
W1481162915,1
W6784076763,1
W2049614944,1
W405865766,1
W2122075025,1
W2095686776,1
W3121486137,1
W2081676448,1
W2678849299,1
W2155918319,1
W1782599053,1
W3015399206,1
W2059064598,1
W2769730358,1
W1983608023,1
W6746183154,1
W4254038737,1
W2121632618,1
W1980905702,1
W2277500744,1
W3200234064,1
W2119095362,1
W2114181231,1
W2772983862,1
W2315204167,1
W4291556559,1
W3142931177,1
W2889678233,1
W2098900210,1
W3015818424,1
W2024306751,1
W2114829344,1
W3087362951,1
W2903939652,1
W2048634129,1
W2099126289,1
W2261330529,1
W2107079398,1
W2312407642,1
W3160378163,1
W2549109044,1
W2112028307,1
W2982769898,1
W2135195117,1
W2085808965,1
W6675793113,1
W1979714250,1
W3008275395,1
W2170945070,1
W355517786,1
W2188809342,1
W1872191342,1
W2514633890,1
W4206495155,1
W2899745883,1
W2996451697,1
W4236523229,1
W6688008267,1
W2107009607,1
W2284390632,1
W6608311811,1
W1991508668,1
W6604985136,1
W7046502892,1
W2168772653,1
W6659102895,1
W1985033369,1
W2599701099,1
W3048409949,1
W2398924253,1
W2605907793,1
W1975653498,1
W4231983142,1
W2786542897,1
W2116471501,1
W2164111329,1
W6755291234,1
W3110475876,1
W2788297655,1
W3001277578,1
W2942535157,1
W2949189536,1
W1991589143,1
W3124680412,1
W2894859866,1
W121826637,1
W2033615148,1
W2064324884,1
W2029747599,1
W2150238850,1
W1494327788,1
W2383352620,1
W6600832011,1
W2025442297,1
W2462025975,1
W2041976995,1
W2135896951,1
W2169126844,1
W2335238465,1
W2072858631,1
W2055821526,1
W3125399333,1
W2164454126,1
W2102663535,1
W3121603443,1
W3092399506,1
W4232052789,1
W2959268681,1
W2124777960,1
W3125364203,1
W2999402328,1
W2023907381,1
W2955704313,1
W2282759927,1
W6745722330,1
W6730745403,1
W6649609527,1
W2563423666,1
W2916572998,1
W1967973199,1
W2167929028,1
W3011083753,1
W2772994295,1
W1544828052,1
W2918617939,1
W3135906357,1
W2996745990,1
W2057744602,1
W2111350869,1
W2143875174,1
W2943761341,1
W2495814335,1
W1491448154,1
W2895191639,1
W2320058744,1
W293613981,1
W2169334463,1
W2743899933,1
W302490583,1
W2024592963,1
W3125488060,1
W3121641555,1
W2234357436,1
W2413173591,1
W2135379645,1
W2135457448,1
W2295883272,1
W2169545145,1
W2963088522,1
W1971695608,1
W2707202413,1
W2167985294,1
W2731059458,1
W2224170974,1
W2754506970,1
W1991810104,1
W2944668255,1
W140049037,1
W2800328957,1
W2055626457,1
W2017930910,1
W2906715785,1
W2530530268,1
W2466763545,1
W4238371630,1
W2073122003,1
W2796171305,1
W2794672176,1
W2099192979,1
W4250914737,1
W4244658765,1
W6771366915,1
W2906771294,1
W3111785778,1
W2771116561,1
W2942981167,1
W1626990453,1
W2621547729,1
W2556697719,1
W2095699106,1
W1599690409,1
W1806638590,1
W2028716731,1
W2946925801,1
W2104035268,1
W6633410023,1
W2076526968,1
W6703912464,1
W2115574724,1
W4248086765,1
W6633050689,1
W2129453982,1
W2080854137,1
W1993103429,1
W599530704,1
W3012105136,1
W2158517811,1
W2183306209,1
W1990217769,1
W1550887790,1
W4302401721,1
W2340786963,1
W167962552,1
W2619931896,1
W2913278596,1
W2395186413,1
W6746945237,1
W2100615725,1
W2131779687,1
W1780316223,1
W3043498103,1
W2192122038,1
W2955944609,1
W2885990364,1
W2239975357,1
W2443203935,1
W2944793039,1
W2074948503,1
W2095774359,1
W2482861807,1
W3124272546,1
W2963308154,1
W6832670723,1
W2478402647,1
W6959830780,1
W6761753479,1
W2091123812,1
W2727998017,1
W2461365364,1
W2058909545,1
W2083822965,1
W2419343215,1
W2782304713,1
W2109233264,1
W6679235586,1
W3024012653,1
W2141441078,1
W2739155753,1
W2056619062,1
W2735498250,1
W2062976274,1
W296878296,1
W2767873520,1
W2891163694,1
W2782767340,1
W6684968646,1
W1970545041,1
W2157866400,1
W2287171832,1
W2768547611,1
W2020051590,1
W2972611240,1
W1968668008,1
W3136940624,1
W2104899062,1
W2075881696,1
W2807763379,1
W2560111223,1
W2564281294,1
W2580015894,1
W2904848251,1
W2193547080,1
W2284656455,1
W2885601638,1
W332838723,1
W2259021961,1
W2184954458,1
W2185619796,1
W2279799050,1
W2504861038,1
W2116573651,1
W3036944615,1
W3028782977,1
W1636210188,1
W3015524751,1
W3055459091,1
W3185498924,1
W2122646361,1
W3208688400,1
W3015646716,1
W2481100731,1
W2075111583,1
W3024205986,1
W2749057300,1
W2949536720,1
W3046629826,1
W1969095221,1
W2996330546,1
W6644475984,1
W2286348091,1
W3048573158,1
W2048955513,1
W1554314448,1
W2096408397,1
W2143441332,1
W2037439154,1
W2128758902,1
W2071992959,1
W1526317122,1
W2138151011,1
W2399671954,1
W2991545079,1
W2772078679,1
W2009073950,1
W2947022208,1
W2921760000,1
W2166448208,1
W3208578343,1
W2146919391,1
W3029831850,1
W2884621911,1
W3121605342,1
W2990596430,1
W2789433588,1
W2946886418,1
W2040676155,1
W1977098485,1
W2140279755,1
W2260233200,1
W2047773221,1
W2130757456,1
W4247110188,1
W1978445309,1
W2810981929,1
W4300262413,1
W3125402816,1
W4232685510,1
W2947519948,1
W4205598956,1
W2212788686,1
W2735776489,1
W2598655345,1
W2904078774,1
W2751779860,1
W1544366027,1
W2156182284,1
W3089689715,1
W401943522,1
W1982088824,1
W2123339911,1
W2071376119,1
W2607437794,1
W2016120732,1
W1542459729,1
W7256561,1
W2121984220,1
W1976640732,1
W1572497028,1
W2114402563,1
W1991663806,1
W2131059775,1
W1969621729,1
W2147811310,1
W2095787901,1
W3145787861,1
W2347388400,1
W6634366417,1
W2048848385,1
W2899914687,1
W2893632004,1
W1574575998,1
W1590667489,1
W4250415028,1
W2800945256,1
W2899191648,1
W2529917573,1
W606764084,1
W2786521688,1
W2892210399,1
W2436761893,1
W2078702481,1
W2116926954,1
W1970421900,1
W2242179477,1
W4241047560,1
W2802398592,1
W2788044823,1
W2077019679,1
W6920693767,1
W6725942444,1
W2969793212,1
W2792433889,1
W6717079725,1
W2508371775,1
W2939673083,1
W2899177929,1
W3010693795,1
W2086551939,1
W2789818206,1
W2302514960,1
W1615754880,1
W2513537952,1
W2038744417,1
W2794243143,1
W1967706931,1
W2945300002,1
W2965589451,1
W2345505579,1
W4248534564,1
W2040713207,1
W2947399816,1
W2729343407,1
W3000716574,1
W2981844739,1
W3125092920,1
W1980816562,1
W2901282388,1
W2986850797,1
W2619769703,1
W1751385169,1
W4233281086,1
W6643876003,1
W3123384348,1
W311390918,1
W2040782959,1
W3023043462,1
W2073819536,1
W2108449568,1
W2942655986,1
W4255378510,1
W2171952508,1
W4246218573,1
W2139255721,1
W2910233051,1
W2977526381,1
W1974350962,1
W4322701288,1
W2593637370,1
W2540529943,1
W2083041292,1
W2515815970,1
W4248376864,1
W2255275628,1
W1486944930,1
W2946735585,1
W2751748150,1
W2151134010,1
W2762023276,1
W2118248224,1
W4212797598,1
W2033648205,1
W6679972584,1
W2782867082,1
W4254110988,1
W2166460903,1
W2541364003,1
W4240681106,1
W219279964,1
W9686387,1
W2044950274,1
W2906687513,1
W2753275557,1
W4239935742,1
W2626111817,1
W4237415042,1
W2621007118,1
W2904816598,1
W2807784994,1
W2800204104,1
W3121338564,1
W2049268840,1
W574684262,1
W2152502599,1
W2901960877,1
W2466192476,1
W2285077168,1
W3028059401,1
W2978318528,1
W2963361005,1
W2135801054,1
W2213545586,1
W6600372792,1
W2120316982,1
W70863523,1
W2583678107,1
W2311617793,1
W2610208956,1
W2146770978,1
W2902703520,1
W2461770623,1
W2593118375,1
W2602742871,1
W2797807804,1
W2917059228,1
W2938026216,1
W2134452151,1
W2580912023,1
W2020419523,1
W2033110908,1
W2787504621,1
W2765531648,1
W2118882740,1
W642878639,1
W2012507831,1
W4251306366,1
W2021840268,1
W2014177627,1
W2095038751,1
W2052417512,1
W1552466412,1
W2333691665,1
W2164254828,1
W2412698084,1
W2127884779,1
W2607196720,1
W2806968742,1
W1516247989,1
W201578715,1
W2965678884,1
W2111417527,1
W2758882966,1
W2042425557,1
W1638389319,1
W6742225979,1
W6751747491,1
W6687068452,1
W1846128085,1
W3025622115,1
W2168142718,1
W2174011448,1
W2187611240,1
W6731702117,1
W7002014430,1
W2377806452,1
W2089569798,1
W2566110348,1
W2791766107,1
W2798531786,1
W3122203447,1
W1504998075,1
W2764321574,1
W2168570394,1
W6736754868,1
W2261388056,1
W2135215671,1
W2170018639,1
W2788388954,1
W6673744004,1
W2093662614,1
W6634848600,1
W6606582520,1
W2067438234,1
W3165242778,1
W2503995281,1
W2752080976,1
W1970793366,1
W2075743811,1
W2751219075,1
W2409369645,1
W2335828210,1
W2150760283,1
W6675258978,1
W1987338275,1
W2118592767,1
W2804979041,1
W3032527274,1
W2024378550,1
W2101812185,1
W2980805561,1
W2168910538,1
W1490474866,1
W2970340327,1
W2511783883,1
W3033926750,1
W2606632273,1
W4244161422,1
W1928669025,1
W3025048655,1
W2896888865,1
W2905881635,1
W2100353213,1
W1570481514,1
W2809585640,1
W2806451194,1
W2031070355,1
W6679072583,1
W2010889376,1
W1996449354,1
W2146401071,1
W2942604988,1
W2120758450,1
W2130670781,1
W2760154398,1
W1966958944,1
W2004490148,1
W2902387406,1
W2103705187,1
W2829024411,1
W2090378144,1
W2903809711,1
W2611284522,1
W2159401510,1
W2141987168,1
W2591822010,1
W1575700457,1
W2905583343,1
W2987758904,1
W2017203253,1
W2171214307,1
W6634324636,1
W2947083487,1
W12006997,1
W2755537019,1
W2529216539,1
W6836041818,1
W2913044550,1
W2147209063,1
W2310319955,1
W2530873855,1
W2810656300,1
W2076098167,1
W2164680331,1
W4234888812,1
W2146492288,1
W2160882943,1
W2100420402,1
W2156618533,1
W2579561924,1
W2798861501,1
W2025209658,1
W1999899267,1
W1771272880,1
W2070203556,1
W2097132934,1
W1985351966,1
W2164235637,1
W2086564563,1
W2106790663,1
W2965330563,1
W2121301868,1
W2129952771,1
W2617205868,1
W2111572779,1
W2939503726,1
W2083637310,1
W6750451483,1
W2029028522,1
W6766621952,1
W2047478848,1
W2136825748,1
W2073135325,1
W2130921523,1
W2564638457,1
W128134069,1
W2740324063,1
W2096060317,1
W409344806,1
W2742678565,1
W2065151287,1
W3129068397,1
W2774575602,1
W3199741762,1
W2145260697,1
W1547341751,1
W2910190436,1
W4302180038,1
W2158114695,1
W2477107289,1
W2165860811,1
W2123201033,1
W2149418523,1
W2797039551,1
W6679240874,1
W4255228022,1
W2564611010,1
W2561967362,1
W2097887749,1
W3022953960,1
W6673061354,1
W2048931946,1
W2561869900,1
W2737460224,1
W1535452374,1
W1968286081,1
W1941854942,1
W2557373455,1
W2258972238,1
W2610552896,1
W1524961582,1
W2561527409,1
W2621921234,1
W2125310097,1
W2933064417,1
W2080980558,1
W2953963245,1
W2893268249,1
W2956006433,1
W1988711451,1
W2487254928,1
W2077902399,1
W2334428292,1
W1958515160,1
W2751403292,1
W2102936024,1
W1986017621,1
W2139367963,1
W2182531340,1
W2100057091,1
W2948550321,1
W2397922123,1
W1970235525,1
W4403252750,1
W2005169672,1
W2075143381,1
W2146647992,1
W2122547056,1
W1708923219,1
W2805605770,1
W2127911710,1
W2474695932,1
W3101171493,1
W2136751496,1
W2296557091,1
W2128419300,1
W2030060008,1
W2612812851,1
W2021423006,1
W121777089,1
W6629173268,1
W2155877953,1
W2610247251,1
W2227049178,1
W2130884910,1
W6679324088,1
W1964981356,1
W2577208444,1
W1540786683,1
W2736412297,1
W2610326746,1
W2227183453,1
W2567412651,1
W3088466128,1
W2999835181,1
W2595534277,1
W2396904246,1
W2506933885,1
W2129025140,1
W2040290480,1
W2140192918,1
W2057884005,1
W2089733557,1
W1535809523,1
W897887607,1
W1823767485,1
W2163430109,1
W2968621633,1
W2246474345,1
W1560209224,1
W2755384753,1
W2036673218,1
W2031173932,1
W2042159853,1
W2401385488,1
W2610344059,1
W2091471337,1
W4237901767,1
W2147826622,1
W2028423075,1
W2049456217,1
W2078056668,1
W1969880417,1
W1972925113,1
W2256433316,1
W1984632093,1
W2786382895,1
W4245249007,1
W1999002236,1
W1999521109,1
W2082732197,1
W4302423442,1
W2415645443,1
W187697403,1
W2170723989,1
W2037378589,1
W2904755130,1
W2569793010,1
W1987854002,1
W6991694626,1
W6675109379,1
W2100692840,1
W6685424633,1
W290635033,1
W2515993920,1
W600304282,1
W2795419736,1
W4300102234,1
W1260082443,1
W2770964324,1
W1542932561,1
W2739668249,1
W4255939669,1
W2743952716,1
W1498482537,1
W2020204666,1
W1879488165,1
W2068704356,1
W3008125026,1
W3028816291,1
W3089083337,1
W3023856268,1
W3063337250,1
W2789476414,1
W3016685746,1
W3015234525,1
W3036153690,1
W2067896133,1
W2600836708,1
W2809975186,1
W3016420870,1
W1605996694,1
W6735135772,1
W3082937315,1
W6683234630,1
W3124855103,1
W2553261376,1
W2232991172,1
W2033828021,1
W2161978768,1
W2202079413,1
W2620467216,1
W1578224087,1
W6610043052,1
W1969722238,1
W2099618021,1
W2254141826,1
W3121318652,1
W2618023113,1
W2405891316,1
W1599998643,1
W6675138942,1
W275445600,1
W6679211271,1
W2149163569,1
W2158638815,1
W2768098152,1
W1590678269,1
W3102524825,1
W3023827853,1
W4294820376,1
W3125244926,1
W2607316304,1
W3124514013,1
W2903338906,1
W2899526554,1
W3124365060,1
W3122354591,1
W3125640641,1
W2400051755,1
W2766843744,1
W2594048565,1
W1995360775,1
W2005888056,1
W1971999760,1
W2564427292,1
W4235702612,1
W2128546887,1
W4242594843,1
W6757408018,1
W2331451265,1
W1993135846,1
W2124157879,1
W229266235,1
W2111134934,1
W2133484408,1
W2006685331,1
W1523283084,1
W2128088446,1
W2162847806,1
W4245968084,1
W3122299815,1
W2195184136,1
W2515958721,1
W4238974179,1
W4254133423,1
W1972449371,1
W2646922166,1
W2000355429,1
W1880754223,1
W2342996788,1
W4254865137,1
W2306499385,1
W2085230604,1
W2146537858,1
W2337007737,1
W2587311321,1
W1995482753,1
W2088535830,1
W2235730070,1
W3123662193,1
W1994966117,1
W1521213022,1
W2965708332,1
W4245944864,1
W2041615604,1
W2939836167,1
W2786952385,1
W4245325892,1
W3005127290,1
W4200178834,1
W2488870798,1
W2810793733,1
W2954350983,1
W2589170177,1
W2523266219,1
W2768712616,1
W2974902861,1
W2792217730,1
W3190148522,1
W6632063199,1
W2524994867,1
W4299694789,1
W2120070069,1
W2917979823,1
W1534998569,1
W1987197960,1
W2981374667,1
W2248397694,1
W2137735932,1
W2900368999,1
W6629915757,1
W6678027745,1
W1974688365,1
W2790982440,1
W1977817624,1
W2736428305,1
W6783018671,1
W6689363690,1
W2226939314,1
W2093339040,1
W1983736258,1
W2915469553,1
W3125342930,1
W2346275821,1
W1984523865,1
W2999810212,1
W6946343124,1
W2145419594,1
W2797115659,1
W4212998877,1
W4389499657,1
W4205842959,1
W2005408127,1
W2078489307,1
W3210145693,1
W6928883520,1
W2943290262,1
W2012667337,1
W2089371540,1
W6646043257,1
W4242941324,1
W6653589729,1
W2802722735,1
W4235430527,1
W6672859141,1
W1987410289,1
W6676133136,1
W4293229472,1
W1520386898,1
W6631294758,1
W1967938525,1
W1479849316,1
W1500880138,1
W2044406111,1
W2027262949,1
W2030083028,1
W2082538055,1
W2410893313,1
W2039073426,1
W164690542,1
W2164991886,1
W1975925839,1
W2802219085,1
W1500800294,1
W3128727354,1
W2327044000,1
W2128917405,1
W2169930715,1
W2112572378,1
W2137873539,1
W2107872790,1
W2015406532,1
W2129935085,1
W3082914787,1
W8117894,1
W1869175042,1
W2598338892,1
W2134833483,1
W2994931038,1
W2316339496,1
W3124793059,1
W2936219951,1
W2036343883,1
W2289667883,1
W2151261751,1
W1599970749,1
W2133512212,1
W2566193126,1
W2775365519,1
W2323266160,1
W1543037062,1
W2143428876,1
W263780127,1
W2946191677,1
W1964683998,1
W2137966224,1
W2805273855,1
W2080052549,1
W2943163816,1
W2604932361,1
W2123458876,1
W2231995493,1
W1506189479,1
W3087258496,1
W2004662556,1
W6731245134,1
W2040596019,1
W2565501090,1
W6734591188,1
W3180318891,1
W2594216657,1
W2943463282,1
W2803399613,1
W2896934338,1
W2987166782,1
W2137568138,1
W2119159832,1
W622446206,1
W2292645767,1
W2040606842,1
W2013377383,1
W3083705099,1
W3036048927,1
W3089769556,1
W2956061684,1
W2130895342,1
W2790626602,1
W2985453805,1
W2923730568,1
W2940348363,1
W3122023611,1
W2974032041,1
W2103979333,1
W1499836746,1
W6744329699,1
W4240382150,1
W2608562414,1
W3012080265,1
W4387727011,1
W2594955338,1
W3084205365,1
W2952581294,1
W2791395245,1
W2346130790,1
W2173998943,1
W2128014987,1
W2259597151,1
W2040263351,1
W1563950437,1
W2408021200,1
W2333114423,1
W2562857530,1
W1882333075,1
W7073637942,1
W4240454952,1
W2467904276,1
W580434524,1
W1063249608,1
W2134344922,1
W3085351593,1
W2146880409,1
W2598029953,1
W2320416594,1
W2012831062,1
W6692310791,1
W2913581420,1
W6675345248,1
W2397219905,1
W2800028769,1
W2562684098,1
W2784730067,1
W2344089117,1
W2782495254,1
W2044084920,1
W1636536540,1
W2511759458,1
W2600521175,1
W4206646213,1
W1695560362,1
W2750463828,1
W1985495017,1
W114475092,1
W1974545884,1
W2573859313,1
W2100242723,1
W2500801858,1
W2158309649,1
W1934089764,1
W2123995332,1
W2760454361,1
W2068491470,1
W1988723491,1
W2170877090,1
W1874562870,1
W2796980864,1
W1590126257,1
W2103567816,1
W2115837071,1
W2142177328,1
W1964157254,1
W2300151102,1
W2411220397,1
W568016084,1
W1934115521,1
W160294554,1
W2071773478,1
W1770712443,1
W2059760406,1
W2167714353,1
W2151973345,1
W2561387825,1
W1981929128,1
W2020854510,1
W2181138428,1
W2591770911,1
W2066481198,1
W2169176372,1
W2466587077,1
W2743890569,1
W2012224392,1
W1071726688,1
W6652551082,1
W2042131130,1
W2123249425,1
W1995095688,1
W2158896434,1
W2001772464,1
W2989682027,1
W3015365911,1
W2122476314,1
W2168046381,1
W2971412667,1
W2605986385,1
W2009634934,1
W2991816452,1
W3010147706,1
W2128156082,1
W2023163630,1
W2073894737,1
W2514866592,1
W2560608767,1
W2338910379,1
W4250706724,1
W3027103734,1
W2053658263,1
W2058693586,1
W2808973857,1
W2164539197,1
W1978193290,1
W2098324259,1
W2085082611,1
W2128333648,1
W1796623302,1
W850429234,1
W2512289016,1
W2912819354,1
W2770073130,1
W94208768,1
W2891445448,1
W2061942857,1
W6632241013,1
W2136907004,1
W1964888858,1
W2120023014,1
W6832888332,1
W2007940017,1
W2784347511,1
W2560148624,1
W2298703863,1
W1415077172,1
W1547980691,1
W1845808176,1
W2098706628,1
W2160717754,1
W2142917328,1
W2417390457,1
W2785866583,1
W2199731056,1
W2107863186,1
W2128396399,1
W3020952182,1
W2270021439,1
W2956037345,1
W1965679434,1
W4253417229,1
W3015288581,1
W2133736796,1
W2040792330,1
W1533262461,1
W2322881742,1
W1550645339,1
W2023497443,1
W2576583108,1
W1987062937,1
W2116261476,1
W2053988809,1
W2171026414,1
W2084969386,1
W2323518654,1
W2562276837,1
W4240208611,1
W2148888615,1
W2204858257,1
W2152082728,1
W2098715985,1
W1860620008,1
W2779029881,1
W1978456050,1
W1985452137,1
W2036842620,1
W3005473516,1
W2576999608,1
W1964155146,1
W6729090211,1
W2016801747,1
W2521306406,1
W1985873055,1
W2118871524,1
W1517608773,1
W2966065206,1
W2109782321,1
W1965801959,1
W2121834159,1
W2147447520,1
W1967954238,1
W2194686573,1
W4403177528,1
W2374989452,1
W1877217514,1
W2022313490,1
W6680534397,1
W2616199753,1
W2114492847,1
W2784026522,1
W1835931331,1
W3125077210,1
W3124484667,1
W6638774173,1
W2061487827,1
W2140343676,1
W2210444669,1
W2395946053,1
W6783368370,1
W2484965806,1
W1971935154,1
W2101572574,1
W2096174828,1
W1964503002,1
W2077371616,1
W6632091447,1
W6603496188,1
W1968573882,1
W6642138345,1
W110458643,1
W2039606874,1
W1555554276,1
W1533783237,1
W2167424145,1
W6697651323,1
W1998380942,1
W2134605332,1
W2020755395,1
W2024332469,1
W1827265295,1
W2042995391,1
W2944150560,1
W2095299560,1
W2030884184,1
W2074183956,1
W2786033139,1
W2048226455,1
W2011736375,1
W2161656213,1
W1935016427,1
W2550264549,1
W2422653192,1
W2142360652,1
W1970308849,1
W2051350364,1
W2000782501,1
W2110279448,1
W1530265592,1
W1995335209,1
W1837313833,1
W2119200560,1
W3111889738,1
W1957003642,1
W2119721646,1
W1990068350,1
W2063170820,1
W2984459108,1
W2002165336,1
W1735463723,1
W2291466833,1
W2003991654,1
W2105306799,1
W2762675159,1
W2944608897,1
W1783923516,1
W2099312692,1
W2030661231,1
W2032970938,1
W4250147277,1
W2522531501,1
W3125471772,1
W151266433,1
W1964756310,1
W2528740468,1
W2169412399,1
W2980559268,1
W2621972244,1
W1973872977,1
W2057897684,1
W2311668763,1
W2073979997,1
W3125562542,1
W2887999957,1
W2964181769,1
W2522828747,1
W3011702205,1
W2037844075,1
W3015303139,1
W2556389127,1
W2907097343,1
W2062028892,1
W2078416735,1
W2098727156,1
W2009462165,1
W2549346488,1
W2800602293,1
W4233228535,1
W205656430,1
W2045567746,1
W2107084504,1
W1984959180,1
W2901185308,1
W2916981880,1
W3112341358,1
W6960041439,1
W2565507905,1
W1936883687,1
W2150029453,1
W2148389452,1
W2802811278,1
W4234742991,1
W3156758805,1
W2605571600,1
W2803733393,1
W2789519695,1
W2903424005,1
W3034689012,1
W4236036060,1
W2032628740,1
W2810591149,1
W3036766346,1
W2054991713,1
W2161594539,1
W2559809603,1
W2086950362,1
W2337176601,1
W2316748172,1
W3045825615,1
W3157821497,1
W2146825087,1
W2614607592,1
W2005942086,1
W3208795712,1
W2103026252,1
W3109129574,1
W4252434226,1
W6851751689,1
W3088517154,1
W6675784709,1
W4392319299,1
W91166894,1
W6601968593,1
W2962422000,1
W2129227801,1
W2102528964,1
W643455767,1
W2890028871,1
W2970182676,1
W2029816316,1
W4290212186,1
W2108482500,1
W2105114594,1
W2042078308,1
W3174967851,1
W3209012704,1
W2416437992,1
W606291499,1
W2507792767,1
W2584449981,1
W4205444524,1
W4247729871,1
W3044986275,1
W1563272046,1
W2980948407,1
W2003903813,1
W3157747196,1
W2914936278,1
W2089090926,1
W3160425965,1
W6781511229,1
W6720980212,1
W2796003338,1
W3159378964,1
W2795948058,1
W4200453556,1
W3123059484,1
W2969562412,1
W2010528517,1
W2974799876,1
W4240068055,1
W1991002196,1
W2049788473,1
W2062181591,1
W2168181681,1
W2140068677,1
W2793669185,1
W2753224183,1
W2125992856,1
W2019910847,1
W4233775997,1
W2162949055,1
W2044846374,1
W2083120416,1
W633469137,1
W2152861242,1
W1986974059,1
W2766615306,1
W3005249892,1
W2790104403,1
W1963987788,1
W2768821600,1
W3047288416,1
W2035446936,1
W2588218022,1
W3168340744,1
W6845883598,1
W3213098293,1
W2995278626,1
W3115334496,1
W3008026643,1
W6665581391,1
W2161640947,1
W3190614593,1
W315655760,1
W1607296791,1
W2148751344,1
W1975709373,1
W4230816157,1
W2166666488,1
W2902162433,1
W7071268517,1
W2615109053,1
W2416561196,1
W2161174267,1
W2473327330,1
W2073011759,1
W2980551536,1
W7029859044,1
W2105517243,1
W2010232550,1
W2100940095,1
W1965674344,1
W2580711136,1
W2055780324,1
W2053209597,1
W2159944028,1
W2154615479,1
W3125737366,1
W4232626446,1
W6796565324,1
W4211157992,1
W6741907766,1
W2882990387,1
W2288202480,1
W2179323400,1
W2910516512,1
W2567767545,1
W4241515061,1
W3121857461,1
W2954113740,1
W2017577236,1
W3105930661,1
W2156652965,1
W2161429889,1
W6723280010,1
W4289026309,1
W3015231437,1
W2058499415,1
W3033693499,1
W2014329554,1
W2176874128,1
W1986397345,1
W2018147832,1
W2297942263,1
W2019157392,1
W2013641021,1
W3125385073,1
W1546530261,1
W3014034589,1
W3181976223,1
W1980977150,1
W1602519790,1
W3156645261,1
W2094515799,1
W2901768646,1
W1976618350,1
W2257452859,1
W2142830692,1
W6629967092,1
W2425644022,1
W2624755170,1
W1450745236,1
W2954342398,1
W2943649752,1
W2199038420,1
W2600323876,1
W6798132499,1
W3178491075,1
W2126502186,1
W2915590742,1
W2479816429,1
W2605729464,1
W2100826189,1
W1924064069,1
W2056574221,1
W2285030310,1
W3115538441,1
W3212787444,1
W4245342555,1
W1937294227,1
W2000795003,1
W6632600941,1
W1516229493,1
W2113425088,1
W3207028088,1
W3129420694,1
W2122878455,1
W4231022084,1
W6696035659,1
W6795876631,1
W6655076116,1
W2154997944,1
W6752159986,1
W6803564649,1
W2975780778,1
W3168076024,1
W6794418122,1
W2052160362,1
W2019250788,1
W3117522249,1
W2900918844,1
W2133689391,1
W2191090962,1
W2791408063,1
W2067102659,1
W2590434821,1
W2152792807,1
W1588640872,1
W2052610991,1
W4298143603,1
W6604725432,1
W3125445551,1
W1577157323,1
W3140467342,1
W3021800782,1
W2001963299,1
W4285158510,1
W6800684420,1
W6661391420,1
W4210735994,1
W2014184473,1
W2890545141,1
W2990649305,1
W3194008126,1
W2518516015,1
W1543294758,1
W820604630,1
W2148047025,1
W2273012835,1
W1828059046,1
W4234731807,1
W1828516474,1
W206387424,1
W1515357168,1
W2055921287,1
W2151172520,1
W4243845998,1
W2742972017,1
W2147091945,1
W2412208976,1
W2080784994,1
W2950813419,1
W2292451751,1
W1830331593,1
W2942645480,1
W2087036029,1
W2094510536,1
W1906911674,1
W2150828100,1
W51531900,1
W2078089802,1
W2124548884,1
W2583056829,1
W3170379823,1
W3092294905,1
W2954882867,1
W3035836137,1
W2338833092,1
W3099285306,1
W1994011452,1
W2767102612,1
W2315667606,1
W1971501159,1
W2506395348,1
W3122923104,1
W2322650446,1
W2010857032,1
W2584594611,1
W2755949886,1
W2195713079,1
W976146978,1
W2411681258,1
W1979043644,1
W2481947742,1
W2134418712,1
W2403866001,1
W2514530321,1
W4383891097,1
W2396322846,1
W2800431377,1
W2417083524,1
W2750962759,1
W1950104841,1
W2589664639,1
W2800498116,1
W3037485854,1
W2984033373,1
W2109756141,1
W2153728149,1
W2767889703,1
W2603932909,1
W1989102970,1
W2892469917,1
W170266236,1
W2132256650,1
W2890997781,1
W2976560287,1
W3173265698,1
W2611086722,1
W2112112209,1
W3153471494,1
W2051951650,1
W6682454444,1
W2151860582,1
W2333368731,1
W4237047010,1
W1876211973,1
W2249390674,1
W2737252033,1
W2028917658,1
W2220098999,1
W2009511890,1
W2910544871,1
W1485704019,1
W2085451777,1
W3011224548,1
W2070739968,1
W2520315307,1
W2986102336,1
W2007197102,1
W2891804529,1
W2007228724,1
W3106746136,1
W2111023301,1
W2974061428,1
W4213279549,1
W2620570006,1
W2986024989,1
W2981689714,1
W2469407785,1
W2609055119,1
W3124716145,1
W2129801194,1
W2264528342,1
W1994408273,1
W3017289117,1
W6702913565,1
W569910285,1
W1968551146,1
W2907270322,1
W2807229600,1
W2567144851,1
W2512918063,1
W2767030774,1
W3013840279,1
W2937517481,1
W2010893621,1
W2089242254,1
W2912709903,1
W3010352313,1
W2033407752,1
W2325339882,1
W2031800071,1
W2265302031,1
W2131981140,1
W4234511187,1
W3022221590,1
W2301765093,1
W2072086191,1
W2417727529,1
W2921420634,1
W3032742287,1
W3123405497,1
W2768709911,1
W2497262138,1
W2963181598,1
W1983651981,1
W1497186061,1
W1968233384,1
W3121845006,1
W2012181079,1
W2279061042,1
W2335172442,1
W2100321783,1
W3041532377,1
W1993456835,1
W3012614874,1
W2513741243,1
W2317574555,1
W2618330631,1
W2061066057,1
W4251901312,1
W3133756009,1
W3087448276,1
W1493044792,1
W4237988453,1
W3205309205,1
W2099513511,1
W2997342214,1
W6772474303,1
W2075180841,1
W4300028730,1
W2557106013,1
W430011393,1
W3003918419,1
W1985329916,1
W2584490519,1
W3140443256,1
W2092360106,1
W2160009614,1
W2404213570,1
W2263145939,1
W4233595988,1
W1971986337,1
W2562801057,1
W6638975667,1
W2099108133,1
W2163031017,1
W3124643791,1
W124027758,1
W2123824454,1
W1973397233,1
W2915082084,1
W2562453364,1
W4232233674,1
W2539447011,1
W2043178168,1
W2762378335,1
W2073093443,1
W3130872383,1
W2139571870,1
W2084104196,1
W3093583398,1
W2097145099,1
W2150737779,1
W2798840849,1
W2915639438,1
W2131772946,1
W220935706,1
W2118089723,1
W42637046,1
W2001015598,1
W2051798310,1
W2576008228,1
W1843821316,1
W3011174759,1
W2097968454,1
W2162739315,1
W3124716296,1
W2902821287,1
W4254637496,1
W2912390155,1
W4386731157,1
W2971643898,1
W2909616404,1
W2000780064,1
W2887408295,1
W2552422163,1
W2313936644,1
W2233360702,1
W6629805992,1
W1591394789,1
W2904394018,1
W1847038767,1
W4298049217,1
W2992208958,1
W2106029918,1
W2077862141,1
W6739607039,1
W2659087430,1
W2009782168,1
W186252232,1
W2548386269,1
W2331511545,1
W2753461022,1
W2122285048,1
W2583729385,1
W4391285994,1
W2783040732,1
W2182393498,1
W6607494175,1
W2489113188,1
W6674191395,1
W2434051424,1
W1457521927,1
W3017361911,1
W1575827578,1
W6674452639,1
W6681790332,1
W6646813756,1
W4281736066,1
W3122671357,1
W3152833315,1
W2990540522,1
W2324802031,1
W2121574849,1
W2490831009,1
W2113966781,1
W2795406303,1
W2793869145,1
W2909360550,1
W2525222336,1
W2034543548,1
W6658900803,1
W2140846543,1
W2138749828,1
W2208574563,1
W2766749578,1
W3124677566,1
W1531653575,1
W1976539004,1
W2936270835,1
W2910990708,1
W4378212505,1
W2058054486,1
W6981776338,1
W3123859306,1
W2032021028,1
W4206212660,1
W6751509185,1
W2466144334,1
W7048843286,1
W4234925105,1
W645150856,1
W2755947976,1
W2234510546,1
W2276917522,1
W1974451892,1
W2899158116,1
W1479809325,1
W4301429407,1
W626327145,1
W2183696375,1
W2307726901,1
W1826989424,1
W1495593815,1
W1989317470,1
W2138587861,1
W2136215275,1
W3153337274,1
W3004071722,1
W1575681189,1
W4249942599,1
W1987544930,1
W7073788958,1
W6754959179,1
W2064051276,1
W2019412721,1
W1973712353,1
W2007946592,1
W1552118588,1
W2266205976,1
W2899067930,1
W4251968790,1
W2906040722,1
W6827332231,1
W6629684436,1
W1607341853,1
W2071692090,1
W2769053988,1
W2081789637,1
W2896853608,1
W2994847408,1
W3114597212,1
W6617602833,1
W2084024733,1
W3207361426,1
W563699474,1
W1592282637,1
W2786097545,1
W2088647173,1
W2017221828,1
W6629726349,1
W4240882137,1
W2079445551,1
W2313926254,1
W6763261706,1
W4240695899,1
W4252124125,1
W2541798808,1
W4235614792,1
W6610033368,1
W4251864259,1
W367597552,1
W2070933083,1
W2336335258,1
W4252979688,1
W2159424130,1
W3123173048,1
W2092849863,1
W2947928055,1
W2094820944,1
W2746656841,1
W2078895032,1
W2150629970,1
W2167309322,1
W3016507110,1
W2095706571,1
W2105403790,1
W3105295477,1
W4245074255,1
W4233220200,1
W2914792362,1
W2979303370,1
W2317666770,1
W4214767608,1
W2904897377,1
W2261859342,1
W2920941556,1
W3154754738,1
W4200549936,1
W2981728385,1
W2905420634,1
W2625833714,1
W3009084575,1
W2742366590,1
W2974696780,1
W2140412657,1
W2470490990,1
W2104989072,1
W2133621450,1
W2735761172,1
W2155382086,1
W2945562856,1
W1599531183,1
W7066633629,1
W1831650155,1
W1528905843,1
W2612841160,1
W7017977052,1
W1942457879,1
W2028696282,1
W2970378818,1
W3035610819,1
W2042038797,1
W6630485756,1
W3022696703,1
W560265339,1
W2620122062,1
W1968376534,1
W2189587089,1
W3193339955,1
W2164422622,1
W3118342869,1
W2100207899,1
W2979720268,1
W2775837765,1
W3139435073,1
W2081365072,1
W2135419748,1
W2773300352,1
W2301668341,1
W2239104709,1
W1862751979,1
W3135070953,1
W3030317369,1
W3038070845,1
W2491652696,1
W3014350049,1
W3045423387,1
W2767192956,1
W2782909689,1
W2118487901,1
W3107383487,1
W3008528889,1
W2573440801,1
W2401705787,1
W2139805078,1
W2056951174,1
W2806837133,1
W2947532378,1
W2910329304,1
W3124727054,1
W3005554976,1
W2895223946,1
W2883672881,1
W1971310642,1
W2313898865,1
W2318896358,1
W2091349038,1
W2162401083,1
W3029831366,1
W2085293969,1
W4292081177,1
W2901712740,1
W4253817089,1
W2749502864,1
W2078429585,1
W3091769502,1
W2258740763,1
W2995133660,1
W2108921315,1
W3036461626,1
W2957323196,1
W2464369223,1
W2036616577,1
W2160403545,1
W2953404051,1
W2154084372,1
W2904114974,1
W4205685586,1
W2156963494,1
W2499207414,1
W6958366965,1
W6902137903,1
W2004497013,1
W2906686772,1
W4254842129,1
W2092079662,1
W2895648817,1
W2157166108,1
W2955473180,1
W2614593111,1
W2094302116,1
W2341520732,1
W2500321482,1
W2043728753,1
W2948839221,1
W2395800505,1
W2528664644,1
W2066847342,1
W2118417136,1
W2069480051,1
W2154467145,1
W2894498265,1
W2731444159,1
W2906274071,1
W2102437253,1
W6647029890,1
W2950387673,1
W1559374457,1
W2098102627,1
W74258242,1
W2602918938,1
W2167700221,1
W1976130945,1
W2044614956,1
W2784391463,1
W2749036855,1
W2147825190,1
W4235796650,1
W2038981515,1
W6751394870,1
W2153128133,1
W2790247920,1
W4210706057,1
W2947017472,1
W4231336201,1
W2897592208,1
W2783215429,1
W4298490418,1
W2008436328,1
W1971345695,1
W2971124542,1
W2051698494,1
W2094861120,1
W4239685687,1
W2122715487,1
W2091028451,1
W2546649560,1
W3023036622,1
W1991403349,1
W2078921059,1
W1948890287,1
W2327375621,1
W2963137580,1
W3172030420,1
W3206342263,1
W2765694120,1
W3135763256,1
W2255749149,1
W1891875656,1
W6639804374,1
W1911108988,1
W2108393829,1
W2066330976,1
W2028882903,1
W6639527981,1
W2001080309,1
W2158527375,1
W3000440227,1
W3110168710,1
W4324263244,1
W2397233745,1
W3117173823,1
W3158232270,1
W2943893432,1
W2136348142,1
W599955495,1
W1875298624,1
W1607613851,1
W2500103475,1
W4240776723,1
W2030024470,1
W2157497458,1
W2808553959,1
W190147199,1
W1995429513,1
W2029595168,1
W2975463049,1
W6757949075,1
W6746096002,1
W2994511177,1
W2182712252,1
W3209035748,1
W3014229866,1
W2405850568,1
W2094574159,1
W3111448937,1
W3011184836,1
W2080595040,1
W2081368307,1
W2963515505,1
W1977839781,1
W1984984886,1
W2072859739,1
W2116795386,1
W2135454452,1
W2018430358,1
W185153547,1
W2040383832,1
W2036225546,1
W1991792858,1
W2113780560,1
W2050797798,1
W2462673037,1
W2766939415,1
W3008212975,1
W1929581608,1
W2511963480,1
W2967184466,1
W2883427438,1
W2995299599,1
W2169169030,1
W2158489761,1
W2005608328,1
W2191433630,1
W1990484649,1
W2158302800,1
W1976756756,1
W2755623470,1
W2618630028,1
W112242417,1
W2181464162,1
W2339024101,1
W2768147022,1
W2147114882,1
W2262652246,1
W2464282800,1
W2002938037,1
W2088748602,1
W2114587126,1
W120975545,1
W2590238230,1
W2904532491,1
W2612802290,1
W2996585099,1
W2147550085,1
W2020923452,1
W197059223,1
W1914924713,1
W2565054976,1
W3089142943,1
W2486360108,1
W1534719382,1
W3127444073,1
W2079227707,1
W2152883087,1
W2616793673,1
W2105529462,1
W3119707541,1
W2108602619,1
W3209081712,1
W2271779640,1
W2977097811,1
W2045150768,1
W1255833256,1
W2781529943,1
W2056101974,1
W2618557757,1
W2310737069,1
W2166004032,1
W2906179020,1
W3013307117,1
W3008146431,1
W2798210555,1
W4237591158,1
W3045308384,1
W4409948035,1
W2986324329,1
W3020479072,1
W2952637388,1
W2978939006,1
W2140968572,1
W3004689933,1
W3011893809,1
W2490872466,1
W2089606432,1
W2982571719,1
W3045796636,1
W2931835886,1
W2594767566,1
W2021148990,1
W2100129960,1
W2181216389,1
W2436787754,1
W3089010823,1
W7066159051,1
W3137397011,1
W2144612281,1
W2192871920,1
W4242049726,1
W2090708746,1
W2399668609,1
W2295360999,1
W2073120918,1
W2785377423,1
W2070169130,1
W3196957352,1
W2103021351,1
W2139300660,1
W2603197671,1
W1989792014,1
W2096101576,1
W3039568120,1
W2132719463,1
W3005308253,1
W2015507370,1
W2255777288,1
W3121804146,1
W2113440587,1
W2002487106,1
W1997472677,1
W2969612943,1
W2210018411,1
W3047120122,1
W2036520854,1
W1496615593,1
W2031898629,1
W1567402401,1
W2058298356,1
W2417231645,1
W3087582074,1
W2804476889,1
W2107936729,1
W1975404676,1
W6600002863,1
W2984196820,1
W4248272161,1
W2345130261,1
W1997529294,1
W2066526628,1
W4239553080,1
W2886203484,1
W2918074169,1
W1995295819,1
W2038843858,1
W2100429914,1
W2017414195,1
W2081962549,1
W2072503126,1
W2319355452,1
W1990756585,1
W4288048568,1
W2134768638,1
W1963965640,1
W1974310931,1
W2055021119,1
W3131706360,1
W6791096268,1
W2789567098,1
W6675662062,1
W2092861621,1
W2119081424,1
W2905748278,1
W2123811851,1
W3181072695,1
W2028948060,1
W3035934119,1
W2093483948,1
W2125021830,1
W2597504365,1
W3113434727,1
W3027434417,1
W2935845119,1
W1884613333,1
W2101500008,1
W2160644724,1
W3084586182,1
W2133781944,1
W2936705030,1
W2927981269,1
W2604995689,1
W2164941126,1
W3183949861,1
W2422615882,1
W3088588233,1
W3048319971,1
W2259896879,1
W2601975933,1
W2102055690,1
W3048463440,1
W2159838630,1
W3165063379,1
W2418930000,1
W2302747903,1
W2305592447,1
W3158197379,1
W1996025444,1
W3185891704,1
W6647741145,1
W2961869652,1
W2707556819,1
W3000064468,1
W3186385567,1
W2020968437,1
W1991168996,1
W3007880140,1
W2888865337,1
W3048888875,1
W7075672397,1
W1979010109,1
W2057177196,1
W2126034668,1
W2560933097,1
W2132571607,1
W2114866267,1
W3006516433,1
W3105193512,1
W2623077503,1
W2802738555,1
W1635962556,1
W2246201522,1
W2569482513,1
W2940905209,1
W2181473121,1
W2150933235,1
W2293248097,1
W2893833700,1
W2133712825,1
W2805674824,1
W2323256046,1
W3088316863,1
W4238288057,1
W2100964992,1
W6685556184,1
W2113366240,1
W2159327114,1
W2098799564,1
W4255384424,1
W6779829070,1
W3011620388,1
W2574971685,1
W2187905965,1
W3006663203,1
W2804257520,1
W6732140939,1
W6687211974,1
W3155242539,1
W6803868202,1
W6912298390,1
W2990043632,1
W3196342918,1
W6633488351,1
W2169329801,1
W3041241569,1
W3092297027,1
W4200578678,1
W1558982560,1
W2146461994,1
W2294696282,1
W1958080347,1
W2751177657,1
W3163387607,1
W2972503041,1
W3209428665,1
W6782048745,1
W2974196101,1
W2076389989,1
W6738647223,1
W2418382490,1
W3095194041,1
W6767570593,1
W3044837703,1
W4391273745,1
W7073699736,1
W1966510008,1
W3046725953,1
W1580391335,1
W3040495101,1
W184316663,1
W2136997950,1
W3043624454,1
W2806297406,1
W2585186859,1
W1496108381,1
W3044412386,1
W4221013654,1
W3159591357,1
W2920655033,1
W2756291155,1
W3043835653,1
W3021133210,1
W3012466664,1
W1524942400,1
W2286890902,1
W4225496313,1
W6776403604,1
W3151021608,1
W2765094205,1
W2972140183,1
W2129530396,1
W4299551643,1
W3029787982,1
W2071015382,1
W3013281871,1
W1965088817,1
W2124879713,1
W2418809733,1
W2179083222,1
W1644243448,1
W2188815120,1
W1797402740,1
W2116013080,1
W3132904104,1
W2951392333,1
W4235342434,1
W2799492058,1
W2889766957,1
W2906060827,1
W4210565131,1
W2259940619,1
W2981332062,1
W2967974103,1
W2096016260,1
W2109317162,1
W2065258993,1
W1979116745,1
W1918666663,1
W2794738924,1
W2122688522,1
W4401275220,1
W2083513983,1
W2138449928,1
W3013375568,1
W2091639123,1
W2991493371,1
W2809822107,1
W2089228631,1
W2230956750,1
W2492111243,1
W1481774156,1
W2989662502,1
W3214736112,1
W1999534493,1
W2021465395,1
W2619153546,1
W4386219208,1
W4233787546,1
W2948880333,1
W3045352733,1
W1980329534,1
W2072027331,1
W2595710332,1
W2158483923,1
W1563856930,1
W2807550485,1
W2142904982,1
W3125303178,1
W6681017402,1
W2954334659,1
W2554673817,1
W2211524874,1
W6602294559,1
W6764938486,1
W2070159790,1
W1981323527,1
W2500546401,1
W4234530808,1
W2139589369,1
W3017980276,1
W2009290332,1
W6772584870,1
W4206523255,1
W2902209517,1
W2119605658,1
W2137670391,1
W3035136944,1
W4250817556,1
W2116475791,1
W1965199489,1
W2789909724,1
W3027534503,1
W2052814987,1
W3027162154,1
W1997748089,1
W1526496101,1
W1925106802,1
W1987336519,1
W2116495982,1
W2221154520,1
W6798510520,1
W6667592560,1
W2790643717,1
W4239526776,1
W2529875271,1
W2436652328,1
W2889201524,1
W1970590155,1
W3036423075,1
W1589572027,1
W2526757779,1
W2268658643,1
W2769775496,1
W2888204100,1
W2205130980,1
W1410799678,1
W6676220438,1
W2779140813,1
W2998300869,1
W2607442601,1
W1497503395,1
W2080388605,1
W2128006266,1
W4206789140,1
W1981953150,1
W4234130024,1
W2896364865,1
W6729982093,1
W6765530492,1
W2739307433,1
W2028885718,1
W3110894549,1
W3137487274,1
W2781476045,1
W2597273101,1
W2167083707,1
W3092311166,1
W4410094891,1
W2766780406,1
W4255949190,1
W2242462664,1
W1966611625,1
W2947630464,1
W4253120075,1
W6602753198,1
W134015154,1
W1781374319,1
W6605470691,1
W3023343113,1
W2091572053,1
W6654437011,1
W1976429703,1
W67046822,1
W6690336303,1
W2596871336,1
W2983388760,1
W2167200717,1
W2925085490,1
W3122524612,1
W3003838661,1
W3143863953,1
W2223015541,1
W2263045334,1
W3213044032,1
W1554040650,1
W23692943,1
W2943336796,1
W3105738181,1
W2071196098,1
W561455071,1
W2012759203,1
W2996492976,1
W2131611628,1
W3003072724,1
W1563232226,1
W2562959475,1
W2964521038,1
W2775358698,1
W2590750391,1
W2132706081,1
W2252398104,1
W2808332812,1
W2232062758,1
W2943636825,1
W2098435514,1
W1514245291,1
W1975211525,1
W4213326006,1
W6604047397,1
W331292562,1
W1993454833,1
W7062146871,1
W2118633721,1
W6632235306,1
W2116239576,1
W3012786271,1
W2006636714,1
W1940549337,1
W6778126193,1
W6742644511,1
W2155383387,1
W2527679098,1
W3091845650,1
W2804477755,1
W2092015284,1
W2810473628,1
W2790702022,1
W2789665173,1
W2998897159,1
W3172235731,1
W2132241786,1
W2941264456,1
W2211409751,1
W2885117017,1
W2801961381,1
W2058404065,1
W2025549112,1
W2059684514,1
W2008736624,1
W2108368317,1
W2068010576,1
W1592810954,1
W4238376807,1
W2058681790,1
W2099487684,1
W2325569374,1
W2139868620,1
W1974242956,1
W5812895,1
W1557893629,1
W2006915054,1
W2043465760,1
W2107662263,1
W6685252451,1
W2127923747,1
W1519058812,1
W4249253433,1
W2048540705,1
W3110356680,1
W6677534105,1
W3217457548,1
W2088564338,1
W2085637447,1
W3048646438,1
W2807684088,1
W2100030359,1
W2621487749,1
W2032381728,1
W1978261747,1
W2144185507,1
W2520114044,1
W2117493782,1
W2809153190,1
W1982732254,1
W2289704387,1
W2255178705,1
W2015327749,1
W2113384515,1
W2899234566,1
W2158764072,1
W2015457120,1
W2989238559,1
W6646156477,1
W2227556324,1
W2529888882,1
W3008216870,1
W2096904559,1
W2220684908,1
W2593102090,1
W4387965493,1
W2464775339,1
W2478733457,1
W3027778982,1
W2011960622,1
W6832440694,1
W2943251318,1
W2072302896,1
W3119639321,1
W1967601315,1
W6654551333,1
W2443287969,1
W1967963000,1
W2101981078,1
W2116906475,1
W2973791718,1
W2011175635,1
W2339219920,1
W2110727139,1
W2896620527,1
W2278664801,1
W1585483769,1
W1970542860,1
W2106264609,1
W2132351803,1
W2803277171,1
W2134884007,1
W2603186604,1
W2018713904,1
W2912488545,1
W1992706455,1
W2967245639,1
W2103379473,1
W2100813809,1
W2123087429,1
W2127376526,1
W645415914,1
W2791284693,1
W2039664394,1
W2764163822,1
W3029969312,1
W2278775782,1
W1977731028,1
W2089714452,1
W796880764,1
W2073099499,1
W2002843259,1
W2331908834,1
W2075578818,1
W2131677145,1
W6634536132,1
W2236943162,1
W2148289820,1
W2127575847,1
W2094832470,1
W2011230150,1
W1509220384,1
W2025803796,1
W1977137834,1
W1538443123,1
W2002131500,1
W6674707883,1
W2912968703,1
W6678042989,1
W3033402415,1
W6634170094,1
W2077375931,1
W6661410857,1
W4241772290,1
W2911843512,1
W3125062838,1
W2097594228,1
W3012680827,1
W3040017138,1
W2143828863,1
W3125410353,1
W2036934952,1
W1509399943,1
W1980261044,1
W2167858830,1
W2555990817,1
W2972077109,1
W2077005714,1
W6600935682,1
W6786599723,1
W1577486738,1
W2914416364,1
W6600527481,1
W6606331777,1
W3189124011,1
W2172375580,1
W6643392565,1
W2330633693,1
W3124960291,1
W1972338318,1
W2802065891,1
W2073461809,1
W6684267723,1
W2067026745,1
W2183933053,1
W2725380022,1
W1979705858,1
W1964696974,1
W3034396472,1
W6694747460,1
W2702230238,1
W6630646761,1
W2330972712,1
W1995251062,1
W2223301681,1
W2766053673,1
W2051647963,1
W2764175270,1
W3031963735,1
W1570723931,1
W6762770002,1
W2895786353,1
W4371790923,1
W2912034016,1
W1484508239,1
W6903650858,1
W2183351209,1
W2096149244,1
W2766527003,1
W2043930189,1
W1973876786,1
W2894968825,1
W2992755231,1
W1990295470,1
W2095786334,1
W2111845296,1
W2079073603,1
W2131553972,1
W6675725177,1
W4234887667,1
W2121647405,1
W2777746618,1
W2326350908,1
W1528813844,1
W2765607648,1
W2140197384,1
W2116516133,1
W1960684477,1
W4237205032,1
W1974704788,1
W2148197077,1
W2541075961,1
W2256443616,1
W1685863311,1
W2082869778,1
W3122038893,1
W2012734657,1
W2052382748,1
W2333337175,1
W2014548926,1
W2512132816,1
W2559020550,1
W2098145550,1
W2068138441,1
W2939938865,1
W2779328461,1
W3216676710,1
W2132107959,1
W2754967293,1
W2065530299,1
W2110447207,1
W2914405532,1
W2520977974,1
W2926780548,1
W4391757864,1
W4238472198,1
W1753514453,1
W2611891960,1
W2155116808,1
W2105273816,1
W118942913,1
W2991081391,1
W2807400701,1
W2953967995,1
W6649784977,1
W2017993284,1
W2903621719,1
W6639776552,1
W6685304850,1
W1998550323,1
W2961289350,1
W2613140046,1
W1892379311,1
W2470897491,1
W2064029134,1
W2331083973,1
W2102647279,1
W2104819908,1
W1514369923,1
W6733487509,1
W2033329995,1
W2136894535,1
W2047089069,1
W1903948726,1
W6671739917,1
W2085309537,1
W2127439735,1
W1541219315,1
W1594251813,1
W2807886396,1
W6639789485,1
W2036987747,1
W6670622646,1
W2080166489,1
W241480620,1
W2097788905,1
W28660708,1
W6687389964,1
W2070911686,1
W4835677,1
W2148197508,1
W3122317198,1
W2146306780,1
W2158510694,1
W1999195941,1
W4220861398,1
W2139556409,1
W2129250747,1
W1963831861,1
W2983676715,1
W2065841670,1
W4226117534,1
W1999616703,1
W6811905404,1
W2088883377,1
W2047222607,1
W2038131689,1
W1505645845,1
W2900210197,1
W1970925545,1
W2065792572,1
W2078475156,1
W3122322553,1
W4231451027,1
W2189550584,1
W1978706454,1
W2028499407,1
W2050784413,1
W2014921088,1
W2121160897,1
W3003379071,1
W2100568639,1
W2119561424,1
W4235810741,1
W1554106442,1
W2410092251,1
W2938260286,1
W585979361,1
W2320578786,1
W4398227574,1
W2208400733,1
W2012400934,1
W2058466577,1
W4242148947,1
W1965816768,1
W2470354207,1
W2981840312,1
W381865373,1
W2159552851,1
W4240739486,1
W6671898043,1
W6635145679,1
W2943167763,1
W3064233627,1
W2029915113,1
W1481803114,1
W3118443083,1
W2944750717,1
W6657339495,1
W6772649862,1
W2318871955,1
W3216105534,1
W6635900868,1
W2623513340,1
W1967993709,1
W4246607039,1
W6714113311,1
W2053935476,1
W2021752556,1
W2022397656,1
W2779737060,1
W2899214025,1
W2991377369,1
W2603882578,1
W4399568367,1
W6766563666,1
W2520883914,1
W6869296237,1
W1989913905,1
W2057536630,1
W4300412585,1
W4290841269,1
W2080555663,1
W2985323174,1
W6632750463,1
W6678690456,1
W3208240350,1
W2126261831,1
W6680201402,1
W2124777101,1
W2323881126,1
W2947090285,1
W3121141675,1
W2941806028,1
W3150987136,1
W6676493001,1
W2921608954,1
W2595027856,1
W3006100490,1
W2003619820,1
W1970998291,1
W2126582991,1
W2076492094,1
W2030525701,1
W3005106422,1
W2734357607,1
W2808663005,1
W4238361125,1
W1988029465,1
W4235023933,1
W2485703739,1
W3183777648,1
W2029224040,1
W2902936584,1
W2904310038,1
W6634415066,1
W1574910241,1
W6602219111,1
W2095588309,1
W1502678715,1
W2065874702,1
W2782156257,1
W2094480734,1
W2045399603,1
W2791474247,1
W2952975371,1
W1877917952,1
W2761165626,1
W3001852317,1
W2333572177,1
W2076312845,1
W2966737111,1
W1848576879,1
W3107435392,1
W377384883,1
W2081331149,1
W2571165333,1
W2117701253,1
W2014717023,1
W2133484963,1
W2014012111,1
W1996991511,1
W3002225628,1
W1993536167,1
W2035595582,1
W2037050055,1
W2510543701,1
W3121527857,1
W2599944935,1
W3022037017,1
W1991536132,1
W6754603168,1
W2096607176,1
W2068277921,1
W2563488513,1
W2541722967,1
W4247180999,1
W2797217915,1
W2811510161,1
W1967777771,1
W2095091040,1
W2116447721,1
W2077839194,1
W2045600046,1
W4286814725,1
W3037768792,1
W3084182019,1
W2001002204,1
W153719873,1
W2105812900,1
W2119016000,1
W2122546849,1
W2130876592,1
W3041204714,1
W4235313912,1
W1992054263,1
W2131585832,1
W2042011720,1
W2562439620,1
W2171697262,1
W2134291350,1
W2106580408,1
W2110992065,1
W2288700000,1
W2618441381,1
W2296609147,1
W2779505831,1
W2810445495,1
W4393179824,1
W2766520898,1
W2022335282,1
W3046605422,1
W2994452558,1
W2012391424,1
W2160230470,1
W2071686284,1
W2149346651,1
W2105731010,1
W3104119934,1
W6700763643,1
W2033717212,1
W2156101594,1
W2791004613,1
W3110712544,1
W2185653020,1
W3033737953,1
W3095706940,1
W2782833016,1
W2555042957,1
W4301357977,1
W1885926942,1
W2994599062,1
W2075894130,1
W2154160257,1
W2110329925,1
W2151533071,1
W2479207465,1
W2135046866,1
W2896310645,1
W2902089582,1
W3131931216,1
W1489130009,1
W2884468135,1
W2744944827,1
W1709887279,1
W2126927756,1
W1701988602,1
W2462711087,1
W2156671921,1
W2765793703,1
W1996515083,1
W2953956360,1
W2972619596,1
W2001080329,1
W2148052508,1
W135336771,1
W2782335787,1
W1965950703,1
W2126443145,1
W2089942145,1
W2069208833,1
W2031228145,1
W2566217468,1
W3092716975,1
W2331914812,1
W3017075694,1
W2109827187,1
W2901308405,1
W609253140,1
W1493149920,1
W2160840142,1
W1903872734,1
W2272871713,1
W2322679365,1
W2188765473,1
W2531859078,1
W1842973747,1
W2049253240,1
W2561653192,1
W1526913847,1
W6775772053,1
W2972158159,1
W3116772330,1
W2836371487,1
W3118598290,1
W2138299006,1
W2963600684,1
W2611783609,1
W4238758886,1
W2967226297,1
W2768820971,1
W2096211079,1
W4241742863,1
W2783214862,1
W2131448001,1
W2532435975,1
W3198281675,1
W6747702332,1
W2789749375,1
W1980631413,1
W2795081771,1
W4235347843,1
W2955024064,1
W2100093895,1
W4246474313,1
W2744164721,1
W4214937130,1
W4230096730,1
W174656681,1
W2778851725,1
W6683469963,1
W2948913141,1
W1989016971,1
W2913088651,1
W3092871270,1
W2119767804,1
W3119374087,1
W2021815797,1
W2277099966,1
W2149961835,1
W2799990159,1
W3082425399,1
W2748374598,1
W2891560935,1
W2168346779,1
W1988538312,1
W4247563080,1
W2097301420,1
W2145966619,1
W2233009817,1
W2791361142,1
W3029330145,1
W2975049141,1
W2750707667,1
W3017524453,1
W4247078277,1
W3007073162,1
W2170905956,1
W3012526984,1
W2916871678,1
W3089122661,1
W3119277983,1
W3087122911,1
W3022244974,1
W2997418702,1
W3009500160,1
W3125059163,1
W1685226204,1
W2794004662,1
W2994309824,1
W2966373893,1
W1987927778,1
W2157459418,1
W1527150895,1
W1630865570,1
W2784104515,1
W2952657776,1
W2001084918,1
W31664005,1
W2055077016,1
W3187011242,1
W2051576146,1
W1964992113,1
W2037124948,1
W2717176151,1
W2766991076,1
W3120629233,1
W2054864399,1
W2331274936,1
W2250057966,1
W2625194755,1
W2884220768,1
W2915800198,1
W2053070749,1
W132405249,1
W3094244485,1
W2894140623,1
W2791300570,1
W3083317758,1
W2068223615,1
W6788907243,1
W2043827038,1
W2065579105,1
W1545878611,1
W2125597898,1
W2909001707,1
W1965023847,1
W2575297485,1
W2103234387,1
W2909596028,1
W3198868208,1
W4251870585,1
W1981402489,1
W2791072241,1
W2061103987,1
W2563760794,1
W589116972,1
W2586665459,1
W2113016544,1
W2073244138,1
W4213444126,1
W2904452480,1
W3005412760,1
W4252219742,1
W4250230808,1
W2306540071,1
W1979964093,1
W1480709889,1
W2094047621,1
W2784042409,1
W2081720724,1
W1586905824,1
W2026272754,1
W3082322820,1
W2010186951,1
W3038709602,1
W2915657167,1
W3044125346,1
W3009909874,1
W3039259730,1
W3016097125,1
W2085264140,1
W3084830728,1
W2287191890,1
W4251216606,1
W3041059751,1
W2737116384,1
W2112368462,1
W1518673584,1
W623860010,1
W1994882400,1
W2163442594,1
W3035964859,1
W2156896760,1
W785018236,1
W2169723147,1
W2901742920,1
W4206085257,1
W2119004177,1
W1973280646,1
W3205674033,1
W3145699760,1
W2789805918,1
W2883047938,1
W3082267985,1
W1551146087,1
W1968278473,1
W2320142868,1
W2777468088,1
W1984378528,1
W2323893988,1
W4206002923,1
W1978044243,1
W315573323,1
W2104090407,1
W1988753491,1
W2755495617,1
W2618588446,1
W2057242813,1
W1999098452,1
W1987096667,1
W1539249767,1
W2036898128,1
W6621884583,1
W2039419009,1
W2084048422,1
W1491430233,1
W1608804306,1
W3121501471,1
W2088514701,1
W2345328813,1
W2114837442,1
W2188846692,1
W2801252650,1
W2025640792,1
W1987243249,1
W2758177969,1
W2591081247,1
W2066503257,1
W2130106726,1
W166389635,1
W2263588873,1
W3088727739,1
W2039958945,1
W3131301047,1
W3121511794,1
W3132813631,1
W3021934623,1
W2507162387,1
W4210628812,1
W2964194629,1
W2536599516,1
W2936528776,1
W1931674395,1
W1976213487,1
W1989570498,1
W1985762548,1
W2151241130,1
W2133410111,1
W2271771390,1
W7309757,1
W2031389862,1
W1984328678,1
W2162908159,1
W2054450445,1
W2007839069,1
W2802807553,1
W4254334802,1
W3033237366,1
W3121637475,1
W3014842224,1
W3019643748,1
W3106674355,1
W3091913409,1
W3008095816,1
W3173464765,1
W3159010070,1
W3032946145,1
W3014866318,1
W3135257712,1
W3144893356,1
W3045750047,1
W3082675826,1
W3131401672,1
W1985546364,1
W3108650108,1
W4313121382,1
W3138152248,1
W3036137498,1
W3016523961,1
W49876137,1
W3029000538,1
W3108822164,1
W3126524931,1
W3129371450,1
W3093538871,1
W3013594674,1
W3150554668,1
W4206180182,1
W3123336811,1
W2068548233,1
W3016610538,1
W3031736393,1
W3047833576,1
W3119147736,1
W3023190093,1
W2089712218,1
W2025424111,1
W2899309772,1
W2030155522,1
W1966111470,1
W1932564131,1
W1964725174,1
W1753891864,1
W3028465652,1
W4243060561,1
W1574378514,1
W1967680171,1
W4210631499,1
W2036894693,1
W2770165942,1
W3002334358,1
W2155681216,1
W1562113733,1
W2009984463,1
W2152221496,1
W2061462889,1
W2010225706,1
W1942267119,1
W2150045357,1
W2042863619,1
W2531007709,1
W2060482351,1
W1987494682,1
W1970940011,1
W2333930280,1
W2769253990,1
W1567663560,1
W1995604026,1
W6621010256,1
W1906706893,1
W2044773675,1
W2111624996,1
W4244894666,1
W2726330493,1
W1547430812,1
W4390786592,1
W3009155494,1
W3093610264,1
W3016089045,1
W3043913245,1
W2178782964,1
W3015292533,1
W3036381826,1
W2011919877,1
W4206441803,1
W3083821407,1
W2899773405,1
W2184640114,1
W4252176046,1
W6700611926,1
W3035432398,1
W1980355260,1
W2734847664,1
W3021175004,1
W2327425965,1
W2084695140,1
W2051782296,1
W2014818400,1
W1997468036,1
W2767548531,1
W2077947807,1
W3114844114,1
W2008489827,1
W148594346,1
W2125103779,1
W2013336150,1
W4231104495,1
W2616664810,1
W2023670959,1
W6630214637,1
W1966991974,1
W2059503117,1
W2978455529,1
W3124756154,1
W3021353408,1
W1994634179,1
W2033351021,1
W2017732813,1
W2193186027,1
W2898628190,1
W2077640793,1
W1524190196,1
W2056493025,1
W6634254628,1
W1980135321,1
W1982842010,1
W2534147739,1
W1979227941,1
W2060536897,1
W1965574139,1
W2553479447,1
W2327975117,1
W2553266085,1
W1995544633,1
W2734919090,1
W2124815418,1
W1600293862,1
W2072560194,1
W2001560756,1
W3011198711,1
W2069084625,1
W2019057157,1
W2159105921,1
W2767332963,1
W3037005487,1
W2943340063,1
W1988303222,1
W2070704074,1
W1995229741,1
W2982458389,1
W2076361923,1
W4240915221,1
W2025618885,1
W104754383,1
W2028028374,1
W2148123249,1
W2560016530,1
W4247841719,1
W1995463737,1
W128389947,1
W2552837632,1
W4246909570,1
W2070890451,1
W2033971030,1
W1990969594,1
W4236204387,1
W2034690823,1
W2023337817,1
W2054765973,1
W4235561794,1
W2089415009,1
W2022720617,1
W2127228059,1
W1988444315,1
W1996255598,1
W2761528791,1
W1804990272,1
W2253441442,1
W2023476481,1
W2809270980,1
W2053351876,1
W1532442419,1
W1565427011,1
W1985328089,1
W3007107242,1
W2013663887,1
W3119345042,1
W141766886,1
W3026184045,1
W2146901298,1
W2317079849,1
W2972545336,1
W2989609456,1
W3025242415,1
W4388367303,1
W2985351363,1
W2298118900,1
W3142383390,1
W3108917415,1
W2288962736,1
W2948653235,1
W4214690355,1
W2905941328,1
W3113879047,1
W2919697680,1
W2168066246,1
W3136557321,1
W4226023252,1
W2007041833,1
W2124793700,1
W3098050306,1
W2646296278,1
W6634585094,1
W3136029553,1
W2945824967,1
W2315769872,1
W1974773325,1
W1498563571,1
W3007022628,1
W3160515305,1
W2079998109,1
W2941884731,1
W2952277146,1
W2305421582,1
W1971478168,1
W2558254411,1
W2142289369,1
W1992287419,1
W4239392621,1
W2324812930,1
W1597607166,1
W4292890447,1
W2909776395,1
W2078953389,1
W2556311538,1
W159317876,1
W653214732,1
W3012837089,1
W4213199895,1
W116364183,1
W2489758317,1
W2900943251,1
W2917152313,1
W2587708363,1
W2554522866,1
W2752590207,1
W2324068798,1
W4205900453,1
W3122213353,1
W1599269747,1
W2048711016,1
W1852638181,1
W4255288502,1
W2342339880,1
W2795516367,1
W2952256366,1
W1702057720,1
W2580193108,1
W1954527334,1
W2181482754,1
W198120211,1
W2610973769,1
W3108550919,1
W2886557860,1
W2091705925,1
W2746718458,1
W2471525156,1
W3126336398,1
W1966242959,1
W2991320519,1
W2966470941,1
W2584394223,1
W2889089805,1
W2890332480,1
W2517557625,1
W132099928,1
W2916528582,1
W7018197801,1
W6726610858,1
W2068019880,1
W6720364329,1
W2045421386,1
W4390769086,1
W3116446032,1
W3015145497,1
W2110112146,1
W3205839229,1
W2896891942,1
W2021376913,1
W6786131571,1
W2786497384,1
W2109115056,1
W3012038287,1
W3102800918,1
W3015852933,1
W3121238028,1
W2016465680,1
W2332783347,1
W3002032802,1
W2787235339,1
W2255806820,1
W2556071355,1
W623846157,1
W178732981,1
W562802933,1
W2900040440,1
W4214891728,1
W2945686454,1
W6629903802,1
W3157360886,1
W2613408503,1
W4225939851,1
W3162700011,1
W2101449090,1
W1515667916,1
W2610795788,1
W2801873128,1
W3032183237,1
W3007483772,1
W2923130726,1
W4315817451,1
W6619729885,1
W2326803318,1
W7074230718,1
W1495705901,1
W3055313996,1
W658638658,1
W1958179904,1
W1964144857,1
W2050765165,1
W2070630348,1
W2282513107,1
W2910754027,1
W3135750718,1
W2236154231,1
W2981637247,1
W6980014287,1
W2155659658,1
W2133784646,1
W2545514768,1
W2092877708,1
W2498769281,1
W6729334083,1
W6714874470,1
W2140533556,1
W651976676,1
W3121584453,1
W2318745324,1
W2556150811,1
W2916421407,1
W2399078464,1
W306212008,1
W2273258013,1
W6783738988,1
W2079534889,1
W1201678418,1
W4239510810,1
W2060758175,1
W6678087030,1
W30521656,1
W2119821739,1
W6658331526,1
W2170913656,1
W2122410182,1
W1523531502,1
W2461209145,1
W172943934,1
W1017696866,1
W2005544839,1
W6996717161,1
W2755824244,1
W3122557830,1
W94299174,1
W2041943642,1
W1930624869,1
W2610920078,1
W6941633611,1
W2057749648,1
W1918008512,1
W2481596136,1
W2214106530,1
W2187209936,1
W7029083037,1
W6610739286,1
W1504083962,1
W2168780989,1
W1988763707,1
W3125518630,1
W630522109,1
W2413703357,1
W2034107906,1
W2373672344,1
W2908423945,1
W2724458442,1
W2410364513,1
W6699523766,1
W2754470353,1
W1253206398,1
W2115832355,1
W2417598564,1
W2790455246,1
W2739448126,1
W2474687176,1
W2192952483,1
W2313072138,1
W2738949262,1
W2530106721,1
W6716656388,1
W2128370391,1
W2397842026,1
W1964328848,1
W2031316854,1
W2163538084,1
W2771226790,1
W2217742847,1
W6629237751,1
W2344783997,1
W7005212112,1
W2125090631,1
W2322778678,1
W1871384057,1
W2032026767,1
W2551854397,1
W2286511008,1
W2339587338,1
W2159246520,1
W2183426572,1
W2610151002,1
W2082027030,1
W2023292007,1
W2765536652,1
W2782103020,1
W2620275121,1
W2326520004,1
W2065822254,1
W2187975556,1
W2605191858,1
W2151424212,1
W1980493790,1
W2045832698,1
W2513064738,1
W2040795033,1
W2024150383,1
W1541518864,1
W2736070751,1
W2073854054,1
W2326899025,1
W1815936543,1
W2182281885,1
W2098371305,1
W2081492913,1
W2758803729,1
W2417192193,1
W2508126040,1
W1835128911,1
W3142798889,1
W2124181889,1
W2769469657,1
W580400059,1
W2116496134,1
W2767122069,1
W7006045564,1
W2521110250,1
W2029665210,1
W2792663013,1
W2625889787,1
W2342137125,1
W1613207424,1
W2743153148,1
W4233921710,1
W2809392202,1
W3122235542,1
W2743231050,1
W2145197256,1
W2759229160,1
W2567350633,1
W1994406606,1
W3124420686,1
W1514215513,1
W2018433384,1
W2155231516,1
W2065827464,1
W1997557482,1
W4300193339,1
W2028261158,1
W2002516876,1
W2105662576,1
W2081301170,1
W2037633685,1
W2012058887,1
W2047026253,1
W2625830952,1
W2507212061,1
W2046329470,1
W2120767947,1
W1854060317,1
W1503463241,1
W2263759395,1
W2143853859,1
W2031540871,1
W2158262405,1
W2519093331,1
W2112200583,1
W4253630376,1
W2071226302,1
W2982112482,1
W1593260820,1
W2068849424,1
W1559772675,1
W2135085208,1
W2102013065,1
W1580370802,1
W2099737395,1
W1570073130,1
W2107770742,1
W4234590227,1
W2053977066,1
W6724506030,1
W1500501541,1
W6660830719,1
W2516087015,1
W6653369890,1
W2118666847,1
W2591325830,1
W6733969737,1
W2029084334,1
W2921255893,1
W1993464284,1
W2506763764,1
W1187997827,1
W4250816231,1
W2241861166,1
W2753666478,1
W6629008397,1
W2066005979,1
W2216326501,1
W1552247668,1
W1513892914,1
W2005534705,1
W2099250865,1
W2074725295,1
W2151480277,1
W4213150905,1
W2168736985,1
W2147392348,1
W2139955026,1
W1753411451,1
W4245549988,1
W1999065848,1
W3102569475,1
W2074847743,1
W2125198632,1
W2556507681,1
W6631950131,1
W2575951087,1
W2139362405,1
W1639702230,1
W6668835723,1
W2149795131,1
W6627682324,1
W2074014646,1
W2184713906,1
W3145215837,1
W6669085632,1
W2553116218,1
W1974582595,1
W2116079414,1
W2145892273,1
W2054447768,1
W1965659199,1
W1994884206,1
W2480670456,1
W1972763552,1
W2891327009,1
W2312626273,1
W2116548484,1
W2396661859,1
W2089336467,1
W1991937416,1
W2083442325,1
W2059857886,1
W2104253362,1
W2163522057,1
W2132752854,1
W1944934225,1
W2415315048,1
W2992720565,1
W2551173513,1
W2039182452,1
W1512501924,1
W2030318695,1
W2155790144,1
W6680510746,1
W2884244759,1
W2572770180,1
W1576236274,1
W2135774798,1
W2013668407,1
W2164172948,1
W2033060654,1
W2538346828,1
W2152554332,1
W2753798837,1
W2028059887,1
W2148958761,1
W2090541428,1
W2032992500,1
W1527077750,1
W2204003601,1
W3124062519,1
W2127625620,1
W1991640972,1
W1964398547,1
W2901362908,1
W2161344748,1
W2031834482,1
W2746471922,1
W2050384907,1
W2332378018,1
W2807060578,1
W2022846693,1
W2061378095,1
W1552055595,1
W2152125669,1
W2412355038,1
W2076943142,1
W6683891606,1
W2440217508,1
W2768001764,1
W3121901426,1
W3124189668,1
W1975300101,1
W3123346773,1
W6683891301,1
W6688084112,1
W6636606476,1
W2153360349,1
W6636237765,1
W1605552950,1
W2130388717,1
W6788733820,1
W1564824153,1
W6683784711,1
W2161071792,1
W6980622153,1
W2065390394,1
W2763932929,1
W2069178298,1
W591122001,1
W1443600678,1
W2140918013,1
W2888306407,1
W1972523301,1
W2438767253,1
W2041307456,1
W1965733146,1
W2125095997,1
W1980610877,1
W2609484566,1
W2092002989,1
W3123288680,1
W4229862871,1
W4235829199,1
W2419558675,1
W1730600849,1
W6607969572,1
W1977527537,1
W1990123014,1
W4245718719,1
W1747928435,1
W3025296673,1
W2169254591,1
W4233280111,1
W1980685203,1
W1755338714,1
W6683353929,1
W6214286,1
W197184151,1
W2154505825,1
W2126922752,1
W2225120446,1
W2131255620,1
W6641040763,1
W2055471975,1
W2124896810,1
W2796554726,1
W2153726968,1
W2736244231,1
W1520708536,1
W2082837245,1
W3107143322,1
W2026613352,1
W2109350646,1
W3123771826,1
W1973092666,1
W3124777247,1
W2032498921,1
W1898504652,1
W2464659865,1
W4399053957,1
W4312855721,1
W6694618331,1
W2292481918,1
W2002776202,1
W6760195789,1
W6739770602,1
W6695261637,1
W2157898968,1
W6744064035,1
W2135816096,1
W2156160392,1
W2657090236,1
W2018160951,1
W1955426129,1
W2005240708,1
W6719305178,1
W2157828196,1
W333910228,1
W2013471946,1
W1626782438,1
W2581820431,1
W2977662533,1
W2127659050,1
W3123779896,1
W2088501503,1
W602943402,1
W2105744094,1
W2471564892,1
W1973061704,1
W2909626377,1
W2599475125,1
W2343148813,1
W2206898139,1
W2726618227,1
W6619796249,1
W2297004729,1
W2055001518,1
W2068838583,1
W4231172383,1
W2114156753,1
W2115499866,1
W2148479573,1
W2086995583,1
W1670901072,1
W2416981924,1
W2804456558,1
W2123310264,1
W2606731302,1
W2777399199,1
W2134583363,1
W2901946782,1
W2903727328,1
W2563236085,1
W7073685677,1
W2597194043,1
W1170715021,1
W3124909469,1
W2517406012,1
W4298083826,1
W2156672295,1
W2127625194,1
W6666683080,1
W2771307285,1
W2517588412,1
W1982331245,1
W2113910972,1
W2111557551,1
W2109433925,1
W2990909106,1
W4288076309,1
W2112605366,1
W183509675,1
W3114548875,1
W2113812586,1
W2572371720,1
W3147846196,1
W1583342943,1
W4238564013,1
W2045336284,1
W4246808843,1
W4205148331,1
W2204582521,1
W1599366360,1
W1858141179,1
W2319118358,1
W3175975897,1
W2175767667,1
W2760231737,1
W2033939460,1
W2150419623,1
W2079354197,1
W2109577226,1
W2105993616,1
W1977476165,1
W137589461,1
W2795478598,1
W2311369308,1
W6635303039,1
W1592620283,1
W2126129668,1
W2100604183,1
W2150935468,1
W2091957194,1
W2998666450,1
W2089171024,1
W6631342831,1
W6604806546,1
W6666712687,1
W6773039315,1
W3122777698,1
W6681217616,1
W2561216374,1
W1860470854,1
W2074715132,1
W2617430437,1
W1518139420,1
W2088855829,1
W2345790602,1
W2551068636,1
W2465237193,1
W2043207363,1
W1569739964,1
W2503635983,1
W2752681520,1
W2166381232,1
W2772934411,1
W2130527149,1
W2003380261,1
W2318298241,1
W2045060953,1
W2795640888,1
W2174515519,1
W1144420279,1
W1976092690,1
W2753919320,1
W1996894759,1
W1749988995,1
W2132558130,1
W1782134100,1
W2509928566,1
W4247269527,1
W1583327662,1
W2166034721,1
W1501968007,1
W2165933554,1
W2556827669,1
W16652132,1
W2071240714,1
W1928868350,1
W3016380542,1
W88931890,1
W4213176465,1
W2465764238,1
W2199212315,1
W4254827724,1
W2336016461,1
W1856809501,1
W2115110594,1
W1495580315,1
W135673913,1
W2085825718,1
W2114940942,1
W4232933964,1
W2019389109,1
W2971485651,1
W2069897728,1
W6657907086,1
W2769819418,1
W2038254371,1
W3206589701,1
W2617629702,1
W2947626232,1
W169363753,1
W2726809145,1
W2130022599,1
W2314443066,1
W6634044251,1
W2134424568,1
W2620322709,1
W1965671037,1
W4232921400,1
W2171996927,1
W2402228200,1
W2014553912,1
W4243614073,1
W1501207840,1
W1983463888,1
W2182488798,1
W1483752240,1
W2324584691,1
W3003062021,1
W263686062,1
W4229539396,1
W2024760831,1
W2080720591,1
W2021445816,1
W1965888619,1
W2796179629,1
W2077273402,1
W4300025484,1
W6629938637,1
W1972732478,1
W2746343140,1
W1974584518,1
W2088667258,1
W2059227744,1
W6674780827,1
W6678027865,1
W6857774897,1
W2738560059,1
W6687139415,1
W2229302007,1
W6678517616,1
W1594616337,1
W273573681,1
W2148135754,1
W6728235229,1
W7008485171,1
W6630235189,1
W6675688131,1
W6676710219,1
W6698478708,1
W2037108905,1
W6639127270,1
W6746674688,1
W2109812323,1
W1667128192,1
W6806843333,1
W4246005889,1
W2036147529,1
W4231008794,1
W2954673302,1
W2241711244,1
W2068347636,1
W2944378038,1
W170863931,1
W2601595512,1
W2782423838,1
W1489819534,1
W6826057662,1
W1484205167,1
W1678356000,1
W6794146901,1
W2596769679,1
W2033854584,1
W2751909729,1
W2942512284,1
W2763747298,1
W2771145395,1
W4254473004,1
W1979928421,1
W2539909569,1
W2132054280,1
W2071804451,1
W4214890671,1
W2079434777,1
W1973912029,1
W3123021631,1
W2424957825,1
W2603818874,1
W2592980711,1
W2279126250,1
W2534009670,1
W2067366670,1
W2081717606,1
W2299049142,1
W2107421159,1
W1984233718,1
W2046320643,1
W2058298227,1
W1971290708,1
W2086712219,1
W2063408296,1
W2153452448,1
W2340630025,1
W2570414547,1
W2178688352,1
W2122119640,1
W2004754777,1
W2474871853,1
W2165645314,1
W2924201469,1
W2073143549,1
W2137829241,1
W2517389755,1
W2788753073,1
W2107131300,1
W2741547578,1
W2899848536,1
W3141558743,1
W97761631,1
W3200891378,1
W2167119031,1
W2159179436,1
W2920833138,1
W2885000336,1
W1989053760,1
W2235236713,1
W6680721593,1
W2085208213,1
W2163537693,1
W622425512,1
W2096686578,1
W2135251271,1
W2130609348,1
W2911766791,1
W2587248841,1
W2896045012,1
W2015020068,1
W1488125815,1
W2025698504,1
W2214645794,1
W1512359457,1
W2909732942,1
W2898215887,1
W2906769047,1
W1893873165,1
W2416145228,1
W4253110678,1
W4252379673,1
W2467248247,1
W2613945235,1
W3047913326,1
W3124788137,1
W1914982960,1
W2397473188,1
W2100059272,1
W2264511563,1
W2067561031,1
W2075908644,1
W2330052530,1
W2120070018,1
W2126193959,1
W1481699379,1
W2164109943,1
W3125063076,1
W2138046117,1
W1838738052,1
W1545460766,1
W1968524945,1
W6711457388,1
W6797924722,1
W2772889291,1
W2119436275,1
W6636500922,1
W2100132851,1
W2098264595,1
W6675214787,1
W1492857820,1
W6720123842,1
W6634743650,1
W2006067818,1
W3174823647,1
W1519282933,1
W1830719945,1
W138125975,1
W2153050847,1
W653294232,1
W1602704520,1
W2159158779,1
W1832825214,1
W4229711475,1
W4247105078,1
W615146694,1
W2922030364,1
W4255059524,1
W2412227625,1
W2743741538,1
W2165386561,1
W2341946021,1
W2775348609,1
W2121983847,1
W2795577868,1
W2047916904,1
W1481908410,1
W1498750023,1
W2520437371,1
W2790550203,1
W2053330814,1
W2001550453,1
W2015434138,1
W1982244505,1
W2505768191,1
W1969465590,1
W2160561784,1
W1595491208,1
W4232587406,1
W3140786101,1
W2159280927,1
W1482047743,1
W2043558729,1
W2101924899,1
W2044054353,1
W1527915852,1
W130168527,1
W2099365974,1
W2133785280,1
W2156330295,1
W2127537985,1
W6674932839,1
W2170575093,1
W1666519152,1
W4235799488,1
W2137165950,1
W3121627790,1
W3125705190,1
W175714654,1
W2083334198,1
W4247665917,1
W2190121086,1
W2770468194,1
W2788513439,1
W2808058450,1
W2042993798,1
W1966022651,1
W3122143987,1
W2500701160,1
W2885757395,1
W632402608,1
W238340611,1
W2141185410,1
W2916174429,1
W2154600832,1
W2054655408,1
W1564698565,1
W1974074039,1
W1590265957,1
W2281015528,1
W3022269312,1
W2895554266,1
W2612475713,1
W2211939666,1
W3122678374,1
W2103613143,1
W2056765264,1
W1977416669,1
W2020117607,1
W2040182303,1
W2040679898,1
W2057161818,1
W2071484401,1
W2155354251,1
W4211149987,1
W2414372869,1
W1508967748,1
W1981093076,1
W2054517060,1
W1995143216,1
W2091346218,1
W1990559267,1
W2037604411,1
W2330316037,1
W2605468937,1
W2092850374,1
W2886547183,1
W2038168839,1
W2042593386,1
W2060039178,1
W2102514991,1
W2337215261,1
W36416945,1
W4230704136,1
W2157273167,1
W2142099060,1
W31846476,1
W2042509345,1
W2020765017,1
W2033780219,1
W6630444400,1
W2092237375,1
W1970429522,1
W181719526,1
W2464407114,1
W2587454028,1
W2083808762,1
W2152411858,1
W2103201679,1
W2408642069,1
W2091964845,1
W93253871,1
W4391643875,1
W6643601877,1
W2292376802,1
W2185914903,1
W4321635223,1
W2977428426,1
W1903621632,1
W1989887172,1
W2087885466,1
W2885729149,1
W6630343691,1
W1584785280,1
W2019368190,1
W139745864,1
W7000965009,1
W4237723504,1
W3152376753,1
W1608448447,1
W6678529844,1
W2150274339,1
W1484875153,1
W2151329330,1
W2096547957,1
W6682507926,1
W3147578126,1
W2199763031,1
W2145716568,1
W2030753436,1
W7061241640,1
W1562237921,1
W4300286832,1
W1997736562,1
W2051854773,1
W2275848508,1
W2333948325,1
W2276959325,1
W2754683990,1
W6721978014,1
W2032053801,1
W2012381630,1
W2146642398,1
W588795315,1
W2135664098,1
W634584335,1
W2087534082,1
W1977537636,1
W2276052126,1
W2001773194,1
W1543397515,1
W2071620186,1
W2121361772,1
W2125070177,1
W2338705241,1
W3169981604,1
W6608521554,1
W2780789366,1
W2028601825,1
W2030541101,1
W2140384373,1
W2797100347,1
W2908674113,1
W2046284411,1
W2131994649,1
W141766638,1
W1640894779,1
W2149608872,1
W83697540,1
W2101064062,1
W2117928489,1
W2515300481,1
W2754736931,1
W2618812001,1
W2150563888,1
W1548204690,1
W2604286984,1
W2062497275,1
W2142309620,1
W2593496317,1
W2606383104,1
W2069380836,1
W2091704279,1
W6652067389,1
W1950375673,1
W6754333379,1
W6713299758,1
W2010810294,1
W2076050071,1
W2100435638,1
W2054695181,1
W1612366852,1
W2902535896,1
W1985441675,1
W2905393963,1
W2147270415,1
W2998340908,1
W2901065430,1
W2063488147,1
W2107856567,1
W2029487046,1
W2888949376,1
W2032987036,1
W2049166369,1
W2888676138,1
W2156232300,1
W1654483068,1
W2552490575,1
W2188576687,1
W2032621281,1
W2138330777,1
W2117915628,1
W1981164811,1
W2529192320,1
W2793104756,1
W2528769757,1
W2086874108,1
W2401951336,1
W6603875357,1
W1578756310,1
W2234466720,1
W2505423013,1
W2509402957,1
W1509722535,1
W1964153454,1
W2112828907,1
W6640670530,1
W2125714321,1
W2100286132,1
W4241829256,1
W2888370611,1
W1572254549,1
W2047152365,1
W2534252065,1
W252060452,1
W2608285293,1
W2116926574,1
W2057981204,1
W2169710457,1
W2006574356,1
W2258778966,1
W2606741932,1
W6941520839,1
W2152955855,1
W1960795235,1
W4247485944,1
W2032440249,1
W1807773213,1
W2604373618,1
W6638616173,1
W2626851594,1
W2099095156,1
W1571076627,1
W1543429635,1
W4401307413,1
W633021719,1
W6632374347,1
W2087693652,1
W2901036517,1
W2004997290,1
W1530181845,1
W6685348511,1
W2332160205,1
W2065436294,1
W2282168042,1
W2090129556,1
W2044011798,1
W2127958542,1
W2114314220,1
W2037475568,1
W2062738036,1
W2477318266,1
W7043125373,1
W3165102267,1
W2156274146,1
W53966706,1
W1991343477,1
W2105680123,1
W2125152519,1
W4302311899,1
W2510940572,1
W2204435566,1
W2906604017,1
W2893328979,1
W2903777941,1
W2905872960,1
W2113644188,1
W2114490687,1
W7017263842,1
W1919895648,1
W2094617309,1
W2123735014,1
W2895702772,1
W2153070779,1
W2037107508,1
W2104959792,1
W1984310493,1
W1996505604,1
W2314501994,1
W2168991419,1
W2809164811,1
W2901610527,1
W1986254600,1
W1544926847,1
W2155516490,1
W1598115650,1
W2103287144,1
W2066165258,1
W2179492332,1
W2075068230,1
W2061731066,1
W2146770834,1
W2148999227,1
W1928335681,1
W2141975087,1
W2884709926,1
W2058223994,1
W2170656512,1
W2901029480,1
W2132866589,1
W2313166815,1
W2133564174,1
W2768582063,1
W2906004485,1
W4240214105,1
W622155547,1
W2735484185,1
W2141302616,1
W2123821497,1
W2167242298,1
W2320820560,1
W2038009234,1
W1539975958,1
W2510162430,1
W2900026771,1
W2134250396,1
W2803031525,1
W2117372204,1
W2811153546,1
W2170126117,1
W2327728207,1
W2035167255,1
W2117795482,1
W2119667295,1
W3125741864,1
W2148330721,1
W1966507670,1
W2168761618,1
W2557360265,1
W2902738967,1
W2011294645,1
W2192469637,1
W2744542967,1
W2031029097,1
W2909750031,1
W2587352050,1
W2317074110,1
W2046625332,1
W2890105520,1
W4298152327,1
W2095802080,1
W1970169691,1
W2795497759,1
W2121617593,1
W2004168918,1
W1985126893,1
W2117748583,1
W2082917840,1
W2788981902,1
W2062374582,1
W2396205066,1
W3122893058,1
W2495772237,1
W2148061839,1
W2157362534,1
W2068066686,1
W2896222588,1
W2750708088,1
W2321271980,1
W193139145,1
W4300838713,1
W609784031,1
W2110961648,1
W231829343,1
W2905079243,1
W2612899260,1
W2074642238,1
W576988166,1
W2408136755,1
W2034635694,1
W1550684686,1
W4253865444,1
W618191151,1
W2112825816,1
W612222907,1
W1485406977,1
W2023988687,1
W2394867633,1
W2073020118,1
W3124408129,1
W1521256479,1
W2604286019,1
W3123970885,1
W1989066629,1
W2562064370,1
W3123009971,1
W1589202713,1
W1521945420,1
W2039013181,1
W1975524562,1
W1979528007,1
W2136968531,1
W2765507752,1
W2617343040,1
W2063650,1
W2119389150,1
W2008596052,1
W3152287113,1
W2581503746,1
W2518975948,1
W2899742633,1
W2139919671,1
W2346436652,1
W3026014084,1
W2062951653,1
W2319892496,1
W2158617568,1
W3121460993,1
W2148971160,1
W2190187985,1
W2119770715,1
W2224694805,1
W2103254150,1
W2733351246,1
W4246921789,1
W2799717092,1
W4236135868,1
W2897592569,1
W2778602889,1
W2272892912,1
W6744010852,1
W2039382135,1
W2334787351,1
W2116620559,1
W6943572352,1
W6646860014,1
W2049433258,1
W634172325,1
W1564520585,1
W2793091330,1
W1986513385,1
W4246271572,1
W2073808700,1
W2012029458,1
W1998643488,1
W2050910810,1
W2793772842,1
W2085331509,1
W2116269400,1
W2800850386,1
W2797102546,1
W2795570121,1
W6980659027,1
W1596397105,1
W2132654466,1
W2548217250,1
W2114198397,1
W2788289407,1
W4292856638,1
W2157092800,1
W2565841951,1
W1969412681,1
W1964842164,1
W6682020347,1
W2151150268,1
W6644716340,1
W2617155639,1
W2885370991,1
W2126805804,1
W4254209755,1
W2335632370,1
W2607703093,1
W2157082662,1
W2054796764,1
W2147284087,1
W2158639804,1
W2583634217,1
W2096197603,1
W2484483641,1
W2160801689,1
W1971734293,1
W2530706753,1
W260839523,1
W2608113987,1
W2146845150,1
W2898264828,1
W4205413143,1
W6641514847,1
W1978391333,1
W2137136715,1
W956824233,1
W1977037959,1
W996816137,1
W2092131329,1
W4210928640,1
W2211793003,1
W2046155790,1
W2556587082,1
W2085823445,1
W2150769606,1
W2082079804,1
W2271169605,1
W2802056074,1
W2188145402,1
W68196964,1
W2093931806,1
W2522365927,1
W2117552333,1
W1523064215,1
W2467947090,1
W2593086280,1
W4253779380,1
W2081097283,1
W1977983380,1
W2416247825,1
W2971131590,1
W2417682486,1
W2645109077,1
W2013595948,1
W2042630515,1
W1597050853,1
W2343426002,1
W2336759302,1
W2615471783,1
W2036294986,1
W1888958583,1
W2129606295,1
W1523583055,1
W1480103079,1
W6724556219,1
W2338283999,1
W4229936741,1
W2078558473,1
W2041243823,1
W2611897969,1
W1967512176,1
W2169985394,1
W2050155857,1
W4410166239,1
W66140923,1
W4410161465,1
W2059827744,1
W41179738,1
W4254154221,1
W2095768767,1
W2005962568,1
W2083952305,1
W4410174018,1
W1583628802,1
W4236284187,1
W2795021851,1
W3124502367,1
W2025380177,1
W2120444605,1
W583951831,1
W2345569335,1
W1761052593,1
W2146768128,1
W6771476203,1
W4246683007,1
W2994709112,1
W2995444643,1
W4248110397,1
W2098609194,1
W2079369726,1
W2342213104,1
W6657425063,1
W2111839207,1
W591711272,1
W2017010538,1
W2088710332,1
W2798690970,1
W2060455143,1
W2607407351,1
W2070383019,1
W2011098975,1
W2604962480,1
W2567003762,1
W2085601945,1
W2726256049,1
W1837874438,1
W2771745428,1
W2798186789,1
W860933141,1
W2606051708,1
W2608445557,1
W2479422368,1
W1984052936,1
W6631544895,1
W1529018401,1
W4299901781,1
W6809648839,1
W2886099440,1
W1747046542,1
W2150597327,1
W1545411816,1
W2074219507,1
W2492963872,1
W2254592036,1
W2001659915,1
W2056630756,1
W1525564204,1
W2743318307,1
W1553732013,1
W2581378116,1
W2912074534,1
W2156895524,1
W2563923627,1
W3014478659,1
W3120305325,1
W2884409112,1
W2097548436,1
W1515300108,1
W2257540620,1
W2089296184,1
W2078665925,1
W2742214167,1
W2084509705,1
W2121877183,1
W2587216150,1
W2282785324,1
W2076904531,1
W4246142608,1
W2795638827,1
W2301882373,1
W1969512867,1
W2083918236,1
W2787053254,1
W2144416304,1
W1982255418,1
W2141939799,1
W2417793745,1
W2159331876,1
W1991737460,1
W2048936585,1
W2074726545,1
W2109726930,1
W2144470901,1
W3121202864,1
W1980938887,1
W4210902793,1
W1748971435,1
W2085655972,1
W2154424206,1
W6601111735,1
W2155311570,1
W2188175043,1
W1524993883,1
W2003004850,1
W2116149941,1
W4307492541,1
W1533179050,1
W3122272648,1
W1579301174,1
W2891884599,1
W1581813620,1
W2137512884,1
W2104786585,1
W1502600882,1
W575295410,1
W2780705959,1
W2011639901,1
W1494118417,1
W2133427373,1
W2085116073,1
W2080952228,1
W2913520882,1
W2264304184,1
W2147931168,1
W2158990274,1
W2048857585,1
W2119389875,1
W4366494855,1
W1994758153,1
W2776485783,1
W583562217,1
W4376055907,1
W2050514745,1
W2477572219,1
W2738929518,1
W4253286317,1
W1501279792,1
W2115747715,1
W4294796673,1
W2743467372,1
W4205470728,1
W2076731491,1
W6629893666,1
W2269881550,1
W2106707811,1
W2419050918,1
W142593065,1
W6603831343,1
W6600432129,1
W6636613084,1
W2065416898,1
W2222684971,1
W1997171387,1
W6666549356,1
W2519592617,1
W2399016309,1
W2090777543,1
W53283901,1
W226468485,1
W9633836,1
W1644081668,1
W2041781580,1
W2405219723,1
W1982200408,1
W2582747119,1
W1987655340,1
W2063756730,1
W2605071737,1
W3124047468,1
W3123092513,1
W1552759203,1
W4243255208,1
W2174575729,1
W2047870515,1
W1487900902,1
W2142644374,1
W2563737518,1
W1542877022,1
W2019513066,1
W2063581218,1
W4255251488,1
W4406663989,1
W2024141783,1
W1505008846,1
W2054399302,1
W3106494064,1
W2301857081,1
W2010675773,1
W2292373964,1
W2144151882,1
W2100109280,1
W2035134329,1
W2736300543,1
W125346749,1
W2032021637,1
W2092698304,1
W3122745078,1
W2118301012,1
W2039325156,1
W1442765677,1
W2098919693,1
W2140934685,1
W2125967931,1
W2603213641,1
W6602158555,1
W93653630,1
W4402559131,1
W4245154141,1
W1537003895,1
W3125495615,1
W2184585407,1
W2273408868,1
W2059555252,1
W2185779256,1
W2061446536,1
W2008491536,1
W1855926386,1
W1983511619,1
W2098940946,1
W641505563,1
W2467543437,1
W2418486340,1
W2327568610,1
W2098440015,1
W2005717762,1
W2116230779,1
W1979431113,1
W1942028113,1
W2342092120,1
W2407204321,1
W2029696430,1
W2054806049,1
W2124093155,1
W2012660619,1
W1973424936,1
W3122297245,1
W2502806512,1
W2162615070,1
W2101680512,1
W2041524494,1
W1926972608,1
W3124616739,1
W2097829037,1
W2036295188,1
W4236375227,1
W2063114915,1
W2076419968,1
W2619995390,1
W1546303173,1
W2132114326,1
W2044220240,1
W2528226454,1
W2418831576,1
W2613012061,1
W2548064314,1
W2736285344,1
W2536705944,1
W4248250601,1
W1969158955,1
W2107542071,1
W2172200888,1
W2150355563,1
W1997881033,1
W1527839296,1
W2210003893,1
W2046825601,1
W2152961847,1
W2170487729,1
W2530264770,1
W4234190939,1
W2207088595,1
W3000453819,1
W1606229201,1
W2342622992,1
W1823171956,1
W1967955219,1
W6736364548,1
W3188297024,1
W2134831344,1
W2298611237,1
W2129874175,1
W2614034886,1
W2164713644,1
W2083347934,1
W2020594804,1
W854114957,1
W2662498512,1
W1550809968,1
W2058223672,1
W1996590479,1
W6738082269,1
W2060008194,1
W2140610008,1
W2142645441,1
W6633069517,1
W2129787498,1
W2034100240,1
W2014344648,1
W4254662832,1
W4237855272,1
W6602986343,1
W6650971702,1
W2012932483,1
W2519974238,1
W2142959960,1
W2112953969,1
W6665670711,1
W2058803308,1
W6639120685,1
W6601430069,1
W2186399300,1
W34520088,1
W2407280185,1
W2022795481,1
W1907010814,1
W4253474431,1
W2107350325,1
W1197851377,1
W2065495959,1
W2269451621,1
W2101439708,1
W149789803,1
W2111383234,1
W2073560371,1
W1941053968,1
W3019706636,1
W1490897473,1
W1977775078,1
W1997544135,1
W2345959347,1
W2055597850,1
W2625712888,1
W2583901646,1
W4249051635,1
W3123839080,1
W2414370815,1
W2405521451,1
W2128010972,1
W2043122006,1
W2462328109,1
W2068665942,1
W72774731,1
W1985348239,1
W2163148983,1
W1542301534,1
W2082543067,1
W2016954306,1
W1990111437,1
W3012519918,1
W2007616527,1
W2013265825,1
W2134374789,1
W1974904896,1
W2007867145,1
W3123276782,1
W2137912361,1
W2085119011,1
W2053625815,1
W4246311662,1
W4254763335,1
W2028097306,1
W1722695715,1
W2344095151,1
W2022220920,1
W2171638987,1
W6605009579,1
W6600755840,1
W1679226953,1
W2005677857,1
W2067402622,1
W2312777714,1
W2108445867,1
W2030549084,1
W2156124438,1
W3205029272,1
W2073025973,1
W1969308157,1
W1965905056,1
W2164695940,1
W6742128678,1
W2019321636,1
W2429403768,1
W1908423280,1
W2460932157,1
W6658383739,1
W6675775675,1
W6901908233,1
W2519521469,1
W2105270646,1
W2229040552,1
W1969635656,1
W2090020758,1
W2029497202,1
W127891297,1
W1503630469,1
W604035384,1
W2316010184,1
W223001277,1
W2031255131,1
W3122243255,1
W2111039889,1
W6684572566,1
W2328721332,1
W80237518,1
W1502798522,1
W6608760854,1
W2052607556,1
W1969401355,1
W2333033876,1
W2016410988,1
W2776544875,1
W4250189062,1
W2734687677,1
W2995849063,1
W2329223578,1
W2043011383,1
W2081082691,1
W2488245448,1
W46773405,1
W1818180735,1
W2557509379,1
W1584818381,1
W2111721318,1
W4206833409,1
W4410166868,1
W2525449318,1
W2438626602,1
W2278311742,1
W2522754208,1
W2342115601,1
W2165767093,1
W2166285656,1
W1973744741,1
W3027010375,1
W1417094923,1
W2049452079,1
W635083780,1
W1990074422,1
W2048425294,1
W2115379005,1
W2167189949,1
W2119886591,1
W2746989166,1
W4248950867,1
W6990517258,1
W2164756827,1
W2031074140,1
W1162594967,1
W2343482732,1
W605523445,1
W2155737446,1
W2588009711,1
W1557006117,1
W2037780678,1
W2186884188,1
W3125519104,1
W2094718797,1
W2767648681,1
W2398460007,1
W2162347890,1
W1979702379,1
W2080742517,1
W2115278625,1
W564563039,1
W2020374949,1
W2095753332,1
W4249358285,1
W4299957591,1
W1546160754,1
W2583288847,1
W3202494645,1
W1912190935,1
W2555487199,1
W2138684115,1
W6713961785,1
W6704632721,1
W6682024484,1
W6720899322,1
W6686397525,1
W2472462342,1
W2019411836,1
W2296030908,1
W2408585100,1
W6631603234,1
W4210705564,1
W2034843468,1
W2290652238,1
W2076844752,1
W2029553666,1
W2036826180,1
W1974205449,1
W1531994157,1
W2483443876,1
W2233286474,1
W1529075477,1
W3122062502,1
W1972449783,1
W2007912611,1
W2172100085,1
W3121989446,1
W6722402729,1
W2070105451,1
W2141021494,1
W3121814139,1
W2116884614,1
W1494564253,1
W4297978637,1
W2920147000,1
W2078505528,1
W2892747141,1
W2093790434,1
W4242063382,1
W2796720213,1
W2324513899,1
W2091985937,1
W2070190828,1
W2417827839,1
W4238732959,1
W2163898387,1
W2165061542,1
W2162393553,1
W2036323020,1
W2020539844,1
W2884019723,1
W1700632785,1
W2006945879,1
W14162691,1
W2890338676,1
W2031611767,1
W6681710323,1
W2534235802,1
W2077960084,1
W2597992446,1
W2321544275,1
W2775203972,1
W2762625001,1
W2156424902,1
W1972668687,1
W4249052950,1
W2116506228,1
W1980629690,1
W1864877676,1
W2346756631,1
W1125277716,1
W2141827399,1
W1608313057,1
W2396611401,1
W2156947191,1
W1978559208,1
W2252712082,1
W2623509342,1
W2181960064,1
W1682397518,1
W1506602642,1
W2778780363,1
W2143140210,1
W2753512572,1
W637424324,1
W2090342106,1
W2756400271,1
W2735495744,1
W2123501084,1
W2010090127,1
W2151482557,1
W6605252549,1
W4242693744,1
W3125898453,1
W2793526254,1
W1506695811,1
W2161201406,1
W2064083260,1
W1587540158,1
W2161433174,1
W1992484917,1
W2778385273,1
W2082771750,1
W3125756254,1
W2298832909,1
W2027556881,1
W2345407756,1
W1525253123,1
W1500172604,1
W6629727377,1
W2412035970,1
W2917369425,1
W4321359635,1
W2892068336,1
W42793133,1
W6628956120,1
W2988731775,1
W6680240513,1
W2407128590,1
W2799999401,1
W6601739135,1
W3121993668,1
W1485535210,1
W2188462438,1
W3121173742,1
W1983018850,1
W2136229154,1
W2097978133,1
W2140766081,1
W2070060250,1
W6639578938,1
W6679534884,1
W1980316424,1
W89167555,1
W1966849289,1
W2488309222,1
W2036963693,1
W6639736994,1
W4261838,1
W2040635831,1
W101455994,1
W2006085295,1
W2056475584,1
W6680047373,1
W6805325443,1
W2789810229,1
W2984872331,1
W2888239899,1
W1977845602,1
W2032574249,1
W6822095204,1
W2086886954,1
W1581805954,1
W4237044730,1
W2032141175,1
W6634626188,1
W1981399611,1
W2587179530,1
W2272467963,1
W2084007586,1
W2005139025,1
W2046834055,1
W2059288723,1
W1573457274,1
W2327248134,1
W2132139735,1
W2110186282,1
W793041465,1
W1981003008,1
W6678883698,1
W2125395770,1
W1989698222,1
W2772273401,1
W4213373598,1
W7073864996,1
W1600845145,1
W575598456,1
W6636459091,1
W2002249986,1
W2605340530,1
W4300437740,1
W3148003655,1
W1993787648,1
W2166669114,1
W1982425781,1
W2024625995,1
W2891294519,1
W2064422232,1
W2098899293,1
W2154549378,1
W1996396744,1
W1968849181,1
W2036476452,1
W2065739756,1
W1996428700,1
W1987350776,1
W2082693583,1
W2126028892,1
W1645123556,1
W2080601194,1
W2015034721,1
W2766381510,1
W2766220995,1
W2116521852,1
W2050607941,1
W2128242872,1
W6640106342,1
W2297119734,1
W2514016638,1
W66379224,1
W2162535192,1
W2152622695,1
W2165974787,1
W2564337221,1
W2753889132,1
W2756712904,1
W6731021933,1
W2018320790,1
W2311450296,1
W2081093195,1
W2146885501,1
W4299692350,1
W2128099173,1
W2049504670,1
W1561849118,1
W2153770976,1
W2163408621,1
W2610657776,1
W2054348336,1
W2795419244,1
W2172046354,1
W1907632577,1
W2099081991,1
W1888272674,1
W3123872225,1
W2021173800,1
W2006113247,1
W1911448744,1
W2163706958,1
W3124431203,1
W1967197319,1
W2106545752,1
W2082115757,1
W2138278623,1
W2077933390,1
W2328997579,1
W1981017132,1
W2061654784,1
W3024658202,1
W1978107278,1
W2144636453,1
W2119509364,1
W2079766092,1
W2509432012,1
W1852105432,1
W6732577102,1
W1966792497,1
W2240445695,1
W2728147603,1
W2413492079,1
W1659873094,1
W2053262224,1
W1587462274,1
W1990922874,1
W2163271914,1
W167063205,1
W2626856861,1
W3122757003,1
W2051251255,1
W2126845901,1
W2325489896,1
W2075537425,1
W2166147986,1
W11907107,1
W2131908953,1
W2266181645,1
W6602641848,1
W2165439997,1
W3125061198,1
W2008980218,1
W2163180962,1
W2312926870,1
W2132895464,1
W1993085315,1
W1969802641,1
W2105769067,1
W2068328702,1
W2780094446,1
W2109784084,1
W1971008642,1
W2129376941,1
W1571788204,1
W2752707655,1
W2791771232,1
W1982969961,1
W2082666752,1
W2460097371,1
W3145454146,1
W2165008530,1
W2142142343,1
W4254245008,1
W2605101447,1
W6827421889,1
W2760935172,1
W2489749119,1
W2157409423,1
W84714646,1
W2905230746,1
W183380527,1
W1513509558,1
W2085356211,1
W2135563572,1
W2126284673,1
W2052993525,1
W2809847452,1
W4241503286,1
W2992813632,1
W4289200186,1
W2039114617,1
W1593157810,1
W2770218035,1
W2097624494,1
W2469058010,1
W4234420900,1
W6989258311,1
W2112149157,1
W2099615319,1
W2006816964,1
W2032687867,1
W2466921826,1
W2138691520,1
W2743920572,1
W2106394468,1
W2891632503,1
W2159172402,1
W2790586514,1
W2782413460,1
W2618152038,1
W1506532917,1
W1500842519,1
W2615542837,1
W2104612790,1
W4256603845,1
W2596929921,1
W2166073947,1
W1533936639,1
W2759476357,1
W2121652727,1
W2034145298,1
W2606326829,1
W1576721324,1
W1489762401,1
W2473363851,1
W2175345012,1
W6662193777,1
W2337585285,1
W1986962609,1
W6669401011,1
W2167434815,1
W2609109324,1
W2103400961,1
W4214648909,1
W2068463620,1
W2001440595,1
W1959348311,1
W2137668497,1
W2041107766,1
W317614717,1
W2079567258,1
W2575039447,1
W2145806829,1
W2102469229,1
W6619257695,1
W2173219578,1
W6685649189,1
W6630325771,1
W2492087385,1
W2765878082,1
W2080085605,1
W2087760106,1
W2075845922,1
W2803273021,1
W2104992995,1
W2165251699,1
W1932352578,1
W6684853863,1
W2465877545,1
W2044805863,1
W1725163387,1
W2329548558,1
W1603304353,1
W239686898,1
W2998554664,1
W2002048622,1
W1576358861,1
W2154278441,1
W1994972932,1
W6629581299,1
W2150910069,1
W2959527957,1
W2065216162,1
W2786105846,1
W1948234906,1
W1491551588,1
W1964104413,1
W2551301754,1
W4298306564,1
W2279521593,1
W6681019631,1
W2048340829,1
W2338317603,1
W2469796699,1
W6681731068,1
W6706832715,1
W2144061000,1
W2135041025,1
W1994782294,1
W2156137351,1
W1779283922,1
W2132232161,1
W2469391045,1
W2341792105,1
W2158179293,1
W2096630790,1
W1537301486,1
W2005098924,1
W2016563925,1
W2513001189,1
W1519262751,1
W6680258655,1
W2030446185,1
W2604046720,1
W4249433675,1
W1987270461,1
W2098763115,1
W1997484809,1
W3123878898,1
W4230995729,1
W1967244330,1
W6992728681,1
W6613429220,1
W2065663656,1
W1528226952,1
W3121577857,1
W2041202637,1
W2098008440,1
W2356093573,1
W1548788961,1
W2314887785,1
W6884530045,1
W2405973830,1
W284476816,1
W2075738951,1
W2091418137,1
W2147690732,1
W2007974574,1
W2129973281,1
W2145011869,1
W2126818315,1
W2279472521,1
W2311970412,1
W2145466674,1
W2271809072,1
W2481602073,1
W2142158741,1
W2106766613,1
W1970060910,1
W2158136766,1
W2057887385,1
W2081667239,1
W2582979632,1
W6652496992,1
W2986926073,1
W2608168035,1
W4300652007,1
W2461608023,1
W6735086158,1
W2090651885,1
W1540808441,1
W1473355388,1
W1533137078,1
W4253377504,1
W2500009314,1
W6675476077,1
W2913573345,1
W2081492408,1
W2321352961,1
W2614662060,1
W2108546396,1
W2044569800,1
W6640288042,1
W2140724514,1
W2093186281,1
W2077926084,1
W2157659233,1
W4210614402,1
W146011499,1
W2100746853,1
W2114569255,1
W4255907023,1
W2317549915,1
W2079175662,1
W2057963400,1
W2093713031,1
W2761038984,1
W2804241493,1
W2413636075,1
W2055573161,1
W2006491886,1
W2790983564,1
W2008771899,1
W6603735575,1
W2009459521,1
W1602301969,1
W2896006201,1
W2331155081,1
W2590917827,1
W1995827154,1
W2071663583,1
W2077420003,1
W1968004526,1
W2560148520,1
W1531345979,1
W2587656541,1
W2121175754,1
W2621024184,1
W2012264231,1
W4247949143,1
W2273267066,1
W2102091262,1
W2092330783,1
W1991153401,1
W1698264213,1
W2140974115,1
W2075420832,1
W2538839056,1
W2112942078,1
W92263565,1
W2133137951,1
W2612359321,1
W2592719167,1
W324102958,1
W2418204409,1
W2120117064,1
W2122238803,1
W2300109086,1
W2098505332,1
W2600371543,1
W2006078284,1
W2116856272,1
W2325527132,1
W2432171358,1
W3122509703,1
W2273887230,1
W2913808174,1
W2768810766,1
W642539315,1
W1513039528,1
W2059765317,1
W2184346622,1
W1572526446,1
W2129710351,1
W2741396535,1
W4408075693,1
W2741739961,1
W2098757873,1
W167734982,1
W2418716056,1
W2068163864,1
W1995345409,1
W2012466778,1
W2128332360,1
W2042334819,1
W1858755532,1
W2293850588,1
W2117230908,1
W2806675070,1
W88283156,1
W2034114442,1
W2131749909,1
W2320324410,1
W2108472697,1
W2138533265,1
W2070921516,1
W2025560128,1
W2160461278,1
W1982549962,1
W2111876001,1
W2170915815,1
W2730233125,1
W2153552938,1
W2054716136,1
W2171412462,1
W2130570079,1
W1969766246,1
W1896651021,1
W6671531965,1
W2034625636,1
W2154794041,1
W1991451950,1
W6748299351,1
W2141825279,1
W2102452312,1
W2033530649,1
W2551981068,1
W1999950571,1
W6640805695,1
W2018146332,1
W2145840956,1
W2067390185,1
W2774178664,1
W2317658254,1
W6740497757,1
W2320739850,1
W2065064497,1
W2509455238,1
W2605564109,1
W2057065991,1
W2156259828,1
W3141419507,1
W2516763805,1
W2135052183,1
W3124283144,1
W2164765478,1
W6680387658,1
W4251185182,1
W1990103056,1
W2147794935,1
W4206696247,1
W2086309276,1
W1968819410,1
W2166647777,1
W2769584257,1
W2143401180,1
W2621250710,1
W1611067671,1
W3126065285,1
W2140030217,1
W1498481242,1
W2522219075,1
W2399295735,1
W6680075229,1
W1999872016,1
W6629154557,1
W2188859151,1
W2037142138,1
W2419428263,1
W2751969333,1
W6712556841,1
W6630572409,1
W1510532822,1
W7074118470,1
W2180409046,1
W1488694131,1
W2055691387,1
W2209927749,1
W2902067713,1
W2282342702,1
W2802982948,1
W2078539884,1
W2430691116,1
W2988244591,1
W2562618110,1
W1815785538,1
W1992526778,1
W6959943468,1
W2993989208,1
W2741470281,1
W2950979151,1
W4234287560,1
W2361260899,1
W1994045802,1
W2185408450,1
W2291558953,1
W2092356479,1
W2794810703,1
W2303903106,1
W2027648496,1
W4211057691,1
W2123315495,1
W2581401051,1
W3121754124,1
W3125985750,1
W2660186100,1
W2901738309,1
W2766937672,1
W2790479787,1
W2254605895,1
W1637540339,1
W2964046383,1
W2917966705,1
W2920569566,1
W1985054606,1
W2171275396,1
W2618662537,1
W2248416287,1
W1894768210,1
W2148044501,1
W2108882782,1
W2157364140,1
W1867913521,1
W2275342894,1
W2039338068,1
W2406355207,1
W2167046369,1
W2619012801,1
W2411357373,1
W1490716625,1
W2586647049,1
W2175510500,1
W2965064797,1
W1849627004,1
W2124265708,1
W1596795544,1
W2904863468,1
W4289329737,1
W2944723883,1
W2727500763,1
W2768036576,1
W1480809223,1
W2470229697,1
W2053170486,1
W2020701811,1
W3123085648,1
W2893350191,1
W2947254995,1
W1982774301,1
W2080535731,1
W3123688311,1
W2055491033,1
W2294485658,1
W2768902625,1
W4240769749,1
W2090156224,1
W6885087188,1
W2064363036,1
W2124497366,1
W2158315492,1
W4252281693,1
W7024415862,1
W2616906795,1
W163024887,1
W2790121410,1
W2108781206,1
W1521235441,1
W2025084391,1
W2026687909,1
W2603830488,1
W3110849051,1
W2151794981,1
W2121377244,1
W2004283873,1
W2946127697,1
W2142461254,1
W4243490579,1
W2097552644,1
W2042877036,1
W2009165423,1
W2115718427,1
W2148833717,1
W84185496,1
W2181624637,1
W2024470930,1
W989338633,1
W98211814,1
W2040338491,1
W2745391842,1
W2888728157,1
W2416330482,1
W2221513213,1
W1730843694,1
W2608440162,1
W2115087667,1
W2346561833,1
W2155520756,1
W1974991334,1
W2158870008,1
W2170381537,1
W2196983317,1
W2406386728,1
W2902964709,1
W2022463642,1
W2339453681,1
W2953988467,1
W2042913628,1
W6761625981,1
W6640552333,1
W2171751793,1
W2231260142,1
W1556170517,1
W1652955106,1
W3151748546,1
W4400498651,1
W3011693046,1
W2026773389,1
W2109400222,1
W4249444617,1
W1923907823,1
W1980713820,1
W2152897350,1
W4249423172,1
W2096621578,1
W3122845363,1
W2980556683,1
W2151176003,1
W2052661331,1
W2339269792,1
W2969559864,1
W2140468511,1
W2953219782,1
W6605701283,1
W2960596516,1
W4233450390,1
W2087231993,1
W6604404927,1
W2090792178,1
W2807235104,1
W2127064140,1
W2345859514,1
W1991248515,1
W2615649472,1
W1981290031,1
W2040644552,1
W2094312322,1
W1985781493,1
W2961360820,1
W2096901677,1
W107970029,1
W2155201736,1
W2625074895,1
W2117310607,1
W57379937,1
W2145777182,1
W6602314356,1
W2029475434,1
W1601817420,1
W2072622199,1
W2316610266,1
W2753107405,1
W2052343492,1
W2127280664,1
W2969635519,1
W2789083849,1
W6636047996,1
W2063427441,1
W2165237897,1
W2757377308,1
W2166394031,1
W2311788911,1
W6631920550,1
W2135370261,1
W1677727684,1
W1957670765,1
W2162948098,1
W2083530646,1
W2884560366,1
W1967209520,1
W2898208833,1
W2936431939,1
W2135669826,1
W2944207953,1
W3008957809,1
W2141790589,1
W606727627,1
W1696077219,1
W6660837431,1
W2008758052,1
W2004008185,1
W2120307638,1
W2034194873,1
W2015629429,1
W2163590226,1
W1977908562,1
W2140990647,1
W4239587501,1
W2123627435,1
W2110892642,1
W6637478624,1
W2103687669,1
W1571761716,1
W6641058404,1
W2077377653,1
W2052655925,1
W2100815001,1
W6682820934,1
W6730772473,1
W6836751848,1
W1975146800,1
W1561263655,1
W2560973787,1
W1785593153,1
W2932731929,1
W2304227468,1
W1993288857,1
W3151340866,1
W2015019865,1
W2039984822,1
W1900956557,1
W2338974082,1
W2573550910,1
W2888781985,1
W2077847566,1
W2805589567,1
W2023312498,1
W2791502569,1
W2167671237,1
W2767026716,1
W2114218995,1
W2039836366,1
W2076279183,1
W6669599158,1
W2110579674,1
W2113828600,1
W2097660183,1
W2336611938,1
W2083922576,1
W4210631468,1
W1984771461,1
W2526869379,1
W1860138929,1
W2089373498,1
W2771647764,1
W6638124429,1
W2522022750,1
W3121382841,1
W2157662638,1
W2750173474,1
W1592309167,1
W2527632832,1
W2896989300,1
W6730713497,1
W6748859887,1
W1483514464,1
W6777440610,1
W4211229156,1
W2790039693,1
W6808488156,1
W2915204190,1
W2804495353,1
W1972225404,1
W2107691674,1
W1483006975,1
W2602082607,1
W2735335690,1
W2209121553,1
W6702789477,1
W2504727571,1
W2295170189,1
W2174213513,1
W6604755440,1
W1972043143,1
W2139254295,1
W6677885645,1
W17970645,1
W1696993935,1
W1513999885,1
W2957986199,1
W3144750081,1
W2029696851,1
W2122527655,1
W2793443730,1
W1588658978,1
W2096955817,1
W6758453266,1
W2546062884,1
W2189376190,1
W2911405344,1
W2001613367,1
W2165330477,1
W1982570783,1
W1991771257,1
W6678483690,1
W1970265566,1
W2982159208,1
W6769433691,1
W2808485060,1
W6741972516,1
W2132485138,1
W2125000557,1
W6630555856,1
W7036557728,1
W5363951,1
W2151346970,1
W1858982501,1
W1704550276,1
W2004462823,1
W2053361538,1
W3032337505,1
W2285183582,1
W2416760038,1
W2606511114,1
W2625415824,1
W2891749117,1
W2044029730,1
W2419603216,1
W1531463816,1
W6628492164,1
W6738002009,1
W6767476088,1
W6692918074,1
W1937894135,1
W6676246469,1
W2736642814,1
W2545412396,1
W2412544149,1
W2090137585,1
W3087209240,1
W3123488825,1
W2282279993,1
W2888144821,1
W291324968,1
W2050107478,1
W3041715185,1
W3006788558,1
W2048395986,1
W4404210154,1
W2740142435,1
W2157507764,1
W2331347750,1
W2019105756,1
W2470553906,1
W2167575052,1
W2092398994,1
W6678924223,1
W2086648873,1
W2064526252,1
W2806057059,1
W1981572602,1
W3013074905,1
W2131120512,1
W2119987738,1
W2018388933,1
W2027343020,1
W1968060248,1
W1427017095,1
W3026962702,1
W2339002244,1
W6672215729,1
W182035827,1
W204386523,1
W2123095386,1
W1995517950,1
W6737175784,1
W2154793545,1
W2394672354,1
W1608737606,1
W2140726900,1
W2053961376,1
W2010646757,1
W2901071461,1
W144217067,1
W1653540073,1
W2032062745,1
W2109830476,1
W2026195525,1
W2564738437,1
W1978736315,1
W1934600001,1
W2151725110,1
W2063843882,1
W2773494249,1
W2069393810,1
W2005287139,1
W144464076,1
W1998484338,1
W4210538147,1
W2017965436,1
W6654908025,1
W6606122402,1
W2277364342,1
W2086871738,1
W1999580977,1
W2775459637,1
W1731004255,1
W1999295758,1
W2949115934,1
W4236290379,1
W2079952929,1
W119500842,1
W1532511427,1
W2133930300,1
W2997963020,1
W3004765656,1
W2151237469,1
W2998483729,1
W85467943,1
W6603473302,1
W2942475754,1
W6600222734,1
W2076461849,1
W2999373582,1
W2105403408,1
W2067477739,1
W2147173550,1
W2405735038,1
W2129648341,1
W2032562232,1
W2094836728,1
W2400553628,1
W1991339231,1
W2163098558,1
W2196528099,1
W2169610176,1
W2141847884,1
W2033115336,1
W205946103,1
W1752899526,1
W2167722484,1
W2109660625,1
W4232790489,1
W2540582409,1
W2068438417,1
W1956017441,1
W2138148220,1
W2118296712,1
W1837367045,1
W2395052473,1
W1982105249,1
W2918009030,1
W2969237528,1
W1608805405,1
W2076814210,1
W2492883806,1
W2187658601,1
W2978200405,1
W4235994204,1
W2904927769,1
W1994412010,1
W2782744209,1
W2528098159,1
W2625902985,1
W2552906210,1
W1947952470,1
W2582208331,1
W2154801386,1
W22064310,1
W2920582597,1
W2154378630,1
W2054204289,1
W2054434773,1
W2057014623,1
W2344645661,1
W3125937743,1
W3105808614,1
W2010659952,1
W2238050746,1
W2156205480,1
W4237831939,1
W2141699230,1
W2184731143,1
W2917350934,1
W3172996796,1
W2009642737,1
W2767996342,1
W2146439406,1
W2141676927,1
W4214933448,1
W2186287631,1
W3021659692,1
W2136780666,1
W1714671112,1
W2921012991,1
W2168536722,1
W2074136527,1
W3001764054,1
W2186259935,1
W2195479654,1
W3156610584,1
W2583401405,1
W2588601573,1
W4241434332,1
W2564051464,1
W2178685704,1
W2128584537,1
W1960033875,1
W2765865789,1
W2729340437,1
W2038471477,1
W1913281388,1
W2064253126,1
W2216656336,1
W2113224665,1
W6639939673,1
W2050086798,1
W2101018101,1
W2460807162,1
W4252401277,1
W2084856384,1
W2538158020,1
W2626549176,1
W4405458495,1
W2914798672,1
W2622159439,1
W2255492853,1
W2322279434,1
W2283645261,1
W2473482834,1
W2914043408,1
W1968523507,1
W2940538315,1
W2913764791,1
W2945982835,1
W2906598964,1
W2942856385,1
W2569955854,1
W2963446769,1
W2131642900,1
W1501961628,1
W2126131802,1
W2168902876,1
W1973823774,1
W2478171054,1
W2073010523,1
W2462558555,1
W2805167021,1
W4248739819,1
W1667592081,1
W2760811596,1
W2264569969,1
W4205206539,1
W2070575338,1
W2776477947,1
W2073163825,1
W1793937740,1
W2013704629,1
W2322472622,1
W6653876832,1
W3087705705,1
W1551958785,1
W2623924396,1
W2766851266,1
W2117095302,1
W2806810828,1
W2550246859,1
W602710656,1
W4250767441,1
W1549744787,1
W2032479558,1
W2029076153,1
W2330895804,1
W2795552942,1
W2141310061,1
W2091365253,1
W2952257137,1
W2166723123,1
W2759404731,1
W2598456579,1
W3142773129,1
W2297282155,1
W6605765780,1
W6788814179,1
W2156663008,1
W2136432755,1
W2796241844,1
W4230753018,1
W2237843492,1
W3125682323,1
W3122399578,1
W3125406003,1
W6635807656,1
W6750482962,1
W140254151,1
W2341326607,1
W2940635347,1
W2769728402,1
W2293477631,1
W2790049676,1
W2859271408,1
W4241113672,1
W2755843032,1
W2103381443,1
W2093924252,1
W2415747309,1
W1904762408,1
W1585438206,1
W4231851759,1
W2593251798,1
W1838915449,1
W2103839390,1
W2138990015,1
W3122906962,1
W2993841096,1
W2023581163,1
W2805584703,1
W2747514898,1
W2955967463,1
W2892261076,1
W2765201225,1
W2883934284,1
W3146362880,1
W2025294117,1
W2896109193,1
W2398857614,1
W2922896557,1
W2621126573,1
W1439036471,1
W2155307309,1
W2472569763,1
W2951175513,1
W2518717070,1
W2091916543,1
W1488565103,1
W2076356263,1
W3125123028,1
W2023654116,1
W2024374649,1
W2593631741,1
W6749711267,1
W1966170367,1
W2804322580,1
W1514338618,1
W2304733507,1
W4299657339,1
W1988452410,1
W2943245787,1
W2068895077,1
W1510177425,1
W2228741239,1
W6774403115,1
W2524951354,1
W2093168306,1
W2009401220,1
W1500270474,1
W3007254278,1
W6679500202,1
W2162387674,1
W2996328728,1
W2120468445,1
W1986951961,1
W2178829860,1
W6677991499,1
W2082050700,1
W2160248008,1
W2750687015,1
W2766727310,1
W2962296381,1
W2330458655,1
W6587125,1
W1969750978,1
W3141341243,1
W46044913,1
W4247234432,1
W2938271831,1
W1524442324,1
W4233343835,1
W2147370444,1
W2554378205,1
W2758111041,1
W2038064069,1
W1978026942,1
W3101109313,1
W6991697692,1
W2143142376,1
W1975814766,1
W2146840174,1
W6695490904,1
W2065492247,1
W2137345929,1
W1574598390,1
W6637780254,1
W2277488567,1
W2042148014,1
W2023995094,1
W6694184951,1
W6638547097,1
W2029127059,1
W1607398459,1
W2126537607,1
W2325560145,1
W2143909125,1
W2315664870,1
W6695143113,1
W2067416234,1
W3044593540,1
W1764241347,1
W2943730329,1
W2088351709,1
W2910379143,1
W1991417507,1
W2942070751,1
W1992942888,1
W4233720239,1
W1983267457,1
W2595383950,1
W2080124098,1
W2059246765,1
W2167118372,1
W2187938024,1
W2039419393,1
W1971430075,1
W3151748627,1
W1601157209,1
W164689693,1
W2038258862,1
W232219085,1
W2145674533,1
W2601745875,1
W2120844786,1
W2929551658,1
W2127262969,1
W2041833805,1
W2859883453,1
W2033329364,1
W1999805916,1
W2033410150,1
W1503424460,1
W2277759560,1
W2012728415,1
W2162800172,1
W2899905321,1
W6609104061,1
W1494140139,1
W2929962492,1
W1964542872,1
W4235884191,1
W1528905581,1
W2108173696,1
W2899203187,1
W6756093254,1
W2943370495,1
W2005363580,1
W2054810450,1
W2130427463,1
W2057634840,1
W2138707014,1
W2009736266,1
W2099114507,1
W2098167897,1
W249665416,1
W1967039410,1
W2905524413,1
W3028287904,1
W2035116498,1
W6679138997,1
W4235195821,1
W6680539091,1
W4230220266,1
W1974408328,1
W2799595171,1
W1984940080,1
W6631784147,1
W4293112737,1
W3177715691,1
W2127385821,1
W2808181178,1
W2084343068,1
W1972078736,1
W2463820852,1
W2924778364,1
W2067322578,1
W1925065715,1
W6698677197,1
W1988638372,1
W2037226390,1
W4245767123,1
W2963924603,1
W1917986661,1
W1999518524,1
W28959510,1
W2161477973,1
W1991974004,1
W6632798319,1
W2808248398,1
W2006622316,1
W2910632137,1
W6679664808,1
W6789458700,1
W2073243625,1
W2924927091,1
W2159796440,1
W2755276252,1
W2102393256,1
W3001472365,1
W2412702708,1
W1869873416,1
W6609496237,1
W1999746054,1
W4254734754,1
W2411732126,1
W6632858868,1
W3011127849,1
W4303953018,1
W2593605805,1
W2996901367,1
W2892320041,1
W2756636188,1
W2805564685,1
W3013308762,1
W2794091963,1
W2047324863,1
W2522622892,1
W1744787401,1
W2748825470,1
W2733546598,1
W2771763081,1
W2206994836,1
W2409490356,1
W2149839061,1
W1975159661,1
W3014597830,1
W7073724702,1
W2027634352,1
W1824454329,1
W2913563954,1
W2972412751,1
W6757566104,1
W2123032225,1
W2904801769,1
W1987066647,1
W2125398298,1
W2150575850,1
W4210571216,1
W1569410165,1
W2903843220,1
W6643720319,1
W4375945320,1
W3115538520,1
W2170087628,1
W2538931021,1
W2113940912,1
W2899273083,1
W6757078828,1
W4206951906,1
W6677156814,1
W2092127068,1
W2074029105,1
W2003924113,1
W1983038970,1
W2890307604,1
W2009867071,1
W2087532242,1
W2905821405,1
W3125712269,1
W4232004706,1
W2130250665,1
W3027245371,1
W2035442499,1
W2004127644,1
W2127851651,1
W2155904397,1
W1978480999,1
W2319079824,1
W3125207695,1
W1985924159,1
W2070240636,1
W4255496439,1
W2346375116,1
W2003087118,1
W2342220881,1
W6721840051,1
W2901784027,1
W7056113899,1
W1932880841,1
W2896077414,1
W2173340219,1
W6769577331,1
W6755759874,1
W2747770073,1
W6717696995,1
W2031440510,1
W2737517822,1
W2067948693,1
W7017475563,1
W1678530907,1
W2150712216,1
W2257972442,1
W2101748555,1
W2125291718,1
W2526450347,1
W4245139159,1
W2111366073,1
W2513892856,1
W2094883657,1
W2128429102,1
W2791799948,1
W309489314,1
W2057080978,1
W2126336749,1
W2743165995,1
W3123020231,1
W2954159468,1
W2165035707,1
W1493169845,1
W1607877431,1
W2070807137,1
W2560286065,1
W2016002080,1
W2787464688,1
W3126077007,1
W2754944746,1
W2283045469,1
W2802017474,1
W2103163813,1
W6602787391,1
W2170674956,1
W2139075905,1
W2125145392,1
W6753654676,1
W68887174,1
W1993884221,1
W2076226302,1
W2219961497,1
W1971753106,1
W1896992559,1
W2586238729,1
W2782503185,1
W2579544211,1
W4250251110,1
W2002144979,1
W4236292779,1
W4254574130,1
W2614788762,1
W2194700659,1
W1797073009,1
W2607108685,1
W1490052305,1
W1978023061,1
W2107160790,1
W2940458301,1
W1570666886,1
W2111571181,1
W2048828214,1
W2156137477,1
W2992863652,1
W2930578978,1
W2968003857,1
W3193814654,1
W2149659534,1
W2800676804,1
W2961701398,1
W188878168,1
W4388081343,1
W1984229986,1
W2162356694,1
W1783002200,1
W1860262050,1
W2147776460,1
W2899740600,1
W2414452165,1
W2650078515,1
W2566730559,1
W2012710086,1
W2111279180,1
W2042123098,1
W2063825102,1
W2910376703,1
W2053515245,1
W1965826439,1
W2141114347,1
W2605969050,1
W2159512086,1
W1976669337,1
W1655258870,1
W1607208425,1
W4205519806,1
W4230302246,1
W1969477744,1
W2083587796,1
W2029435717,1
W2968458690,1
W1994383374,1
W6761323010,1
W2140909642,1
W2000896334,1
W2805553163,1
W1956983887,1
W4388330628,1
W2146282314,1
W2533839921,1
W2337099329,1
W1970562236,1
W2595414649,1
W2276197759,1
W1597420649,1
W1498516957,1
W1994063459,1
W2106997448,1
W2115914478,1
W1880663553,1
W2100181800,1
W4380264921,1
W2787497619,1
W4248506217,1
W6684187113,1
W2162555339,1
W6752371235,1
W2005512101,1
W6783343930,1
W7075594401,1
W2547858691,1
W3121577820,1
W4230769315,1
W2294331653,1
W2776108351,1
W2652915684,1
W2908439522,1
W3088225035,1
W1998894244,1
W2050909505,1
W2025813487,1
W2038184126,1
W2041471293,1
W2403614152,1
W4230637740,1
W4256005559,1
W2902044896,1
W3122768711,1
W2047545985,1
W1993525950,1
W1965955155,1
W2085420111,1
W2059052306,1
W1982323738,1
W2092973486,1
W2474665015,1
W2114828257,1
W4245826780,1
W2064671240,1
W2024631408,1
W2100116504,1
W2801945886,1
W2069397332,1
W3011338064,1
W1849047813,1
W2096639980,1
W2101437721,1
W2531730619,1
W2994871377,1
W1502058904,1
W2065832981,1
W1591103172,1
W2004984015,1
W1536398684,1
W2162479074,1
W1938872059,1
W2416679158,1
W7052279092,1
W2417837113,1
W1992559205,1
W2899416143,1
W2805997730,1
W4255360856,1
W2613958304,1
W1815770480,1
W2578634392,1
W854818448,1
W2051939599,1
W1971974815,1
W1964019815,1
W2011653230,1
W1664072549,1
W2043466934,1
W2924181293,1
W1826548996,1
W2109226672,1
W2074238625,1
W2125816277,1
W1988945444,1
W1575714269,1
W2890443732,1
W2092503922,1
W2761294975,1
W7051693377,1
W2755544351,1
W2292841872,1
W2119634260,1
W3131345516,1
W1992734074,1
W2580929216,1
W2739825912,1
W1828965109,1
W2026427411,1
W2918526754,1
W2049320894,1
W2750957208,1
W2291345369,1
W2110527863,1
W1973587927,1
W1521492281,1
W2791025127,1
W2114391641,1
W2207443719,1
W2946148501,1
W2041851258,1
W2981774776,1
W2140153393,1
W2168071207,1
W6815566007,1
W2132671700,1
W26149925,1
W597336730,1
W2012029301,1
W2160051381,1
W2121875666,1
W2018806934,1
W2805025991,1
W1967143750,1
W2093966520,1
W2022920393,1
W2884893175,1
W2115879380,1
W1998247512,1
W2759180792,1
W2965178548,1
W3012447046,1
W2785957646,1
W2776722716,1
W3122392745,1
W2797241499,1
W2605244230,1
W2945402364,1
W2162511428,1
W1579486696,1
W2961340473,1
W2839079262,1
W2136539448,1
W2904757265,1
W330905105,1
W2534747214,1
W2093404763,1
W2072678693,1
W2508937177,1
W2779431288,1
W2758196363,1
W2216302802,1
W2554174144,1
W2081634151,1
W2055664084,1
W2065553196,1
W2059187041,1
W2401567282,1
W2071599686,1
W2903502073,1
W2944699601,1
W4234038473,1
W2886484815,1
W4248582486,1
W2625958215,1
W2120195869,1
W2030411405,1
W2602938240,1
W2323950349,1
W4232953859,1
W2892039350,1
W4242517165,1
W2585950983,1
W2574811043,1
W2038327547,1
W650149318,1
W2760793850,1
W2155173154,1
W1586583084,1
W3017180534,1
W2608771640,1
W2036421701,1
W2641417830,1
W2045279171,1
W1773095287,1
W2603338812,1
W2891829976,1
W1983399483,1
W3015135758,1
W2122450245,1
W2626251564,1
W2939239038,1
W1972931265,1
W1626992118,1
W2339900817,1
W2115453645,1
W2889079890,1
W2060915465,1
W3121323122,1
W2097065297,1
W2089873422,1
W6673289175,1
W7073835212,1
W2159859381,1
W6684243715,1
W2023379792,1
W2160081717,1
W2076355871,1
W2164510796,1
W2398355575,1
W2133841540,1
W2292094421,1
W6669321785,1
W2130346818,1
W2437892230,1
W2317641752,1
W6718481852,1
W2006778543,1
W2505570035,1
W50635921,1
W2527984429,1
W2621334841,1
W588476555,1
W2510737346,1
W1996763125,1
W2062530983,1
W2970058603,1
W2106674195,1
W2114661412,1
W1950908700,1
W2122295735,1
W1658393192,1
W4248083674,1
W2924981608,1
W3121699679,1
W2147545165,1
W1501174316,1
W3125430755,1
W2163180165,1
W2900187344,1
W2085573882,1
W1957169096,1
W2090563089,1
W2744413978,1
W1982611617,1
W1859368946,1
W2442479017,1
W2016484793,1
W6675879261,1
W3198162550,1
W2089363368,1
W2167488165,1
W2070372803,1
W4301117080,1
W2533835508,1
W2097686533,1
W3125294937,1
W2899905808,1
W2790383049,1
W6640793757,1
W3106606846,1
W3123427216,1
W6996820751,1
W3110503868,1
W4235959163,1
W2139931028,1
W2158023858,1
W2912013923,1
W1589486910,1
W2162453090,1
W2768697273,1
W2113530335,1
W4256397739,1
W2583416697,1
W3133648544,1
W2791410563,1
W2549840486,1
W2145559783,1
W2098030651,1
W2112859363,1
W2896976476,1
W2084121281,1
W2045554509,1
W1957830929,1
W2127755037,1
W2617894384,1
W1499976166,1
W6683465428,1
W2936069350,1
W6751015777,1
W6682298969,1
W6645171672,1
W6684415121,1
W6677308345,1
W6676598796,1
W2522729423,1
W6683871430,1
W1970326724,1
W2103666798,1
W2076794724,1
W2790629966,1
W4246269455,1
W4238034476,1
W2334170940,1
W1981156273,1
W2133621586,1
W624913512,1
W2167393736,1
W2149860264,1
W1600582725,1
W2101831741,1
W2720041430,1
W2914884711,1
W2061871675,1
W2627007660,1
W2123596084,1
W2083294770,1
W2038618204,1
W2148333665,1
W6601656483,1
W4246569544,1
W2528236474,1
W39900926,1
W2060449484,1
W2121765978,1
W1985956710,1
W2058017248,1
W6600864422,1
W4243392599,1
W2024692342,1
W6628953128,1
W6676897625,1
W6684176536,1
W2331452814,1
W2160184254,1
W2952080074,1
W2055038756,1
W2025260006,1
W6660430047,1
W2058115997,1
W2068023367,1
W2073709392,1
W1744860508,1
W2088396392,1
W2074507039,1
W2040716668,1
W2155619696,1
W1978386788,1
W619565906,1
W2789546901,1
W2767381938,1
W4299425766,1
W2760529948,1
W2190364493,1
W88326731,1
W2522965486,1
W4256440262,1
W2192837316,1
W3193585856,1
W2983888473,1
W2064932578,1
W2911538467,1
W1970335388,1
W611736287,1
W2015885398,1
W2890972082,1
W2884397908,1
W1978193640,1
W2122653091,1
W3157877494,1
W2791830721,1
W2904047090,1
W2069378123,1
W1986676162,1
W2774885828,1
W2009916408,1
W2889268309,1
W2887892221,1
W1991438032,1
W2561457073,1
W1988545110,1
W2073700017,1
W2157959680,1
W2804125627,1
W1881952245,1
W1935132126,1
W2169180491,1
W2024679365,1
W6818724265,1
W2051514759,1
W1970931211,1
W6857568319,1
W2483678726,1
W2091935222,1
W2074610994,1
W2089167362,1
W1995390409,1
W1834753158,1
W656365224,1
W2995102403,1
W1537287213,1
W2175444056,1
W1987995338,1
W2231198717,1
W181352076,1
W2321763381,1
W2803041350,1
W2603207924,1
W2088563154,1
W2152147980,1
W2133252720,1
W2052546656,1
W108147092,1
W2081234132,1
W1643880321,1
W3125937655,1
W2121966785,1
W2039100483,1
W2158371350,1
W1980188551,1
W3125572536,1
W2055914416,1
W2051454850,1
W2809754877,1
W1884785936,1
W2797787314,1
W2808936152,1
W2125274875,1
W3125873316,1
W2119436232,1
W1969234444,1
W2158478272,1
W2152802023,1
W2100775027,1
W2144387798,1
W2346578708,1
W2475163802,1
W3124432164,1
W2766487143,1
W2892053163,1
W2155303420,1
W2038057042,1
W2140617186,1
W2159843560,1
W6638938724,1
W6640815078,1
W2072213047,1
W2131250778,1
W942619537,1
W2120156371,1
W2402810939,1
W2016853181,1
W2136962957,1
W2065299821,1
W4299126367,1
W3010588957,1
W2791596397,1
W2058933956,1
W2795197532,1
W2154283831,1
W2773084466,1
W2120415232,1
W1577805338,1
W2100943323,1
W2564244704,1
W2489246793,1
W2800835334,1
W1969174602,1
W2066709094,1
W2140284068,1
W2622623186,1
W2162116666,1
W1935970015,1
W2779051611,1
W2809944691,1
W2895083984,1
W2507029458,1
W2101931436,1
W2789970635,1
W2792728788,1
W2803351341,1
W2610807015,1
W2089757971,1
W2569357373,1
W2108274996,1
W1975128472,1
W2790725061,1
W2122942498,1
W2890440186,1
W1984170298,1
W2946210350,1
W2916500310,1
W2079708698,1
W2905359373,1
W3123880731,1
W2564523370,1
W1525686462,1
W2792902441,1
W2334782185,1
W2018405101,1
W6989764619,1
W2562863721,1
W1564007292,1
W2916485663,1
W1034568685,1
W1962973769,1
W6675404482,1
W2079906122,1
W1968028679,1
W2074865628,1
W2081727364,1
W2158590971,1
W1597284883,1
W2181967563,1
W2069040213,1
W2282033048,1
W2147693793,1
W3142319427,1
W2044321776,1
W2083618282,1
W2132705678,1
W4238911127,1
W2088312936,1
W2130653485,1
W1638146514,1
W2116516818,1
W1924425858,1
W2123884972,1
W2922002412,1
W2169843341,1
W2139375001,1
W2169205464,1
W1884949415,1
W2477408153,1
W2136690337,1
W2109979595,1
W2136999697,1
W2588787311,1
W6729794098,1
W1593400079,1
W2792351656,1
W1993921509,1
W2315933676,1
W2169623549,1
W2073540103,1
W4256243005,1
W6788630826,1
W2794912082,1
W2588117899,1
W1579620362,1
W6757517540,1
W1513982384,1
W2156996136,1
W2180747162,1
W2061379956,1
W6638326805,1
W2077227232,1
W2593979824,1
W1964039013,1
W2737810389,1
W2024735660,1
W2129313795,1
W2032482415,1
W2260279994,1
W2102948690,1
W2040973812,1
W52759715,1
W2897159633,1
W2910041791,1
W1640206976,1
W2921007811,1
W4253422181,1
W2593789793,1
W582070491,1
W2255755103,1
W1520605482,1
W2316424545,1
W4237870377,1
W150879738,1
W2047278793,1
W235040018,1
W2727863692,1
W2157207849,1
W114208392,1
W2087699818,1
W1562559729,1
W297366060,1
W2521126744,1
W2800029021,1
W1518680430,1
W2069812349,1
W2095648987,1
W2794854425,1
W4236074123,1
W2021402082,1
W1966319443,1
W4229536567,1
W2775747740,1
W2327081389,1
W6642058343,1
W627134526,1
W2187627702,1
W2461049832,1
W283921181,1
W1589318121,1
W2025898087,1
W2070530086,1
W6674474237,1
W1606646311,1
W2514880577,1
W6844529108,1
W1530045996,1
W2100914069,1
W1967305642,1
W3048591805,1
W613726658,1
W4289815526,1
W2906818209,1
W2171667825,1
W1495905315,1
W2107274044,1
W2078331984,1
W2326263590,1
W595839172,1
W2059804997,1
W2134029723,1
W2913255424,1
W2120894480,1
W2106781998,1
W2274899520,1
W1601307448,1
W581763899,1
W2921056333,1
W1984417755,1
W4234953292,1
W1482717684,1
W4235745215,1
W1576713700,1
W6726601674,1
W1496466547,1
W2485117180,1
W1975039560,1
W2039333123,1
W2129764163,1
W2098067718,1
W2474352265,1
W643206551,1
W2775163915,1
W1557260455,1
W2049055826,1
W2942286908,1
W2115635458,1
W2488912913,1
W6638685498,1
W627502578,1
W2001108525,1
W2014882534,1
W2043561688,1
W2091506708,1
W2592068858,1
W1590154464,1
W2763789731,1
W2048044252,1
W2013670224,1
W2048678186,1
W2903124834,1
W3081110727,1
W1479893025,1
W2597134697,1
W143431577,1
W6605846930,1
W2340461449,1
W2118005905,1
W6726981532,1
W2903460336,1
W2598479530,1
W1829225381,1
W2522891224,1
W6761873222,1
W6662719389,1
W2917733210,1
W2166049811,1
W2805939599,1
W2396339611,1
W4213047305,1
W2600310792,1
W2750761114,1
W6789142230,1
W6682876545,1
W2133507758,1
W6672089642,1
W6680846542,1
W6688379901,1
W2063817458,1
W6642160676,1
W6677449937,1
W6732086187,1
W6664190662,1
W6668726518,1
W6741951195,1
W6676756927,1
W6676445341,1
W2248908206,1
W6643968996,1
W6657999602,1
W6694118401,1
W6753509411,1
W6682602157,1
W6738978999,1
W6676007608,1
W6673112898,1
W6611695578,1
W6664593652,1
W6653663246,1
W6676051256,1
W6685037698,1
W2742752821,1
W2578773930,1
W6681468918,1
W6674433547,1
W6682492880,1
W2108267889,1
W6748673704,1
W6666509214,1
W6749386092,1
W2784131729,1
W2059511905,1
W2059776497,1
W2076156407,1
W2062137769,1
W1983261145,1
W6604632716,1
W2214763169,1
W1563227229,1
W1883937427,1
W115528502,1
W2054839759,1
W2624877886,1
W2129121602,1
W2900096718,1
W4210501044,1
W2111122261,1
W2550676192,1
W6739783727,1
W2323156663,1
W7070827395,1
W2527631542,1
W4232361437,1
W2908194643,1
W2059001971,1
W1538084747,1
W2206653937,1
W2112412705,1
W575232830,1
W650498276,1
W1978518007,1
W2000177812,1
W2801655690,1
W1895143776,1
W4232508652,1
W2765537429,1
W2514960549,1
W2057748843,1
W2120012989,1
W3122949506,1
W1963823038,1
W2887055042,1
W2063599303,1
W2118277605,1
W2789310545,1
W6742901840,1
W2794950240,1
W4255307916,1
W2915923787,1
W2167122315,1
W1583645667,1
W3022142147,1
W2171017104,1
W2164097032,1
W2297466671,1
W2410549828,1
W1602531339,1
W2514863221,1
W2524890036,1
W2892272827,1
W2110044867,1
W2895529474,1
W2270848770,1
W2792285743,1
W2051306579,1
W2168482753,1
W2810348960,1
W2920170722,1
W1994763662,1
W1577114345,1
W6648324332,1
W1636695998,1
W1910042396,1
W1999269403,1
W6633719083,1
W2753837043,1
W194747955,1
W1940593157,1
W2000429287,1
W1589714196,1
W2039509854,1
W2112709421,1
W2148130516,1
W1997440523,1
W2122557962,1
W2247972127,1
W4214575751,1
W2511984849,1
W2135640763,1
W1503473821,1
W145753909,1
W2268801719,1
W2256075884,1
W2609052419,1
W1502900177,1
W2902219434,1
W1661918384,1
W2151004685,1
W2187700029,1
W99260065,1
W2156251437,1
W2020267614,1
W2151689587,1
W2913615703,1
W2041027501,1
W296629809,1
W2027906289,1
W563493487,1
W1594246343,1
W6611545539,1
W4249966369,1
W2031056030,1
W2119222325,1
W1582419737,1
W3123282762,1
W1978505030,1
W2017215236,1
W2570192145,1
W2148726213,1
W2138526013,1
W2044594882,1
W2159969308,1
W2114913522,1
W2901875269,1
W2145714365,1
W2110251329,1
W2037772601,1
W3045656623,1
W1484461071,1
W2183846995,1
W1930475762,1
W1977234765,1
W2072395235,1
W2142742784,1
W3128775795,1
W2571119953,1
W6681171379,1
W2014303320,1
W2507883221,1
W2011755224,1
W4240559128,1
W1964152194,1
W2147793949,1
W2159068452,1
W6639313725,1
W4232551380,1
W1972124969,1
W2033758482,1
W1987633700,1
W2062704397,1
W2745390789,1
W2802947907,1
W2136123137,1
W1963733293,1
W2154673554,1
W2889453710,1
W2740652596,1
W2801661200,1
W2904792665,1
W2888874265,1
W4212921813,1
W2101069140,1
W3149789764,1
W2121409061,1
W1999587426,1
W2626216468,1
W2054855222,1
W76438268,1
W2401671934,1
W1994043999,1
W2128395949,1
W2978218842,1
W2574831332,1
W2244324598,1
W608106266,1
W190591315,1
W2134016083,1
W6601121909,1
W2906894234,1
W2418662775,1
W1494808458,1
W2039964043,1
W2969298330,1
W2079717005,1
W2067549818,1
W2119477936,1
W2293073501,1
W2115912440,1
W6693830156,1
W2946429114,1
W2006577480,1
W2583084042,1
W2916832123,1
W2740165885,1
W1794340354,1
W2026555083,1
W4210513092,1
W2544032113,1
W1815000304,1
W1969785818,1
W2152784350,1
W2047906148,1
W2570211740,1
W2734489034,1
W2152013044,1
W2402017764,1
W2793325196,1
W2519294187,1
W2482372615,1
W2100169986,1
W1493115772,1
W1550989903,1
W1939241954,1
W2014025656,1
W2113942644,1
W2482251703,1
W2022549778,1
W2432612777,1
W2099757990,1
W2056495893,1
W2746535799,1
W2476019264,1
W2093101148,1
W1823481988,1
W2611079854,1
W1510906960,1
W2169835822,1
W6601922472,1
W2903335566,1
W2070842094,1
W2142912667,1
W1975298594,1
W2055483225,1
W2789835801,1
W2143006761,1
W1579263772,1
W2062266463,1
W2063822254,1
W3124054127,1
W2913478111,1
W2155686640,1
W3149648688,1
W2796349379,1
W6650739632,1
W2121870456,1
W2121588628,1
W6746929902,1
W2154830464,1
W3121446163,1
W1985277214,1
W1987144840,1
W2618303423,1
W2160606205,1
W2112266075,1
W4321498756,1
W3125823510,1
W2077789516,1
W2592591598,1
W48647273,1
W3121344639,1
W1968537933,1
W2908497853,1
W2182880142,1
W2412452569,1
W2024876579,1
W2913445988,1
W2947073286,1
W2102919714,1
W2601974176,1
W2951328203,1
W2937575642,1
W2010337404,1
W2105394711,1
W2055747883,1
W2135741536,1
W2763078928,1
W4247135283,1
W2060471745,1
W2115952709,1
W1805166780,1
W2914686511,1
W2617147137,1
W6685093517,1
W1816378572,1
W2101632294,1
W1996598113,1
W6678063229,1
W2622015926,1
W2890543633,1
W2068558169,1
W2890650211,1
W2077525284,1
W2090883459,1
W3125396317,1
W2019970296,1
W1991686722,1
W1786112605,1
W1557041928,1
W2799602550,1
W2095727899,1
W2779230185,1
W6678623511,1
W2186074305,1
W2143711798,1
W4233216783,1
W6631656840,1
W2902168363,1
W2155855875,1
W6631050217,1
W2600457756,1
W2805670600,1
W2027498524,1
W6746919339,1
W1976237711,1
W4212899454,1
W7035861227,1
W2041790104,1
W2045427766,1
W4297440425,1
W1519197863,1
W2037969244,1
W2809374079,1
W2123891722,1
W2048353159,1
W2158315365,1
W6885010649,1
W3100124192,1
W2392391227,1
W6721194802,1
W2350781843,1
W4253397462,1
W2326812572,1
W2792802827,1
W2108415317,1
W6757247910,1
W1601529346,1
W3126108837,1
W6759203309,1
W2023273002,1
W2135643683,1
W2474554286,1
W2996093680,1
W6689031242,1
W2100849808,1
W2588019516,1
W3210272794,1
W1993864651,1
W2113954266,1
W2582970566,1
W1979695340,1
W2274552926,1
W2120478863,1
W1510566880,1
W2128216615,1
W2187383615,1
W2098411924,1
W2163380457,1
W3123357764,1
W2078728920,1
W2186842309,1
W2041967888,1
W2656763985,1
W1980068489,1
W2898161026,1
W633071465,1
W2898365706,1
W2331947559,1
W2077556346,1
W2239295983,1
W2000007750,1
W6606969292,1
W2497965771,1
W4394946537,1
W2903053595,1
W2039019179,1
W2560088276,1
W1906726713,1
W2801711633,1
W2382939293,1
W6605144597,1
W595329111,1
W2530732103,1
W2101260272,1
W1721583265,1
W3113681405,1
W1970794815,1
W2076887892,1
W2593238575,1
W2101462376,1
W2761700855,1
W570191807,1
W2292885773,1
W2015159090,1
W2416200858,1
W2225676352,1
W2137067014,1
W2752896473,1
W2041215718,1
W2224634640,1
W2156172971,1
W2559825393,1
W2805369172,1
W2637264306,1
W563963535,1
W2252169470,1
W6693452704,1
W2903230932,1
W2170095768,1
W2920934061,1
W2004184632,1
W1973418539,1
W2303661517,1
W2099266393,1
W1574300438,1
W2742262232,1
W1515059699,1
W6681806610,1
W2177034877,1
W2555313564,1
W2077656683,1
W138506280,1
W1799931513,1
W345252221,1
W2582555663,1
W2804615672,1
W1994614044,1
W2043906943,1
W11480448,1
W1594904493,1
W2133301888,1
W2061937819,1
W1845026203,1
W2052703053,1
W2780339036,1
W2337277977,1
W2620893101,1
W2032070006,1
W2948807923,1
W2529690949,1
W1532408248,1
W1992011398,1
W2538718960,1
W2000152030,1
W1897482060,1
W6632433577,1
W1560004982,1
W6637593291,1
W2030990855,1
W2397951226,1
W2138805218,1
W1985457689,1
W1486930067,1
W2750826707,1
W6675028442,1
W2114215673,1
W1855715431,1
W2889862531,1
W2526285318,1
W2040246126,1
W2487898712,1
W1966106079,1
W2068536274,1
W2332664841,1
W2091659086,1
W2053516552,1
W2170629890,1
W587635713,1
W1833382132,1
W2124353896,1
W1101212368,1
W6631312326,1
W1562353621,1
W2029490599,1
W2199160864,1
W3124455085,1
W1595174611,1
W2786194533,1
W159519513,1
W347727386,1
W2524084035,1
W2122838852,1
W2105676534,1
W2597312502,1
W2409584011,1
W2066683423,1
W1966115312,1
W2252476148,1
W2059181207,1
W1129209927,1
W2110285200,1
W2189049588,1
W2397091196,1
W2408069816,1
W4237299209,1
W2784444954,1
W2151196666,1
W2003308743,1
W2102915777,1
W1964404845,1
W2091283276,1
W1497948894,1
W1968747121,1
W2164498941,1
W2477722495,1
W2602609302,1
W2484604119,1
W2011827247,1
W2136763913,1
W2185823758,1
W6686255091,1
W3160342228,1
W4206769035,1
W1727629122,1
W1990647504,1
W2127955998,1
W2319901276,1
W2491877793,1
W140067766,1
W2018742216,1
W2140696988,1
W4244111693,1
W2619017770,1
W1965857050,1
W2008519433,1
W2762004425,1
W2157129326,1
W2285086402,1
W2736912844,1
W2163844180,1
W1995748879,1
W2062690744,1
W2055256900,1
W2232726603,1
W2086560514,1
W4233435884,1
W1973393206,1
W2214619261,1
W2034208707,1
W1971940410,1
W2064028485,1
W2143700991,1
W2049414952,1
W2561488810,1
W1562033056,1
W2037769890,1
W3151727758,1
W6767940262,1
W1596432671,1
W2914081170,1
W2781118089,1
W1715371769,1
W2001445043,1
W2078685387,1
W2943984057,1
W1974229404,1
W2921484664,1
W73996220,1
W2069884251,1
W1971456713,1
W2060258082,1
W2069988112,1
W2117075253,1
W2100008071,1
W2338543374,1
W2051275239,1
W2573257911,1
W2590764068,1
W2050243754,1
W1799456074,1
W2271287990,1
W2068166737,1
W2084380497,1
W2583576750,1
W3124088774,1
W2995584884,1
W2906546390,1
W2781459924,1
W2505160808,1
W2567020666,1
W2952869909,1
W3160036763,1
W2595044145,1
W1909548094,1
W1592122173,1
W2529130492,1
W2565925261,1
W2025926893,1
W2787866750,1
W1583067148,1
W2593065356,1
W2152047192,1
W1608128571,1
W1552654697,1
W2905933324,1
W4243747713,1
W4238444027,1
W7038497744,1
W2003071820,1
W2113537253,1
W2290522066,1
W2096137778,1
W2966359998,1
W2765702467,1
W3126758155,1
W2561508865,1
W6633681650,1
W2579317622,1
W1869070947,1
W2129596247,1
W1953222123,1
W2002171236,1
W2921207544,1
W2238145843,1
W6639100658,1
W2954178384,1
W2787891034,1
W179084450,1
W3124833808,1
W2155120259,1
W590353281,1
W1983478509,1
W1529004061,1
W2954929209,1
W1575903191,1
W4253962339,1
W2267534857,1
W3011386222,1
W6612914554,1
W4244442112,1
W6681223386,1
W2023007565,1
W3124695814,1
W4398961745,1
W2952162121,1
W6631237211,1
W2069005704,1
W2802366606,1
W2161886208,1
W2895816481,1
W1988634701,1
W2117666509,1
W6660585035,1
W6677935396,1
W2117956034,1
W2139967155,1
W2157117266,1
W4213284804,1
W2473181783,1
W2956335383,1
W2039253431,1
W4251353649,1
W2037445719,1
W2906151105,1
W2132952636,1
W2344150632,1
W2782546579,1
W2170024382,1
W4210366045,1
W2040084683,1
W2604742992,1
W2003935297,1
W2053865081,1
W2897466725,1
W3022452870,1
W2031203226,1
W1930074288,1
W2041946752,1
W1540927367,1
W4230275806,1
W2940235307,1
W2044528033,1
W2156362071,1
W2171795221,1
W2802429438,1
W2160923392,1
W2007512375,1
W2000691132,1
W4293003987,1
W1945405574,1
W2727711984,1
W1598818218,1
W2321560061,1
