Record_ID,OpenAlex_ID,Year,Title,Abstract_Screening_Text,Automated_Triage,Automated_Triage_Reason,Audit_Decision,Audit_Reason,Audit_Notes,Assisted_Recommendation_v1,Assisted_Reason_v1,Assisted_Confidence_v1,Manual_Audit_Decision,Manual_Audit_Reason
1710,W4389077744,2011,El financiamiento internacional para la cooperación al desarrollo de la salud de América Latina y el Caribe International financing for cooperation to develop health in Latin America and the Caribbean,"El presente estudio tuvo como objetivos a) conocer en qué medida América Latina y el Caribe (ALC) se vio beneficiada por los aumentos de la asistencia internacional para el desarrollo de la salud (ADS) a nivel mundial y si la tendencia observada después de la Cumbre del Milenio, también fue una tendencia observada en la Región, b) determinar si existen diferencias en la distribución de esta asistencia, según el ingreso bruto per cápita de los países, c) identificar el posible efecto de la crisis financiera internacional de 2008 en la ayuda oficial bilateral y d) comparar las tendencias que tuvo el gasto público salud con respecto a la ADS antes y después de la Cumbre del Milenio Se encontró que la ADS en ALC sigue un curso muy diferente al de otras regiones del mundo. A partir de 1997 se entra en un período de estancamiento fluctuante que se extiende hasta 2008, con desembolsos promedios anuales de US$ 1 200 millones. La banca multilateral tuvo una participación de 79% de los desembolsos promedios entre 2002 y 2008 en los países de ingreso medio alto, mientras que la ayuda oficial bilateral registró la mayor participación (61%) en los países de ingresos medios bajos y bajos. En este período la ayuda bilateral tiene un crecimiento anual de 13%, pero en el año posterior a la crisis los desembolsos caen en US$ 20 millones. El 64% de la ayuda bilateral provino de Estados Unidos, España y Canadá, y el 29% de la misma se destinó a VIH/Sida y enfermedades de transmisión sexual. Después de la Cumbre del Milenio la ADS canalizada hacia los gobiernos disminuyó en un 30% entre 2001-2006 y su participación con respecto al gasto público en salud regional fue de 0,30% en el mismo período, con una proporción igualmente marginal con respecto al gasto total en salud para 2008 (0,37%; US$ 2 per cápita). Se concluye que después de la Cumbre del Milenio la ADS en ALC no creció ni logró igualar las tendencias antes del 2000 y el gasto público en salud siguió su tendencia de crecimiento histórico, sin mayores incrementos con respecto al producto interno bruto regional. Frente a este panorama y por ser ALC la región más desigual pero no la más pobre del mundo, resulta imperativo replantearse las formas de pensar, conducir y entregar la cooperación para el desarrollo de la salud con enfoques innovadores y mecanismos alternativos de financiamiento que respondan más y mejor a las realidades de la región. The purpose of this study is (a) to examine the ways in which Latin America and the Caribbean (LAC) have benefited from increases in international development assistance for health (DAH) at the global level and whether the trend observed after the Millennium Summit has also applied to the Region; (b) to determine whether there are differences in the distribution of this assistance, based on the gross per capita income of each country; (c) to identify the possible effects of the 2008 international financial crisis on official bilateral assistance; and (d) to compare trends in public health expenditure in relation to DAH before and after the Millennium Summit. The study has found that DAH in LAC follows a very different pattern than in other regions of the world. The period from 1997 to 2008 was one of fluctuating stagnation, with average annual disbursements of US$ 1 200 million. Multilateral financial institutions accounted for 79% of the average disbursements in the upper-middle income countries between 2002 and 2008, while official bilateral assistance held the greatest share (61%) in the low- and lower-middle income countries. Bilateral assistance grew at an annual rate of 13% during this period, but in the year after the crisis, disbursements fell to US$ 20 million. Sixty-four percent of bilateral assistance came from the United States, Spain, and Canada, with 29% of it being directed to HIV/AIDS and sexually transmitted diseases. After the Millennium Summit DAH channeled to governments decreased 30% in the period 2001-2006, and its share of public health expenditure in the region was 0.3% for the same period, with an equally marginal proportion in relation to total health expenditure for 2008 (0.37%; US$ 2 per capita). The study concludes that after the Millennium Summit, DAH in LAC did not grow nor did it equal the trends prior to 2000, and public health expenditure followed its historical growth trend, without further increases in relation to the regional gross domestic product. Given these realities and the fact that LAC is the world's most unequal region, but not its poorest, it is imperative to reconsider the concepts, management, and delivery of cooperation in the development of health, using innovative approaches and alternative financing mechanisms that respond more effectively to the realities of the region.",Priority B - manual review,Did not pass earlier high-specificity screen; manual review required before exclusion,,,,Unclear,Possible financing evidence; target-country eligibility not identifiable from title/abstract,Low,Unclear,Insufficient title/abstract information; requires full-text or additional metadata
12096,W4412347103,2025,An Empirical Study On PMFBY Enrolment Issues Among Small-Land Holding Farmers With Special Reference To Mysuru District,"This study investigates the barriers to enrollment in the Pradhan Mantri Fasal Bima Yojana (PMFBY) among small land holding farmers in Mysuru District, Karnataka. PMFBY, introduced by the Government of India in 2016, aims to provide financial protection to farmers against crop losses due to natural calamities. However, despite its potential benefits, the enrollment rate among small and marginal farmers remains low. This research adopts a mixed-methods approach to explore key constraints related to awareness, affordability, and administrative challenges. Primary data were collected through structured questionnaires from 120 small land holding farmers across different taluks in Mysuru, complemented by interviews with agricultural officers and insurance representatives. The findings reveal that a majority of the farmers lack adequate awareness about the scheme's objectives, benefits, and enrollment procedures. Premium affordability, especially for marginal farmers, and complex documentation requirements act as significant deterrents. In addition, delayed claim settlements and lack of trust in insurance agencies further discourage participation. Many farmers also face challenges related to digital literacy and access to formal banking facilities, which are essential for scheme registration and transactions. The study concludes that for PMFBY to achieve its intended impact, efforts must be made to enhance awareness through local outreach programs, simplify administrative processes, introduce flexible premium options, and improve transparency in claim settlements. These steps are essential to increase enrollment and ensure the scheme truly benefits the vulnerable smallholder farming community in Mysuru District.",Priority B - manual review,Did not pass earlier high-specificity screen; manual review required before exclusion,,,,Exclude,No substantive financing approach/UHC-financing signal,High,Exclude,Does not meet primary financing-approach synthesis criteria at title/abstract stage
6302,W2995833317,2019,A comprehensive assessment of universal health coverage in 111 countries: a retrospective observational study,"BACKGROUND: The goal of universal health coverage (UHC) requires that everyone receive needed health services, and that families who get needed services do not suffer undue financial hardship. Tracking progress towards UHC requires measurement of both these dimensions, and a way of trading them off against one another. METHODS: We measured service coverage by a weighted geometric average of four prevention indicators (antenatal care, full immunisation, and screening for breast and cervical cancers) and four treatment indicators (skilled birth attendance, inpatient admission, and treatment for acute respiratory infection and diarrhoea), financial protection by the incidence of catastrophic health expenditures (those exceeding 10% of household consumption or income), and a country's UHC performance as a geometric average of the service coverage index and the complement of the incidence of catastrophic expenditures. Where possible, we adjusted service coverage for inequality, penalising countries with a high level of inequality. The bulk of data used in this study were from the World Bank's Health Equity and Financial Protection Indicators database (2019 version), comprising data from household surveys. Gaps in the data were supplemented with other survey data and (where necessary) non-survey data from other sources (administrative, modelled, and imputed data). FINDINGS: A low incidence of catastrophic expenses sometimes reflects low service coverage (often in low-income countries) but sometimes occurs despite high service coverage (often in high-income countries). At a given level of service coverage, financial protection also varies. UHC index scores are generally higher in higher-income countries, but there are variations within income groups. Adjusting the UHC index for inequality in service coverage makes little difference in some countries, but reduces it by more than 10% in others. Seven of the 12 countries for which we were able to produce trend data have increased their UHC index over time (with the greatest average yearly increases seen in Ghana [1·43%], Indonesia [1·85%], and Vietnam [2·26%]), mostly by improving both financial protection and service coverage. Some increased their UHC index, despite reductions in financial protection, by substantially increasing their service coverage. The UHC index decreased in five of 12 countries with trend data, mostly because financial protection worsened with stagnant or declining service coverage. Our UHC indicators (except inpatient admissions) are significantly and positively associated with GDP per capita, and most are correlated with the share of health spending channelled through social health insurance and government schemes. However, associations of our UHC indicators with the share of GDP spent on health and the shares of health spending channelled through non-profit and private insurance are ambiguous. INTERPRETATION: Progress towards UHC can be tracked using an index that captures both service coverage and financial protection. Although per-capita income is a good predictor of a country's UHC index score, some countries perform better than others in the same income group or even in the income group above their own. Strong UHC performance is correlated with the share of a country's health budget that is channelled through government and social health insurance schemes. FUNDING: None.",Priority B - manual review,Did not pass earlier high-specificity screen; manual review required before exclusion,,,,Unclear,Financing mechanism/function appears in abstract but is not explicit in title,Medium,Map only,Relevant to broader UHC/health-system knowledge map but not primary financing-approach synthesis
3474,W2212768557,2015,"Closing the health and nutrition gap in Odisha, India: A case study of how transforming the health system is achieving greater equity","Health equity is high on the international agenda. This study provides evidence of how health systems can be strengthened to improve health equity in a low-income state. The paper presents a case study of how the Government of Odisha in eastern India is transforming the health system for more equitable health and nutrition outcomes. Odisha has a population of over 42 million, high levels of poverty, and poor maternal and child health concentrated in its Southern districts and among Scheduled Tribe and Scheduled Caste communities. Conducted between 2008 and 2012 with the Departments of Health and Family Welfare, and Women and Child Development, the study reviewed a wide range of literature including policy and programme documents, evaluations and studies, published and grey material, and undertook secondary analysis of state level household surveys. It identifies innovative and expanded provision of health services, reforms to the management and development of human resources for health, and the introduction of a number of cash transfer and entitlement schemes as contributing to closing the gap between maternal and child health and nutrition outcomes of Scheduled Tribes, and the Southern districts, compared to the state average. The institutional delivery rate for Scheduled Tribes has risen from 11.7% in 2005-06 to 67.3% in 2011, and from 35.6% to 79.8% for all women. The social gradient has also closed for antenatal and postnatal care and immunisation. Nutrition indicators though improving are proving slower to budge. The paper identifies how political will, committed policy makers and fiscal space energised the health system to promote equity. Sustained political commitment will be required to continue to address the more challenging human resource, health financing and gender issues.",Priority B - manual review,Did not pass earlier high-specificity screen; manual review required before exclusion,,,,Unclear,Financing mechanism/function appears in abstract but is not explicit in title,Medium,Map only,Relevant to broader UHC/health-system knowledge map but not primary financing-approach synthesis
804,W2409003414,2007,Single-payer health care systems: the roles and responsibilities of the public and private sectors.,"Health care systems all over the world are experiencing some change as they look for a new balance between supply and demand. This article provides context for the U.S. health care financing debate by examining the health care systems of five other countries: Canada, the United Kingdom, Australia, China and India. The authors show that, with few exceptions, countries around the world have seen an increase in both government and private health care spending between 1998 and 2002. The authors also demonstrate that employers throughout most of the world are becoming more, rather than less, involved in the funding and delivery of health care to employees and their dependents-even among nations with so-called single-payer health systems.",Priority B - manual review,Did not pass earlier high-specificity screen; manual review required before exclusion,,,,Unclear,Financing mechanism/function appears in abstract but is not explicit in title,Medium,Exclude,Does not meet primary financing-approach synthesis criteria at title/abstract stage
13225,W7126031650,2026,"“Poverty is a social issue, not a mathematical problem”: examining the lessons for beneficiary identification from implementation of the UHC indigent program in Kenya","BACKGROUND: Kenya rolled out a UHC indigent program aimed to expand financial protection and health service access for poor households through subsidized health insurance under the national insurer, National Health Insurance Fund (NHIF). As Kenya transitions to a new social health insurance framework under the Social Health Authority (SHA), understanding the implementation experience of the UHC indigent program is critical for informing the roll out of SHA’s indigent program. METHODS: We conducted a qualitative process evaluation of the UHC indigent program using document reviews, semi-structured interviews with 23 key informants from national and county health authorities, development partners, and implementing actors, complemented by a validation workshop with 57 stakeholders. Our analysis was guided by Moore et al.‘s process evaluation framework and Wu et al.‘s policy capacity lens, examining implementation fidelity and capacities at multiple levels. RESULTS: The program’s implementation deviated from its original centralized design, with counties exerting control over beneficiary identification due to national data gaps, incomplete rollout of the Harmonized Testing Tool, and political and operational constraints. Variations in targeting methods, reliance on under-resourced community health actors, and delays in biometric registration contributed to partial enrolment, limited access, exclusion errors, and mistrust. Although some counties reported increased service utilization, this was limited by unregistered dependents and lack of beneficiary awareness. Stakeholders expressed concern over SHA’s use of proxy means testing for identifying the poor, citing risks of exclusion, manipulation, and failure to capture locally constructed definitions of poverty. CONCLUSION: Kenya’s experience demostrates the need to align national targeting frameworks with local realities, invest in policy capacity across stakeholders, and prioritize community validation and communication in subsidy programs. As SHA rolls out a new indigent program, these lessons offer critical guidance for enhancing fidelity, equity, and accountability.",Priority B - manual review,Did not pass earlier high-specificity screen; manual review required before exclusion,,,,Unclear,Financing mechanism/function appears in abstract but is not explicit in title,Medium,Include,Meets primary financing-approach/UHC eligibility at title/abstract stage
2417,W1491733319,2013,Universal health coverage in a regional Nepali hospital: who is exempted from payment? [Short communication],"This study assessed the characteristics of beneficiaries of a government-led policy of exemption for payment being provided in a regional hospital in Nepal. In January and February 2012, 9547 patients sought services at the out-patient clinic, the majority (83%) of whom were from the same district although this was a referral hospital for 15 districts. Only 10.8% received exemption from payment; 66% of the individuals aged >60 years and eligible for exemption were missed. These shortcomings highlight intrinsic weaknesses in the current implementing mechanisms for payment exemption, which may not be providing financial protection. This hampers efforts towards achieving universal health coverage.",Priority B - manual review,Did not pass earlier high-specificity screen; manual review required before exclusion,,,,Map only,Relevant to UHC/health-system knowledge map but no explicit financing-approach evaluation,High,Include,Meets primary financing-approach/UHC eligibility at title/abstract stage
5819,W2921297544,2019,A practical approach to universal health coverage,"Given the 400 million people who do not have access to essential health services,1WHOUniversal health coverage.http://www.who.int/mediacentre/factsheets/fs395/enDate: 2015Date accessed: February 12, 2019Google Scholar the UN has included achievement of universal health coverage (UHC) by 2030 in the Sustainable Development Goals.2UNSustainable development goals.http://www.un.org/sustainabledevelopment/sustainable-development-g+oalsDate: 2016Date accessed: February 12, 2019Google Scholar UHC has two fundamental and interconnected commitments: the equitable access to high-quality health services and the promise of financial protection for all.3Boerma T Eozenou P Evans D Evans T Kieny M Wagstaff A Monitoring progress towards universal health coverage at country and global levels.PLoS Med. 2014; 11: e1001731Crossref PubMed Scopus (166) Google Scholar To date, the global movement to achieve UHC has mainly focused on demand-side barriers by encouraging countries to increase their domestic financing for health to provide social health insurance and to decrease out-of-pocket expenditures.4Sachs JD Achieving universal health coverage in low-income settings.Lancet. 2012; 380: 944-947Summary Full Text Full Text PDF PubMed Scopus (82) Google Scholar, 5Yates R Universal health care and the removal of user fees.Lancet. 2009; 373: 2078-2081Summary Full Text Full Text PDF PubMed Scopus (165) Google Scholar Yet, even with increased expenditures and efficiency in domestic financing towards these often-called demand-side barriers, the delivery of care is still hamstrung by insufficient staff, supplies, and infrastructure or so-called supply-side investments.6Kruk ME Gage AD Arsenault C et al.High quality health systems in the Sustainable Development Goals era: time for revolution.Lancet Glob Health. 2018; 6: e1196-e1252Summary Full Text Full Text PDF PubMed Scopus (1041) Google Scholar Many countries remain impoverished due to structural factors and still cannot afford to provide quality care to all of those affected by their disproportionately large disease burdens. Even when user fees are removed, health facilities often remain empty. However, despite the insufficiency of health-care systems, the effective implementation of HIV programmes has succeeded in moving towards the once impossible goal of universal coverage of antiretroviral therapy (ART), even in impoverished settings. These advances towards realising full access to HIV care and treatment required a coordinated national-level strategy for care delivery. National programmes linked HIV surveillance data with the supply-side inputs needed to address the entire burden of disease. Projected patient volumes based on epidemiological data and treatment protocols were used to quantify and increase the number of staff for counselling, treatment, and laboratory services. Similarly, the process of estimating patient flow and volume informed the building of infrastructure and procurement of medical products.7The Maximizing Positive Synergies Academic ConsortiumInteractions between global health initiatives and health systems: evidence from countries.http://www.who.int/healthsystems/publications/MPS_academic_case_studies_Book_01.pdfDate: 2009Date accessed: February 12, 2019Google Scholar Due, in large part, to the progressive implementation of these supply-side measures, 21·7 million people across the world were accessing ART in 2017.8Atun R Andrade LOM Almeida G et al.Health system reform and universal health coverage in Latin America.Lancet. 2015; 385: 1230-1247Summary Full Text Full Text PDF PubMed Scopus (341) Google Scholar, 9UNAIDSGlobal HIV & AIDS statistics—2018 fact sheet.http://www.unaids.org/en/resources/fact-sheetDate: 2018Date accessed: February 12, 2019Google Scholar The path to the delivery of care needed to assure UHC is less clear and demands additional planning and resources to establish what interventions will be delivered to what populations. Projection models, such as the WHO OneHealth tool, already exist and the WHO and World Bank have proposed a framework for monitoring a country's progress towards UHC. Yet, although these tools are very useful in elucidating national successes and failures, in most cases such analyses do not make it to the subnational level. There is still a practical need to support the planning and implementation of health interventions at the health-centre level based on linking the disease burden for each specific catchment area with the inputs needed to progressively cover the population's health. Building off of existing UHC measurement methods, the Partners In Health UHC Monitoring and Planning Tool adds specificity for district-level and facility-level planning to allow for scaled expansion and improvement of the delivery of care within the local context by enabling granular forecasting. The user enters demographic inputs regarding the specific unit of analysis and the tool calculates, (1) the burden of disease within a given catchment area, (2) the volume of patient visits that would be expected if 100% of the disease burden was met by standard clinical protocols, and (3) the infrastructure, supplies, and staff needed to cover 100% of the population. In 2006, the Government of Lesotho invited Partners In Health to join its efforts to improve care in seven rural clinics with extremely low overall use. Despite the absence of user fees, antenatal care visits and facility-based deliveries were both exceptionally low, resulting in one of the highest maternal mortality rates in the world.10Hogan M Foreman K Naghavi M et al.Maternal mortality for 181 countries, 1980–2008: a systematic analysis of progress towards Millennium Development Goal 5.Lancet. 2010; 375: 1609-1623Summary Full Text Full Text PDF PubMed Scopus (1447) Google Scholar Using benchmarks from the UHC tool as a guide, the Partners In Health team increased the required inputs (with financing from The Skoll Foundation and the Government of Lesotho) to ensure that 100% of women could have four antenatal care visits and a facility-based delivery. Based on a national crude birth rate of 3% and the essential service package of four antenatal visits, a 7-day stay in a maternal waiting home for women living more than 2 h from the clinic, and a facility-based delivery for all women in the catchment area, the Partners In Health team estimated the number of delivery tables, waiting home beds, midwives, and delivery packs needed for each clinic. Over 2 years of strengthening the health system, the proportion of facility-based deliveries in the Bobete area rose from 12% to 56%, with no reported maternal deaths in the Bobete clinic (figure).11Satti H Motsamai S Chetane P et al.Comprehensive approach to improving maternal health and achieving MDG 5: report from the mountains of Lesotho.PLoS One. 2012; 7: e42700Crossref PubMed Scopus (25) Google Scholar With clear improvements across all seven clinics, Partners In Health was then asked to support a national reform of primary health-care delivery between 2013 and 2017. The method of aligning staff, drugs, supplies, and infrastructure with the burden of disease was formalised into the Partners In Health UHC Monitoring and Planning Tool and was used to strengthen 70 primary care clinics across Lesotho to ensure the availability of care. Preliminary analyses of the 70 facilities show substantial increases in use over a 2-year period, including a 23-times increase in facility-based deliveries in Mohale's Hoek District, which went from 73 in 2013 to 1742 in 2015. This tool does not address the role of demand-side barriers in the underuse of services. Such barriers are linked to the social determinants of health and cannot be addressed by supply-side inputs alone. Achieving UHC will require substantial improvements in health systems and financing strategies to ensure the availability of effective health services. This tool represents one pragmatic method to advocate for adequate resources to align inputs with the disease burden, rather than starting with the limitations of a truncated budget envelope. Partners In Health's forecasts, together with local health leaders in Lesotho, Haiti, Liberia, and Malawi have all been instrumental in procuring additional resources for their facilities and districts. Establishing transparent coverage targets has helped community health councils, traditional authorities, and local officials to assess and support health centres. At Partners In Health, this method is already being expanded to address surgery, oncology, non-communicable diseases, and mental health services. True global success of UHC can only be achieved if we have a clear and specific plan for implementation. We declare no competing interests. A sustainable approach to universal health coverageIn their Comment (April, 2019), the Partners In Health team1 presents a tool that they claim “represents one pragmatic method to advocate for adequate resources to align inputs with the disease burden, rather than starting with the limitations of a truncated budget envelope”. In our opinion the title of their Comment is slightly misleading. Yes, the tool can be used to convince external donor agencies who wish to support health facilities in addressing the local disease burden. However, the real challenge for local health authorities is to set fair and sustainable priorities in what services to provide first under the progressive realisation of universal health coverage. Full-Text PDF Open AccessA sustainable approach to universal health coverage – Authors' replyIn response to our Comment, Maarten Jansen and colleagues suggest that the use of their framework for evidence-informed processes is a better way for health authorities to set “fair and sustainable priorities in what services to provide first in the progressive realisation of universal health coverage”. To base health priorities on evidence, as Jansen and colleagues suggest, is indeed an improvement over using cost-effectiveness alone.1 Yet, prioritisation exercises based solely on choosing interventions that are considered sustainable on the meagre health budgets of impoverished countries will ultimately preserve the unacceptable and inequitable status quo. Full-Text PDF Open Access",Priority B - manual review,Did not pass earlier high-specificity screen; manual review required before exclusion,,,,Unclear,Financing mechanism/function appears in abstract but is not explicit in title,Medium,Map only,Relevant to broader UHC/health-system knowledge map but not primary financing-approach synthesis
2309,W2149899131,2013,"A decade of improvements in equity of access to reproductive and maternal health services in Cambodia, 2000–2010","INTRODUCTION: Despite encouraging reductions in global maternal mortality rates, Millennium Development Goal (MDG) 5 on reducing maternal mortality and achieving universal access to reproductive health remains the most off-track of all MDGs. Furthermore a preoccupation with aggregate coverage statistics masks extensive disparities in health improvements between societal groups. Recent national health indicators for Cambodia highlight impressive improvements, for example, in maternal, infant and child mortality, whilst substantial government commitments have been made since 2000 to address health inequities. It is therefore timely to explore the extent of equity in access to key reproductive and maternal health services in Cambodia and how this has changed over time. METHODS: Analysis was conducted on three rounds of Demographic and Health Survey data from 2000, 2005 and 2010. Outcome variables comprised utilisation of six reproductive and maternal health services--antenatal care, skilled birth attendance, facility-based delivery, postnatal care, met need for family planning and abortion by skilled provider. Four equity measures were calculated--equity gaps, equity ratios, concentration curves and concentration indices. Household assets were used to create the social-stratification variable, using principal components analysis. RESULTS: Coverage levels of all six services improved over the decade. Coverage improvements were greatest amongst wealthier quintiles of the population, although poorer quintiles also increased use of services. Critically, inequity in service use of all services dramatically reduced over time, except for postnatal care where inequity increased slightly. However, in 2010 inequity in service use remained favouring wealthier quintiles, greatest in use of skilled birth attendance and facility-based delivery, though the magnitude of inequity was substantially reduced compared to 2000. Met need for family planning was almost perfectly equitable in 2010. CONCLUSIONS: Cambodia has made impressive improvements in overall coverage of reproductive and maternal health services over the last decade, and also in the distribution of their use across wealth quintiles. A range of pro-poor health financing and supply-side policies as well as non-health factors may have contributed to these achievements. Further research will explore specific schemes qualitatively and quantitatively to assess their impact on equity and service use.",Priority B - manual review,Did not pass earlier high-specificity screen; manual review required before exclusion,,,,Unclear,Financing mechanism/function appears in abstract but is not explicit in title,Medium,Map only,Relevant to broader UHC/health-system knowledge map but not primary financing-approach synthesis
13531,W7151577869,2026,Structure of Review Based on Continuity and Change in Nepal's Health Service Policies and Programs: A Historical Assessment,"Nepal’s health system has undergone remarkable transformation from reliance on traditional Ayurvedic practices to the gradual development of modern health services, yet progress has been uneven when assessed historically and against international standards. “This review followed the PRISMA-P and JBI guidelines for systematic reviews on the stabilities and changes in Nepal’s health policies and programs, tracing their evolution from the establishment of Bir Hospital in 1890 to the federal restructuring of 2015. Notable achievements include significant reductions in child and maternal mortality, improvements in life expectancy, development of community-based programs such as the Female Community Health Volunteers, and gradual increases in government health expenditure. However, persistent weaknesses remain, including inadequate and unstable public financing, inequitable distribution of services, rural urban disparities, malnutrition, and dependence on external funding. When compared with regional peers, Nepal’s health outcomes remain behind high-performing countries such as Sri Lanka and Maldives, and even Bangladesh in specific areas like community health delivery. The Universal Health Coverage service index remains low, highlighting gaps in quality and equity relative to global benchmarks. Federalization has opened opportunities for localized health governance but has also created challenges in coordination and capacity. Overall, Nepal’s health journey reflects important gains but also enduring structural barriers that hinder universal, high-quality coverage. Future improvements should focus on strengthening domestic financing, addressing inequities, improving service quality, and adapting lessons from regional and global best practices to achieve sustainable health improvements.",Priority B - manual review,Did not pass earlier high-specificity screen; manual review required before exclusion,,,,Unclear,Financing mechanism/function appears in abstract but is not explicit in title,Medium,Map only,Relevant to broader UHC/health-system knowledge map but not primary financing-approach synthesis
12514,W4415188479,2025,From Accra to America: Lessons from Ghana’s Health Access Systems to Advance Equity and Affordability in U.S. Oncology Care,"Affordability, quality, and accessibility to high quality oncology care in the United States is disproportionate with respect to cost barriers, fragmented funding and geographic differences. Ghana can be used to provide insights into the development of access in the environment of limited resources, by reforming health financing, task-shifting, and community-based service delivery. This paper uses the Ghana health access systems to learn how oncology care in the U.S can be scaled and equity-based, using lessons learned in Ghana. Comparative policy analysis using a mixed method was done. Phase 1 included a systematic scoping review (2000-2025) of Ghanaian policies, program evaluation and grey literature on health insurance (NHIS), community-based primary care (CHPS) and cancer screening programs. Phase 2 involved key informant interviews on 25 stakeholders, including policy makers, oncologists and community health workers in Ghana and the U.S, and thematically analyzed them to extract success mechanisms. Phase 3 simulated the cost-effectiveness and cost implication of three modified Ghana-based interventions, including: (a) community-based screening and patient navigation, (b) nurse-led oncology care through task-sharing, and (c) tiered co-payment waivers with specific subsidies. The results indicate that Ghanaian strategies encourage diagnosis at an early stage, less out-of-pocket payments, and primary-specialty care connections. It has been projected using simulations that changing the community screening and task-sharing within the U.S. safety-net environment will reduce cases of late-stage cancer and the costs associated with treatment. Nonetheless, payment reform, investing in the workforce and supportive regulation will be required to implement this.",Priority B - manual review,Did not pass earlier high-specificity screen; manual review required before exclusion,,,,Unclear,Financing mechanism/function appears in abstract but is not explicit in title,Medium,Exclude,Does not meet primary financing-approach synthesis criteria at title/abstract stage
1537,W2127368965,2011,Social and Economic Implications of Noncommunicable diseases in India,"Noncommunicable diseases (NCDs) have become a major public health problem in India accounting for 62% of the total burden of foregone DALYs and 53% of total deaths. In this paper, we review the social and economic impact of NCDs in India. We outline this impact at household, health system and the macroeconomic level. Cardiovascular diseases (CVDs) figure at the top among the leading ten causes of adult (25-69 years) deaths in India. The effects of NCDs are inequitable with evidence of reversal in social gradient of risk factors and greater financial implications for the poorer households in India. Out-of-pocket expenditure associated with the acute and long-term effects of NCDs is high resulting in catastrophic health expenditure for the households. Study in India showed that about 25% of families with a member with CVD and 50% with cancer experience catastrophic expenditure and 10% and 25%, respectively, are driven to poverty. The odds of incurring catastrophic hospitalization expenditure were nearly 160% higher with cancer than the odds of incurring catastrophic spending when hospitalization was due to a communicable disease. These high numbers also pose significant challenge for the health system for providing treatment, care and support. The proportion of hospitalizations and outpatient consultations as a result of NCDs rose from 32% to 40% and 22% to 35%, respectively, within a decade from 1995 to 2004. In macroeconomic term, most of the estimates suggest that the NCDs in India account for an economic burden in the range of 5-10% of GDP, which is significant and slowing down GDP thus hampering development. While India is simultaneously experiencing several disease burdens due to old and new infections, nutritional deficiencies, chronic diseases, and injuries, individual interventions for clinical care are unlikely to be affordable on a large scale. While it is clear that ""treating our way out"" of the NCDs may not be the efficient way, it has to be strongly supplemented with population-based services aimed at health promotion and action on social determinants of health along with individual services. Since health sector alone cannot deal with the ""chronic emergency"" of NCDs, a multi-sectoral action addressing the social determinants and strengthening of health systems for universal coverage to population and individual services is required.",Priority B - manual review,Did not pass earlier high-specificity screen; manual review required before exclusion,,,,Unclear,Financial-protection/expenditure signal without explicit financing approach in title,Medium,Exclude,Does not meet primary financing-approach synthesis criteria at title/abstract stage
1789,W2514731023,2011,Dasatinib As a Late Second Line Therapy in Chronic Myeloid Leukemia Patients: A Retrospective Study From a Tertiary Care Centre in India,"Abstract Abstract 4438 Introduction- Chronic myeloid leukemia in Indian patients manifests a decade earlier than reported in the West. However, patients present later to the hospital, with advanced disease as evinced by large spleen size, fever and other symptoms and a high Sokal score. The cost of medicines and lack of health insurance means that most will receive Imatinib mesylate (Glivec) from the GIPAP program only, or locally produced Imatinib. The usual option for imatinib failure is to increase the dose to 600 or 800mg. Switching patients to second line therapy is difficult due to financial constraints; patients who fail Imatinib are offered allogeneic stem cell transplantation. Methods- We present a single-institution retrospective data of Dasatinib as second line therapy in CML patients resistant to imatinib. In a total of 1200 CML patients followed in our clinic, 24 patients were treated with dasatinib over a period of 4 years. 17 of whom were in chronic phase (switched after failure of Interferon and Imatinib -2, not in CHR at time of switch- 4), accelerated phase-5 and blast crisis-2 patients, at the time of starting dasatinib. They either refused transplant, did not have donor or had co-morbid factors (3-diabetes mellitus and CVD, 1- chronic renal disease along with diabetes) which made transplant difficult. Results- The median age of patients was 45 years (26–65 years) with 12 males and 12 females. They had received imatinib for a median of 50 months (20–98 months) before starting dasatinib. After a median follow up of 12 months (6.6 – 39.6 months), there was 2 deaths (CML-BC-1, CML-AP-1). Non-hematologic toxicity was generally mild to moderate (grades 1 or 2); dyspnea, gastrointestinal disorders (diarrhea, nausea) and fluid retention were seen. Pleural effusion occurred in two patients. Conclusions- Toxicities with Dasatinib were generally reversible and could be managed effectively with dose adjustments. Our limited experience showed this to be effective and well tolerated even in late failure patients with high disease burden. Disclosures: No relevant conflicts of interest to declare.",Priority B - manual review,Did not pass earlier high-specificity screen; manual review required before exclusion,,,,Unclear,Financing mechanism/function appears in abstract but is not explicit in title,Medium,Exclude,Does not meet primary financing-approach synthesis criteria at title/abstract stage
9552,W4378473622,2023,Determinants of COVID-19 vaccine uptake among Nigerians: evidence from a cross-sectional national survey,"BACKGROUND: COVID-19 ranks as one of the largest public health threats in recent times. It is associated with huge health, economic and social consequences. Although vaccination is an effective control measure, COVID-19 vaccine uptake has been suboptimal in many low/middle income countries. Hence this study assessed the factors influencing COVID-19 vaccine uptake among Nigerian households. DATA AND METHODS: This study analyzed secondary data from the COVID-19 High-Frequency Phone Survey of Households that was collected by the National Bureau of Statistics between November 2021 and January 2022. Relevant data were analyzed using descriptive statistical tools and the Multivariate Regression model. RESULTS: Out of 2370 respondents, only 32.8% of the respondents were vaccinated against COVID-19. Respondents living in urban areas (34.4%) had a higher level of COVID-19 vaccine uptake relative to those living in rural Nigeria (30.9%). Results from the Multivariate Regression model revealed that adults aged ≥ 60 years (OR 2.20; p = 0.012), respondents with primary (OR 1.72; p = 0.032), secondary (OR 1.77; p = 0.025) and tertiary education (OR 3.03; p < 0.001), respondents with access to health insurance (OR 1.68; p = 0.004), those who obtained vaccine information from health workers (OR 3.92; p < 0.001), the government (OR 3.22; p < 0.001), and the mass media (OR 1.75; p = 0.003) were more likely to be vaccinated. Also, respondents living in North Central (OR 2.02; p < 0.001), North East (OR 1.48; p = 0.039), South West (OR 2.63; p < 0.001), and South South (OR 1.49; p = 0.031) regions had higher odds of being vaccinated. CONCLUSIONS: The study recommends increased media campaigns and advocacy for COVID-19 vaccination in the South East and North West regions. Persons with no formal education and younger persons aged 18-29 years should be targeted with COVID-19 vaccine-related information given that they were less likely to be vaccinated. Dissemination of relevant information through government sources, mass media and health workers is encouraged so as to positively influence decisions to receive COVID-19 vaccines among citizens.",Priority B - manual review,Did not pass earlier high-specificity screen; manual review required before exclusion,,,,Unclear,Financing mechanism/function appears in abstract but is not explicit in title,Medium,Exclude,Does not meet primary financing-approach synthesis criteria at title/abstract stage
13797,W7160713845,2026,"Prostate Cancer in Asia: Epidemiology, Association with Human Development Index and Projections to 2040","Purpose: This study aimed to characterize the incidence and mortality of contemporary prostate cancer (PCa) across Asian countries, assess their association with the level of national development, and estimate the future regional burden of PCa by 2040. Results: In 2020, Asia accounted for 371,225 of 1,414,259 global incident PCa cases (26.2%) and 120,593 of 375,304 deaths (32.1%). Incidence and death counts were concentrated in China, Japan, and India across 47 Asian countries. The Human Development Index (HDI) showed a positive correlation with the age-standardized incidence rate (ASIR) (r = 0.59, p = 0.000025) and with key components, including life expectancy (r = 0.59), mean years of schooling (r = 0.54), and income per capita (r = 0.46). The age-standardized mortality rate (ASMR) correlated more modestly with HDI (r = 0.30, p = 0.049979) and showed mixed associations with its components. Several countries reported mortality counts that exceeded incident counts, indicating substantial limitations in cancer registration and vital statistics. Under demographic-change assumptions (baseline rates held constant), Asia is projected to contribute the largest absolute global increases by 2040: +349,434 incident cases and +135,911 deaths versus 2020. Ten countries are expected to account for most of the regional rise. Conclusions: Asia already contributes more than one-quarter of global PCa cases and one-third of deaths, and is on track for the largest absolute increase in PCa burden by 2040. Clinically, these trends imply a rapid rise in the demand for urologic, radiation, and medical oncology services, particularly in countries projected to shoulder the greatest increases. The strong HDI-ASIR gradient is biologically plausible, reflecting longer life expectancy, westernization of diet and lifestyle, and wider use of prostate-specific antigen testing in more developed settings, while the weaker HDI-ASMR association suggests that early detection and effective treatment are not yet consistently translating into survival gains. From a public health perspective, the findings support tailored regional strategies: scaling risk-adapted early detection and survivorship programs in higher-HDI systems and prioritizing diagnostic capacity, multimodal treatment access, financial protection, and registry strengthening in lower- and middle-HDI countries. Focusing investments on countries expected to experience the largest absolute increases offers a direct route to limiting mortality growth by 2040.",Priority B - manual review,Did not pass earlier high-specificity screen; manual review required before exclusion,,,,Exclude,No substantive financing approach/UHC-financing signal,High,Exclude,Does not meet primary financing-approach synthesis criteria at title/abstract stage
1229,W2047098792,2009,Five Decades of Indian Nephrology: A Personal Journey,,Priority B - manual review,Did not pass earlier high-specificity screen; manual review required before exclusion,,,,Exclude,No substantive financing approach/UHC-financing signal,High,Exclude,Does not meet primary financing-approach synthesis criteria at title/abstract stage
12637,W4416299129,2025,Human Capital Development and Healthcare Outcomes in Nigeria,"Life expectancy induces uncertainty and health is wealth stock of a nation (NHIS 2025). Human capital consists of the knowledge, skills, and health that people accumulate throughout their lives, enabling them to realize their potentials as productive members of the society. Nigeria continues to struggle with inadequate infrastructure and poor healthcare financing resulting in medical professional migration abroad which depletes stock of healthcare value despite budgetary health provisions. The study uses the ARDL model of estimation with data covering the period, 1994-2024 to determine the health outcomes measured by life expectancy in Nigeria. The result of the estimation reveals that health outcomes have positive relationship with past value of life expectance, Current Healthcare Expenditure, citizens welfare and Urbanization. The study thus stresses the need for government to double policy strategy on preventive healthcare framework with improved efficiency.",Priority B - manual review,Did not pass earlier high-specificity screen; manual review required before exclusion,,,,Unclear,Financing mechanism/function appears in abstract but is not explicit in title,Medium,Exclude,Does not meet primary financing-approach synthesis criteria at title/abstract stage
14104,W7165009600,2026,"Barriers and Facilitators to Accessing Maternal Health Services among Pregnant Adolescent Girls with Disabilities Aged 12–19 Years in Kirehe District, Rwanda","Abstract: Limited access to maternal health services remains a significant challenge for vulnerable populations, particularly pregnant adolescent girls with disabilities, whose experiences are often underrepresented in rural settings. This study examined factors influencing access to maternal health services among pregnant adolescent girls with disabilities aged 12–19 years in Kirehe District, Rwanda, focusing on individual, household, community, and health-system determinants. A qualitative descriptive design was employed to explore participants lived experiences. Data were collected through 21 in-depth interviews with pregnant adolescent girls with disabilities, three focus group discussions involving 24 participants, and 10 key informant interviews with community health workers, healthcare providers, and district health officials. Participants were selected using purposive and maximum variation sampling to capture diverse disability types, age groups, and geographical locations. Data were analyzed thematically through systematic coding, categorization, and theme development. The findings revealed that access to maternal health services was influenced by multiple interconnected barriers. Physical obstacles included long distances to health facilities, difficult terrain, inadequate transportation, and limited disability-friendly infrastructure. Economic constraints, particularly transportation costs, persisted despite community-based health insurance coverage. Social and cultural barriers such as stigma, discrimination, fear of judgment, and negative perceptions surrounding adolescent pregnancy and disability discouraged timely disclosure of pregnancy and regular utilization of antenatal care services. Health-system challenges, including inadequate provider training in disability-inclusive care, communication difficulties, staff shortages, and inconsistent implementation of adolescent-friendly services, further constrained access and quality of care. Limited access to maternal health information also affected informed decision-making. Despite these barriers, several enabling factors promoted service utilization. Family support through emotional encouragement, financial assistance, accompaniment, and participation in healthcare decisions significantly enhanced access to care. Community Health Workers played a vital role in pregnancy identification, health education, follow-up, and referrals. Additionally, respectful healthcare providers, flexible service delivery approaches, and adolescent-friendly practices strengthened trust and encouraged continued engagement with maternal health services. The study concludes that improving maternal healthcare access for pregnant adolescent girls with disabilities requires integrated, disability-inclusive, and adolescent-responsive interventions that address structural, socio-cultural, informational, and health-system barriers while strengthening family and community support mechanisms. The findings provide valuable evidence to inform inclusive maternal health policies, improve service delivery, and promote equitable maternal healthcare in rural Rwanda. Keywords: Maternal Health Services, Pregnant, Adolescent Girls, Disabilities, 12–19 Years, Kirehe District. Title: Barriers and Facilitators to Accessing Maternal Health Services among Pregnant Adolescent Girls with Disabilities Aged 12–19 Years in Kirehe District, Rwanda Author: NTIRENGANYA Theogene, Dr. Amos HABIMANA International Journal of Healthcare Sciences ISSN 2348-5728 (Online) Vol. 14, Issue 1, April 2026 - September 2026 Page No: 224-235 Research Publish Journals Website: www.researchpublish.com Published Date: 16-June-2026 DOI: https://doi.org/10.5281/zenodo.20716714 Paper Download Link (Source) https://www.researchpublish.com/papers/barriers-and-facilitators-to-accessing-maternal-health-services-among-pregnant-adolescent-girls-with-disabilities-aged-1219-years-in-kirehe-district-rwanda",Priority B - manual review,Did not pass earlier high-specificity screen; manual review required before exclusion,,,,Unclear,Financing mechanism/function appears in abstract but is not explicit in title,Medium,Exclude,Does not meet primary financing-approach synthesis criteria at title/abstract stage
3089,W2142266563,2014,"Factors related to incomplete treatment of breast cancer in Kumasi, Ghana","PURPOSE: The burden of cancer in Africa is an enlarging public health challenge. Breast cancer in Ghana is the second most common cancer among Ghanaian women and the proportion of diagnosed patients who complete prescribed treatment is estimated to be very limited, thereby potentially adding to lower survival and poor quality of life after diagnosis. The objective of this study was to identify the patient and system factors related to incomplete treatment of breast cancer among patients. METHODS: This study was conducted at the Komfo Anokye Teaching Hospital in Kumasi, Ghana. We interviewed 117 breast cancer patients and next of kin of breast cancer patients diagnosed from 2008 to 2010. RESULTS: Islamic religion, seeking treatment with traditional healers, and lack of awareness about national health insurance coverage of breast cancer treatment were predictors of incomplete treatment. CONCLUSIONS: The results of this study support that Ghanaian women with diagnosed breast cancer have multiple addressable and modifiable patient factors that may deter them from completing the prescribed treatment. The results highlight the need for developing and testing specific interventions about the importance of completing treatment with a special focus on addressing religious, cultural, and system navigation barriers in developing countries.",Priority B - manual review,Did not pass earlier high-specificity screen; manual review required before exclusion,,,,Unclear,Financing mechanism/function appears in abstract but is not explicit in title,Medium,Exclude,Does not meet primary financing-approach synthesis criteria at title/abstract stage
13209,W7125687791,2026,"The influence of climate change on children attending primary care in Isiolo County, Northern Kenya","BACKGROUND: Climate change has an adverse impact on health in Eastern Africa. Climate-sensitive diseases pose a threat to the health, growth and development of children. AIM: To determine the influence of climate change on children attending primary care in Isiolo County, Northern Kenya. SETTING: The study was undertaken in Isiolo County Referral Hospital in Isiolo County, Northern Kenya. METHODS: Convergent mixed methods research design. Quantitative data on climate variability and disease patterns were collected over the last 5 years and analysed using the Statistical Package for Social Sciences. Qualitative data from 12 interviews of parents with children under 5 years and six interviews of healthcare workers were analysed with Atlas-ti using the framework method. RESULTS: The county experienced climate fluctuation between 2019 and 2023, characterised by reduced rainfall, high temperatures, food insecurity, reduced access to water and flash floods. Families were vulnerable to the effects of these climate shocks because of limited finances. Primary care services were of low quality and lacked resilience. Healthcare workers reported limited medical resources, healthcare worker shortages and overcrowding in hospitals. Health effects reported by parents included malaria, pneumonia, diarrhoeal diseases and mental health illnesses. Social effects reported were displacement, child neglect and disruption to education. CONCLUSION: Climate change has had a substantial impact on children's health and social circumstances. Families that are dependent on public sector health services are vulnerable and lack the resilience needed to cope with climate stressors. The health facilities also lack the resilience needed to respond adequately to the challenges of climate change.Contribution: This study will strengthen climate and health data and improve policies to address regional community needs. It also demonstrates that improving healthcare financing will impact healthcare system resilience.",Priority B - manual review,Did not pass earlier high-specificity screen; manual review required before exclusion,,,,Unclear,Financing mechanism/function appears in abstract but is not explicit in title,Medium,Exclude,Does not meet primary financing-approach synthesis criteria at title/abstract stage
12324,W4414569596,2025,"Assessment of the public health system preparedness to provide geriatric-friendly healthcare services in Punjab, India: A cross-sectional study","Introduction: The need for geriatric-friendly healthcare services is increasing with the growing elderly population in India. This study assesses the readiness of Punjab's public healthcare system to provide geriatric-friendly health services by identifying its strengths and gaps. Objective: This study aims to assess the geriatric-friendly healthcare services provided at different levels of the healthcare system in the state of Punjab. Materials and Methods: A cross-sectional study was conducted across three districts of Punjab-Amritsar, Bathinda, and Jalandhar-representing different geographical regions. A total of 12 healthcare facilities, comprising district hospitals, community health centers, and primary health centers, were assessed using a structured tool based on the World Health Organization's health system building blocks. Readiness was measured using a Readiness Index (RI), based on which districts were categorized into low (0-50), moderate (51-79), and high (80-100) preparedness levels. Results: The overall RI score indicated moderate geriatric-friendliness across most health facilities, with one district hospital achieving high readiness. The Health Management Information System domain scored the highest (97.9%), while healthcare financing (41.6%) and leadership/governance (31.2%) were the weakest areas. Service delivery, infrastructure, and medical commodities showed moderate readiness challenges remained in human resources and financial support for geriatric care. Conclusion: Punjab's public healthcare system demonstrates moderate readiness for geriatric-friendly services, with significant room for improvement at peripheral healthcare levels. Strengthening leadership, governance, financial allocation, and training programs is essential for enhancing geriatric care. Sustainable, integrated healthcare models focusing on preventive, promotive, curative, and rehabilitative care can improve accessibility and outcomes for the elderly.",Priority B - manual review,Did not pass earlier high-specificity screen; manual review required before exclusion,,,,Unclear,Financing mechanism/function appears in abstract but is not explicit in title,Medium,Map only,Relevant to broader UHC/health-system knowledge map but not primary financing-approach synthesis
1905,W807633454,2012,"DETERMINANTS OF MOTIVATION OF SENIOR HIGH SCHOOL AGRICULTURAL SCIENCE TEACHERS IN THE CENTRAL REGION, GHANA","ABSTRACTA correlational research design was used to examine the perceived levels of motivation and related variables of agricultural science teachers of selected Senior High Schools in Central Region of Ghana. Their existing levels of motivation, job satisfaction, supervision, work conditions, recognition, promotion, involvement in goal setting and background characteristics as well as the relationships among these variables were determined. The results showed perceived average levels of motivation, job satisfaction, supervision, recognition, promotion and involvement in goal setting among the teachers. However, they perceived low level of work conditions. Positive and significant relationships were found between motivation, and the following variables: work conditions (r = 0.451), recognition (r = 0.510), involvement in goal setting (r = 0.417). Other significant relationships observed were between recognition and involvement in goal setting (r=0.340), recognition and work condition (r=0.362), and recognition and supervision(r=0.372). Regression analysis showed that the best predictors of motivation of teachers were recognition and work conditions, both variables explaining approximately 32% variations in motivation of the teachers. It is therefore recommended that, to improve the motivation of Senior High School Agricultural Science teachers, there is the need to improve various aspects of work conditions of the teachers such as salary, health insurance coverage, accommodation and other facilities. Teacher recognition by both employers and supervisors need to be strengthened through giving teachers equal chance of winning the Best Teacher Award and verbal appreciation to teachers from supervisors, parents and students.Keywords: Determinants of Motivation, Motivation related variables, Agricultural Science Teachers, performance, Recognition and Work Conditions.(ProQuest: ... denotes formulae omitted.)INTRODUCTION:The term motivation was originally derived from the Latin word movere, which means to move. Motivation has been defined as  predisposition to behave in a particular manner to achieve specific, unmet  (Buford, and Bedeian,1988 p.145). Jones (1955) defined the term as how behaviour gets started, is energized, is sustained, is directed, is stopped, and what kind of subjective reaction is presented in the organism while all these are going on. A more recent interpretation of motivation by Kanfer (1990) considered motivation as an intra- and inter- individual variability in behaviour not due solely to individual differences in ability or to overwhelming environmental demands that coerce behaviour.There are a number of motivational theories that has been developed by scholars in an attempt to explain human behaviour. These have generally been grouped into two: content and process approaches to the study of motivation. Proponents of the content approaches are interested in 'what is' within people that motivate them. It is based on the assumption that people have a set of needs or desires outcomes which they embark upon actions to achieve them. On the other hand, proponents of the process approaches are concern on how and why people are motivated to achieve organisational goals. Process theories also concentrates on the ways outcomes become desires (Lucey, 2005; Buford & Bedeian, 1988; deCharms 1968, Csikszentmihalyi & Rathunde, 1993, Deci & Ryan, 1985; Porter, Bigley and Steers, 2003). Major content approach theories are, 1. Maslow's Hierarchy of needs, 2. Herzberg's Two-Factor theory, 3. Alderfer's ERG (Existence-Relatedness-Growth) theory and 4. McClelland's Achievement Motivation theory. The process approach theories include 1.Vroom's Expectancy theory, 2. Adams equity theory and 3. Handy's Motivation calculus and 4. Reinforcement theory ( Lucey, 2005; Vroom and Deci, 1999; Handy, 1993).Aside the two major approaches to motivation, Schein (1996) classified individuals in a work place based on certain assumptions and what motivate them namely 1. …",Priority B - manual review,Did not pass earlier high-specificity screen; manual review required before exclusion,,,,Unclear,Financing mechanism/function appears in abstract but is not explicit in title,Medium,Exclude,Does not meet primary financing-approach synthesis criteria at title/abstract stage
4357,W2893414527,2017,"Evaluation de l’automedication dans les officines de Lome, Togo","Introduction:  Les professionnels de sante sont de moins en moins consultes par les patients avant l’achat de medicaments faisant ainsi recours a l’automedication. L’automedication est tres repandue dans le monde. Au Togo, peu d’etudes sur l’automedication ont ete realisees en milieu officinal, lieu privilegie de dispensation de produits pharmaceutiques. L’objectif de cette etude est d’estimer la prevalence de l’automedication dans les officines a Lome et d’identifier les facteurs associes a cette pratique.   Methode:  Une etude transversale a visee descriptive et analytique a ete realisee du 18 decembre 2013 au 16 janvier 2014 aupres de sujets âges de 18 ans et plus se presentant a la pharmacie pour un achat de medicaments ou pour un conseil. Les donnees de l’enquete ont ete recueillies a l’aide d’un questionnaire standardise administre en face a face.   Resultats:  Au total 1310 sujets dont l’âge median etait de 32 ans (intervalle interquartile, (IIQ) : [25- 40] ans) ont participe a l’etude et parmi eux 30,92% possedaient une assurance maladie. La prevalence de l’automedication etait de 80,28% (intervalle de confiance a 95%, IC a 95% : [77,99 - 82,38]). Les enquetes se procuraient principalement des antalgiques (64,76%), des antipaludiques (41,66%) et des antibiotiques (33,88%) dans le cadre de l’automedication. Les raisons avancees dans la pratique de l’automedication etaient la connaissance de la maladie, l’absence de sa gravite et le manque d’argent. Les facteurs associes a l’automedication etaient l’absence d’une assurance maladie (p<0,0001), un âge superieur a 32 ans (p<0,0070) et le manque d’argent (p<0,0001).   Conclusion:  L’automedication responsable est un moyen preconise par l’Organisation Mondiale de la Sante pour desengorger les structures sanitaires mais surtout pallier a l’insuffisance de ces structures, particulierement dans les pays en developpement. Toutefois, pour que cette pratique soit benefique et securisee pour les usagers, le legislateur doit renforcer le cadre de delivrance de ces medicaments et mener des actions de sensibilisation sur le bon usage des medicaments aupres de la population togolaise.   Mots cles:  automedication, pharmacies d’officine, facteurs associes, Togo   English Title:  Assessment of self medication in pharmacies in Lome, Togo   English Abstract    Background:  Nowadays, patients are less likely to consult health professionals before purchasing medicines, thus practicing self-medication. Self-medication is widespread  around the world. In Togo, few studies on self-medication have been conducted in pharmacies which are prime places for drug dispensing. This study aims to estimate the prevalence of self-medication in pharmacies in Lome and factors associated with this practice.   Methods:  A descriptive and analytical cross-sectional study was conducted from December 18, 2013 to January 16, 2014 among subjects aged 18 years and over attending pharmacy to purchase medicine or for counseling. Data on self-medication practices were collected using a structured questionnaire administered during a face-to-face interview.   Results:  A total of 1310 respondents with a median age of 32 years (interquartile range, (IQR): [25-40] years) participated in the study and among them, 30.92% had health insurance. The prevalence of self-medication was 80.28% (95% confidence interval, 95% CI: [77.99 – 82.38]). Respondents reported using mainly analgesics (64.76%), antimalarials (41.66%) and antibiotics (33.88%). Reasons for practicing self-medication were prior experience treating a similar illness, feeling that illness was not severe, and lack of money. Factors associated with self-medication were lacking health insurance (p <0.0001), being older than 32 (p <0.0070) and lacking money (p <0.0001).   Conclusion:  Responsible self-medication is a practice promoted by the World Health Organization to compensate for health structures lacking and overcrowding, particularly in developing countries. However, in order to have safe and beneficial self-medication for consumers, the legislator must strengthen the framework for the delivery of these drugs and conduct awareness-raising campaigns on the proper use of medicines among Togolese general population.   Keywords:  self-medication, pharmacies, associated factors, Togo",Priority B - manual review,Did not pass earlier high-specificity screen; manual review required before exclusion,,,,Unclear,Financing mechanism/function appears in abstract but is not explicit in title,Medium,Exclude,Does not meet primary financing-approach synthesis criteria at title/abstract stage
6737,W3167752845,2020,The American Living Donor Fund,"An online fundraising campaign brought in three hundred dollars. Friends from church pooled just a bit more than that for the cause. But the total was not enough to cover six weeks of 46 year-old Stephanie Washington’s expenses as she recovered at her sister’s home in Hayward, California from kidney donation surgery to help her niece, a gunshot victim. “She knew that God would provide, but I knew that we had to put some plans in place,” said Washington’s sister, Faye Herald, who didn’t anticipate the obstacles potential donors encounter. Washington ran her own cleaning service, and if she didn’t go to work- she wouldn’t get paid. She provides for two children, a daughter at Howard University and a 14 year-old son. Money is tight, but she never considered not donating; if she did not, she feared her brother’s 24 year-old daughter would soon die. What she didn’t know when she first considering donating is what many Americans don’t either: while a transplant recipients’ health insurance covers the medical expenses of donors, coverage does not include transportation, lodging, childcare or lost wages. The National Organ Transplant Act of 1984 made it illegal to compensate organ donors. Herald thought that some charitable assistance had to be available, and with some research, she discovered the newly established American Living Organ Donor Fund, founded late last year by bioethicist and health care attorney Sigrid Fry-Revere to remove financial disincentives that accompany such a benevolent act. “Why should a living donor who is saving a life by giving part of their body go into debt or use up their savings?” Fry-Revere asked. She received a completed application from Herald on behalf of her sister that included documentation that Washington was self-employed, along with a client list and bank statements. Fry-Revere approved it, and one day after Washington was discharged from a San Francisco hospital following January 6th surgery, she received a check from the fund to cover two months of rent and household bills. “It’s such a blessing and relief,” Washington said by phone from her sister’s home. “I can relax, and that’s one of the reasons my recovery is going so good. I don’t have to worry.” According to the American Journal of Nephrology, living donors incur an average of five thousand dollars in out-of-pocket expenses. Sometimes, costs total as much as four times that. However, the Census Bureau reports that only eight percent of households can afford such a cost without dipping into savings or going into debt. Twenty percent of American households have no discretionary funds. “This is awesome,” Herald said about Fry-Revere’s new non-profit, funded initially by a successful Kickstarter campaign. “She is doing a great thing.” Living donors are desperately needed, as more than 120,000 Americans are listed on the United Network for Organ Sharing (UNOS) waiting list. Those awaiting kidneys number 103,000; these patients are ones that could be helped through living donation. Fry-Revere was once a potential donor herself. In 2010, she thought she had plans in place to donate a kidney to a friend who experienced organ failure as a child due to a bout with strep throat and fever. His mother donated a kidney then; when it failed, he received a cadaveric kidney that lasted two decades. Having two transplants already, chances were nil that he would receive another organ by waiting on the UNOS list. Fry-Revere believed that she was his solution, as she was medically compatible. She planned surgery during the Christmas holidays, so that her husband and college-aged sons could take time away from work and school to help her recover at their ten-acre Northern Virginia farm. What she had not considered was the factor driving her current philanthropy: personal expenses. The University of Michigan Transplant Center coordinator told her that an eight-week recovery plan was required; however, her caregivers could only be home for a month. Unable to tend to daily tasks of property maintenance, she also would need to hire a farmhand. With the expense being unanticipated and unaffordable, she was quickly eliminated from the process. Fry-Revere’s friend died one year after her declined offer. “I was dumbfounded,” she said. “They would rather let him die than give me time to figure out how to take care of myself.” More than one million people have died as a result of end stage renal disease since 1980; Fry-Revere points out that this number is more than the approximate total of 623,000 military deaths in World Wars I and II, Korea, Vietnam, the Persian Gulf, Afghanistan and Iraq combined. She has been lobbying Congress to amend the National Organ Transplant Act with more provisions and financial support for living donors. Fry-Revere said she believes funding donors’ out-of-pocket costs would save exponentially more money than continuing to cover long-term dialysis and other medical expenses for the thousands of patients awaiting a kidney. The most expensive patients, perhaps, could more easily receive organs from live donors; in turn, they would be removed from the UNOS waiting list. “Here’s a real savings opportunity,” she said. “This is a win-win solution that saves money and saves lives.” In the meantime, her organization has the resources to assist 17 qualifying donors, and Fry-Revere is working to raise more. “We are small peanuts right now,” she laughed. “It’s a drop in the bucket, but it helps our morale and helps educate people.” It wasn’t small peanuts for Stephanie Washington, or for her niece who is recovering well. “There are probably potential donors who would be willing if they knew they would be getting some type of assistance,” Washington said. For more information on the American Living Organ Donor Fund: http://www.helplivingdonorssavelives.org/ For more information about Sigrid Fry-Revere’s related work: http://ethical-solutions.org/",Priority B - manual review,Did not pass earlier high-specificity screen; manual review required before exclusion,,,,Unclear,Financing mechanism/function appears in abstract but is not explicit in title,Medium,Exclude,Does not meet primary financing-approach synthesis criteria at title/abstract stage
3707,W2477545034,2016,Rectangularisation Issues in Health Economics & Insurance: Measures and Mitigations,"Aim: Actuaries are financial engineers who construct arrays of risk models combining mathematical techniques in order to carry out required actuarial calculations, such as reserve valuation and pricing. The main purpose is to identify some reliable models which price risk factors embedded in insurance products. Health insurance products which are very different in nature from life insurance products must be examined and priced carefully. This paper discusses predominantly two risks. Excess claims ratio and Rectangularisation risks. Background: The first author, Dr. S. Jayaprakash was responsible for Enterprise Risk Management with MetLife India. He was earlier associated with Life Insurance Corporation of India & Oracle Financial Services. Dr. P. K. Dinakar, the second author, qualified as Fellow of the Institute of Actuaries of India, was Chief Actuary of MetLife India Insurance. He was earlier associated with Life Insurance Corporation of India & Birla Sunlife. The third author, Dr. Michael Ha, FSA, MAAA, CFA, CPA (Australia), FRM, PRM, LLM, was Vice President of Strategic Business Initiatives Units at ING Life Insurance in its Taiwan operation. He started his actuarial career at MetLife, Canada. Earlier, the first and third authors worked on a research paper titled “Modeling Policyholder Behavior through Insurance Resonant Marts for Pricing Options and Guarantees” [1] which was presented at the 5th World Congress on Engineering and Technology. The seven authors decided to collaborate on the current research paper for health insurance design and financing purposes.",Priority B - manual review,Did not pass earlier high-specificity screen; manual review required before exclusion,,,,Unclear,Financing mechanism/function appears in abstract but is not explicit in title,Medium,Exclude,Does not meet primary financing-approach synthesis criteria at title/abstract stage
3109,W2168555604,2014,Talking back to the state: citizens' engagement after neoliberal reform in India,"In this article we propose a different approach to the study of neoliberalism. We shift away from institutionally focused accounts of neoliberalism as a strategy of rule, to examine the way citizens engage with neoliberal reform. While there is a burgeoning body of literature on the expansion of civil society, new entrepreneurship and novel governmentalities, not enough is known about the ways the state is restructured by the social processes that follow on from neoliberal reform. How does the to‐and‐fro between policy makers, state agents and citizens shape emerging projects and what consequences do citizens' actions have for state structure? The article uses two case studies from India: a local governance reform and a new health insurance. Unpacking their multiple unexpected outcomes, we argue that neoliberalism does not represent a discrete set of state practices or ideologies but a set of ideals operating in a political field that is far in excess of it and creates new contestations about how to structure and improve the relations among the state, markets and citizens.",Priority B - manual review,Did not pass earlier high-specificity screen; manual review required before exclusion,,,,Unclear,Financing mechanism/function appears in abstract but is not explicit in title,Medium,Unclear,Insufficient title/abstract information; requires full-text or additional metadata
6749,W3036801011,2020,Evidence from the Productive Safety Net Programme in Ethiopia: Complementarities between social protection and health policies,"Abstract Motivation Social protection policies typically involve multiple sectors, ranging from food security to health care. Despite this, limited research is directed toward understanding how different social protection programmes complement each other. Purpose We explore complementarities between three major national social protection programmes in rural Ethiopia: the Productive Safety Net Programme (PSNP), the Community Based Health Insurance (CBHI) scheme and the Health Fee Waiver (HFW) system. Approach and methods We use secondary data from districts in which the PSNP operates to study the coverage of the CBHI and the HFW schemes. We then quantify the prevalence of health shocks reported by poor households and calculate the annual out‐of‐pocket (OOP) health care expenses incurred by poor households in these districts. Findings We find limited overlap between the PSNP and the CBHI or HFW schemes. In districts in which the CBHI operates, about 22% of the PSNP households are enrolled into CBHI. For 10% of all PSNP households, the CBHI insurance premium was waived due to their poverty status. In non‐CBHI districts, 3.5% of PSNP households report having benefitted from HFW. Moreover, many households report serious health shocks that resulted in loss of consumption or assets. The estimated OOP health expenditures are high, even among those households enrolled into CBHI or benefitting from HFW. Policy implications Taken together, these findings suggest that there is scope to improve the linkages between these three major social protection programmes in Ethiopia to protect the poorest and most vulnerable households.",Priority B - manual review,Did not pass earlier high-specificity screen; manual review required before exclusion,,,,Unclear,Financing mechanism/function appears in abstract but is not explicit in title,Medium,Unclear,Insufficient title/abstract information; requires full-text or additional metadata
7227,W3173253599,2021,Interests in Yoga During the COVID-19 Pandemic in India,"Sir, The COVID-19 pandemic and the accompanying lockdown measures have brought an unparalleled destruction to physical and mental health and socioeconomic conditions across the globe. Restrictions in many countries including India have disrupted civil life and resulted in people being confined for months in their homes. There is a growing concern that the COVID-19 pandemic might unleash a mental health crisis in the near future. According to a recent study by the Indian Psychiatric Society, there is a significant increase in mental illness cases due to the worries about work, health, finance, strain in relationships, and lockdown, leading to one in five Indians suffering from mental illness.[1] To mitigate the mental health crisis, according to media reports, many Indians are turning to yoga, an ancient physical and mental practice which originated centuries ago in India.[2] However, to the best of our knowledge, there are no systematic attempt to document this growing interest in yoga among the population of India, during the lockdown period in India, which started on March 24, 2020. The objective of this study is to use the Google Trends search volume index (SVI), a normalized value from 0 to 100, to understand the changes in population interest in yoga during lockdown in India. We searched Google trends using the key search word “Yoga” in India. The primary outcome was the mean SVI during two time intervals: prelockdown period (January 26, 2020–March 22, 2020), and the lockdown period (March 29, 2020–May 24, 2020) and the corresponding period of the previous year in order to rule out other seasonal effects ((March 29, 2019–May 24, 2019). The difference in Google Trends SVI data was analyzed using t-tests in the Statistical Package for the Social Sciences version 21 (SPSS, Inc., Chicago, IL, USA). A significant increase in SVI was seen between the prelockdown period (January 26, 2020–March 22, 2020) and the lockdown period (March 29, 2020–May 24, 2020) for the search word “yoga” (68.98 {6.43} vs. 90.09 [4.4], P < 0.001). This increase in SVI was also statistically significantly higher when compared to the same time period in 2019 (90.09 vs. 87.74, P < 0.05). Our findings suggest that public interest in yoga in India has been significantly influenced by the events during the pandemic, especially the nationwide lockdown. Moreover, there are multiple media reports showing significant interests in yoga among the urban community and many yoga trainers also reported a significant increase in demands for online yoga training courses during the lockdown period.[3] The potential reason for this increase in interest in yoga could be that it can be performed indoor and people who want to keep or improve their physical and mental fitness might have seen yoga as a practical alternative to other usual outdoor fitness activities or visiting fitness centers. Internet search data like Google Trends may provide the most practical, least biased, and valuable insights into population behavior during the COVID-19 pandemic.[4] However, it is important to keep in mind that the observed surge in population interest in yoga may not translate into changes in behavior as we do not have the information on who participated in yoga following online searching. Public health experts and policymakers should utilize this surge in interest in yoga to promote active lifestyles during this crisis to mitigate the negative mental health outcomes. Financial support and sponsorship Nil. Conflicts of interest There are no conflicts of interest.",Priority B - manual review,Did not pass earlier high-specificity screen; manual review required before exclusion,,,,Exclude,No substantive financing approach/UHC-financing signal,High,Exclude,Does not meet primary financing-approach synthesis criteria at title/abstract stage
9468,W4366742299,2023,Peer Counselor Intervention for Reducing Mortality and/or Hospitalization in Adults With Hypertensive Urgency in Tanzania: A Pilot Study,"BACKGROUND: Worldwide, people with hypertensive urgency experience high rates of hospitalization and death due to medication non-adherence. Interventions to improve medication adherence and health outcomes after hypertensive urgency are urgently needed. METHODS: This prospective cohort assessed the effect of a peer counselor intervention-named Rafiki mwenye msaada-on the 1-year incidence of hospitalization and/or death among adults with hypertensive urgency in Mwanza, Tanzania. We enrolled 50 patients who presented with hypertensive urgency to 2 hospitals in Mwanza, Tanzania. All 50 patients received a Rafiki mwenye msaada an individual-level, time-limited case management intervention. Rafiki mwenye msaada aims to empower adult patients with hypertensive urgency to manage their high blood pressure. It consists of 5 sessions delivered over 3 months by a peer counselor. Outcomes were compared to historical controls. RESULTS: Of the 50 patients (median age, 61 years), 34 (68%) were female, and 19 (38%) were overweight. In comparison to the historical controls, the intervention cohort had a significantly lower proportion of patients with a secondary level of education (22% vs. 35%) and health insurance (40% vs. 87%). Nonetheless, the 1-year cumulative incidence of hospitalization and/or death was 18% in the intervention cohort vs. 35% in the control cohort (adjusted Hazard Ratio, 0.48, 95% CI 0.24-0.97; P = 0.041). Compared to historical controls, intervention participants maintained higher rates of medication use and clinic attendance at both 3- and 6-months but not at 12 months. Of intervention participants who survived and remained in follow-up, >90% reported good medication adherence at all follow-up time points. CONCLUSION: Our findings support the hypothesis that a peer counselor intervention may improve health outcomes among adults living with hypertensive urgency. A randomized clinical trial is needed to evaluate the intervention's effectiveness.",Priority B - manual review,Did not pass earlier high-specificity screen; manual review required before exclusion,,,,Unclear,Financing mechanism/function appears in abstract but is not explicit in title,Medium,Exclude,Does not meet primary financing-approach synthesis criteria at title/abstract stage
4757,W2765293262,2017,Lack of legal status and health rights of Palestinian women spouses of Palestinian Israeli citizens,"Background Health is a universal human right. However, access to health care services (HCS) depends on a person’s legal status (LS) in a given country. Provision of HCS to undocumented persons is controversial. In Israel, only residents, as determined by the Citizenship Law (CL), are eligible for National Health Insurance. A 2003 amendment to CL left thousands of women from the Occupied Palestinian Territories who are married to Palestinian citizens of Israel with virtually no means of attaining LS. Objectives Using a human rights lens, we aim to uncover mechanisms in the CL amendment that infringe upon the right to health among women lacking LS. Methods We conducted in-depth interviews with 21 Palestinian women (ages 22-59) lacking LS in Israel. Results Our thematic analysis revealed that the CL amendment not only infringes upon the right to health, but other basic human rights thereby enacting structural discrimination. Many women lacking LS live without health insurance or have limited access to HSC (e.g., prenatal care and screening, hospitalization, abortions), paying burdensome fees for private care while being denied the right to work. This situates them in poverty, as they also incur legal fees pursuing LS. Women are denied freedom of movement, and family life is disrupted, via frequent separations and they live in fear of deportation due to the precarity of temporary residency permits. Lack of LS can be passed to children, thereby violating children’s rights to education and health. A mother can even lose custody, since children cannot be registered on her non-existent ID. Lack of LS thus infringes upon women’s right to live in dignity, while deepening gender inequalities, as they cannot study, own or inherit property, open bank account, or obtain a driver’s license. Conclusions Assuring the right to health and access to universal HCS among Palestinian women lacking LS requires substantive reformation of the CL to disconnect LS from the right to health. Key messages: Health is a universal human right but access to health care services (HCS) depends on a person’s legal status (LS) in a given country Assuring the right to health and access to universal HCS among Palestinian women lacking LS requires substantive reformation of the CL to disconnect LS from the right to health.",Priority B - manual review,Did not pass earlier high-specificity screen; manual review required before exclusion,,,,Unclear,Financing mechanism/function appears in abstract but is not explicit in title,Medium,Exclude,Does not meet primary financing-approach synthesis criteria at title/abstract stage
9144,W4386058899,2023,"Knowledge about National Health Schemes among Patients Attending Rural Health Training Centre of Medical College, Visnagar – A Cross Sectional Study","Context: Around 70% of the Indian population resides in rural areas and around 28% of the population live in below poverty line. Coverage of various health schemes falls short of the desirable coverage of 25% according to the National Health Policy. Out-of-pocket medical expenses account for more than four-fifths of total health-care spending in India. The major reason for low coverage in India is the lack of awareness of the health insurance schemes among people. Studies regarding government health schemes in the rural population are scarce. Hence, this study was conducted. Aims: The aim of this study was to assess the knowledge about national health schemes and to determine the association between knowledge with various sociodemographic variables among patients attending Rural Health Training Centre (RHTC) of Medical College in Visnagar. Settings and Design: A cross-sectional study was carried out among 107 patients attending the Outpatient Department at RHTC for 3 Months. Subjects and Methods: Data were collected with convenience sampling technique using a pretested, semi-structured questionnaire. Knowledge scores were used to categorize into good and poor knowledge. Statistical Analysis Used: The responses were entered and statistically analyzed by using SPSS v. 20. Chi-square test was applied to know the association between demographic variables and knowledge. Results: Only 35 (32.71%) participants ever applied while only 32 (29.90%) participants ever received benefit from any government health scheme. Furthermore, 66 (61.68%) participants had heard about Pradhan Mantri Jan Arogya Yojana which is highest. Out of all schemes, knowledge about Integrated Child Development Services Scheme was highest among participants, 39 (36.44%) participants knew about its benefits, 39 (36.44%) about beneficiary, 27 (25.23%) knew how to avail benefits, 26 (24.29%) about portability and 26 (24.29%) about goal. Awareness regarding various schemes was proportionately higher, 40 (52.63%), in age ≤30 and in male sex, 46 (60.52%), and card availability, 63 (82.89%). Conclusions: It is evident from the present study that knowledge regarding various health schemes in the study population is inadequate.",Priority B - manual review,Did not pass earlier high-specificity screen; manual review required before exclusion,,,,Include,Explicit financing mechanism/approach in title with target-setting and evaluative/UHC relevance,High,Unclear,Insufficient title/abstract information; requires full-text or additional metadata
3928,W2527477115,2016,Backpackers’ views on risk in the Cape Coast-Elmina area of Ghana,"The backpacker market segment is recognized as one of the fastest growing segments of the tourism trade. Despite its growth, literature suggests that the peculiar characteristics of backpackers predispose them to varied forms of risks. Consequently, the study sought to examine backpackers’ perspectives on issues concerning risk in the Cape Coast-Elmina area. Data were obtained from 387 backpackers to the Cape Coast-Elmina area in Ghana using the systematic sampling method. A Chi-square test was performed to explore the relationship between backpackers’ perception of risk and their travel and socio-demographic characteristics. Making inference to the perceived risk theory, the study identified three main risk areas, health, finance and crime, to be of concern to backpackers surveyed from the study area. The results suggest significant associations between some socio-demographic characteristics (gender and highest level of education) and risk perception. Likewise, some significant associations were observed between the respondents’ perception of risk and their length of stay, accommodation preference and travel party size.",Priority B - manual review,Did not pass earlier high-specificity screen; manual review required before exclusion,,,,Exclude,No substantive financing approach/UHC-financing signal,High,Exclude,Does not meet primary financing-approach synthesis criteria at title/abstract stage
3108,W2035494233,2014,MS in Egypt,,Priority B - manual review,Did not pass earlier high-specificity screen; manual review required before exclusion,,,,Exclude,No substantive financing approach/UHC-financing signal,High,Exclude,Does not meet primary financing-approach synthesis criteria at title/abstract stage
4877,W2787950960,2018,Examining the Effectiveness of a Protected Areas Network in the Conservation of Kigelia africana under Climate Change by 2050 in Benin,"Sustainability of Kigelia africana species passes throughout their conservation.Protected area is recognised as the granary of species populations.Kigelia africana is an indigenous species and traditionally contributes to the resilience in term of health insurance, source of income, reduction of poverty and stability of the biodiversity.This study determines to find out 1) how Kigelia africana species populations' distributions may be affected under future climate scenarios, and 2) how well protected areas contribute to the conservation of Kigelia africana plant species.Available bioclimatic and soil data layers were used for the modelling with maximum entropy approaches, and resulting maps were overlaid on the existing protected areas network.Results showed that species distribution remains mainly much stable and the relationships with protected areas networks suggest that protected portions of species distributions will also remain stable.",Priority B - manual review,Did not pass earlier high-specificity screen; manual review required before exclusion,,,,Unclear,Financing mechanism/function appears in abstract but is not explicit in title,Medium,Exclude,Does not meet primary financing-approach synthesis criteria at title/abstract stage
6562,W3010046298,2020,Assessment of Nutrition Status of Children with Chronic Renal Failure Undergoing Hemodialysis,"Chronic renal failure is a worldwide health problem, with increasing prevalence and adverse outcomes. Children's nutritional status reflects the degree to which physiologic needs for nutrients are being met. In challenges of pediatric nurse role, she must gathering data for nutrition assessment, provide education regarding dietary modifications, encourage appropriate food choice, and evaluate the adequacy of nutrient intake for children with CRF as they are already in risk for poor nutritional health. Aim of the study was to assess the nutritional status of the school age children with CRF undergoing hemodialysis. Setting it was carried out in hemodialysis unit of Alexandria University Children at El-Shatby Hospital (AUCH) and Health Insurance Student's Hospital (HISH) in Alexandria, Egypt. Subject: A convenient sample of all children (30) with chronic renal failure undergoing hemodialysis was involved. Materials and Method: A structured interview questionnaire was designed and used to interview the child or mothers. It included nutritional assessment of studied children such as Physical examination, anthropometric measurements and lab investigation. The results revealed that the majority of studied children had height, weight, BMI, MAC, TSFT less than normal. The majority of children were anemic. Most of children had low in vitamins such as A (93.3%), C (93.3%) and D (100%). 63.3 % of the studied children had hypoalbuminaemia. high percent of children had hypocalcemia and hypokalemia. All of studied children had hypercreatinemia. Recommendation: nutritional counseling should be performed based on individualized assessment of children with consideration of the children age, development, food preference, activity, cultural beliefs, and psychological status.",Priority B - manual review,Did not pass earlier high-specificity screen; manual review required before exclusion,,,,Unclear,Financing mechanism/function appears in abstract but is not explicit in title,Medium,Exclude,Does not meet primary financing-approach synthesis criteria at title/abstract stage
14526,W7204008920,2026,Young Motherhood in Crisis: Multidimensional Childcare Challenges in Accra’s Old Fadama and African Eleven Slums,"Abstract Background Young mothers in urban slums face multifaceted challenges in raising their children due to poverty, limited access to basic services, and weak social support systems. However, limited qualitative research in Ghana has specifically examined their lived experiences within their ecological contexts. Objectives This study aimed to address these gaps by exploring the multidimensional challenges young mothers face in raising their children in the Old Fadama and African Eleven slums in Accra, Ghana. Methods A qualitative research design utilising Interpretative Phenomenological Analysis (IPA) was employed to explore the multidimensional challenges faced by young mothers in the Old Fadama and African Eleven slums. In-depth, face-to-face interviews were conducted with young mothers aged 18–35 years (10 from each site). Data was transcribed, coded using NVivo 12 Pro, and analysed using the six-step IPA framework outlined by Smith et al. (2009). Findings The study revealed that young mothers in the Old Fadama and African Eleven slums faced several multidimensional and structural challenges, including role overload, health-seeking barriers, feeding inadequacies, poverty, and limited employment opportunities. However, these young mothers demonstrated considerable resilience through peer networks and adaptive livelihood strategies. Conclusions Young mothers in slums require urgent, integrated interventions addressing poverty, healthcare access, employment, and psychosocial support. Recommendations include National Health Insurance Scheme (NHIS) awareness campaigns, the establishment of community clinics, targeted livelihood programmes, and gender-responsive policy frameworks that recognise fathers’ roles and mothers’ agency.",Priority B - manual review,Did not pass earlier high-specificity screen; manual review required before exclusion,,,,Unclear,Financing mechanism/function appears in abstract but is not explicit in title,Medium,Exclude,Does not meet primary financing-approach synthesis criteria at title/abstract stage
12626,W7105730597,2025,CHITETEZO PA MOYO: AI-DRIVEN MICRO-INSURANCE FOR HEALTHCARE IN MALAWI,"The outcome is that high quality health care services highly limited in Malawi has been affordability, insufficient infrastructure and very little insurance coverage. Most of the traditional health insurance companies charge services that are absolutely unaffordable for the low income and rural communities in these isolated areas where digital exclusion is compounded with a lack of Smartphone ownership and poor internet connectivity. A lack of tailored services for various health needs, and delays in emergency response, coupled with inefficiencies in manual claim processing, worsen financial vulnerability. Importantly, these, therefore, emphasize the need for innovative, tech-enabled solutions. Evidence-Driven Health furthermore constrains meaningful policy formulation and strategic resource mobilization. Without smart systems, insurance companies do not have the competence to evaluate risks adequately, predict health trends or cut survey costs but fail to deliver sufficiently their output. The aforementioned gaps can adequately be filled through introducing Artificial Intelligence and Machine Learning within the Chitetezo Pa Moyo platform to provide efficient real-time risk assessments, automated claims adjudications, policy recommendations for particular issues in addition to deep user engagement. Such development holds the potential of bridging the digital divide and transforming access for poorer Malawians.",Priority B - manual review,Did not pass earlier high-specificity screen; manual review required before exclusion,,,,Unclear,Financing mechanism/function appears in abstract but is not explicit in title,Medium,Include,Meets primary financing-approach/UHC eligibility at title/abstract stage
3188,W1596249291,2015,"Determinants for the Attraction of Urban Dairy Farm Investment in Mekelle City, Ethiopia","This study addressed the urban dairy farm investments in Mekelle city, Tigray Regional State, Ethiopia. Its main objective was to analyze the factors for urban dairy farm investment attraction in Mekelle city. Quantitative primary data was collected through structured questionnaire from a sample of 59 dairy farmers selected by using proportionate simple random sampling. Analysis was conducted by using ordinal logistic regression model. Thus, age, year of experience, access to finance, health care service, training, distance, infrastructure and governmental policy were found to be statistically significant determinants of the urban dairy farm investment attraction. Therefore, the government and other stakeholders should motivate dairy farm investors by giving training on business issues; arrange trade fares, forums and exhibitions for experience sharing; and address the prevailing finance problems, infrastructure challenges, and dairy inputs, among others Finally, future researchers are suggested to carry out large scale and in-depth studies to identify factors affecting the overall  attractiveness of urban dairy farm investment in other part of Tigray region there by to develop appropriate strategies for the development and attraction of dairy farm investment.    Key  w  ords : Chi-Square, Cooperatives, Determinant Factors, Dairy Farm, Investment, Mekelle City, Ordered Logit, Small Holders.",Priority B - manual review,Did not pass earlier high-specificity screen; manual review required before exclusion,,,,Exclude,No substantive financing approach/UHC-financing signal,High,Exclude,Does not meet primary financing-approach synthesis criteria at title/abstract stage
7920,W4294870714,2021,The Impact of Health Sector Reforms on Health System in Bangladesh: A Scoping Review,"Abstract Background Climate-induced environmental changes, and their potential impact on population health, are among the most pressing challenges affecting health systems. These health impacts put additional strain on health systems, putting their resilience and capacity to deal with increased shocks and stresses to the test. Implementing reforms to address the vulnerabilities in the health system can help build its capacity to cope with these shocks. We conducted a scoping review to explore the literature on health sector reforms in Bangladesh and understand their impact on health systems. Methods A scoping review was conducted by searching through academic (MEDLINE, SCOPUS, Web of Science and Google Scholar) and grey literature published in English and French between 1991 and 2021 that addressed national health sector reforms impacting the health system and access to care. Results Our search yielded 2688 articles for screening and 22 were included in our scoping review. One of the major health sector reforms was the shift from a project-based approach to a sector-wide approach (SWAp) in health. Studies found that implementing initiatives such as community clinics, a voucher scheme for pregnant women, increase in hospital beds at public facilities improved health care access and delivery of care, especially for rural districts. Despite government efforts, the health system continues to be vulnerable to shocks due to a significant shortage of formally qualified health professionals especially nurses and technologists and relatively low public financing. Conclusions Evidence suggests that health sector reforms implemented as part of SWAp have had a limited improvement on the health system. More emphasis should be placed in the future on implementing reforms to address critical issues such as human resources for health and health financing, which may contribute to building their capacity to cope with emerging threats due to climate change and improving access to care. Key messages Building a resilient health system may involve assessing the system's vulnerabilities, strengths and limitations through the perspective of health sector reforms. Current health sector reforms have had limited impact in addressing the vulnerabilities of the health system.",Priority B - manual review,Did not pass earlier high-specificity screen; manual review required before exclusion,,,,Unclear,Financing mechanism/function appears in abstract but is not explicit in title,Medium,Unclear,Insufficient title/abstract information; requires full-text or additional metadata
9075,W4313476329,2022,Utilisation des Services Obstétricaux Modernes au Togo: Approche par les Modèles Mixtes,"Plusieurs études révèlent que près de 80 % des décès maternels pourraient être évités si les femmes avaient fait un recours adéquat aux soins obstétricaux modernes (Adiko et al., 2018). Au Togo, seulement 33% des femmes ont fait un recours adéquat aux consultations prénatales et 64% ont fait recours à l’accouchement moderne en 2017 (Institut Nationale de Statistique et des Etudes Démographiques(INSEED), 2017). Des modèles mixtes en particulier de la régression logistique multiniveau appliqués aux données de l’enquête par grappes à indicateurs multiples (2017), il ressort que, les femmes faisant recours adéquat aux consultations prénatales uniquement, pratiquaient la contraception moderne, sans union ou en union monogame, vivaient dans des ménages dirigés par une personne ayant un niveau d’instruction secondaire ou plus. Elles habitent dans les communautés à degrés de modernité sanitaire élevé et de fragmentation religieuse homogène. Celles qui ont fait recours uniquement à l’accouchement moderne ont une assurance santé, sont plus épanouies et dirigées par une personne du groupe ethnique Adja/Ewé. Elles résident dans les ménages non loués. Ce sont elles qui habitent dans des communautés plus riches. Tandis que celles qui font les deux recours sont des primipares, plus exposées aux médias, résidant dans un ménage à niveau de vie élevé et dirigé par un chef catholique ou musulman. Au Togo, il serait pertinent d’agir sur le recours adéquat aux consultations prénatales en rendant plus disponibles les soins et sur le recours à l’accouchement moderne par la sensibilisation sur son l’utilité. Several studies show that nearly 80 per cent of maternal deaths could be prevented if women had made adequate use of modern obstetric care (Adiko and al., 2018). In Togo, only 33% of women made adequate use of antenatal consultations and 64% resorted to modern childbirth in 2017 (INSEED, 2017). Mixed models in particular the multilevel logistic regression on data from the Multiple Indicator Cluster Survey (2017), it appears that women making adequate use of antenatal consultations only, has used modern contraception, without a union or in a monogamous union, lived in households headed by a person with secondary education or higher. They live in communities with high degrees of sanitary modernity and homogeneous religious fragmentation. Those who rely solely on modern childbirth have health insurance, are more fulfilled and are led by someone from the Adja/Ewé ethnic group. They reside in non-rented households. They are the ones who live in wealthier communities. While those who make both appeals are primiparous, more exposed to the media, residing in a household with a high standard of living and headed by a chief Catholic or Muslim religious. In Togo, it would be relevant to act on the appropriate use of antenatal cares by making care more available and on the use of modern childbirth by raising public awareness of its usefulness.",Priority B - manual review,Did not pass earlier high-specificity screen; manual review required before exclusion,,,,Unclear,Financing mechanism/function appears in abstract but is not explicit in title,Medium,Exclude,Does not meet primary financing-approach synthesis criteria at title/abstract stage
1471,W2080500817,2010,"Access to care and medicines, burden of health care expenditures, and risk protection: Results from the World Health Survey",,Priority B - manual review,Did not pass earlier high-specificity screen; manual review required before exclusion,,,,Exclude,No substantive financing approach/UHC-financing signal,High,Include,Meets primary financing-approach/UHC eligibility at title/abstract stage
1055,W2140909642,2008,Primary health care: making Alma-Ata a reality,,Priority B - manual review,Did not pass earlier high-specificity screen; manual review required before exclusion,,,,Exclude,No substantive financing approach/UHC-financing signal,High,Map only,Relevant to broader UHC/health-system knowledge map but not primary financing-approach synthesis
9368,W4327629663,2023,Willingness to Pay for Clinical Pharmacy Services Among People With Diabetes in Nigerian Community Pharmacies,,Priority B - manual review,Did not pass earlier high-specificity screen; manual review required before exclusion,,,,Exclude,No substantive financing approach/UHC-financing signal,High,Exclude,Does not meet primary financing-approach synthesis criteria at title/abstract stage
6807,W3041949819,2020,Implication of Natal Care and Maternity Leave on Child Morbidity: Evidence from Ghana,"The aim of government with the help of the Ghana Health Service (GHS) and other stakeholders has been to reduce the level of child morbidity which leads to child mortality in Ghana. This study on natal care and its implication on child morbidity would help the government in formulating appropriate policies to curb this problem. This study uses Acute Respiratory Infection (ARI) which is an infection of the lungs and respiratory tract as a proxy for child morbidity. The specific aim of this study is to ascertain the effect of Natal Care (Antenatal care, Delivery care and Post-natal care) and Maternity leave on Child Morbidity. The study employed data from the Ghana Demographic and Health Survey (2014) using the Probit estimation method to estimate the health, demographic and income factors that influence child morbidity in Ghana. It shows evidence that some stages of natal care, unpaid maternity leave, and other demographic factors have a significant impact on child morbidity in Ghana. Specifically, failure to receive post-natal care within first week of delivery causes a 3% increase in the possibility of ARI in children under five. The study also shows that a mother’s income determines her health care purchases; in that an unpaid maternity leave causes a 3.9% increase in the possibility of ARI in children under five compared to a paid maternity leave.",Priority B - manual review,Did not pass earlier high-specificity screen; manual review required before exclusion,,,,Map only,Relevant to UHC/health-system knowledge map but no explicit financing-approach evaluation,High,Exclude,Does not meet primary financing-approach synthesis criteria at title/abstract stage
11957,W4411702021,2025,Cohort Profile: The Nijmegen Exercise Study (NES),"The Nijmegen Exercise Study (NES) provides a longitudinal collection of data on lifestyle characteristics and the development and progression of chronic diseases. The NES is a population-based cohort enriched with highly physically active individuals. The cohort contains individuals both with and without chronic diseases, with physical activity levels ranging from inactive to extremely active. Baseline data collection is ongoing. Since 2011, baseline data have been collected in 23 643 participants with a mean age of 48.7 years (range: 18–94) of whom 46.0% are female. Annual follow-up data have been collected in 11 484 participants (48.6%) with a median follow-up duration of 8.0 (5.0, 10.9) years. Additional, centre-based evaluation is ongoing and has so far been performed in a subset of 1743 participants. Baseline and follow-up questionnaires provide trends in demographics, socioeconomic status, lifestyle characteristics, medical history, medication use, and historical and current physical activity and sedentary behaviour. Centre-based evaluation includes anthropometrics, blood pressure, arterial stiffness, carotid artery characteristics, venous blood biomarkers, accelerometer-based physical activity patterns, handgrip strength, and 4-metre gait speed. Data are available to scientific researchers upon request. Please contact the corresponding author ([email protected]) for data availability inquiries and visit our website for additional information (www.radboudumc.nl/nes). The Nijmegen Exercise Study (NES) is a population-based cohort established in 2011 in Nijmegen, Netherlands. The objective of the NES is to study the relationship between lifestyle characteristics and the development and progression of chronic diseases. A physically active lifestyle reduces the risk of major non-communicable diseases, such as cardiovascular diseases, type 2 diabetes, certain types of cancer, and dementia [1–5]. Moreover, exercise is an effective treatment for many chronic diseases [6, 7]. Despite the abundant evidence for the health benefits of physical activity, certain knowledge gaps exist. Previous studies have often focused on associations between physical activity measured at a single time point and health outcomes at follow-up [1, 4, 8, 9]. This approach is prone to reverse-causation bias. Moreover, the intra-individual variability in physical activity levels over time introduces measurement error [10]. Obtaining repeated measurements, including objective measures of physical activity, may reduce the impact of these issues and enables the investigation of lifestyle changes across time. Another frequent limitation of population-based studies is the underrepresentation of participants with high physical activity volumes, as the majority of the Western population does not meet the World Health Organization (WHO) guidelines [2, 11, 12]. Accordingly, the certainty of findings concerning high(er) physical activity volumes is limited, leaving the dose–response relationship at high(er) volumes unclear. The NES provides longitudinal data collection on lifestyle characteristics and the development and progression of chronic diseases in a population-based cohort enriched with highly physically active individuals. This cohort contains individuals both with and without chronic diseases, with physical activity levels ranging from inactive to extremely active. Annual questionnaires facilitate the longitudinal follow-up of lifestyle changes and reduce the risk of reverse-causation bias. Additional, centre-based evaluation was introduced in 2021 to objectify physical activity patterns and health parameters. Therefore, the NES provides opportunities to disentangle the relationship between lifestyle characteristics and the development and progression of chronic diseases. The NES contains individuals participating in Dutch sports events (i.e. the International Nijmegen Four Days Marches and Seven Hills Run) as well as their family and friends. These sports events are organized by non-profit foundations (100+ and 40 editions, respectively), attracting ±40 000 Dutch and international participants annually. Study participants are recruited through newsletters amongst individuals partaking in these sports events. Individuals interested in participation can sign up via the NES website or e-mail. Baseline data collection started in 2011 and is ongoing; new participants are being enrolled annually. Inclusion criteria are an age of ≥18 years and Dutch residency and language proficiency. Individuals from across the Netherlands participate in the NES (Fig. 1). The study population is more physically active but otherwise comparable to the general Dutch adult population (Supplementary Table S1) [13]. Participants provide written informed consent prior to participation. Participants remain enrolled in the study until they opt out; participants can do so unconditionally. Baseline data have been collected in a total of 23 643 participants with a mean age of 48.7 (standard deviation: 13.5; range: 18–94) years, of whom 46.0% are female and of whom 79% adhere to the WHO guidelines on physical activity and sedentary behaviour [12] (Table 1 and Supplementary Table S2). Number of NES participants per area of residence. A map of the Netherlands using a colour scale to depict the number of NES participants per postal code area. Baseline participant characteristics of the NES. Variables are reported as mean (standard deviation), median [Q25, Q75], or number (percentage). COPD, chronic obstructive pulmonary disease; MET, metabolic equivalent of task; NA, not available. Variable introduced at a later stage. Baseline participant characteristics of the NES. Variables are reported as mean (standard deviation), median [Q25, Q75], or number (percentage). COPD, chronic obstructive pulmonary disease; MET, metabolic equivalent of task; NA, not available. Variable introduced at a later stage. Since 2021, a subset of 1743 NES participants have visited the research centre [Radboud university medical center(Radboudumc), Nijmegen, The Netherlands] to undergo additional, centre-based evaluation (Table 2 and Supplementary Table S2). Approximately 400 participants are invited for centre-based evaluation annually; pregnancy is the only exclusion criterion. Currently (2025), we have oversampled participants with cardiovascular risk factors and/or disease to investigate associations of lifestyle characteristics with cardiovascular health (Table 1). Participant characteristics assessed during centre-based evaluation. Variables are reported as mean (standard deviation), median [Q25, Q75], or number (percentage). NA, not available. Variable collected in a subset of participants. Participant characteristics assessed during centre-based evaluation. Variables are reported as mean (standard deviation), median [Q25, Q75], or number (percentage). NA, not available. Variable collected in a subset of participants. NES participants receive annual follow-up questionnaires. Participants are encouraged to complete the annual questionnaires, but failing to do so does not result in exclusion from further participation. Currently (2025), follow-up data have been collected in 11 484 (48.6%) participants. The median (Q25, Q75) follow-up duration is 8.0 (5.0, 10.9) years and follow-up data of >5 years are available in 8517 (36.0%) participants. Follow-up objective measurements have not yet started, as these are planned every 5 years. The NES consists of baseline and annual follow-up questionnaires sent by e-mail and, in a subset of participants, centre-based evaluation performed at Radboudumc (Fig. 2 and Supplementary Table S3). Additionally, participants can provide access to personal data from third parties, such as medical files, health insurance claim data, and data of national registers (e.g. cause of death via Statistics Netherlands). Overview of the NES. A graphical overview showing how and when variables are collected in the NES. Demographics include date of birth, sex, ethnicity, marital status, education level, and employment status. Participants fill out their height, weight, waist and hip circumference, smoking behaviour, and alcohol consumption. Pregnancy-related data are collected in female participants. History of 22 medical conditions is assessed, including the age at the time of the event/diagnosis. The type and dosage of medication used are collected via open-text fields, including the time of use for cholesterol-lowering medication. The volume and intensity of habitual physical activity are assessed by using the Short QUestionnaire to ASsess Health-enhancing physical activity (SQUASH) [14]. Since 2022, the type, volume, and intensity of habitual resistance exercise have been assessed by using the Muscle-Strengthening Exercise Questionnaire (MSEQ) [15]. Between 2016 and 2021, a shortened, adapted version of the MSEQ has been used. Habitual sedentary behaviour is quantified by using the Sedentary Behavior Questionnaire (SBQ) [16]. The baseline questionnaire also assesses historical physical activity and sedentary behaviour patterns. For each age range (i.e. 17–29, 30–49, 50–64, and >65 years old) reached or passed at the time of completing the baseline questionnaire, participants fill out the average time and intensity spent on exercise and sedentary behaviour whilst being in that age range. Moreover, in 2018 and 2022, a subset (n = 3270) completed the Cognitive Online Self‐Test Amsterdam (COST‐A)—an online, self-administered test of cognitive functioning [17]. At Radboudumc, the participants’ physical activity and health status are objectively assessed. Measurements focus on cardiovascular risk and physical function, given their association with lifestyle characteristics. Prior to their visit, participants are instructed to fast for ≥4 hours, refrain from strenuous exercise for 24 hours, and refrain from alcohol and caffeine for 18 hours to ensure valid assessment of vascular function and arterial stiffness [18–20]. Height and body mass are measured (222 and 813, Seca, Hamburg, Germany) and body mass index (BMI) is calculated. Body composition is assessed by using bioelectrical impedance analysis and quantified by using body fat mass, fat free mass, skeletal muscle mass, and percentage body fat. Single-frequency analysis (1500, Bodystat, Douglas, Isle of Man) was used in 2021 (n = 528); multi-frequency analysis (770, InBody, Seoul, South Korea) has been used since then (n = 820). Non-invasive brachial blood pressure and heart rate are measured by using an automatic sphygmomanometer (M3, OMRON, Kyoto, Japan) after 10 minutes of supine rest. Measurements are taken twice on the left arm and once on the right arm. In case of discrepancy between measurements (difference of >10 mmHg systolic or >5 mmHg diastolic blood pressure), a fourth measurement is taken on the right arm. Central and local carotid arterial stiffness are assessed by using A-mode ultrasound (ARTSENS Plus, Healthcare Technology Innovation Center, Indian Institute of Technology Madras, Chennai, India) [21, 22]. Measurements are performed after 10 minutes of supine rest. Non-invasive left brachial blood pressure and heart rate are obtained via the integrated sphygmomanometer. Local arterial stiffness of the left common carotid artery is derived from the arterial distensibility and blood pressure, and expressed by using stiffness index Beta and pressure–strain elasticity EP. Central arterial stiffness expressed as the carotid–femoral pulse wave velocity (cfPWV) is estimated by using the pulse transit time and the effective path length is measured according to established methods [19, 20]. The pulse transit time is derived from simultaneous recordings of ultrasound-based carotid artery distensibility and cuff-based femoral artery blood pressure, averaged over 10 cardiac cycles. Arterial stiffness parameters are computed automatically by the device. Carotid artery characteristics, including arterial wall thickness, intima-media thickness, and carotid artery reactivity, were assessed by using carotid ultrasound in a subset (n = 271) in 2021. Carotid artery reactivity assesses the response of the carotid artery diameter to sympathetic stimulation by using a cold pressor test [23]. The ultrasound recording is processed afterwards (BloodFlow Software, version 4.0, National Instruments LabVIEW, Austin, TX, USA). A description of the measurement procedure, processing steps, and outcome measures is provided elsewhere [23]. Venous blood is drawn (SST II Advance and PST II Advance, BD, Franklin Lakes, NJ, USA), coagulated for 45–60 minutes (SST II Advance only), and centrifuged at 3000 revolutions/minute for 10 minutes at 4°C. Serum and plasma are transferred to 2-ml microtubes and stored at –80°C. A part of the serum is used to analyse the following biomarkers: total, high-density lipoprotein and low-density lipoprotein cholesterol, triglycerides, glucose hexokinase, insulin, creatinine, high-sensitive cardiac troponin I, amino-terminal pro-B-type natriuretic peptide, and C-reactive protein. Analyses are performed batchwise on Atellica (IMMULITE 2000 for insulin) analysers (Siemens Healthcare, Erlangen, Germany). The remaining samples are stored at Radboudumc Biobank and available for future use. Ambulant physical activity and sedentary behaviour are assessed objectively by using thigh-worn triaxial accelerometry (activPAL3 micro, PAL Technologies, Glasgow, UK). Measurements are conducted 24 hours/day over an 8-day period with a sampling rate of 20 Hz. Participants file a sleep/wake/activity log during this period to facilitate automated analysis. PALconnect software (version 8, PAL Technologies, Glasgow, UK) extracts and saves the data in a proprietary file format. PALbatch software reads the proprietary file; classifies the recording into epochs of sedentary, standing, or stepping behaviour; and saves the classifications in a comma-separated values file. Additionally, raw triaxial acceleration data are extracted from the proprietary file. The classifications file is analysed by using a modified version of the script by Winkler et al. [24, 25] via the Statistical Analysis System (version 9.4, SAS Institute, Cary, NC, USA). Current output variables include but are not limited to time spent in light-intensity physical activity and moderate-to-vigorous physical activity, standing, sitting, sleeping, and step count. Furthermore, daily amounts of physical activity and sedentary bouts of various lengths are computed. Peak handgrip strength of the non-dominant hand is measured three times separated by 1-minute intervals while seated by using a Jamar hydraulic hand dynamometer following the method by Webb et al. [26]. The highest value is used for analysis. The preferred gait speed is measured twice over a 4-metre stretch with 2-metre acceleration and deceleration zones on either side to ensure a stable speed. The fastest attempt is used for analysis, following in part the Short Physical Performance Battery protocol [27]. Articles using data of the NES have been published in peer-reviewed journals. We reported that sedentary behaviour is prevalent in physically active individuals [28] and the total sedentary time may be positively associated with cognitive functioning [29]. Moreover, correlates for high sedentary behaviour volumes may vary across domains of sitting, such as transportation, occupation, and leisure time. During the coronavirus disease 2019 (COVID-19) pandemic, data of follow-up questionnaires revealed reductions in physical activity levels at the time of restrictive policy measures compared with pre-pandemic questionnaires [30]. Using data of the centre-based evaluations, we compared participants 6 months after a COVID-19 episode to participants who were free of COVID-19. We found no differences in accelerometer-based physical activity levels or cardiovascular risk factors, yet one in three participants experienced residual COVID-19 complaints [31]. Other studies have focused on a better understanding of cardiovascular risk. We demonstrated that new anthropometrics (i.e. body shape index and body roundness index) are not superior to BMI or waist circumference in identifying cardiovascular health status [32]. Furthermore, we retrospectively investigated exercise dose over a median of 32 years and found a curvilinear association between exercise patterns and cardiovascular morbidity [33]. These findings suggested that even low exercise volumes are associated with a lower prevalence of cardiovascular diseases. Moreover, we demonstrated no association between statin use and prevalence of exercise-related injuries in amateur runners [34], suggesting that statin users can continue normal physical activity without concern for an elevated risk of injuries. Using data of the centre-based evaluations, we compared arterial stiffness between NES participants and matched volunteers from India and found ethnicity-related differences in arterial stiffness [35], suggesting that arterial stiffness may contribute to the difference in cardiovascular risk between ethnicities. Moreover, we found an association between objectively measured sitting time and local carotid but not central arterial stiffness [36]. Finally, the centre-based data collection is shared within ProPASS [37]—an international collaboration of cohorts using thigh-worn accelerometry. Studies using pooled ProPASS data suggested that time reallocation towards moderate-to-vigorous physical activity is beneficial for cardiometabolic health [38]; another study quantified the dose–response relationships between physical activity type and posture and cardiometabolic health markers [39]. A main strength is that the NES population covers the full physical activity spectrum, from inactive to extremely active [34]. This provides the means to study the entire dose–response",Priority B - manual review,Did not pass earlier high-specificity screen; manual review required before exclusion,,,,Unclear,Financing mechanism/function appears in abstract but is not explicit in title,Medium,Exclude,Does not meet primary financing-approach synthesis criteria at title/abstract stage
12882,W7117676709,2025,"Intersecting cultural beliefs and structural barriers: Healthcare-Seeking for buruli ulcer in Imo State, Nigeria","Problem Buruli ulcer (BU), caused by Mycobacterium ulcerans, is a neglected tropical disease endemic to parts of Nigeria. Despite its public health impact, healthcare-seeking behavior in rural communities' remains poorly understood, limiting targeted interventions. Methods A cross-sectional mixed-methods study was conducted in four endemic LGAs of Imo State. Quantitative data were collected from 300 respondents using structured questionnaires, while qualitative data were generated through 30 in-depth interviews with patients and caregivers, 12 interviews with traditional healers, 9 key informant interviews with health workers, and 7 focus group discussions. Quantitative analysis employed descriptive statistics and logistic regression, while qualitative transcripts were analyzed thematically using the Socio-Ecological Model Results Only 27.4% of respondents sought biomedical care within two weeks of symptom onset, while 34.7% consulted traditional healers first. Delayed hospital presentation was associated with low education (AOR=2.14; 95% CI: 1.4–3.8), belief in spiritual causation (AOR=1.88; 95% CI: 1.1–3.3), residing more than 5km from the nearest health facility (AOR=1.76; 95% CI: 1.5–4.5), and lack of health insurance (AOR=1.54; 95% CI: 1.1–2.8). Qualitative data revealed spiritual interpretations, poverty, gender inequities, stigma, and mistrust of health facilities as barriers Conclusion Healthcare-seeking for BU in Imo State is constrained by the intersection of cultural beliefs and structural barriers. Interventions should combine culturally sensitive education, stigma reduction, financial protection, and decentralized service delivery to improve timely access to care.",Priority B - manual review,Did not pass earlier high-specificity screen; manual review required before exclusion,,,,Unclear,Financing mechanism/function appears in abstract but is not explicit in title,Medium,Exclude,Does not meet primary financing-approach synthesis criteria at title/abstract stage
1967,W4248891686,2012,Journal of Diabetes NEWS,"Between 4 and 8 December, 2011, the International Diabetes Federation (IDF) held its 21st World Congress in Dubai, United Arab Emirates. A record 15 100 attendees from 172 countries packed the Dubai International Exhibition and Convention Centre for the 5-day conference, up 21% from 12 500 attendees in Montreal, Canada, in 2009. The 2011 World Congress marks the first time the conference was held in the IDF Middle East and North Africa Region, which has six of the world’s top 10 countries for diabetes prevalence: these are nations in which one of five adults has diabetes. The Middle East and North Africa region of the world will also be one of the hardest hit by diabetes in coming years, with the number of cases expected to rise from 32.8 million to 60 million (83% growth) between 2011 and 2030 according to the IDF’s recently released Fifth Edition of the Diabetes Atlas.1 The IDF 2011 meeting showcased six tracks, 1500 speakers, and was primarily focused on drugs and type 2 diabetes. Some of our favorite talks from the meeting are highlighted below (see http://www.idf.org/worlddiabetescongress/programme, accessed 9 January 2012). During the President’s Oration, Jean Claude Mbanya, MD, PhD (President of IDF, Cameroon), delivered an inspiring speech in which he expressed pride in the strides already taken and awe in the challenges that lie ahead with respect to the diabetes epidemic. He noted that the number of people with diabetes is roughly equivalent to the entire population of the Middle East and North African region: ‘the combined population of 20 nations’. No country is immune, Dr Mbanya said, and no country has the epidemic under control. Rising health costs are crippling governments. Diabetes is related to other non-communicable disease, infectious disease, economic and environmental sustainability, and human development; failure to address diabetes means failure to address all of these. And yet: ‘Where is the outrage?’, he asked. ‘Where is the outrage for lack of insulin?’ Dr Mbanya decried that ‘it is impossible to understand why these diseases are not the top priority.’ For some reason, deaths from pneumonia or malaria cause outrage but not deaths from diabetes. Four diseases that represent over 60% of burden, namely diabetes, cardiovascular disease, chronic respiratory disease, and cancer, receive only 3% of official development assistance for health. ‘It just doesn’t make sense. We can’t [give] policy makers the excuse of the global financial crisis to compromise the health of millions.’ To this, there was applause. Dr Mbanya argued that society already has the tools to turn the global diabetes epidemic around. He stressed that a solution-oriented approach was needed, such as the IDF’s Global Diabetes Plan 2011–2021, the goals of which are: (i) to improve health outcomes for people with diabetes; (ii) to prevent the development of type 2 diabetes; and (iii) to stop discrimination against people with diabetes. In closing, Dr Mbanya stated, ‘I’m filled with optimism for the future. I didn’t think we’d come so far in these few short years. But it’s all just words until we see a difference.’ Nick Wareham (Institute of Metabolic Science, Cambridge, UK) gave a valuable overview of IDF’s Global Diabetes Plan 2011–2021, sharing insights as to how we can better integrate diabetes care and prevention. The IDF’s Global Diabetes Plan 2011–2021 features an overarching model based on answering the question, ‘What are the key attributes of diabetes care systems?’ According to Dr Wareham, the framework was designed to avoid the complicated ‘medical textbook discussions’ and drill down to the key pillars of diabetes care systems. Encouragingly, it is designed to be simple and enable implementation by community health workers and non-diabetologists. The framework is described by seven Rs: Recognize/Reconsider. This is the first essential step in a diabetes care system: you must recognize whether someone has diabetes and, if so, what type. Dr Wareham talked about the difficulty of drawing a line between abnormality and normality. For example, when a group of experts convened at an National Institutes of Health (NIH) meeting a few years ago, they were unable to create an operational definition of type 1 and type 2 diabetes. In his view, the purpose of a diagnostic label is to bring about action by the health system or practitioners. Unfortunately, he believes we’ve lost that way of thinking, perhaps because diagnostic labels sometimes get in the way and lead us down the wrong path. Registration. Registration is an essential pillar of a diabetes care system. It enables tracking, recording, and subsequent patient follow-up. Dr Wareham noted that the registration system can be as simple as a piece of paper and a pen, or as complicated as an electronic medical records system. Risk assessment. Dr Wareham devoted the majority of his attention to risk assessment. He began by reiterating the central idea in his publication in Diabetologia 2011:2 the tools you use depend on what you’re trying to accomplish. Next, Dr Wareham provided a clinical case study to demonstrate the value of risk assessment. For example, quantifying an individual’s risk (e.g. Framingham Risk Score) would facilitate risk ranking and targeting those with the highest risk; this is especially useful because resources are limited and not everyone with prediabetes progresses to diabetes. Risk assessment also provides an estimate of the likely benefit from an intervention. Finally, risk assessment can motivate patients to change their behavior. Respond. Of course, it’s not enough to simply carry out risk assessment. The clinician and/or the patient must take action. Recall and Review. Dr Wareham described the importance of recall and review, summarizing some of the scientific literature supporting their use.2,3 Jianzhong Xiao, MD (China–Japan Friendship Hospital, Beijing, China), presented informative data from IDF’s Diabetes Impact study in China. The initiative interviewed 3035 people from 10 provinces in China and gathered particularly interesting data on costs and medication use. Overall, people with diabetes in China spend two to four times more on medical expenses than their non-diabetic counterparts (matched for age, sex, and location) and use about twice the number of hospital services. Furthermore, less than half the patients in the study were on oral medications, <1 in 10 was on insulin, and only one of 50 was on a statin. Metformin was the most commonly prescribed medication (22% of individuals), followed by sulfonylureas (16%), insulin (9%), and α-glucosidase inhibitors (8%). Dr Xiao closed by highlighting China’s heavily aging population, which will only exacerbate the burden diabetes will place on society. As mentioned previously, the pharmacological management of type 2 diabetes was a major focus of this year’s meeting. Michael Trautmann, MD (Eli Lilly, Indianapolis, IN, USA), presented results from a clinical study examining the delivery of exenatide once-weekly (EQW) in native Chinese subjects with type 2 diabetes treated with metformin. Patients (n = 26) received weekly injections of 2 mg EQW for 10 weeks, followed by a 10-week washout period. The results suggested that a steady state of 300–400 pg/L EQW was achieved by 8 weeks of dosing, which was maintained for 3 weeks following treatment cessation; similarly, mean fasting plasma glucose decreased from 9.1 mmol/L (163.8 mg/dL) to a steady state of 6.3 mmol/L (113.4 mg/dL) at 6–8 weeks of dosing. Body weight began to decline after 2 weeks of dosing, leading to a 4.5 kg (9.9 lbs) loss at 10 weeks of treatment with slight regain to an overall 4.0 kg loss (8.8 lbs) after washout (baseline 69.8 kg [153.8 lbs]). As expected, gastrointestinal side effects were most frequent, occurring at somewhat higher rates than reported in prior clinical trials (40% diarrhea, 40% vomiting, 16% nausea). Overall, Dr Trautmann concluded that the results were similar to those seen in Western patients, supporting further clinical research in Chinese patients with EQW. John Buse, MD, PhD (University of North Carolina, Chapel Hill, NC, USA), gave a thorough presentation on the relevant considerations when using glucagon-like peptide-1 (GLP-1) analogs in clinical practice. He opened with a review of topline results from head-to-head clinical trials of the short-acting (exenatide twice daily; Byetta; Amylin, San Diego, CA, USA) and long-acting (liraglutide; Victoza; Novo Nordisk, Bagsvaerd, Denmark) agonists, noting superior effects on A1c, fasting plasma glucose, and gastrointestinal side effects with liraglutide, although a lesser reduction in postprandial glucose levels. He also examined studies comparing liraglutide with longer-acting options (exenatide once weekly [Bydureon; manufacturered by Amylin and Alkermes, Dublin, Ireland] and albiglutide) and pointed out that liraglutide was associated with greater reductions in A1c and weight, but also increased rates of gastrointestinal adverse events. In the Q&A session, although Dr Buse stressed that he saw strong potential for once-weekly and once-monthly dosing, he suggested the doses for these agents may not have been optimized in development. Compared with basal insulin, Dr Buse summarized evidence indicating that the GLP-1 agonists were associated with similar or greater A1c reductions, weight loss instead of weight gain, similar rates of hypoglycemia (lower when not given with sulfonylureas), and increased rates of gastrointestinal side effects. However, he voiced a stronger interest in the combination use of GLP-1 agonists with basal insulin,, highlighting the results from a 30-week Phase III study,4 which showed a strong reduction in A1c when exenatide twice daily was added to background insulin glargine, which was subsequently optimized (8.3–6.7% with exenatide vs 8.5–7.4% with placebo). This result was particularly impressive given the average diabetes duration of 12 years and the relatively poor prior response to insulin therapy among the trial’s participants. Dr Buse suggested combination GLP-1/basal insulin therapy could offer a niche for short-acting GLP-1 agonists (given their greater effects on postprandial glucose versus long-acting GLP-1 agonists), although further research is necessary. Regarding earlier stage development, Vivian Fonseca, MD, FRCP (Tulane University Medical Center, New Orleans, LA, USA), presented 12-week results from a dose-finding study of ipragliflozin (Astellas Pharmaceuticals, Tokyo, Japan), a sodium-dependent glucose transporter 2 (SGLT-2) inhibitor. The study enrolled patients with type 2 diabetes (n = 412), whether drug naïve or treated with oral antihyperglycemic agents (the former went through a 6-week washout period). Patients were randomized to placebo, metformin, or one of four ipragliflozin doses (12.5, 50, 150, or 300 mg once daily). Ipragliflozin caused dose-dependent glycemic benefits that were significantly better than those of placebo and, for doses ≥50 mg, comparable to those of metformin (i.e. approximately 0.5% from a baseline of approximately 8.0%). Ipragliflozin also caused a trend towards dose-dependent weight loss, with a notable magnitude given the study’s short duration (2.3 kg [5.1 lbs] for the 300 mg dose vs 0.68 kg [1.5 lbs] for placebo). All groups were comparable in terms of rates of treatment-emergent adverse events (TEAEs), as well as urinary tract infections (UTIs), but genital tract infections (GTIs) were more common with ipragliflozin than placebo (4.1% vs 1.4%). Safety and tolerability will be critical for the success of any SLGT-2 inhibitor; thus far, it is not clear how particular candidates compare with one another in this regard. John Wilding, DM (University Hospital Aintree, Liverpool, UK), presented the results of a Phase IIb dose-ranging study of AstraZeneca’s now discontinued glucokinase activator AZD1656. In the study, patients on background metformin (n = 458) were treated with fixed daily doses of 20 or 40 mg AZD1656, titrated doses of 10–140 or 20–200 mg AZD1656, glipizide, or placebo for 4 months. There was a 0.8% decline in A1c from 8.3 with titrated doses of 10–140 and 20–200 mg AZD1656, adjusted for the 0.2% increase with placebo, a decline similar to the 0.85% seen with glipizide. Fixed doses of 20 mg (0.16%) and 40 mg (0.22%) AZD1656 had similar effects to placebo. Patients treated with titrated doses of 10–140 and 20–200 mg AZD1656 exhibited 12%–13% hypoglycemia rates compared with placebo (1.1%), and triglyceride levels increased by approximately 20%, without an effect on high-density lipoprotein (HDL), low-density lipoprotein (LDL), total cholesterol, body weight, or blood pressure. Although these rates of hypoglycemia appear less than those observed with some of the other discontinued glucokinase activators, AstraZeneca’s management has suggested AZD1656 was discontinued due to inability to meet ‘predefined internal criteria for the product’. Forest/TransTech and Advinus Therapeutics, which continue to develop glucokinase activators, have stressed that their programs are liver selective, minimizing the risk of hypoglycemia; however, unless the side effect profile allows for relatively innocuous administration or the drugs show additional metabolic benefit, we remain uncertain on the future of the class relative to other options. In one of our favorite debates of the meeting, Ralph DeFronzo, MD (University of Health Science Center, San Antonio, TX, USA), and Jaako Tuomilehto, MD, PhD (University of Helsinki, Helsinki, Finland), discussed whether pharmacologic therapy should be used to prevent diabetes. Arguing the pro position, Dr DeFronzo stated that non-pharmacologic therapy is neither effective nor cost-effective in the long-term. Citing the Diabetes Prevention Program,5 he noted that after 6 years of follow-up, the metformin and lifestyle groups converged at around 2 kg (4 lbs) weight loss. Moreover, 10-year Diabetes Prevention Program data indicated a US$1500 cost per patient compared with placebo plus lifestyle intervention and US$30 cost savings with metformin. For pharmacological therapy, he presented a detailed summary slide indicating a relative risk reduction with pharmacotherapy across all prevention trials; in particular, he was excited about the potential for reducing side effects using combination low-dose pioglitazone/metformin, especially as generic pioglitazone becomes available (expected to reach the US market by August 2012). Notably, he concluded with strong support for the incretin therapies in diabetes prevention, citing what he deemed ‘one of the most dramatic studies ever carried out’,6 in which a single dose of liraglutide was able to normalize insulin sensitivity in type 2 diabetes patients. In the Q&A session, he also addressed dipeptidyl peptidase (DPP)-4 inhibitors (‘I’ve suggested to every pharmaceutical company with a DPP-4 that this is where the future is going’); although benefits to diabetes risk factors have not proven as strong with DPP-4 inhibitors as with GLP-1 agonists, ease of administration is certainly striking with this oral class. In methodical fashion, Dr Tuomilehto argued against the use of pharmacotherapy for diabetes prevention. Although he conceded that pharmacotherapy does reduce the incidence of diabetes, he suggested its effectiveness comes with excessive stipulations; citing the Diabetes Reduction Assessment with ramipril and rosiglitazone Medication (DREAM) trial,7 he noted that although rosiglitazone produced a 60% reduction in diabetes over a 5-year period, the observed relative risk (0.39) was similar to that expected (0.44; calculated assuming a 0.6 change in risk for each 1 mmol/L [18 mg/dL] decrease in 2-h glucose) solely accounting for the drug’s effects on blood glucose. Thus, once treatment is stopped, patients revert in risk, requiring lifelong treatment to maintain preventative effects. With many treatments showing side effects and extensive costs, he suggested this widely limits the applicability of pharmacotherapy. Again citing the DREAM trial,8 Dr Tuomilehto highlighted the increase in congestive heart failure observed with rosiglitazone as well as the €750 price per patient, with no obvious end to therapy. There were also a number of notable talks on the prevention and clinical management of obesity. Nancy Bohannon, MD, FACP, FACE (St. Luke’s Hospital, San Francisco,",Priority B - manual review,Did not pass earlier high-specificity screen; manual review required before exclusion,,,,Unclear,Financing mechanism/function appears in abstract but is not explicit in title,Medium,Exclude,Does not meet primary financing-approach synthesis criteria at title/abstract stage
4406,W2749569714,2017,"Health-Needs Assessment for West African Immigrants in Greater Providence, RI.","African immigrants in the United States may experience barriers to health-care access and effectiveness. This mixed-methods study used paper-based surveys of people (N=101) in the target population from Nigeria, Ghana, and Liberia, recruited through convenience and snowball sampling. Semi-structured interviews were conducted with 3 clergy members who pastor churches with large Nigerian, Ghanaian, and Liberian populations, respectively; and five physicians and a clinical pharmacist who serve African immigrants. RESULTS: Length of stay in the United States was associated with the health status of refugee children. Undocumented immigration status was associated with lack of health insurance. Cardiovascular diseases, uterine fibroids and stress-related disorders were the most prevalent reported conditions. Regardless of English fluency, many immigrants are unfamiliar with medical terminology. CONCLUSION: African immigrants in the state of Rhode Island need more health education and resources to navigate the US health-care system. [Full article available at http://rimed.org/rimedicaljournal-2017-01.asp].",Priority B - manual review,Did not pass earlier high-specificity screen; manual review required before exclusion,,,,Unclear,Financing mechanism/function appears in abstract but is not explicit in title,Medium,Exclude,Does not meet primary financing-approach synthesis criteria at title/abstract stage
4124,W2521655410,2016,Rashtriya Swasthya Bima Yojana (RSBY) for Universal Health Coverage,"On 10 June 2012, Anil Swarup, Additional Secretary, Ministry of Labour & Employment, Government of India (GOI), reviewed the report submitted to the Planning Commission of India by High Level Expert Group (HLEG) on universal health coverage (UHC) for India; 1 he had mixed feelings about this report. It (HLEG) reported that the main impeding factor to UHC in India is the heavy out-of-pocket (OOP) expenditure on health, that is, 61.7 per cent of the total health expenditure by Indians as compared to the global average of 20.5 per cent. Looking for a solution for this problem, the report appreciated his brainchild, the Rashtriya Swasthya Bima Yojana (RSBY), a social health insurance scheme rolled out in 2008 to reduce OOP expenditures for healthcare. The scheme also aimed to cut down a substantial financial burden on the poor by the GOI. The RSBY scheme was lauded for its innovative approach in financing mechanism, 2 public private partnership (PPP) model for enrolment process, use of information and communication technology for delivery of healthcare services. However, the report questioned the potential of RSBY to achieve UHC due to issues in its sustainability. The scheme faced challenges of low coverage ratio, unfair practices in enrolment and hospitalization processes in many parts of the country, inconsistent usage patterns of services, and backing out by insurance companies as result of high claims ratio. 3 Swarup was in a dilemma of how to address these issues and make RSBY a platform to implement universal health coverage (prime area of concern for GOI) in India.",Priority B - manual review,Did not pass earlier high-specificity screen; manual review required before exclusion,,,,Include,Explicit financing mechanism/approach in title with target-setting and evaluative/UHC relevance,High,Include,Meets primary financing-approach/UHC eligibility at title/abstract stage
4992,W3144628886,2018,"COMPARISON OF CLIENT SATISFACTION WITH QUALITY OF CARE AMONG NHIS ENROLLEES IN PRIVATE AND PUBLIC PRIMARY HEALTH FACILITIES IN OGUN STATE, NIGERIA","Background and objection:TheNational Health Insurance Scheme (NHIS) is a health financing scheme meant to solve the problem of out of pocket payment for healthcare expenditure of the populace as well as provide coverage against high healthcare service cost.The scheme is one of the strategies for the achievement of universal health coverage. There had been disparity in service delivery in both public and private facilities. This disparity range from lack of health personnel and delay in attending to clients in public facilities to lack of competent health personnels and huge medical bills in the private facilities.The study therefore assessed and compared client satisfaction with quality of care among NHIS enrollees in private and public primary health facilities in Ogun State, Nigeria.Methods:It was a facility based comparative cross-sectional study carried out over a period of two months among 250 enrollee using simple random sampling in public and private NHIS participating primary facilities in Ogun State. Quantitative and Qualitative data study methods were employed. Quantitative data were collected using an adapted, pretested, structured, interviewer administered questionnaire. Two Focus Group Discussion(FGD) were conducted each inboth public and private NHIS participating health facilities for enrollee. Data were entered into Statistical Package for Social \Sciences software version 20.0 for analysis and statistical calculation. Chi square test was used to compare the difference between proportions. Logistic regression was used to determine predictors of client satisfaction. Qualitative data was transcribed and thematically analysed by coding.Results: The results showed that the perception among respondents in both public and private health facilities was positivethough higher in private compared to public facilities. This observed difference was however not statistically significant (p = 0.098). The level of satisfaction of the clients with the overall quality of care in both public and private health facilities was high,xiiithough similar in both facilities. (p =0.428).This was not statistically significant.Not being psychologically distressed was statistically significantly associated with clients’ perception and satisfaction in both types of facility.Factors statistically and significantly associated with client satisfaction in both facilities included waiting time, client not experiencing shouting, rudeness, abuses, ignoring of request and affordability of service. The predictors of client satisfaction in both facilities were client not experiencing rudeness AOR 3.98 (CI1.69-9.37), ignoring of requestAOR 5.31 (CI 2.41- 11.70), and affordability of serviceAOR 3.40 (CI 2.17- 5.38), Results from the FGD showed some areas of concern which included participants perceived poor attitude of some health workers in both facilities, long waiting time to see the doctors in public facilities; delay in getting codes for secondary care especially in public facilities; delay in referral in private facilities; and, most importantly, unavailability and insufficient supply of expensive drugs in both public and private facilities.Conclusion/Recommendation: The study concluded that perception of quality of care was higher in private facility compared with public facility but clients’ satisfaction with care is similar in both facilities. Clients not experiencing rudeness, ignoring of request and affordability of service were predictors of clients` satisfaction in both facilities. It is thus recommended that healthcare providers and managers need to examine the above aspect of care with a view of making necessary correction. They also need to set up medical audit process to enable them accesscertain aspect of quality and identify problem areas in the scheme peculiar to their type of facility which should be attended to.",Priority B - manual review,Did not pass earlier high-specificity screen; manual review required before exclusion,,,,Include,Explicit financing mechanism/approach in title with target-setting and evaluative/UHC relevance,High,Include,Meets primary financing-approach/UHC eligibility at title/abstract stage
2147,W1988715881,2012,Laboratory Quality Control For All Can This Be Achieved?,"Visiting hospitals in Africa and meeting with clinicians, pathologists, and laboratory directors, it rapidly becomes apparent that confidence in any diagnostic services is lacking. Clinicians cite many reasons. Some days complete blood cell counts and chemistries are available, while on other days, because there are no reagents available, physicians have no results to guide treatment for their patients. Blood cultures, when available, are frequently contaminated by fungi and bacteria and you cannot be sure if the organism identified is the cause of the patient's fever. Turnaround times are incredibly long, and by the time a result is available, it is too late to be clinically relevant. Consequently, clinicians continue to practice medicine using a syndromic approach rather than defining a specific diagnosis. Unfortunately, this happens routinely, even in large African academic centers and in much of the developing world. One of the things that clinicians in developed countries take for granted are efficient laboratories that deliver credible results. For example, clinicians order blood work as the patient is leaving their office, and the results appear in the electronic medical record that afternoon. They get a call from the laboratory when budding yeasts show up in a blood culture obtained 2 days ago in a patient with a transplant who had been admitted with fever and treat the patient accordingly; they know blood culture contamination rates in the hospital are low and are confident that there is little likelihood that these yeasts are a contaminant. Two days after a patient with a gastric ulcer undergoes an endoscopic biopsy, a pathologist's report shows adenocarcinoma, and thus staging and treatment can be started. Having reagents daily in the laboratory and working with well-maintained instruments allow for dependable turnaround times. Using internal and external quality controls is indispensable for consistency of laboratory results. These activities are completely invisible to clinicians but they provide confidence and credibility to the laboratory results in our environment. Thus, it is not surprising that physicians depend on laboratory results to diagnose and guide treatment. The article by Amukele et al1 in this issue demonstrates that given the opportunity and resources, multiple centers in Africa are capable of taking the necessary steps to establish confidence in laboratory results. In the context of research, the authors have implemented good laboratory practices in African institutions collaborating under the auspices of the US President's Emergency Plan for AIDS Relief (PEPFAR). As shown by their results of external quality control, these African laboratories can provide consistent laboratory results because the reagents are available and daily quality control measures are in place. The challenge is how to propagate to other institutions in Africa the efforts established in the few that participated in the study. Availability and sustainability using each country's own resources should now be the goal; currently several initiatives toward this goal are evolving. The Medical Education Partnership Initiative (MEPI) was established to increase workforce capacity after PEPFAR showed the importance of having in-country sustainability of diagnosis and treatment of patients with AIDS.2 Thus, MEPI, with its different collaborators in the United States and African countries, seeks to improve the quantity and quality of medical and health care–related professionals and retain graduates in their countries. It is expected that as new medical school graduates of the programs start practicing they will demand laboratory services that will help them define specific diagnoses rather than continue to practice medicine using primarily a syndromic approach. In addition, it is assumed that professionals in laboratory medicine will train concomitantly and will be available to cope with the demands of consistent laboratory results reported in a timely manner. To improve turnaround time, it is important to have a continuous supply chain of reagents and instruments that are maintained properly. For this, hospital administrators need to be aware of the importance of laboratory services in the care of patients so that resources are given and are available in a sustained fashion. Thus, both laboratory directors and clinicians need to advocate for having a laboratory that has supplies to work with, uses well-maintained instruments, and uses internal and external quality control programs. Since the beginning of this century, African health care professionals, African ministries of health, and development partners identified the need for a society of laboratory medicine that would allow coordination, guidance, sharing information, and networking.3 The idea was that by advancing laboratory services, networks, and systems, African countries would be better prepared to treat patients as well as answer to outbreak investigations. The African Society for Laboratory Medicine (ASLM) was formed and began functioning in 2011. The mission of this Pan-African professional body is to advance laboratory medicine and work with countries and partners to improve the standard and quality of public health and clinical laboratories; this includes training such as continuing medical laboratory education for laboratory professionals across the African continent. ASLM is taking the stepwise approach suggested by the World Health Organization (WHO AFRO SLIPTA [Stepwise Laboratory Improvement Process Towards Accreditation]) by providing graduated levels of performance recognition toward long-term fulfillment of quality standards. The SLIPTA approach increases the possibility of sustainability throughout the African region by nurturing the development of a quality improvement culture in laboratories. As mentioned earlier, surgical pathology and cytology results in many countries also suffer a similar fate regarding credibility. This is because of insufficient numbers of pathologists in a particular location, long turnaround times for results, or minimal quality control. In 2008, the College of Pathologists of East, Central, and Southern Africa (COPECSA) was created. The mission of COPECSA is to develop and certify medical professionals, by providing Africa-related training, supplemented with the opportunity to spend time abroad. It is also anticipated that COPECSA will develop a quality control program similar to that of the College of American Pathologists and External Quality Assurance System programs that are in place in the United States and England but with an Africa-specific focus and resource recognition. In addition to the previously mentioned activities, many foreign organizations are already partnering with organizations in Africa. Defining the number of such organizations and their activities has proven to be difficult because communication between them does not exist or is minimal. For example, “Friends of Africa,” an initiative of the United States and Canada Academy of Pathology and the International Academy of Pathologists, has been working on a catalog of foreign organizations interested in laboratory medicine professionals and pathologists who work or train in Africa-related issues, but this has proven challenging. Coordination and collaboration among the multiple foreign organizations working in improving pathology and laboratory medicine in Africa will be an important step forward. These efforts will address gaps, thus avoiding duplication and conserving limited resources. Now, the reader might ask, why do we care if laboratories in Africa are using good laboratory practices? Infectious diseases are the most palpable explanation of why we all need to care in this era of globalization. For example, the use of broad-spectrum antibiotics to treat patients in countries where obtaining cultures and performing susceptibility testing are not available frequently leads to the development of antibiotic-resistant bacteria in “that” other place of the world; however, as a result of globalization, these resistant bacteria are now in our hospitals. The most recent example is the New Delhi metallo-β-lactamase 1 (NDM1) found in a variety of Gram-negative bacteria that probably originated in India and are now in most Asian countries, Europe, and the United States.4 The patients who have had the NDM1 bacteria in Europe and the United States have all been linked to travel and health care in Asia. Just like multidrug-resistant bacteria enter the United States or Europe without passports, developed countries export eating habits that are now contributing to the epidemic of obesity, diabetes, and coronary heart disease that is an increasing burden for developing countries.5 Thus, countries in Africa, Asia, and Latin America have a double burden of communicable and noncommunicable diseases. In 2010, the African Union Commission held an official side event on health financing in Africa. A policy and management strategy suggested was that countries with PEPFAR funding should use some of the money to address health system issues.5 The work of Amukele et al1 is a good example of evaluating quality control in laboratories for a particular study but with the potential to benefit the entire system if physicians learn that the laboratory is using the correct procedures and having adequate controls for all samples. Thus, it is time for all to advocate for harmonizing donor support with national health care priorities and plans in resource-poor countries; this includes laboratory services, which will improve overall quality of patient care. It is also time to advocate for local capacity building and sustainability by creating the structure for in-country pathology and laboratory medicine training, ensuring a steady supply chain of reagents, and having adequate maintenance of existing instrumentation. The reliable laboratory tests that physicians in developed countries use to provide quality patient care should no longer be a luxury but should be a desirable and achievable aim for our clinical colleagues in Africa.",Priority B - manual review,Did not pass earlier high-specificity screen; manual review required before exclusion,,,,Unclear,Financing mechanism/function appears in abstract but is not explicit in title,Medium,Exclude,Does not meet primary financing-approach synthesis criteria at title/abstract stage
6320,W3013698236,2019,The impacts of the Livelihoods Empowerment Against Poverty Program (LEAP) in the Ajumako-Enyan Essiam district of Ghana: From (2015-2019),"The paper has examined extent to which LEAP has improved the livelihoods
of the poor and helping them in moving out of poverty within the Ajumako-
Enyan Essiam district in the central region of Ghana. Cash transfer programs became popular mostly within Latin-American countries, such as, Brazil, Mexico etc in the 1990s. Cash transfers as social assistance programs have been seen to make impacts in the livelihoods of extreme-poor populations within countries in Latin-America, as well as some other countries including African countries, such as, Ghana. Ghana’s cash transfer introduced in 2008, have been reported to have had some impacts on the poor beneficiary’s livelihood, food, clothing, shelter, human capital, health etc since its inception.
The results from this study have shown that, LEAP has had some impacts on the livelihoods of beneficiaries, particularly basic needs, including, food,
clothing shelter etc within the Ajumako-Enyan Essiam district, however the
impacts have been minimal due to the numerous challenges that affects the program. The challenges have included: the low amount of money that is given to beneficiaries, irregular-payments of the grant, inadequate complementary-services, such as, community schools, healthcare-centres etc within the communities. The service-fees and user-fees such as, laboratory fees, exam fees, stationery fees etc that are still charged by public community healthcare-centres and community schools respectively, as well low staff capacity of LEAP, have made the impacts of the program minimal, and as such, have not been successful in meeting its targets of reducing poverty. LEAP have also not helped beneficiaries to engage in sustainable economic-ventures that could enhance and sustain their livelihoods. Therefore, for social assistance, such as, LEAP to become effective in eradicating poverty; and not just as a means to contain poverty, it becomes important for the government and major stakeholders  to employ measures in increasing the amount of the grant to meet the living standards, ensure regular-payments of the grant, provide complementary-services, such as, community schools, healthcare-centres etc especially in deprived communities across the country.",Priority B - manual review,Did not pass earlier high-specificity screen; manual review required before exclusion,,,,Exclude,Not health financing focus,High,Exclude,Does not meet primary financing-approach synthesis criteria at title/abstract stage
12103,W7110950597,2025,LEAD Framework techniques and tools.,"The global health community has recognized the importance of integrating and sustaining health programs within national health systems rather than managing stand-alone ‘vertical’ interventions. Corresponding with these objectives, international aid donors are embracing the principle of localization. Voluntary Medical Male Circumcision (VMMC) in Zimbabwe is a large vertical HIV prevention program that was primarily funded through development assistance for health. Program stakeholders want to sustainably integrate VMMC into routine health services so that the program will continue to be a cost-effective HIV prevention strategy. The research team studied the effectiveness of a district-level intervention to empower local stakeholders in this integration effort. To evaluate this intervention, the research team conducted a document review of district-level work plans, combined with a survey administered to district teams assessing sustainability capacity of the program. Over a two-year period, Task Teams in all five intervention districts successfully integrated the VMMC program by reducing barriers and leveraging opportunities in other parts of the health system. Key outcomes impacted all WHO health system building blocks, including enhanced leadership and governance, improved service delivery through better access and acceptability, an expanded health workforce through training, more efficient use of medical technologies, improved data quality, and the mobilization of local funds to support program financing and sustainability. The sustainability survey showed a reduction in funding stability but a significant increase in communications, program adaptation, and organizational capacity. By institutionalizing participatory work planning, fostering local ownership, and mobilizing resources, the project demonstrated a successful model for integrating, scaling, and sustaining VMMC services. Other health programs in low- and middle-income countries seeking to integrate and sustain health services at subnational levels should consider this diagonal, bottom-up model to promote local leadership development and health system strengthening.",Priority B - manual review,Did not pass earlier high-specificity screen; manual review required before exclusion,,,,Unclear,Financing mechanism/function appears in abstract but is not explicit in title,Medium,Map only,Relevant to broader UHC/health-system knowledge map but not primary financing-approach synthesis
11770,W4409788016,2025,Barriers to healthcare access: a multilevel analysis of individual- and community-level factors affecting female youths’ access to healthcare services in Senegal,"INTRODUCTION: Despite the importance of preventive and curative healthcare use, female youths show a lower likelihood of usage. Factors such as language barriers, autonomy, household economic status, residence, and the education levels of individuals and their spouses influence this dynamic, but with limited evidence from Senegal. Thus, this study explores the magnitude and factors influencing healthcare access among female youths in Senegal. METHODS: This study used data from the 2023 Senegal Demographic and Health Survey (weighted sample size = 7,107). Multilevel logistic regression was used to test both individual and community-level factors associated with the outcome variable, barriers to accessing healthcare services. Adjusted odds ratios (AORs) with 95% confidence intervals (95% CI) were calculated to identify significant associations. RESULT: The overall prevalence of barriers to accessing healthcare services among female youths was 69.40%. After adjusting for other variables in the final model, it was found that female youths who had no formal education (AOR = 2.11), primary education (AOR = 1.98), secondary education (AOR = 1.54), no health insurance coverage (AOR = 1.42), lived in poor households (AOR = 2.77), unmarried (AOR = 1.47), or lived in communities with high poverty levels (AOR = 1.87) faced significantly greater barriers to accessing healthcare. CONCLUSION: To improve healthcare access for female youth in Senegal, targeted strategies must prioritize advancing educational opportunities, fostering economic empowerment, and expanding health insurance coverage. Special emphasis should be placed on addressing the unique challenges faced by unmarried female youth through tailored support programs. Furthermore, community-wide interventions to reduce poverty and enhance overall socioeconomic conditions are essential for creating a sustainable and equitable healthcare environment.",Priority B - manual review,Did not pass earlier high-specificity screen; manual review required before exclusion,,,,Unclear,Financing mechanism/function appears in abstract but is not explicit in title,Medium,Map only,Relevant to broader UHC/health-system knowledge map but not primary financing-approach synthesis
2203,W1473357465,2013,Effect of different physical therapy modalities on post-operative recovery following transverse carpal ligament release: A randomized controlled trial,"OBJECTIVE: To compare between selected post-operatives physical therapy modalities after transverse carpal ligament release. DESIGN: Double blind, randomized controlled trial. SETTING: Health insurance hospital outpatient clinic in Cairo, Egypt. SUBJECTS: Forty-five female patients aged 25–45 years, following transverse carpal ligament release of the dominant hand, referred to the physical therapy outpatient clinic of a health insurance hospital, Egypt. INTERVENTION: Patients were randomly allocated to three equal groups of 15: Ultrasonic group received continuous ultrasound with nerve and tendon gliding exercises, Laser group received laser therapy and the same exercises, Exercise group received the same exercises only. Treatment duration was six weeks, three times per week. MAIN MEASURE: Visual analogue scale for pain intensity, pinch dynamometer for muscle strength, motor and sensory distal latencies for median nerve. RESULTS: There was significant improvement after treatment in all groups, with no significant difference between the Ultrasonic group and the Laser group; there was a highly significant difference between the Ultrasonic group and the Exercise group, and a significant difference between the Laser group and the Exercise group. CONCLUSION: Continuous ultrasound accompanied with nerve and tendon gliding exercises is considered more effective in the post-operative treatment of transverse carpal ligament release, giving best results and percentage of improvements when compared either to Laser therapy with nerve and tendon gliding exercises or nerve and tendon gliding exercises only.",Priority B - manual review,Did not pass earlier high-specificity screen; manual review required before exclusion,,,,Unclear,Financing mechanism/function appears in abstract but is not explicit in title,Medium,Exclude,Does not meet primary financing-approach synthesis criteria at title/abstract stage
2538,W2100775497,2013,Public finance of rotavirus vaccination in India and Ethiopia: An extended cost-effectiveness analysis,,Priority B - manual review,Did not pass earlier high-specificity screen; manual review required before exclusion,,,,Include,Explicit financing mechanism/approach in title with target-setting and evaluative/UHC relevance,High,Include,Meets primary financing-approach/UHC eligibility at title/abstract stage
5591,W2932169988,2019,Access to health care for migrants in the Greater Mekong Subregion: policies and legal frameworks and their impact on malaria control in the context of malaria elimination,"The launch of the Global compact for safe, orderly and regular migration in December 2018 marked the first-ever United Nations global agreement on a common approach to international migration in all its dimensions. The global compact aims to reduce the risks and vulnerabilities migrants face at different stages of migration, by respecting, protecting and fulfilling their human rights and providing them with care and assistance. A key example of the intersection of the right to health and migration is seen in the Greater Mekong Subregion (GMS) - comprising Cambodia, Lao People's Democratic Republic, Myanmar, the People's Republic of China (Yunnan Province and Guangxi Zhuang Autonomous Region), Thailand and Viet Nam. The GMS has a highly dynamic and complex pattern of fluctuating migration, and population mobility has been identified as an important concern in the GMS, since five of the six GMS countries are endemic for malaria. Based on the concept of universal health coverage, and as endorsed by the 61st World Health Assembly in 2008, migrants, independently of their legal status, should be included in national health schemes. This paper summarizes work done to understand and address the legal obstacles that migrants face in accessing health services in the GMS countries, and the impact that these obstacles have in relation to elimination of malaria and containment of artemisinin resistance. Despite efforts being made towards achieving universal health coverage in all the GMS countries, no country has current health and social protection regulations to ensure migrants' access to health services, although in Thailand documented and undocumented migrants can opt for acquiring health insurance. Additionally, there is a lack of migrant-inclusive legislation in GMS countries, since barriers to accessing health services for migrants - such as language and/or socioeconomic factors - have been scarcely considered. Advocacy to promote legislative approaches that include migrants' health needs has been made at global and regional levels, to overcome these barriers. Assistance is available to Member States for reviewing and adopting migrant-friendly policies and legal frameworks that promote rather than hinder migrants' and mobile populations' access to health services.",Priority B - manual review,Did not pass earlier high-specificity screen; manual review required before exclusion,,,,Unclear,Financing mechanism/function appears in abstract but is not explicit in title,Medium,Map only,Relevant to broader UHC/health-system knowledge map but not primary financing-approach synthesis
5674,W3010245554,2019,A Panel Data Study of the Determinants of Life Expectancy in Low Income Countries,"This study attempts to determine the impact of several socioeconomic determinants of life expectancy for 34 low income countries using ordinary least squares linear regression. Most explanatory variables were statistically significant, implying that the socioeconomic variables of interest, including government health expenditures, access to basic sanitation facilities, HIV prevalence, urbanization, education, and sex, are important measures in influencing life expectancy. Foreign aid, corruption, and undernourishment, were determined insignificant when determining life expectancy. Based on the analysis results, it has been suggested that these developing countries implement appropriate policies and programs to increase HIV education and preventative measures, increase women’s rights and labor force participation, and specifically direct foreign aid inflows, in order to increase the life expectancy of people in the country.",Priority B - manual review,Did not pass earlier high-specificity screen; manual review required before exclusion,,,,Unclear,Financing mechanism/function appears in abstract but is not explicit in title,Medium,Exclude,Does not meet primary financing-approach synthesis criteria at title/abstract stage
10295,W4391402569,2024,The Effect of Healthcare Expenditure on Maternal Mortality in Uganda,"The maternal mortality rate in Uganda of 189 per 100,000 live births remains above the global target of 70 per 100,000. Evidence shows that the mode of healthcare expenditure impacts the provision of maternal healthcare services and reduction in maternal mortality. Understanding how healthcare expenditure impacts maternal health outcomes in Uganda is important for policy. Data from World Development Indicators for the period 1985-2019 were used to explore the effect of healthcare expenditure on maternal mortality using an auto-regressive distributed lag model. The findings showed that domestic government expenditure targeted on maternal health conditions significantly reduces maternal mortality. An increase in nurses was also associated with significant reductions in maternal mortality; hence, the government should increase investment in training and posting adequate nurses at public health facilities, where the majority of Ugandans seek care. Similarly, out-of-pocket health expenditure and total health expenditure per capita were both associated with a reduction in maternal deaths in the short-run. However, while out-of-pocket health expenditure is associated with a reduction in maternal mortality, it is inequitable. The Uganda National Health Insurance should ensure that financial risk protection for the poor is implemented to move towards universal health coverage.",Priority B - manual review,Did not pass earlier high-specificity screen; manual review required before exclusion,,,,Unclear,Financing mechanism/function appears in abstract but is not explicit in title,Medium,Include,Meets primary financing-approach/UHC eligibility at title/abstract stage
5016,W2783875468,2018,Extending coverage to informal sector populations in Kenya: design preferences and implications for financing policy,"BACKGROUND: Universal health coverage (UHC) is important in terms of improving access to quality health care while protecting households from the risk of catastrophic health spending and impoverishment. However, progress to UHC has been hampered by the measures to increase mandatory prepaid funds especially in low- and middle-income countries where there are large populations in the informal sector. Important considerations in expanding coverage to the informal sector should include an exploration of the type of prepayment system that is acceptable to the informal sector and the features of such a design that would encourage prepayment for health care among this population group. The objective of the study was to document the views of informal sector workers regarding different prepayment mechanisms, and critically analyze key design features of a future health system and the policy implications of financing UHC in Kenya. METHODS: This was part of larger study which involved a mixed-methods approach. The following tools were used to collect data from informal sector workers: focus group discussions [N = 16 (rural = 7; urban = 9)], individual in-depth interviews [N = 26 (rural = 14; urban = 12)] and a questionnaire survey [N = 455(rural = 129; urban = 326)]. Thematic approach was used to analyze qualitative data while Stata v.11 involving mainly descriptive analysis was used in quantitative data. The tools mentioned were used to collect data to meet various objectives of a larger study and what is presented here constitutes a small section of the data generated by these tools. RESULTS: The findings show that informal sector workers in rural and urban areas prefer different prepayment systems for financing UHC. Preference for a non-contributory system of financing UHC was particularly strong in the urban study site (58%). Over 70% in the rural area preferred a contributory mechanism in financing UHC. The main concern for informal sector workers regardless of the overall design of the financing approach to UHC included a poor governance culture especially one that does not punish corruption. Other reasons especially with regard to the contributory financing approach included high premium costs and inability to enforce contributions from informal sector. CONCLUSION: On average 47% of all study participants, the largest single majority, are in favor of a non-contributory financing mechanism. Strong evidence from existing literature indicates difficulties in implementing social contributions as the primary financing mechanism for UHC in contexts with large informal sector populations. Non-contributory financing should be strongly recommended to policymakers to be the primary financing mechanism and supplemented by social contributions.",Priority B - manual review,Did not pass earlier high-specificity screen; manual review required before exclusion,,,,Unclear,Financing mechanism/function appears in abstract but is not explicit in title,Medium,Include,Meets primary financing-approach/UHC eligibility at title/abstract stage
2668,W2406886399,2013,En forventet effekt,"This 2011 edition of Health at a Glance: OECD Indicators presents the most recent comparable data on key indicators of health and health systems across OECD countries.For the first time, it features a chapter on long-term care.This edition presents data for all 34 OECD member countries, including the four new member countries: Chile, Estonia, Israel and Slovenia.Where possible, it also reports comparable data for Brazil, China, India, Indonesia, the Russian Federation, and South Africa, as major non-OECD economies.The production of Health at a Glance would not have been possible without the contribution of OECD Health Data National Correspondents, Health Accounts Experts, and Health Care Quality Indicators Experts.The OECD gratefully acknowledges their effort in supplying most of the data and qualitative information contained in this publication.The OECD also acknowledges the contribution of other international organisations, especially the World Health Organization, the World Bank and Eurostat, for sharing some of the data presented here, and the European Commission for supporting data development.",Priority B - manual review,Did not pass earlier high-specificity screen; manual review required before exclusion,,,,Map only,Relevant to UHC/health-system knowledge map but no explicit financing-approach evaluation,High,Exclude,Does not meet primary financing-approach synthesis criteria at title/abstract stage
6155,W2975433285,2019,Relationship between governance mechanisms and contract performance,"Purpose The purpose of this paper is to explain the variation in the relationship between governance mechanisms and the effect of the relationship on contract performance, especially in controlling partner opportunism. Design/methodology/approach This study conducts a comparative case analysis of contract governance of “National Health Insurance Program” in India. The data are collected using field research through in-depth interviews and direct observation across three states in India. Findings The authors find that the governance mechanisms continue to complement and substitute, both in a dynamic manner, but until aligned with the nature of transaction, they are ineffective to mitigate opportunism, a critical dimension of contract performance. Inappropriate governance mechanisms inflate the gaps in incomplete contracts, resulting in partner opportunism. Research limitations/implications The study draws findings from healthcare context and service-based contracting; therefore, the applicability of this study may vary in other contexts. Practical implications The paper highlights the need for building flexibility in the governance structure while designing contracts. Further, managers need to combine both governance mechanisms dynamically to align with the nature of the transaction to control partner opportunism. Originality/value The authors contribute to the existing debate on the conundrum of the relationship between governance mechanisms and provide a new explanation. The authors propose that it is not the specific governance mechanisms but the alignment of the governance mix with the nature of the transaction that determines the contract performance, especially control of partner opportunism.",Priority B - manual review,Did not pass earlier high-specificity screen; manual review required before exclusion,,,,Unclear,Financing mechanism/function appears in abstract but is not explicit in title,Medium,Exclude,Does not meet primary financing-approach synthesis criteria at title/abstract stage
11828,W4413743265,2025,(wl-7018)-Effectiveness of PFHI Schemes in India: Insights from the HCES 2022–23,"Publicly funded health insurance schemes play a crucial role in financing healthcare in India, especially hospitalization for poor, vulnerable households. Using the 2022-23 Household Consumption Expenditure Survey, we analysed enrolment, utilization, and the schemes' effectiveness in reducing out-of-pocket and catastrophic health expenditures. While enrolment has increased over the years, effective financial protection remains inadequate. The evidence suggests the need to improve the implementation of these insurance schemes and strengthen the public healthcare delivery system to protect households from financial distress.",Priority B - manual review,Did not pass earlier high-specificity screen; manual review required before exclusion,,,,Unclear,Financing mechanism/function appears in abstract but is not explicit in title,Medium,Include,Meets primary financing-approach/UHC eligibility at title/abstract stage
14524,W7204002376,2026,"The Price of a Dream: Migration, Trafficking Vulnerability and Local Brokerage Networks in Gujrat, Pakistan","Research explored the nexus between irregular migration and human trafficking in Gujrat District, Pakistan, and how families follow the socio-economic aspiration and cultural traditions, as well as chase social prestige, which leads to high-risk migration. Irregular migration from Pakistan is often understood primarily as a response to economic hardship, yet the social aspirations and household strategies underlying migration decisions may also shape migrants’ vulnerability to exploitation. The study examines the relationship between migration aspirations, irregular migration, and vulnerability to exploitation in Gujrat District, Pakistan. The findings from the study on overseas migration in Gujrat suggest that the decision to migrate is influenced not only by economic factors but also by social aspects, including family expectations and aspirations for improved living conditions. Households often make significant financial investments through loans, land sales, and mortgages to facilitate this migration. The reliance on local intermediaries and irregular routes raises the risk of deception and exploitation for migrants. Additionally, unsuccessful or exploitative migrations can lead to serious repercussions such as debt, financial loss, psychological distress, stigma and family disruption. Institutional shortcomings and a lack of safe, affordable migration options exacerbate these vulnerabilities. The study offers insights into the complex interactions between migration aspirations, financial investments, broker reliance, and limited institutional support, emphasizing the need for accessible legal migration pathways, stricter regulation of intermediaries, community awareness initiatives, financial protection strategies, and robust institutional support for victims.",Priority B - manual review,Did not pass earlier high-specificity screen; manual review required before exclusion,,,,Exclude,No substantive financing approach/UHC-financing signal,High,Exclude,Does not meet primary financing-approach synthesis criteria at title/abstract stage
1187,W2059964693,2009,Increased liver‐related mortality to hepatitis C viremia defined on the 20th anniversary of its identification†‡,"Hepatitis C virus (HCV), which is endemic to most parts of the world, remains the most common cause of posttransfusion hepatitis worldwide, is the leading cause of end-stage liver disease,1 and is one of the 10 leading causes of infectious diseases deaths worldwide. The epidemiology of HCV infection has changed over the past two decades with the near elimination of blood and blood product–related infection in more developed countries and a resulting shift to injection drug use and sexual transmission being the major routes of infection. In less-developed countries, the routes of transmission remain unsafe therapeutic injection practices, inadequate disinfection practices in medical and dental settings, and unscreened blood transfusions as well as sexual transmission and injection drug use. ALT, alanine aminotransferase; CI, confidence interval; HCC, hepatocellular carcinoma; HCV, hepatitis C virus; HIV, human immunodeficiency virus; HR, hazard ratio. The World Health Organization estimates that 3% of the world's population, or approximately 170 million people, have been infected with HCV with a prevalence of 2%.2, 3 However, there are substantial variations in the prevalence throughout the world, with the highest prevalence being in North America and the Middle East, particularly Egypt (>3%), followed by Africa (3%), Eastern Europe (2.2%), China and other Asian countries (2%), Australia (1.1%), Southeast Asia (1.2%), and Northern Europe and the United Kingdom (1.1%). The incidence data compiled by the national surveillance and NHANES (National Health and Nutrition Examination Survey) shows that the incidence of HCV infection rose in the United States during the 1960s and 1970s, and remained high in the 1980s with estimates of 230,000 new cases per year.3, 4 In the 1990s, the estimated number of new cases decreased, especially among injecting drug users, for reasons that are not clear. It may have been due to the measures, such as needle exchange programs, introduced to prevent human immunodeficiency virus (HIV) transmission.4 In 2004, the estimated number of acute cases of HCV decreased to 26,000.5 Studies in Japan, which has the highest incidence of hepatocellular carcinoma (HCC) in HCV viremic patients (6%–7%),6 estimated that HCV infection was spread there in patients in the 1920s, and that they are now seeing the consequences of this with significant end-stage liver disease and resultant increases in morbidity and mortality.7 Hepatitis C progresses at varying rates,8 and not all infected individuals necessarily develop complications such as HCC and decompensated liver disease.9 Chronicity rates of HCV infection are now well established and can vary with route of transmission. Early studies in cohorts of blood donors, transfusion recipients, and adults acquiring infection through injection drug use reported chronicity rates of 70%–80%,10-12 whereas in cohorts of children infected through blood contamination, only 55%–71% remain chronically infected 15–20 years later.13, 14 In Germany and Ireland, cohorts of young women infected with HCV-contaminated immunoglobulin have chronicity rates of 55% up to 20 years after exposure.15, 16 Racial difference in rates of spontaneous clearance, and thus progression, have been shown with higher rates of HCV viremia and chronicity in HCV antibody–positive African American and Asian Americans than in white Americans.12, 18 Persons who have compromised immune systems and responses are at higher risk of developing persistent infection following exposure, as presented in studies of transplant recipients acquiring HCV from infected organs19 and in studies of persons coinfected with HCV and HIV.12 The factors most consistently associated with the development of progressive disease in chronically infected persons with fibrosis are sex, age at infection, immune status at time of infection, genotype, coinfection with hepatitis B virus, HIV, schistosomiasis, alcohol intake, and the newer emerging entities of steatosis and insulin resistance.20 Studies to date on the development of cirrhosis and HCC indicate rates of cirrhosis at 20 years after infection of 4%–24% and rates of HCC of 1%–7%, depending on the populations studied and the cohort recruitment methods used21-24 (i.e., community cohorts and blood donors as opposed to liver clinic referrals). Although WHO data provide some epidemiological insights into the global burden of HCV, limited data exist to date on the HCV-related morbidity and mortality, because these data come primarily from natural history studies10, 11, 24-26 rather than from prospectively followed cohorts within community-based settings27 and is limited by the indolent development of progressive and end-stage liver disease. Some investigators have attempted to project the future burden from HCV by utilizing computer modeling, taking into account the proportions of individuals who might develop progressive liver disease and also the fact that some individuals may die from other causes before they develop any significant liver complications.28, 29 Estimates from these studies show liver-related disease mortality at 4%–15%. In this issue of HEPATOLOGY, Uto et al.30 report the mortality rate and causes of death in a community-based prospective cohort study of individuals positive for HCV antibody in a hyperendemic area of Japan. A total of 1125 individuals were enrolled and were followed in this study between 1995 and the last day of 2005, or to their date of death if earlier. Viremia was assessed by HCV core antigen or HCV RNA. Individuals were classed as carriers if they were viremic and noncarriers if they were not viremic. Serologically defined HCV genotype (HCV serotype) was determined. If the serotype could not be determined, then HCV genotyping was undertaken. HCV genotype 1b was included with serotype 1, and genotypes 2a and 2b with serotype 2. No other genotype was detected in the cohort. Cause of death was assessed by death certificate and was classified into one of seven defined categories: HCC, liver disease excluding HCC, neoplasms excluding HCC, stroke, heart disease, pulmonary disease excluding lung cancer, and unknown/other causes. The cohort included 758 (67.4%) carriers and 367 (32.6%) noncarriers. The mean age at enrollment was 64.2 and 62.6 respectfully. No statistically significant difference was identified according to sex, the rate of HBsAg surface antigen positivity, history of alcohol intake, or history of blood transfusion within the cohort. The group of carriers were slightly older and had higher levels of alanine aminotransferase (ALT) and γ-glutamyl transferase at baseline. The overall mortality rate was 25.0 per 1000 person-years in the cohort. After having been adjusted for age and sex, HCV carriers had a significantly higher rate of overall mortality (hazard ratio [HR], 1.53; 95% confidence interval [CI], 1.13–2.07) compared to noncarriers. This higher rate in overall mortality is explained by the higher rate of liver-related deaths from HCC and non-HCC with a cumulative risk of death of 28.0% in the carrier group as compared to 17.9% in the noncarriers, based on Kaplan-Meier estimates. Subgroup analysis in the carriers indicated a significant association with a higher level of HCV core antigen (>100 pg/mL) (HR, 1.81; 95% CI, 1.08–3.06) to liver-related deaths (HR, 2.58; 95% CI, 1.04–6.41) and weak associations between serotype 1 infection, (HR, 2.21; 95% CI, 0.91–5.33) indeterminate HCV infection (HR, 3.89; 95% CI, 0.97–15.7) and an increase in HCC mortality. In further subgroup analysis that looked at ALT level and its possible relationship with increased liver-related mortality, 405 of 719 patients were excluded because they had fluctuating levels of ALT. This did not increase the power of these data. However, the inclusion of this category of patients would have answered an important question and provided a more complete picture of what occurs in clinical practice. This selected Japanese prospective study cohort provides us with valuable additional important information on mortality related to HCV viremia, in particular, the increase in the liver-related mortality, which was clearly defined in this cohort and which was not seen in some of the natural history studies.23 Although racial difference in the incidence of HCC has been previously clearly defined,12, 18 the relatively low proportion of HCC death occurrences in this cohort cannot be explained by possible inaccuracies in death certification alone. The mode of infection and likely age at infection or the prevalence of HIV coinfection were not referred to, and an assumption was likely made that with the high age at enrollment the cohort was likely to have significant progressive disease and cirrhosis although no liver biopsy material was included. The relatively select nature of the population, who all had health insurance, also limits important socioeconomic factors which can affect overall mortality rates. Considering these study limitations, the main aim of the study was achieved. This should propel us to continue to monitor prospectively and more comprehensively our individual patient cohorts, thus improving our understanding of the mortality risks and data in HCV-infected individuals. Please note: The publisher is not responsible for the content or functionality of any supporting information supplied by the authors. Any queries (other than missing content) should be directed to the corresponding author for the article.",Priority B - manual review,Did not pass earlier high-specificity screen; manual review required before exclusion,,,,Unclear,Financing mechanism/function appears in abstract but is not explicit in title,Medium,Exclude,Does not meet primary financing-approach synthesis criteria at title/abstract stage
1742,W2133661066,2011,Does HIV Services Decentralization Protect against the Risk of Catastrophic Health Expenditures? Some Lessons from C ameroon,"OBJECTIVE: Scaling up antiretroviral treatment (ART) through decentralization of HIV care is increasingly recommended as a strategy toward ensuring equitable access to treatment. However, there have been hitherto few attempts to empirically examine the performance of this policy, and particularly its role in protecting against the risk of catastrophic health expenditures (CHE). This article therefore seeks to assess whether HIV care decentralization has a protective effect against the risk of CHE associated with HIV infection. DATA SOURCE AND STUDY DESIGN: We use primary data from the cross-sectional EVAL-ANRS 12-116 survey, conducted in 2006-2007 among a random sample of 3,151 HIV-infected outpatients followed up in 27 hospitals in Cameroon. DATA COLLECTION AND METHODS: Data collected contain sociodemographic, economic, and clinical information on patients as well as health care supply-related characteristics. We assess the determinants of CHE among the ART-treated patients using a hierarchical logistic model (n = 2,412), designed to adequately investigate the separate effects of patients and supply-related characteristics. PRINCIPAL FINDINGS: Expenditures for HIV care exceed 17 percent of household income for 50 percent of the study population. After adjusting for individual characteristics and technological level, decentralization of HIV services emerges as the main health system factor explaining interclass variance, with a protective effect on the risk of CHE. CONCLUSION: The findings suggest that HIV care decentralization is likely to enhance equity in access to ART. Decentralization appears, however, to be a necessary but insufficient condition to fully remove the risk of CHE, unless other innovative reforms in health financing are introduced.",Priority B - manual review,Did not pass earlier high-specificity screen; manual review required before exclusion,,,,Unclear,Financing mechanism/function appears in abstract but is not explicit in title,Medium,Include,Meets primary financing-approach/UHC eligibility at title/abstract stage
6284,W3034457956,2019,SELF-MEDICATION PROFILE OF DENTAL PATIENTS ATTENDING A NORTH EASTERN TERTIARY HOSPITAL IN NIGERIA.,"BACKGROUND: Self-medication is widely practiced worldwide. Literatures abound on its use for medical ailments but there is paucity of information for dental complaints especially in Northeastern Nigeria. Hence, this study was designed to determine the prevalence of self-medication for dental problems before dental consultation and its associated factors among patients attending Federal Teaching Hospital (FTH), Dental and Maxillofacial Outpatient Clinic, Gombe, Gombe State, Nigeria. MATERIALS AND METHODS: A descriptive cross-sectional study based on a structured pretested close-ended interviewer-administered questionnaire was distributed among adults visiting FTH outpatient dental clinic, Gombe, Nigeria for a period of 8 months. The questionnaire was composed of two main sections: demographic characteristics and questions assessing the behaviour of self-medication. The non-probability convenient sampling technique was used and data was stored and analysed using IBM-Statistical Package for Social Sciences (SPSS) version 23.0. RESULTS: decades of life. Educational status was significantly associated with self-medication. Analgesics accounted for the greatest percentage (98/164 or 59.8%) of orthodox drugs used followed by antibiotics (62/164 or 37.8%). However, with respect to individual medication consumed, paracetamol accounted for the majority (28.7%). A greater number (55/194 or 28.4%) could not remember the name of the orthodox drugs they took before consultations. Street hawkers were the main source of these medicaments (36.6 or 71/194%). Fear of dental treatment (20.1% 39/194), ailment is simple and the need not to see a dentist (20.1% 39/194) were claimed to be the main reason for practicing self-medication with periodontitis (53.1% or 103/194), pulpitis (13.9% or 27/194) and pericoronitis (10.8% or 21/194) the main predictors. CONCLUSION: The prevalence of self-medications to dental problems in this study was discovered to be high with the use of both orthodox and unidentified traditional drugs. National Health Insurance Scheme should be made to cover all social group of Nigerians in order to encourage easy accessibilities of all people to wide range of medical and dental consultations, thereby discouraging the practice of self-medication.",Priority B - manual review,Did not pass earlier high-specificity screen; manual review required before exclusion,,,,Unclear,Financing mechanism/function appears in abstract but is not explicit in title,Medium,Exclude,Does not meet primary financing-approach synthesis criteria at title/abstract stage
13923,W7162136329,2026,"Trapped by debt: an ethnographic study of medical indebtedness and hospital detention in the Fundong Health District, Cameroon","Background: This study investigates the structural and socio-cultural drivers of medical indebtedness and hospital detention due to unpaid healthcare bills in the Fundong Health District, Cameroon. It explores how poverty, institutional shortcomings, and cultural beliefs converge to exacerbate patients’ financial vulnerability and delay access to care. Methods: A qualitative anthropological approach was employed between February and November 2022, combining 34 in-depth interviews with extended ethnographic observation in hospital wards, billing offices, and family waiting areas. Data were analyzed using iterative grounded theory methods, including open, axial, and selective coding of interview transcripts, focus group discussions, and field notes. This methodology allowed for a nuanced understanding of how debt and detention are experienced and perpetuated. All data were transcribed, manually coded, and analyzed using NVivo 14 software to identify recurring themes related to hospital detention. Results: The findings show that medical indebtedness is driven by poverty, lack of health insurance, and limited social support. Institutional factors—including underfunded healthcare infrastructure and high user fees—compound these vulnerabilities. Cultural norms, such as beliefs discouraging financial preparation for illness, further heighten exposure to risk. The practice of hospital detention, though largely undocumented, imposes severe physical, emotional, and financial burdens, prompting some to delay care or adopt harmful coping mechanisms. Conclusion/policy implications: Addressing medical debt and hospital detention requires a multifaceted policy response. Recommendations include eliminating maternal user fees, expanding health insurance coverage for vulnerable populations, protecting hospital-based social assistance, and replacing detention with legal safeguards and social mediation. Additionally, culturally sensitive financial literacy and mental health support programs are vital. Long-term investment in health infrastructure and governance is essential to reduce out-of-pocket spending and ensure equitable, rights-based healthcare access.",Priority B - manual review,Did not pass earlier high-specificity screen; manual review required before exclusion,,,,Unclear,Financing mechanism/function appears in abstract but is not explicit in title,Medium,Include,Meets primary financing-approach/UHC eligibility at title/abstract stage
7323,W3120229097,2021,Health Services Utilization among Older Adults in Pokhara Metropolitan City,"The Government of Nepal provides a range of welfare schemes to senior citizens, but little is known about the use of public benefits by older adults. This community-based cross-sectional survey thus aims to assess the utilization and correlates of health services (through both private and public health facilities), free essential health services (provided by the government through public health facilities), and other welfare schemes - discounts in health treatment for certain diseases, monthly senior citizen allowance, reservation and concession in transportation, and the government-run health insurance program - among 201 Nepali older adults. Notably, a sizable proportion of the participants (22.4%) did not visit a health facility despite having a health problem. Females and those with higher co-morbidity had higher odds of health facility visits. Only 8% utilized the free essential health services, and 47% one or more of the other welfare schemes. Lack of awareness of free health services and welfare schemes were associated with lower odds of their utilization, respectively.",Priority B - manual review,Did not pass earlier high-specificity screen; manual review required before exclusion,,,,Unclear,Financing mechanism/function appears in abstract but is not explicit in title,Medium,Unclear,Insufficient title/abstract information; requires full-text or additional metadata
3045,W1994657580,2014,Assessing predictors of delayed antenatal care visits in Rwanda: a secondary analysis of Rwanda demographic and health survey 2010,"BACKGROUND: Early initiation of antenatal care (ANC) can reduce common maternal complications and maternal and perinatal mortality. Though Rwanda demonstrated a remarkable decline in maternal mortality and 98% of Rwandan women receive antenatal care from a skilled provider, only 38% of women have an ANC visit in their first three months of pregnancy. This study assessed factors associated with delayed ANC in Rwanda. METHODS: This is a cross-sectional study using data collected during the 2010 Rwanda DHS from 6,325 women age 15-49 that had at least one birth in the last five years. Factors associated with delayed ANC were identified using a multivariable logistic regression model using manual backward stepwise regression. Analysis was conducted in Stata v12 applying survey commands to account for the complex sample design. RESULTS: Several factors were significantly associated with delayed ANC including having many children (4-6 children, OR = 1.42, 95% CI: 1.22, 1.65; or more than six children, OR = 1.57, 95% CI: 1.24, 1.99); feeling that distance to health facility is a problem (OR = 1.20, 95% CI: 1.04, 1.38); and unwanted pregnancy (OR = 1.41, 95% CI: 1.26, 1.58). The following were protective against delayed ANC: having an ANC at a private hospital or clinic (OR = 0.29, 95% CI: 0.15, 0.56); being married (OR = 0.85, 95% CI: 0.75, 0.96), and having public mutuelle health insurance (OR = 0.81, 95% CI: 0.71, 0.92) or another type of insurance (OR = 0.33, 95% CI: 0.23, 0.46). CONCLUSION: This analysis revealed potential barriers to ANC service utilization. Distance to health facility remains a major constraint which suggests a great need of infrastructure and decentralization of maternal ANC to health posts and dispensaries. Interventions such as universal health insurance coverage, family planning, and community maternal health system are underway and could be part of effective strategies to address delays in ANC.",Priority B - manual review,Did not pass earlier high-specificity screen; manual review required before exclusion,,,,Unclear,Financing mechanism/function appears in abstract but is not explicit in title,Medium,Exclude,Does not meet primary financing-approach synthesis criteria at title/abstract stage
3450,W1893993862,2015,Household coping strategies for delivery and related healthcare cost: findings from rural Bangladesh,"OBJECTIVES: This study aims to measure the economic costs of maternal complication and to understand household coping strategies for financing maternal healthcare cost. METHODS: A household survey of the 706 women with maternal complication, of whom 483 had normal delivery, was conducted to collect data at 6 weeks and 6 months post-partum. Data were collected on socio-economic information of the household, expenditure during delivery and post-partum, coping strategies adopted by households and other related information. RESULTS: Despite the high cost of health care associated with maternal complications, the majority of families were capable of protecting consumption on non-health items. Around one-third of households spent more than 20% of their annual household expenditure on maternal health care. Almost 50% were able to avoid catastrophic spending because of the coping strategies that they relied on. In general, households appeared resilient to short-term economic consequences of maternal health shocks, due to the availability of informal credit, donations from relatives and selling assets. While richer households fund a greater portion of the cost of maternal health care from income and savings, the poorer households with severe maternal complication resorted to borrowing from local moneylenders at high interest, which may leave them vulnerable to financial difficulties. CONCLUSION: Financial protection, especially for the poor, may benefit households against economic consequences of maternal complication.",Priority B - manual review,Did not pass earlier high-specificity screen; manual review required before exclusion,,,,Map only,Relevant to UHC/health-system knowledge map but no explicit financing-approach evaluation,High,Include,Meets primary financing-approach/UHC eligibility at title/abstract stage
9705,W4385264983,2023,Understanding Health Worker and Community Antibiotic Prescription-Adherence Practices for Acute Febrile Illness: A Nested Qualitative Study in the Shai-Osudoku District of Ghana and the Development of a Training-and-Communication Intervention,"BACKGROUND: The aim was to explore behavioral factors relating to the prescription and communication of prescription-adherence messages for patients with acute febrile illness, from which to develop a training-and-communication (T&C) intervention to be delivered as part of a clinical trial. METHODS: The study undertook a content analysis of primary, qualitative data collection using in-depth interviews and focus group discussions, informed by the Capability, Opportunity, Motivation (COM-B) theory of behavior, the Theoretical Domains Framework (TDF), and Behavior Change Wheel (BCW) approach, in health facilities (39 health workers) and communities (66 community members) in the Shai-Osudoku District of Ghana. RESULTS: Health workers perceive that prescribers' and dispensers' communication with patients is influenced by the following factors: patient's educational level, existing disease conditions, health worker's workload, patient's religion, language barrier between health worker and patient, outcome of laboratory results, and medicine availability. Community members' adherence to prescription was influenced by the availability of money and affordability of medicine (outside of provision by the national health insurance scheme), the severity of the condition, work schedule, and forgetfulness. CONCLUSIONS: Our study contributes to knowledge on nesting qualitative methods in a clinical trial and reveals factors that affect the antibiotic prescription communication process. Tailored messages for patient-specific needs can shape antibiotic prescription adherence behavior and ultimately contribute to decreasing the incidence of antibiotic resistance.",Priority B - manual review,Did not pass earlier high-specificity screen; manual review required before exclusion,,,,Unclear,Financing mechanism/function appears in abstract but is not explicit in title,Medium,Exclude,Does not meet primary financing-approach synthesis criteria at title/abstract stage
10437,W4394860515,2024,The Disconnect Between Policy Makers And Researchers – Time To Build Bridges,"According to World Health Organization, Pakistan and Afghanistan are the last bastions of Poliomyelitis. Rest of the world has become Polio Free. They achieved this freedom after becoming part of Polio Eradication Initiative which was created in 1988 just after the World Health Assembly resolved to eradicate Polio Myelitis from the globe. The woes of Pakistan do not end here. According to “Health Financing Progress Matrix Assessment Pakistan 2023. Summary of findings and recommendations” by World Health Organization, the service coverage index of Pakistan despite showing a consistent surge over the years was still significantly lower with a score of 45 against an average of 58 amongst the low middle income group countries in year 2021. This calls for a need to revisit our strategic policy making in all spheres of life but especially in health and health education. Dr Vaqar Ahmed in Pakistan’s Agenda of Economic Reforms, identified that this country faces a serious and lingering lack of institutional arrangement within our framework for research-based policy formulation, and post implementation feedback.",Priority B - manual review,Did not pass earlier high-specificity screen; manual review required before exclusion,,,,Unclear,Financing mechanism/function appears in abstract but is not explicit in title,Medium,Exclude,Does not meet primary financing-approach synthesis criteria at title/abstract stage
4895,W2800844927,2018,Determinants of Insecticide Treated Net Utilisation for Under-Five Children in Ghana,"Background: Malaria is regarded as one of the most dangerous killers of children in the world of which Ghana is no exception. However, one of the most effective means of preventing malaria is the utilisation of insecticide treated net (ITN). This has necessitated various mass ITN distribution drives in various countries including Ghana. However, a recent report shows very low ITN utilisation among under-five children in Ghana. 
Methods: This study used the 2014 Ghana Demographic and Health Survey as the source of data as well the binary probit model as the empirical estimation technique.
Results: The study revealed that children from urban areas, older children, children with older household heads, children from wealthy families, Muslim children, children from the Northern, Greater Accra and Upper East regions and children of mothers with big problems with regard to permission and money to seek medical care, were less likely to have utilised ITN. Also Mothers with primary and secondary education, mothers with health insurance and mothers with big problems concerning the distance to health facility, were revealed to be more likely to have utilised ITN for their children. 
Conclusion: It can therefore be concluded from the binary probit regression that, deepening the free maternal health insurance policy, intensifying the behaviour change communication campaigns on ITN utilisation in regions, and women empowerment through education as well as targeting uneducated mothers, could be some of the effective strategies that can be employed to increase ITN utilisation among children in Ghana.",Priority B - manual review,Did not pass earlier high-specificity screen; manual review required before exclusion,,,,Unclear,Financing mechanism/function appears in abstract but is not explicit in title,Medium,Exclude,Does not meet primary financing-approach synthesis criteria at title/abstract stage
13992,W7163194385,2026,Cost-utility Analysis of Regorafenib for Patients With Hepatocellular Carcinoma who Progressed on Sorafenib: Evidence From a Lower-Middle-Income Country,"OBJECTIVES: To analyze the cost-utility of regorafenib as a second-line treatment for patients with hepatocellular carcinoma who had progressed on sorafenib in Vietnam from a perspective of the public third-party payer. METHODS: We conducted a cost-utility analysis using a three-health-state partitioned survival model over a 5-year time horizon with a monthly cycle length. Clinical data for regorafenib were obtained from the RESORCE clinical trial, whereas cost data were sourced from regulatory agency websites and consultations with clinical experts in Vietnam. One-way sensitivity, probabilistic sensitivity, and scenario analyses were performed to explore uncertainty. A 3% discount rate was applied to both costs and health outcomes. RESULTS: Base-case results showed that, compared with best supportive care, regorafenib provided an additional 0.36 life-years (LYs) equaling to 0.26 quality-adjusted life-years (QALYs), with an incremental cost of 122.6 million Vietnam dong; resulting in an incremental cost-effectiveness ratio of 396.5 million Vietnam dong per QALY, or 3.9 times the gross domestic product per capita. At a willingness-to-pay threshold of 3 times the gross domestic product per capita, regorafenib had a 21.7% probability of being cost-effective. When the health insurance coverage rate for regorafenib was 70% or lower, the incremental cost-effectiveness ratio decreased to below this threshold. CONCLUSION: With significant improvement in terms of progression-free survival or overall survival, regorafenib gained more LYs and QALYs compared with best supportive care. When the health insurance coverage rate for regorafenib was 70% or lower, regorafenib was cost-effective from the perspective of the third-party payers.",Priority B - manual review,Did not pass earlier high-specificity screen; manual review required before exclusion,,,,Unclear,Financing mechanism/function appears in abstract but is not explicit in title,Medium,Exclude,Does not meet primary financing-approach synthesis criteria at title/abstract stage
14618,W7208728547,2026,"Dollarization, Exchange Rate Crisis and Vulnerability of the Pharmaceutical Sector in Lebanon: A Dynamic Macro-Sectoral Approach","This article examines how dollarization reinforces the vulnerability of strategic sectors that are highly dependent on imports, using the Lebanese pharmaceutical sector as a case study. To this end, it employs a recursive dynamic computable general equilibrium model calibrated on a 2019 social accounting matrix to assess the effects of exchange rate shocks, constraints on access to foreign currency, and the weakening of healthcare financing mechanisms. The results show that these effects are transmitted mainly through three channels: the pass-through of import prices, the contraction of imports resulting from foreign currency scarcity, and the loss of household purchasing power resulting from the increase in out-of-pocket healthcare expenditures. The simulations reveal an increase in pharmaceutical prices, a decline in imports, a contraction in effective demand, and a deterioration of sectoral equilibria. These effects become particularly pronounced when price shocks and foreign currency constraints occur simultaneously. The results also highlight the central role of institutional healthcare financing mechanisms in amplifying or mitigating the effects of the crisis. The article therefore contributes to the literature on dollarized economies by proposing a conceptualization of sectoral vulnerability under dollarization, applicable to essential sectors exposed to supply disruptions.",Priority B - manual review,Did not pass earlier high-specificity screen; manual review required before exclusion,,,,Unclear,Financing mechanism/function appears in abstract but is not explicit in title,Medium,Unclear,Insufficient title/abstract information; requires full-text or additional metadata
6205,W2981850308,2019,Prevalence of elderly patients who refuse to get discharge from coronary intensive care unit in a tertiary care hospital of North India: a pilot study,"Background: The elderly population ≥60 years is increasing as the life span is increasing. So is the number of elderly patients who are refusing to get discharge from the hospital is also increasing. Authors are conducting this study in the elderly population who want to stay against medical advice.The aim to find the prevalence of elderly patients who refuse to get discharge from Coronary Care Unit (CCU) in a Tertiary care hospital of North IndiaMethods: A retrospective, observational study conducted in patients of age ≥60 years admitted to the coronary intensive care unit of a tertiary health care centre who refused discharge from the unit, were included in the study. Results: Of the 575 patients 44(7.65%) were willing to stay against medical advice. Of these 24(54.5%) were males and 20(45.5%) females. 6(13.6%) patients were terminally ill suffering from malignancies. Among all the patients who were willing to stay against medical advice, 8(18.2%) were covered by some health insurance scheme of either State or Central Government. 3(6.8%) patients were discharged after 24 hours, 22(50%) patients after 48 hours, 14(31.9%) patients after 72 hours and 5(11.3%) patients after 96 hours of advising discharge from hospital.Conclusions: As the intensive care beds at tertiary healthcare level are limited, the treatment of other salvageable sick patients who need the intensive care is affected by the unnecessary stay in hospital. Apart from the worsened nurse to patient ratio this increases the cost of treatment. This is need of hour to provide safe environment for the elderly outside the hospital settings and increase resources to provide better homecare.",Priority B - manual review,Did not pass earlier high-specificity screen; manual review required before exclusion,,,,Unclear,Financing mechanism/function appears in abstract but is not explicit in title,Medium,Exclude,Does not meet primary financing-approach synthesis criteria at title/abstract stage
10613,W4399677881,2024,Early detection and management of heart failure and its associated risk factors: prospect for task shifting among healthcare workers,"Abstract Background Cardiovascular diseases (CVDs) are a major cause of morbidity and mortality in low- and middle- income countries (LMICs) like Nepal. CVDs contribute to a major share, along with other NCDs, in causing poverty due to catastrophic health expenditures. There is a need for countries to identify context specific public health strategies and clinical interventions which are feasible, affordable and could act on the local disease burden. Purpose Heart failure remains a major cause of morbidity for CVDs. A community-based initiative was undertaken to identify undetected cases of heart failure and associated risk factors. Methods Purposively selected communities in Eastern Nepal for early detection of cardiovascular diseases. The initiative involved initial screening of the population for risk factors for CVDs like hypertension, diabetes and hyperlipidaemia by paramedical health workers at primary healthcare centres. Training was provided to identify complications and evaluate necessity of prompt referral based on clinical evaluation, blood glucose estimation (Fasting blood glucose, HbA1c), serum creatinine, lipid profile (HDL, LDL, TG, TC), and urine analysis (albumin, creatinine, ACR). The referrals to secondary or tertiary care centres were made considering need of immediate intervention or further diagnostic procedure like echocardiography. Echocardiography was performed as per the standard of care by a team of specialist physicians from a publicly funded tertiary level teaching institution at the primary health centres as a part of initiative. Patients requiring in-patient care were subsequently referred to higher institutions. Results Out of 4788 adult population screened, 240 (5%) individuals had clinical features suggestive of heart failure and were advised echocardiography. The mean age of heart failure cases was 62.1 years and almost half (49.2%) cases were male. Structural heart disease was detected among 151 cases of heart failure. The aetiology for heart failure comprised of dilated cardiomyopathy (16.3%), hypertensive heart disease (10.8%), ischaemic heart disease (7.5%), and valvular heart diseases (7.1%); while other factors included rheumatic heart disease (5%) and hypertrophic cardiomyopathy (2.9%). Diastolic dysfunction was noted among 43 (17.9%) cases of heart failure. Conclusion High burden of heart failure was identified in the screened communities. Early assessment of at-risk population can prevent progression, hospitalization, and death from heart failure. A protocol guided task shifting can be employed for timely detection of preventable aetiological factors and avoid late CVD complications.",Priority B - manual review,Did not pass earlier high-specificity screen; manual review required before exclusion,,,,Unclear,Financial-protection/expenditure signal without explicit financing approach in title,Medium,Exclude,Does not meet primary financing-approach synthesis criteria at title/abstract stage
5054,W2787479384,2018,Health equity in Israel,,Priority B - manual review,Did not pass earlier high-specificity screen; manual review required before exclusion,,,,Exclude,No substantive financing approach/UHC-financing signal,High,Exclude,Does not meet primary financing-approach synthesis criteria at title/abstract stage
12300,W4413826375,2025,"A laboratory-focussed desk review of health systems in Uganda, Kenya, and the UK to respond to current and future pandemics","Background: Laboratory systems play a crucial role in managing diseases effectively, and the COVID-19 pandemic serves as a prime example. The pandemic underscored the need to make laboratory health systems more resilient and robust to respond to future pandemics. Methods: We conducted a desk review guided by the six World Health Organization health system building blocks (health service delivery, health financing, medical products, vaccines, and technologies, human resources for health, governance, and health information systems). Results: The three countries' strengths include health information systems, well-established reference laboratories, mobile and community-level testing, a vibrant private laboratory sector in Uganda and Kenya, and a growing private sector in the UK. In Uganda and Kenya, there are laboratory connectivity solutions for molecular diagnostics, multi-disease testing platforms and specimen referral systems, while in the UK, there are hub-and-spoke networks. Weaknesses in Uganda and Kenya include vertical laboratory systems strengthening, ill-equipped laboratories, constrained and inequitable distribution of laboratory human resources, and limited data use. In the UK, there is chronic underfunding and undervaluing of disciplines supporting infection testing, microbiology and virology. Conclusions: The growing contribution of the private sector in the three countries and the deployment of multi-disease testing platforms should be supported, given the advantage of shared financial costs in the face of chronic underfunding for laboratory systems.",Priority B - manual review,Did not pass earlier high-specificity screen; manual review required before exclusion,,,,Unclear,Financing mechanism/function appears in abstract but is not explicit in title,Medium,Map only,Relevant to broader UHC/health-system knowledge map but not primary financing-approach synthesis
1058,W1834275014,2008,Report from South Korea,"Known as the ‘Land of morning calm’ and located in eastern Asia, Korea has maintained its own tradition and language for thousands of years. At the end of World War II, the Korean peninsula was divided into a northern zone occupied by Soviet forces and a southern zone occupied by US forces. The boundary between the two zones was the 38th parallel. In 1953, at the end of the Korean War, a new border was fixed along the Demilitarized Zone. The total area of the peninsula, including its islands, is 222 154 km2, of which about 45% (99 313 km2) constitutes the territory of South Korea. The Korean language is spoken by about 70 million people. Although most speakers of Korean live on the Korean Peninsula and its adjacent islands, >5 million are scattered throughout the world. Most Koreans have a homogenous cultural background and speak one language, and they are believed to be descendants of several Mongol tribes that migrated onto the Korean Peninsula from Central Asia. The nation's rapid industrialization and urbanization in the 1960s and 1970s has been accompanied by continuing migration of rural residents into cities, particularly Seoul, resulting in heavily populated metropolitan areas. As of 2007, South Korea's total population was estimated at approximately 49 million. The population of North Korea is estimated to be about 24 million. A notable trend in Korea's demographics is that it is growing older with each passing year because of the low birth rate and extended life expectancy, which is currently 81.8 years for women and 74.4 years for men. Korea's Gross National Income (GNI) increased from US$2.3 billion to US$887.3 billion, with its per capita GNI soaring from US$87 to about US$18 372 from 1962 to 2006 as a result of many successful economic development programmes and well-educated human resources. Liver disease is one of the 10 major causes of death among men and women in Korea. The Korean Association for the Study of the Liver, related organisations, and the Ministry of Health are working hard to reduce the socioeconomic burden caused by liver disease. Korea has 6-year and 8-year MD programmes in 51 accredited medical schools, and the diversity of education length is because of various premedicine durations of mainly 2 or 4 years. General internists obtain their internal medicine board after finishing a 1-year internship and 4-year internal medicine residency training following graduation from medical school. There are 83 accredited gastroenterology fellowship programmes and about 380 fellowship positions each year that are open for internists who belong to the Korean Board of Internal Medicine. Male doctors then fulfil their mandatory 3-year military service obligation as physicians in medically underprivileged areas or as military doctors in the army. Hepatology subspecialty training is part of the gastroenterology fellowship training programme. At least a 1-year gastroenterology fellowship training and additional 1-year clinical experience are required to become a gastroenterologist. Debate still exists regarding the extended length of medical education and its questionable efficiency. The Korean Association for the Study of Liver (KASL, http://www.kasl.org) was established in 1981. It has about 1000 members including physicians, hepatobiliary surgeons, paediatricians, radiologists and pathologists. The main goals of KASL are to further the basic and clinical science of liver disease, foster cooperative interactions through international hepatology meetings and promote scientific activities among members of the KASL. The KASL publishes The Korean Journal of Hepatology four times annually and holds national liver meetings four times annually as well as a biennial international liver symposium (Seoul International Liver Symposium). KASL has established Korean guidelines of liver disease, including the treatment of chronic hepatitis B, chronic hepatitis C and cirrhosis and its complications and updates these guidelines every few years. Since 2000, KASL has held an annual ‘Liver Day’ on October 20th and carries out educational campaigns for the public to provide accurate information about liver disease. Gut and Liver (http://gutnliver.org) is an international journal of gastroenterology with interests in the study of the gastrointestinal tract, liver, biliary tree, pancreas, motility and neurogastroenterology. It is owned and operated by seven affiliated societies in Korea, namely the Korean Society of Gastroenterology, Korean Society of Gastrointestinal Endoscopy, Korean Society of Neurogastoenterology and Motility, Korean College of Helicobacter and Upper Gastrointestinal Research, Korean Association for the Study of Intestinal Disease, Korean Society of Pancreatobiliary Disease and KASL. Viral hepatitis-related chronic liver disease accounts for 80% of end-stage liver disease in Korea. According to Lee et al., Hepatitis B virus (HBV)-related chronic liver disease is the most common cause and accounts for 66.6% of chronic liver diseases (1). This is followed by alcoholic liver disease (14.5%), Hepatitis C virus (HCV)-related chronic liver disease (9.4%) and others (autoimmune hepatitis 0.4%, Wilson' disease 0.2%, primary biliary cirrhosis 0.2). Since the introduction of HBV vaccination for adults and high-risk individuals in 1985, followed by universal neonatal vaccination in 1995, the prevalence of hepatitis B surface antigen seropositivity has changed from 8% in 1980 to about 5% in 1995 (2). In 1997, the HBV prevalence was 0.6% for those under 10 years of age, 1.6% in adolescents and 3% for those in their early twenties in Incheon, a major city (3). The main route of HBV infection was ‘vertical’ transmission of HBV from an infected mother (4). The most common HBV genotype is C (5). HBV accounts for 81.7% of chronic viral hepatitis, 64.9% of cirrhosis and 71.7% of hepatocellular carcinoma (HCC) (6). The diseases caused by HBV are chronic hepatitis (47.1%), cirrhosis (31.9%) and HCC (14.4%). The male to female ratio is 7:3, and the median age of HBV patients is 48 years. Anti-HCV positivity is 0.9–2.1% (7). HCV infection is more common in people over age 50, alcoholics, intravenous drug abusers, haemodialysis patients and haemophiliacs. The mean age of diagnosis is 58.6 years. HCV infection accounts for 15% of chronic viral hepatitis, 10.9% of cirrhosis and 12.5% of HCC in Korea. The most common genotypes of HCV infection are 1b and 2a (60–71 and 23.9–33% respectively) (7). The male to female ratio is 3:2. Alcoholic liver disease accounts for 14.5% of chronic liver disease in Korea. According to the Korean Institute for Health and Social Affairs, the rate of those who drink heavily decreased from 6.8% in 1989 to 6% in 1998. Alcohol use disorder also decreased from 22% in 1984 to 16.3% in 2001 (8). Recently, nonalcoholic fatty liver disease has become one of the most common aetiologies of persistent serum alanine transminase elevation in the general population. This is most probably because of the recent increase in metabolic syndrome and obesity. Except for drug-induced liver disease, the main aetiology of acute hepatitis was HBV infection. Since the introduction of universal neonatal HBV vaccination, the pattern of acute viral hepatitis has changed. In 1970, the prevalence of IgG anti-hepatitis A virus (HAV) antibody positivity was close to 100% in those over age 15. However, the anti-HAV prevalence in those aged under 20, 20–30 and over 30 were 20, 40–60 and 80–90% in 1998 respectively. According to Song et al. (9), the aetiologies of acute viral hepatitis cases referred to academic hospitals were HAV (49.5%), HBV (45.2%), HCV (3.8%) and HEV (1.6%) in 2004. The first Korean human liver transplantation (LT) case, a 26-year-old female with Wilson's disease, was performed in 1988 at the Seoul National University Hospital (10). However, LT was not widely performed until the establishment of the Korean Network for Organ Sharing (KONOS) system in February 2000. Until 2000, cadaveric organ transplantations were successfully performed by many leading transplant surgeons without legislation. This raised many social and legal issues and emphasized the necessity for brain death legislation. During 1999–2000, laws on organ transplantation including brain death definition were passed and KONOS was established (11). The scarcity of organs from cadaveric donors, however, has resulted in the increased use of living donor liver grafts. Although the shortage of cadaveric donors is a worldwide problem, the situation is especially serious in Korea, where the cadaveric donation rate remains below two donations per million population per year. The first living-donor liver transplantation (LDLT) was performed in 1994 for a 9-month-old patient suffering from biliary atresia, and the first adult-to-adult LDLT was performed in 1997 (12). Although LDLT is a more complex and demanding procedure than cadaveric whole LT, refinements of the technique and good results have established LDLT in Korea (13). A total of 5032 orthotopic LTs (4236 from living donors and 796 from cadaveric donors) were performed at 42 institutes from 1988 to 2007 (Fig. 1), although nine institutes performed >10 LTs/year. LDLT is now becoming a major treatment modality for both acute and chronic liver failure, but increased cadaveric organ donation should be encouraged to provide a chance for patients who cannot find a living donor among family members. Trends in liver transplantation in Korea. LDLT, living-donor liver transplantation; CDLT, cadaveric-donor liver transplantation. The remarkable achievement in health insurance started modestly in 1977 when the government mandated medical insurance for employees and their dependents in firms with more than 500 employees. In 1979, another similar insurance programme was implemented for public servants and private school employees. However, it was not until 1988 and 1989 that the medical insurance programme was extended to all self-employed individuals in rural and urban areas respectively (14). The national health insurance programme covers the whole population as a compulsory social insurance system. Its main sources of finance are contributions from the insured and government subsidies. Patients in general pay 30% of their own medications (including antiviral agents such as lamivudine, adefovir, entecavir and pegylated interferon) and consultation fees. In cases of cancer and LT, patients pay 10 and 20% out of pocket respectively. According to the Korean National Statistics Group, the total amount allocated in 2006 by the ministry of health on medical research was about US$500 million, and about 1–3% or about US$10 million of which was spent on studies regarding liver physiology and disease. With such funding, about 30 hospitals have been participating in a multicentre collaborative project on various aspects of cirrhosis, recently supported by a Korea Health 21 R&D grant from the Ministry of Health. Also, multicentre clinical studies of new antiviral treatments for hepatitis B and C are being conducted. In addition, many hepatologists are interested in new modalities for the treatment of HCC including proton therapy, high intensity focused ultrasound, cyberknife, tomotherapy and targeted therapy. They are accumulating these data with the intention of producing evidence-based guidelines for the treatment of HCC. Not only are Korean hepatologists active in research, but many surgeons, pathologists, paediatricians and basic scientisits including physiologists, pharmacologists, virologists, oncologists, geneticists and cellular and molecular biologists also study the liver. Their intense research activities result in thousands of papers published in international journals every year. Thus liver-related research in Korea is flourishing. Following the introduction of compulsory medical insurance in 1977, all Korean insurers were integrated into a single insurer, the National Health Insurance Corporation. Separate health insurance funds between employee and self-employed insurance programmes were fully integrated in 2003. The goals of the recent reform of the health insurance system were to strengthen the health insurance protection, ensure public trust and ensure the quality of healthcare services. However, because of a lack of budgeting and resources, the newly reformed public insurance system is facing some challenges in spite of its coverage of almost the entire population. The high coinsurance rates and limited coverage of services are major problems. There are some low-probability high-cost services that are not covered by the public insurance, and patients pay the entire cost for uncovered services. Furthermore, some expensive services are banned by this system because of the high cost, although some patients are prepared to pay for those services. According to the health insurance reimbursement policy for chronic hepatitis B, lamivudine is covered for an unlimited period, whereas newer, more expensive drugs such as adefovir and entecavir are covered only for 3 years. With these and other limitations in mind, Korean hepatologists are working hard to provide the best care possible for their patients. They hope to overcome the many barriers and make contributions to the treatment of liver diseases in the near future.",Priority B - manual review,Did not pass earlier high-specificity screen; manual review required before exclusion,,,,Unclear,Financing mechanism/function appears in abstract but is not explicit in title,Medium,Exclude,Does not meet primary financing-approach synthesis criteria at title/abstract stage
8511,W4229008218,2022,A Study on the Effectiveness Pradhan Manthri Jan ArogyaYojana with Reference to Cherunniyoor Grama Panchayat,"The saying ‘ health is wealth’ is very much true in the present fast-paced life and it signifies the importance and necessity of a well developed health care system. Ill health not only leads to financial bankruptcy but also gives a lot of sufferings to the affected individual and his/ her family. Good health is one of the most important pre requisite to human productivity which in turn leads to overall development of a society. Primary health care is the backbone of the Indian health system. Health problem can be occurred at any time for any one. To ensure “Health for all” is a huge challenge that confronts the authorities in India, given the country’s size and the diversity of its population in socio-economic, regional, and cultural terms. Accordingly, steps were initiated to provide health insurance to selected beneficiaries either at the state level or national level. PradhanManthri Jan ArogyaYojana Scheme was launched in 2018 by the Government of India, with the objective of providing health insuranceto the poorest strata of society, i.e. below poverty line (BPL) households. The primary aim of PMJAY is to protect BPL households from catastrophic health expenditure and to promote health-seeking behavior in them. The costs of this scheme are borne in the ratio of 3:1 between the central government and the state. The main objectives of the studies are to study the financial impact and effectiveness in the implementation of PMJAY among BPL families in CherunniyoorGramaPanchayat of Kerala state and to identify whether the PMJAY beneficiaries are satisfied with the amount provided for treatment under the Scheme.",Priority B - manual review,Did not pass earlier high-specificity screen; manual review required before exclusion,,,,Unclear,Financing mechanism/function appears in abstract but is not explicit in title,Medium,Include,Meets primary financing-approach/UHC eligibility at title/abstract stage
13203,W7125627775,2026,Patentability of Artificial Intelligence and Machine Learning Inventions,"Artificial Intelligence (AI) and Machine Learning (ML) technologies are rapidly transforming various industries, including healthcare, finance, transportation, and manufacturing. As AI-based systems increasingly generate innovative solutions, questions arise regarding their protection under existing patent laws. Traditional patent frameworks were primarily designed for human inventors and mechanical inventions, creating uncertainty when applied to AI and ML innovations. This paper examines the patentability of Artificial Intelligence and Machine Learning inventions by analyzing core patentability requirements such as novelty, inventive step, and industrial applicability. It discusses key legal challenges including algorithm patent exclusion, inventorship issues, and disclosure requirements. The study further provides a comparative analysis of patent approaches adopted in India, the United States, and Europe. The paper concludes by emphasizing the need for updated legal guidelines and international harmonization to effectively address emerging challenges in AI-related patent protection while encouraging innovation and safeguardin",Priority B - manual review,Did not pass earlier high-specificity screen; manual review required before exclusion,,,,Exclude,No substantive financing approach/UHC-financing signal,High,Exclude,Does not meet primary financing-approach synthesis criteria at title/abstract stage
10802,W4405909636,2024,Seçili Risk Ve Belirsizlik Endeksleri İle Sektörel Hisse Senedi Getirileri Arasındaki Asimetrik İlişkinin İncelenmesi: OECD Ülkeleri İçin Ampirik Bir Analiz,"The purpose of this study is to investigate the asymmetric effects of economic policy uncertainty (EPU), geopolitical risk (GPR), and market sentiment (VIX) on sectoral stock returns in five selected OECD countries (USA, France, UK, Italy, and Sweden). The research design and methodological approach are based on the parametric Granger causality test and non-parametric quantile-based techniques. We use monthly data covering the Geopolitical Risk Index (GPR), the Economic Policy Uncertainty (EPU) for each country, and the Chicago Board Options Exchange (CBOE) Volatility Index (VIX), as well as seven sectors of economic activity (healthcare, finance, technology, oil and gas, industrial, consumer services, and consumer staples. Our dataset covers the period from January 2012 to February 2024. Granger Causality test and Panel Quantile Regression analysis were used in the analysis of the data. Our findings consist of five main points. Firstly, we conclude that there is a causality relationship from economic policy uncertainty, geopolitical risk, and investor sentiment to sectoral stock returns of selected OECD countries. Secondly, we find that economic policy uncertainty, geopolitical risk, and investor sentiment generally have strong predictive power on the stock returns of selected OECD countries across different quantiles. Thirdly, we conclude that economic policy uncertainty (EPU) has the highest predictive power on stock returns among the selected OECD countries. Fourthly, we find that the effect of economic policy uncertainty on sectoral stock returns of selected OECD countries is asymmetric. Additionally, we conclude that geopolitical risk and market sentiment have asymmetric effects on the stock returns of specific sectors (technology, oil and gas). The originality of this study lies in its examination of how global factors, including COVID-19, the Russia-Ukraine conflict, and the Israel-Palestine conflict, impact sectoral stock markets in selected OECD countries. Thus, the value of our findings lies in providing significant implications for market regulation and portfolio management.",Priority B - manual review,Did not pass earlier high-specificity screen; manual review required before exclusion,,,,Exclude,No substantive financing approach/UHC-financing signal,High,Exclude,Does not meet primary financing-approach synthesis criteria at title/abstract stage
4085,W2510044171,2016,"The counter effects of the Ebola epidemic on control and treatment of HIV/AIDS, tuberculosis, and malaria in West Africa","The epidemic of Ebola in 2014–2015 in Guinea, Liberia, and Sierra Leone in West Africa caused a breakdown of healthcare systems, adversely affecting diagnosis and treatment of endemic diseases such as HIV/AIDS, tuberculosis (TB), and malaria, and of vaccination programs and maternal health [1,2]. Although the health systems of these countries had been improving in the years before the epidemic, they were generally in a poor state for quite some time as a result of the civil war in two countries and long-term neglect. They were further paralyzed because of deaths of several healthcare workers early in the epidemic in 2014. There was further disruption caused by some initial large numbers of patients compounded with a reduced staff. That resulted in the closure of many clinics/hospitals and the interruption of routine health delivery services, such as HIV counseling and testing, dispensing the antiretroviral therapy and TB medications, treatment of malaria and delivery of long-lasting insecticide treated-nets, childhood vaccinations, and maternity care. Moreover, further lack of medicines and fear of Ebola transmission at health facilities subsequently decreased outpatient attendance to as low as 10% [3,4]. In addition, the national health authorities imposed city-wide curfews, border closures, and disruption of transportation routes that caused blockade to transportation of medical services and drug supplies. Consequently, reduced availability of healthcare providers and their services in the Ebola-affected regions exacerbated the severity of common illnesses and the number of deaths caused by HIV/AIDS, TB, and malaria [5]. HIV prevalence among persons 15–49 years of age is fairly low in the region: 1.7% in Guinea, 1.1% in Liberia, and 1.6% in Sierra Leone [6,7], and TB prevalence in the three countries is 0.24, 0.44, and 0.43%, respectively [8]. However, malaria is a very serious problem among children less than 5 years of age. The annual incidence of malaria is estimated to be 44% in Guinea, 45% in Liberia, and 43% in Sierra Leone [9–11]. Considering that HIV infection and TB require long-term treatment, and malaria reinfections require repeated treatment, any disruptions of healthcare services that cause interruption of treatment will increase the number of deaths associated with these diseases [12]. The study of functional health facilities conducted in Guinea in 2014 showed that there was a marginal decline in the number of functional facilities in Ebola-affected prefectures as compared with the Ebola-unaffected prefectures. However, there was a significant decline of 33–50% of hospital attendees with each wave of Ebola outbreak in decreasing order of frequency for: fever cases, dispensed oral antimalarial, or administered injectable antimalarial (all decreased by ∼50%). All visits declined by ∼40% [12]. Death from Ebola infection among healthcare workers in Guinea, Liberia, and Sierra Leone has been extensive, with 1.4, 6.8, and 8.1%, respectively, according to the WHO [13]. Evans et al.[14] modeled how the loss of healthcare workers affected maternal, infant, and under-5 mortality in the three countries. The largest effect was on maternal mortality, with increases of 38–111%, relative to pre-Ebola rates, which were already among the highest in the world. The impact on infant and under-5 mortality was more modest, between 10 and 28% [14]. A study conducted in Sierra Leone in 2014 to document effects of Ebola on health service functions showed that in week 21 (when Ebola outbreak occurred), the median number of admissions per facility was 40 [interquartile range (IQR) 20–76]. However, in week 41 (when the study ended), the median number of admissions had dropped to 12 (IQR 4–30) (Fig. 1). This amount equals a 70% drop in the median number of admissions (P value = 0.005). Similarly, in week 21, the median number of major surgeries was six (IQR 2–14) that fell to median 3 (IQR 0–6) in week 41. This amount equals a 50% drop in the median number of major surgeries (P value = 0.014) [15]. To demonstrate the counter effects of the Ebola epidemic on several health indicators, synthesis of data from several studies are presented in Table 1.Fig. 1: Median (a) and total number (b) of admissions and median (c) and total number (d) of surgeries by week in Sierra Leone until week 41 in 40 health facilities.This is compared with occurrence of Ebola cases (WHO data in golden shade). Reproduced with permission from [15].Table 1: Synthesis of data from several studies to demonstrate the counter effects of the Ebola epidemic in three countries.Another study [16] published by the Centers for Disease Control-Atlanta (CDC) to estimate the indirect health burden of the Ebola epidemic in Guinea, Liberia, and Sierra Leone in 2014–2015 used computational simulation models for HIV, TB, and malaria. The deaths were then calibrated for interruption in treatment and health services because of the Ebola epidemic [17–27]. For HIV/AIDS estimates for 15–49 year olds, the study assumed 50% reduction in antiretroviral therapy coverage because of disruption of health services caused by the Ebola epidemic. Thus, the excess death rates in Guinea, Liberia, and Sierra Leone were estimated for HIV/AIDS to be 16.2, 13.0, and 9.1%, respectively. This number translates to absolute excess deaths of 713, 155, and 223, respectively [16]. For cases of TB, the study assumed that persons with drug-sensitive TB who received treatment will either be successfully treated, be unsuccessfully treated and remain alive with latent TB, or death will occur. Those with drug-sensitive TB who experience treatment failure may progress to multidrug-resistant TB. They will then present for treatment for multidrug-resistant TB for which adequate treatment is required for 24 months [28]. The excess death rates in Guinea, Liberia, and Sierra Leone were estimated for 50% reduced coverage of TB treatment to be 51.1, 59.0, and 61.4%, respectively. That number translates to absolute excess deaths of 1281, 592, and 841, respectively [16]. Similarly, the CDC study has estimated the death rate of malaria among children less than 5 years of age. In Africa, the treatment model for uncomplicated malaria is still based on presumptive diagnosis using clinical symptoms rather than formal medical diagnosis, and malaria medication is generally purchased from a drug store [29,30]. Hence, closure of health services caused by Ebola epidemic would have affected hospitalization and treatment of cerebral/severe malaria. The excess death rates in Guinea, Liberia, and Sierra Leone were estimated for a 50% reduced coverage of treatment of severe malaria to be 48.0, 53.6, and 50.0%, respectively: net number translates to absolute excess deaths of 4 275 788 and 1755, respectively [16]. The sensitivity analysis study [31] shown in Fig. 2 had the following effects of reduced treatment coverage for the three diseases: in Guinea, at more than 15% reduced coverage of treatment, the indirect deaths from HIV/AIDS, TB, and malaria during the Ebola epidemic exceeded the 2170 death toll from Ebola through March 2015; in Liberia, at any rate of reduced treatment coverage, the reported 4162 direct deaths from Ebola was greater than its indirect repercussions on HIV/AIDS, TB, and malaria; and in Sierra Leone, a 65% reduction in treatment coverage resulted in higher numbers of indirect deaths from HIV/AIDS, TB, and malaria than those reported as 3629 direct deaths from Ebola. Overall, in the three countries studied in West Africa, a reduction in treatment coverage by say 50%, resulted in higher indirect deaths than direct deaths from Ebola.Fig. 2: Sensitivity analysis of model to estimate deaths attributed to variation in treatment coverage during Ebola epidemic.Reproduced with permission from [16]. TB, tuberculosis.It is evident that the Ebola epidemic was devastating for the people and the health systems of Guinea, Liberia, and Sierra Leone. Consequently, the indirect mortality because of interruption of health services and delayed treatment of endemic diseases may have been even greater than the deaths directly attributed to Ebola. For example, even in the assumption of a modest 15% reduction in treatment coverage for HIV/AIDS, TB, and malaria, there were higher indirect than direct deaths from Ebola in Guinea, underscoring the fragility of the local healthcare systems. Similarly, a 65% reduction in treatment coverage resulted in more deaths than those directly attributed to Ebola in Sierra Leone. Furthermore, in Liberia, for a 70% or more reduction in treatment, 4376 indirectly attributable deaths were recorded that exceeded the direct Ebola deaths [16]. The CDC study [16] cited for this review was conservative in several respects such as 50% reduction in treatment accessibility for endemic diseases and the lack of change in transmission rates of HIV/AIDS, TB, and malaria. Thus, having taken a reduction in treatment coverage of 50% for three diseases, the study estimated 6269 [95% confidence interval (CI) 2564–12407] additional deaths in Guinea, 1535 (95% CI 522–2878) in Liberia, and 2819 (95% CI 844–4844) in Sierra Leone [16]. These results are consistent with those of other studies that showed the number of deaths attributed to Ebola may have even been surpassed by other endemic diseases [32]. As evidenced during the Ebola epidemic, the burden of other illnesses grew beyond deaths related to HIV/AIDS, TB, and malaria. Fear among communities about hospital transmission of Ebola virus may have kept persons away from seeking treatment for the three diseases that have presenting symptoms similar to Ebola, for example, fever, dizziness, and skin rashes [1]. The epidemic was further compounded by the weak health systems of Guinea, Liberia, and Sierra Leon, which were not only unable to provide routine health services, including childhood immunizations, maternal care, and for sexually transmitted infections [1,33], but also failed to cope with neglected tropical diseases [34]. The social burden of Ebola is further compounded by poverty, which deters education of children and job opportunities for adults. National governments and local community-based organizations, together with international organizations were instrumental in curtailing the Ebola epidemic in West Africa, without which more deaths would have occurred; both because of Ebola, as well as indirect deaths because of endemic diseases [35]. Although control efforts were directed at the Ebola epidemic, the inadvertent weakening of healthcare systems because of the Ebola epidemic requires extensive investment directed at strengthening the shattered healthcare systems [36]. In addition, there is an urgent need to invest in local capacity for surveillance and epidemic response, as recommended by various panels on lessons from the Ebola outbreak [37,38]. In conclusion, the Ebola epidemic in West Africa overwhelmed the healthcare systems of Guinea, Liberia, and Sierra Leone during 2014–2015. The epidemic was catastrophic for these countries with over 11 000 deaths, including over 500 healthcare workers. Moreover, its indirect impact of increasing the mortality rates of other endemic diseases was substantial because of an implosion of the healthcare system. This Ebola outbreak in West Africa adversely affected control of several endemic diseases, including HIV/AIDS, TB. Then, as the Ebola epidemic waned, the postemergency control strategies involved a comprehensive approach to curtail the spread of Ebola, provide care for recovered Ebola patients, and psychosocial support for their families. Notably, at this time, the strengthening and reconstruction of the health systems in these countries is needed, in terms of service delivery, health infrastructure, health human resources and education, data management using e-health, supply chain management, health financing, and community systems strengthening. This approach will empower the healthcare systems to effectively manage the long-term consequences of the epidemic that appear long after Ebola is eliminated. Particular attention should be given, during epidemics, to sustaining regular healthcare provision and prevention programs. Acknowledgements Conflicts of interest There are no conflicts of interest.",Priority B - manual review,Did not pass earlier high-specificity screen; manual review required before exclusion,,,,Unclear,Financing mechanism/function appears in abstract but is not explicit in title,Medium,Map only,Relevant to broader UHC/health-system knowledge map but not primary financing-approach synthesis
9600,W4380538036,2023,STATISTICAL ANALYSIS OF SERVICES PROVIDED IN THE HEALTH CARE SYSTEM IN UZBEKISTAN,"This article will apply the issues of compiling national health accounts, its principles, stages, classification of financing and costs, the concept of reforming the health system, the principles of improving the main directions and the most important mechanisms, the International Statistical Classification of Diseases and Health Problems, which provides comparison and from the data of the World Health Organization (WHO), outlines the specifics of further improving the methodology of their statistical analysis. KEY WORDS: macroeconomics , National Health Accounts, Health Statistics, International Statistical Classifier, World Health Organization, statistical reports of health organizations, retrospective studies, population morbidity statistics.",Priority B - manual review,Did not pass earlier high-specificity screen; manual review required before exclusion,,,,Map only,Relevant to UHC/health-system knowledge map but no explicit financing-approach evaluation,High,Include,Meets primary financing-approach/UHC eligibility at title/abstract stage
1840,W2114798296,2012,Empirical Analysis of Possible Alternative Sustainable Financing Options for Primary Health Care Services in Kenya,"The Kenya government has over the years reiterated its commitment towards the provision of quality primary health care (PHC) to her populace.The various macroeconomic performance experienced in the late 1980s and early 1990s, however affected the government's ability to sustain the continued provision of PHC.This is not only demonstrated by the high out-of-pocket spending but also low budgetary allocation currently estimated at less than ten (10) percent.The funding levels have negatively affected the ability of the poor to access primary health care while the quality of health care provided has equally been a concern as witnessed by high incidences of lack of essential drugs and other medical supplies, low morale amongst the health personnel involved in the provision of primary health care, lack of medical equipments in most facilities and skewness in the deployment of staff countrywide.The objective of the study was therefore to examine the various alternative financing mechanisms to mitigate against the trends, Since various financing mechanisms have been suggested for consideration.In the study it was found that providers of these services prefer financing mechanisms that pool funds together to ensure that the poor and other vulnerable are cushioned against the catastrophic health expenditure.Other mechanisms favored included establishment of specific taxes to finance health care, and where possible consider issuance of health infrastructure bonds to facilitate construction of modern health facilities across the country within the decentralized framework of counties.Although these mechanisms sound promising, their success will depend not only on political and leadership commitment but also on the ability to identify the poor and where possible provide the necessary safety nets such as waivers and exemptions.It will also be necessary to establish the necessary legal framework that will spearhead the collection and management of the funds collected.",Priority B - manual review,Did not pass earlier high-specificity screen; manual review required before exclusion,,,,Unclear,Financial-protection/expenditure signal without explicit financing approach in title,Medium,Include,Meets primary financing-approach/UHC eligibility at title/abstract stage
11018,W4403429953,2024,Factors associated with acute kidney injury and outcomes in patients with malaria in a district hospital in Rwanda,"Introduction: Acute kidney injury (AKI) remains one of the complications of severe malaria. Evidence on associated factors and outcomes for patients with complicated malaria and AKI is limited in Rwanda. Aim: To assess the factors associated with acute kidney injury and outcomes in patients with malaria in a district hospital in Rwanda. Method: A retrospective study design was applied. A census sampling strategy was used to select 122 files of patients admitted as severe malaria patients in 2016-2017. A developed clinical audit form was used to collect data from patients' files. Both descriptive and inferential statistics were used to analyze data. Results: Among the confirmed severe malaria files, 44% of participants were over 50 years and 52.5% were males. The majority, (91.5%) had community-based health insurance and 16.3% had acute kidney injury. The significant associated clinical factors were dehydration (p=.01), high-grade fever (p=.002), profuse sweating (p=.034), vomiting (p=.043), and diarrhea (p=.025). Of the 20 patients who developed AKI, 55% completely recovered, 15% died and 30% of cases were transferred to the highest facilities for hemodialysis. Conclusion: The existence of AKI among severe malaria patients was evident with some recovering and others dying. There is a need for educating healthcare professionals, mostly at district hospitals about the diagnosis and management of AKI as a result of complicated malaria.",Priority B - manual review,Did not pass earlier high-specificity screen; manual review required before exclusion,,,,Unclear,Financing mechanism/function appears in abstract but is not explicit in title,Medium,Exclude,Does not meet primary financing-approach synthesis criteria at title/abstract stage
7117,W3109326087,2020,WHO global strategy to eliminate cervical cancer as a public health problem: An opportunity to make it a disease of the past,"Princess Nothemba Simelela Dr Simelela, from South Africa, is WHO’s Assistant Director-General and Special Advisor to the Director-General for Strategic Priorities. She oversees the Organization's work on cervical cancer elimination, gender, equity, health rights, and youth. In her prior role, she served as WHO's Assistant Director-General for Family, Women, Children and Adolescents. Dr Simelela has more than 30 years of experience as an obstetrician, academic, advocate and government official, and has previously served as Special Advisor to the Vice President of the Republic of South Africa on Social Policy, where she supported the multisectoral, government-wide response for HIV. Cancer of the uterine cervix is the fourth most common cancer among women globally with half a million cases and more than 300 000 deaths in 2018, the vast majority of which occur in low- and middle-income countries. A successful vaccine is now available to prevent this cancer, which is an additional opportunity to have more impact on the prevention of non-communicable diseases. Cervical cancer can also be effectively prevented through screening and treatment of pre-cancerous lesions.2 In addition, if cancer is detected in its early stages and promptly treated, cure rates of more than 90% can be achieved. HPV vaccination and cervical cancer screening and treatment were identified as ‘best buys’ and form part of WHO guidance to countries.3 Despite these proven cost-effective interventions, the global disparities in human resources and infrastructure required to treat cervical cancer are extreme both across and within countries. WHO member states have taken a historical step to endorse the strategy to eliminate cervical cancer as a public health problem. The landmark resolution endorsed by member states of the WHO calls for acceleration of the proven strategies and interventions through ambitious and bold goals for 2030. We have a decade ahead of us to achieve the SDG agenda, including Universal Health Coverage and to reach (and maintain) the 2030 targets of the WHO Global strategy for the elimination of cervical cancer. This WHO global strategy can spearhead progress in global public health and address a neglected cancer that can be eliminated. A vaccine against HPV infection was first licensed in 2006. By 2017, more than 100 million adolescent girls received at least one dose of the vaccine, however 95% of them were in high income countries.5 The long term impact of HPV vaccination is emerging. A registry-based cohort study from Sweden reported the outcome data of girls and women vaccinated since 2007. In the follow up period up to 2017, the cumulative incidence of cervical cancer was 47 cases per 100 000 persons among women who had been vaccinated and 94 cases per 100 000 persons among those who had not been vaccinated.6 There are not many interventions with such a dramatic impact. The global strategy aims to have 90% of girls covered with a HPV vaccination by age 15. We need to learn from all successful countries on introduction, financing mechanisms, communication, and service delivery to ensure that all girls are vaccinated in all countries by the age of 15. Many European countries that implemented cervical cancer screening in the 1960s had well established population-based programs with demonstrable impacts by 1980. However, this did not occur in most low- and middle-income countries because of poverty, lack of resources and infrastructure. A WHO survey in 2019 revealed that 65% of the 194 countries responding to the survey reported a national screening program and of these, 62% had organized population-based programs.7 In most of these countries the coverage was between 10% and 50%. There are now simpler interventions and algorithms for screening and treatment that could be rapidly scaled-up in countries around the world by 2030. In particular, screening the target population of women with a high-performance test such as HPV, followed by prompt management of precancerous lesions, could achieve the 70% coverage and 90% treatment targets, respectively. Early-stage cervical cancer has cure rates of ≥90% when treated appropriately. In 2019, only 30% of low-income countries reported having the required diagnostic and treatment infrastructure (advanced imaging, pathology, surgery, chemotherapy, radiotherapy) available in the public health system, compared to 90% in high income countries.7 Of equal importance are the disparities in palliative care, particularly since the vast majority of cases in many low resource settings are advanced stage. Health systems must be enabled to detect cancers in the early stages through investments in workforce and infrastructure development. Clinical care pathways must be identified and women with cervical cancer should receive additional social support and financial protection in order to complete their treatment. ‘Elimination as a public health problem’ means achieving the measurable global targets to prevent and treat cervical cancer: 90–70–90 by 2030 (90% of girls fully vaccinated with HPV vaccine by 15 years of age; 70% of women screened using a high-performance test by age 35, and again by age 45; 90% of women identified with preinvasive and invasive cervical cancer properly managed). Modeling analysis has demonstrated the impact of HPV vaccination and cervical cancer screening and treatment 2030 targets on cervical cancer mortality and morbidity, with 100 000 cervical cancer cases averted and 250 000 cervical cancer-related deaths prevented.8, 9 Modeling has shown that acceleration and further expansion of the 2030 coverage targets can get countries to the point where they achieve an elimination threshold of four or fewer cases of cervical cancer per 100 000 women per year by the end of the century, and that it is cost-effective. The role of women and girls is crucial, and they should be represented in the decision-making process to set up national programs and quality services as part of their right to health. All interventions for cervical cancer elimination should be placed within a health systems approach with people at the center of care. HIV and sexual and reproductive health services are natural platforms for synergies with cervical cancer control. Immunization, health of adolescents, cancer control programs, primary health care, access to medicines and technology and other areas can also be strong enablers for implementing the elimination strategy. There is no lack of programs for cervical cancer. However, to be impactful they must achieve adequate coverage and should be of high quality. Implementation of the key cost-effective interventions, as defined in the three pillars of the strategy, require that programs work within a continuum of care so that women can be reached effectively throughout their lives. Training is a key component to ensure quality programs, and screening for cervical cancer and treatment of precancerous lesions should be a mandatory competency for all medical students, nurses and midwives, especially those who are trained in gynecology. All countries can make progress by implementing available and cost-effective interventions. Each bold step for moving to the next level will bring good returns. WHO strategy should also catalyze innovation in the field of vaccination (new regimens, new delivery methods, therapeutic vaccines) as well as of screening and treatment (point-of-care screening tests, artificial intelligence-based screening, new treatment modalities). Furthermore, innovation also includes new approaches to scaling-up interventions. Countries need to invest and lead implementation research to address barriers, ensure acceptability, feasibility and equity so that new interventions can be introduced and implemented at scale. National and international professional associations are a major force in shaping this work in countries and we are pleased to see the lead by the International Federation of Gynecology and Obstetrics (FIGO). This special issue of the International Journal of Gynecology & Obstetrics is a welcome step to take this message to the world.",Priority B - manual review,Did not pass earlier high-specificity screen; manual review required before exclusion,,,,Map only,Relevant to UHC/health-system knowledge map but no explicit financing-approach evaluation,High,Map only,Relevant to broader UHC/health-system knowledge map but not primary financing-approach synthesis
1326,W2567591221,2010,Population Aging in Morocco,"Whereas in 2004 persons aged 60 and over represented 8% of the total population of Morocco, this proportion is likely to increase by half between now and 2020. In 2050 one Moroccan in 4 will be over 60. Though individual situations differ greatly, the present aged population is characterized, in socio-economic terms, by a feeble coverage of retirement schemes and health insurances. Several indicators emphasize the vulnerability of aged women and of the elderly living in rural areas. Even if family support, though under transformation, continues to exist, demographic ageing and the increasing numbers of aged persons in the future make it essential to start thinking about the evolution of the Moroccan social welfare system.",Priority B - manual review,Did not pass earlier high-specificity screen; manual review required before exclusion,,,,Unclear,Financing mechanism/function appears in abstract but is not explicit in title,Medium,Unclear,Insufficient title/abstract information; requires full-text or additional metadata
13502,W7140110896,2026,Survival and predictors of mortality among adults with type 2 diabetes at a teaching hospital in Ghana: a retrospective cohort study,"BACKGROUND: Mortality rates remain high among individuals with type 2 diabetes. The rising cases of Diabetes Mellitus (DM) have negatively impacted society’s development, health and have impoverished individuals. T2DM among other types has the highest prevalence among all populations. The rising prevalence of diabetes in Ghana has become a serious public health concern. It demands extensive research to identify factors that need public health action to improve survival and to reduce suffering and complications and to inform policy decisions towards finding effective treatment and management of the disease. This study aimed to estimate the median survival time and determine the key predictors of mortality among diabetes patients in the Tamale Teaching Hospital. METHODS: This study employed a retrospective cohort study design. A total of 458 participants were included, of which 18.38% had died, after extracting the medical records of all diabetes patients admitted between 2021 and 2024 from the Lightwave Health Information Management System (LHIMS). Descriptive statistics were carried out to summarise socio-demographic and clinical variables. Kaplan-Meier curve was used to examine the cumulative, median and treatment regimen survival probabilities among patients. The Schoenfeld residual test was performed to establish Cox proportional assumption test and variables that satisfy the assumptions were selected with p-values ≤ 0.25 from bivariate Cox regression analysis into Multivariable Cox model. Multivariable Cox model was fitted to examine the adjusted association between significant variables and mortality. RESULTS: The overall survival was 93.05%, 81.5% and 73.7% for first, second and third years respectively. The median survival time was 1.52 years [(IQR = 0.87–2.09). The variables included in the adjusted Cox proportional hazard analysis were; education, age group, occupation, chronic kidney disease, stroke, treatment regimen, health insurance and BMI. In the adjusted Cox PH model, patients with basic education had higher risk of death (HR = 6.66, 95% CI: 2.55–17.37) from T2DM compared to those with no education. Self-employed participants had lower risk of death (HR = 0.41, 95% CI: 0.22–0.75). Oral and Insulin combination increased the risk of death (HR = 16.63, 95% CI = 2.28–121.35). Stroke elevated the risk of death (HR = 2.75, 95% CI: 1.41–5.36). CONCLUSION: T2DM patients had a decreasing survival year-on-year, with a very short median survival time. The factors that predict mortality among T2DM patients are education, employment, treatment regimen and stroke. Hospitalised diabetics especially those with stroke should be given intensive care including oral anti-diabetic medications to ensure better survival outcomes.",Priority B - manual review,Did not pass earlier high-specificity screen; manual review required before exclusion,,,,Unclear,Financing mechanism/function appears in abstract but is not explicit in title,Medium,Exclude,Does not meet primary financing-approach synthesis criteria at title/abstract stage
12561,W4415748387,2025,"Satellite clinics to bring pediatric cancer care closer to patients in Ethiopia: Perceived relevance, opportunities and anticipated challenges","BACKGROUND: Ethiopia faces significant gaps in paediatric cancer care, with limited treatment centers and a shortage of trained professionals, leading to delayed diagnoses, high treatment abandonment, and mortality. Establishing Paediatric Cancer Satellite Clinics (PCSCs) in underserved regions offers a potential solution. OBJECTIVE: This study explores the needs, relevance, and feasibility of the Paediatric Cancer Satellite Clinic (PCSC) model in Ethiopia, identifying resources, opportunities, and barriers to guide its development and implementation. METHODS: This formative study was conducted from August to October 2023 in eight hospitals across Ethiopia, selected for establishing PCSCs. Data were collected through 19 focus group discussions (FGDs) with hospital and health system leaderships and purposively selected health professionals including physician, nurses, pharmacists and other categories. Data were analyzed using ATLAS.ti, with themes developed through iterative coding and categorization. RESULTS: Participants consistently identified pediatric cancer as a significant community health issue, worsened by limited diagnostic and treatment facilities, leading to under diagnosis. The study revealed a strong unmet need for pediatric cancer care, with widespread support for establishing PCSCs to improve access. Participants expressed confidence in the feasibility and effectiveness of PCSCs, citing enablers such as existing adult oncology programs, patient demand, adequate staff, leadership interest, stakeholder support, and alignment with government plans. Opportunities included leadership backing, resource availability, partnerships with private labs, and community-based health insurance. However, challenges like inconsistent lab services and medical supplies, staff demotivation due to lack of risk allowances, role confusion, inadequate personal protective equipment (PPE), poor infection control, and insufficient psychosocial support were identified as potential barriers. CONCLUSIONS: This study underscored the urgent need for pediatric cancer care and strong support for PCSCs as a feasible and appropriate solution. Although challenges like supply chain disruptions, staff demotivation, unclear role delineation, diagnostic limitations, safety concerns, and gaps in psychosocial support-, the strong commitment of healthcare providers offer a solid foundation for success. To ensure the long-term effectiveness and sustainability of PCSCs, these obstacles must be addressed through targeted improvements in diagnostics, enhanced staff support, strengthened safety protocols, and integrated psychosocial care.",Priority B - manual review,Did not pass earlier high-specificity screen; manual review required before exclusion,,,,Unclear,Financing mechanism/function appears in abstract but is not explicit in title,Medium,Map only,Relevant to broader UHC/health-system knowledge map but not primary financing-approach synthesis
3126,W2060101414,2014,Determinants of community health fund membership in Tanzania: a mixed methods analysis,"BACKGROUND: In many developing countries, initiatives are underway to strengthen voluntary community based health insurance as a means of expanding access to affordable care among the informal sector. However, increasing coverage with voluntary health insurance in low income settings can prove challenging. There are limited studies on determinants of enrolling in these schemes using mixed methods. This study aims to shed light on the characteristics of those joining a community health fund, a type of community based health insurance, in Tanzania and the reasons for their membership and subsequent drop out using mixed methods. METHODS: A cross sectional survey of households in four rural districts was conducted in 2008, covering a total of 1,225 (524 members of CHF and 701 non-insured) households and 7,959 individuals. In addition, 12 focus group discussions were carried out with CHF members, non-scheme members and members of health facility governing committees in two rural districts. Logistic regression was used to assess the determinants of CHF membership while thematic analysis was done to analyse qualitative data. RESULTS: The quantitative analysis revealed that the three middle income quintiles were more likely to enrol in the CHF than the poorest and the richest. CHF member households were more likely to be large, and headed by a male than uninsured households from the same areas. The qualitative data supported the finding that the poor rather than the poorest were more likely to join as were large families and of greater risk of illness, with disabilities or persons with chronic diseases. Households with elderly members or children under-five years were also more likely to enrol. Poor understanding of risk pooling deterred people from joining the scheme and was the main reason for not renewing membership. On the supply side, poor quality of public care services, the limited benefit package and a lack of provider choice were the main factors for low enrolment. CONCLUSIONS: Determinants of CHF membership are diverse and improving the quality of health services and expanding the benefit package should be prioritised to expand voluntary health insurance coverage.",Priority B - manual review,Did not pass earlier high-specificity screen; manual review required before exclusion,,,,Include,Explicit financing mechanism/approach in title with target-setting and evaluative/UHC relevance,High,Include,Meets primary financing-approach/UHC eligibility at title/abstract stage
10904,W4403437685,2024,Effect Of Nurses Long Working Hours On Patients’ Satisfaction At River Nile State Public Hospitals -Sudan,"Background: The effect of long working hours on patient satisfaction is a critical issue in healthcare systems. Also, Extended working hours have the potential to compromise the quality of patient care. Objectives: this study was carried out to investigate the effect of nurses long working hours on patients’ satisfaction. Method: This was descriptive cross-sectional study was conducted during the period from August 2022 to August 2024 at the main three governmental hospitals of River Nile State-Sudan. The data was collected by questionnaire and Karen-patient satisfaction scale, one hundred patients participated in the study, data was analyzed by (SPSS) software program and presented in tables and figures, all data fixed or adjusted at level P- value less than (0.05). Results: The study results showed that less than two quarter (60.0%) of patients were male, with age less than half (40.0%) between 41-60 years. Also (27 %) of patients their education level did not exceed primary school. the results of this study revealed that more than two third (68.0%) they don’t have health insurance coverage. patient’s satisfaction with the quality of nursing care is very good. Conclusions: The study finding highlighted a significant gap in communication between nurses and patients, while patients reported high level of satisfaction with effective diagnosis and respectful treatment by staff. the study showed that no significant relationship between patient satisfaction levels and their demographic profiles",Priority B - manual review,Did not pass earlier high-specificity screen; manual review required before exclusion,,,,Unclear,Financing mechanism/function appears in abstract but is not explicit in title,Medium,Exclude,Does not meet primary financing-approach synthesis criteria at title/abstract stage
10731,W4400277884,2024,"Adherence to antihypertensive medication and its associated factors among patients with hypertension attending a tertiary hospital in Kathmandu, Nepal","Hypertension is a major risk factor for cardiovascular disease, which is the leading cause of premature mortality and morbidity globally. Despite the evidences of the availability of effective treatment for hypertension, its management remains suboptimal. Medication adherence is the most crucial factor for blood pressure control. It is important to identify the factors associated with adherence to antihypertensive treatment for better management. Hence, this study assessed the level of antihypertensive medication adherence and its associated factors among patients with hypertension visiting a tertiary-level hospital in Kathmandu, Nepal. An analytical cross-sectional study was carried out among 308 diagnosed patients with hypertension who were prescribed antihypertensive medication. The Morisky Medication Adherence Scale (MMAS-8) was used to assess medication adherence. Data was collected through face-to-face interviews and analysed using SPSS v26. A bivariate and multivariate logistic regression model was used to assess the factors associated with low medication adherence. More than half (61%) of the study participants had moderate to high levels of medication adherence. Upon bivariate analysis, there was a significant association between presence of side effects, blood pressure status, forgetfulness, high cost, fear of taking medicine lifelong and irregular follow-up with a low level of adherence. Upon multivariate the logistic regression analysis, forgetfulness [Adjusted Odd's Ratio (AOR) 22.5, 95% Confidence Interval(CI) 10.56-47.86], high cost (AOR 3.8, 95%CI 1.25-11.60) and fear of taking medicines lifelong (AOR 6.04, 95%CI 2.96-12.33) were found to be associated factors of low level of adherence. There is an urgency to develop evidence-based strategies to improve the level of adherence to antihypertensive medications among patients with hypertension. Strategies like reminder messaging, setting alarms, expanding the scope of national health insurance and proper counselling to reduce fear could help to improve medication adherence. Hence, the feasibility and effectiveness of such intervention should be explored in future studies.",Priority B - manual review,Did not pass earlier high-specificity screen; manual review required before exclusion,,,,Unclear,Financing mechanism/function appears in abstract but is not explicit in title,Medium,Exclude,Does not meet primary financing-approach synthesis criteria at title/abstract stage
4011,W4248321581,2016,The Direct Costs of type 2 Diabetes Mellitus Outpatient care in the Ghanaian Public Health System: A Case of the Cape Coast Teaching Hospital,"Background: Diabetes Mellitus (DM) is a growing epidermic with its parallel economic impact on the health system and society. The objective of this study was to estimate the direct medical and direct non-medical costs of type 2 diabetes outpatient care in a Ghanaian Public Health Care System. Methods: The study was conducted at the Cape Coast Teaching Hospital outpatient diabetes clinic from January, 2016 through May, 2016. A total of 204 randomly selected patients with diabetes attending the diabetes clinic were interviewed and their medical records data reviewed. Direct medical costs included expenses with anti-diabetic medications, diabetesrelated laboratory tests, blood glucose strips and consultations with healthcare professional's. Direct non-medical costs included expenses with transportation, artificial sweeteners and herbal medicines. Results: The annual mean direct medical cost for outpatient care for a person with DM was 1,491.45 Ghana cedis (US$ 390.43) on oral anti-diabetics paid by the National Health Insurance Scheme, out of which medications accounted for the largest proportion of the direct medical cost (42.7%), followed by cost of glucose strips (16.6%). Also, on the average a person with diabetes spend out of pocket of 188.29 GHS (US$ 49.29) per year in private pharmacies for diabetes medications. Also longer duration of the disease was associated with increased cost and the mean annual direct medical cost was higher in females than males (US$ 362.98 vs $332.58). Having hypertension and dyslipidaemia as co-morbities added an additional cost of US$ 123.02 and $90.16 respectively on medications for treatment annually. The mean direct non-medical cost was GHS 110.93 (US$ 29.04), out of which transportation accounted for the largest proportion (52.3%).Conclusion:This study showed that outpatient diabetes management leads to elevated cost to the Ghanaian Public Health care System. Costs increased along with duration of disease and presence of co-morbities. There is the need to focus on primary prevention of diabetes, its co-morbidities and complications.",Priority B - manual review,Did not pass earlier high-specificity screen; manual review required before exclusion,,,,Unclear,Financing mechanism/function appears in abstract but is not explicit in title,Medium,Exclude,Does not meet primary financing-approach synthesis criteria at title/abstract stage
9181,W4416200547,2023,Educational Administration: Theory and Practice,"Seasonal migration is a recurring livelihood strategy among rural households in drought-prone regions of Maharashtra, particularly in Beed district of the Marathwada region. This paper explores the dynamics of seasonal migration of agricultural labourers, analyzing its underlying causes, patterns, and socio-economic consequences. The study identifies agrarian distress, recurrent droughts, land fragmentation, water scarcity, and declining agricultural productivity as the primary drivers of migration. Labourers migrate seasonally to sugarcane-growing districts such as Kolhapur, Sangli, and Satara, as well as to urban centers for construction work, brick kilns, and informal sector jobs. The research adopts a mixed-method approach, combining household surveys, in-depth interviews, and analysis of secondary data from government and non-governmental sources. The spatial and temporal mapping of migration circuits reveals that most migrants belong to landless or marginal farming families, moving cyclically between their native villages and work destinations from October to May. While migration temporarily improves household income, it often leads to social costs such as disruption in children’s education, poor health outcomes, gendered vulnerabilities, and continued dependency on informal labour networks. The paper highlights that seasonal migration, though providing short-term coping mechanisms, perpetuates structural inequalities and livelihood insecurity. Policy recommendations emphasize strengthening local employment opportunities through MGNREGA, promoting water conservation and crop diversification, establishing mobile education facilities for migrant children, and ensuring portability of ration cards, health insurance, and social protection benefits. By focusing on Beed district as a representative case, the study contributes to broader debates on rural distress, labour mobility, and inclusive regional development in India.",Priority B - manual review,Did not pass earlier high-specificity screen; manual review required before exclusion,,,,Unclear,Financing mechanism/function appears in abstract but is not explicit in title,Medium,Exclude,Does not meet primary financing-approach synthesis criteria at title/abstract stage
8276,W4214830081,2022,Vulnerabilities to Petty Corruption in Ghana’s Healthcare System: An Ethnographic Study,"Corruption continues to be a major issue of global concern and discussions on the issue have escalated over the past two decades, prompting the Bretton Woods institutions and the donor community to tie development assistance to governance indicators. Accordingly, there is a growing shift among the research community toward a disaggregated corruption research due to the beguiling assumption that a reduction in grand corruption would have a knock-on effect on petty corruption. Ghana has a multiplicity of laws and policies aimed at tackling the menace of corruption in public service. Notwithstanding, corruption continues to be a major hindrance to national development efforts. Indeed, the country has been performing below average in the global Corruption Perception Index by Transparency International in the past decade. The study examines the drivers of petty corruption in the health sector through a field survey comprising two hundred respondents in five major referral hospitals across five regions, combined with key informant interviews and secondary sources. It finds informal payments as the main driver of petty corruption in the health sector, which is sustained by social norms and the desire to obtain preferential treatment occasioned by social pressures. The study discusses the implication for interventions such as the national health insurance scheme, which was designed to protect vulnerable groups against out-of-pocket payments for healthcare and concludes with directions for future research. Key words: Ghana, Corruption, Healthcare, Informal Payments, Value systems, Health insurance DOI: 10.7176/PPAR/12-1-05 Publication date: February 28 th 2022",Priority B - manual review,Did not pass earlier high-specificity screen; manual review required before exclusion,,,,Unclear,Financing mechanism/function appears in abstract but is not explicit in title,Medium,Unclear,Insufficient title/abstract information; requires full-text or additional metadata
13318,W7128930333,2026,"""My mum cannot buy for me and leave my sibling out"": experiences of hydroxyurea use among people living with sickle cell disease in Ghana","Pain management remains a crucial aspect of tackling the burden of sickle cell disease (SCD) in low and middle-income countries (LMICs), including Ghana. Research shows that hydroxyurea (HU) has become a common medication for managing pain in SCD patients in LMICs. However, there are limited studies on the experiences of HU use among people with SCD in LMICs. Addressing a critical research gap, this study explores the enablers and barriers to HU use among people with SCD in Ghana. This study is crucial for delivering health interventions to enhance health-related quality of life among people with SCD in Ghana. Using a phenomenological approach, this study was conducted in the Ashanti Region of Ghana. A total of 27 people with SCD were recruited between October 2022 and November 2022 using convenience sampling. Interview guides were used to collect data on sociodemographic factors, enablers of HU, and barriers to HU use among individuals with SCD. Data were analysed using thematic analytical frameworks. This study demonstrated that the inclusion of HU in the national health insurance scheme (NHIS), along with HU’s effectiveness, facilitated the use of HU among the participants. This study further revealed that knowledge deficit, availability of alternative medications, high cost and administrative burden were identified as barriers to HU use among the participants. This study has identified several factors that promote and/or hinder the use of HU among people with SCD in Ghana. The findings highlight the importance of implementing health interventions, such as regular health education programs at health facilities across Ghana, to educate people about HU, thereby increasing awareness and encouraging HU uptake. It also recommends that, since HU is covered under the NHIS, people with SCD who do not have NHIS coverage should be encouraged and financially supported by their families to enrol in the NHIS to reduce the costs associated with using HU.",Priority B - manual review,Did not pass earlier high-specificity screen; manual review required before exclusion,,,,Unclear,Financing mechanism/function appears in abstract but is not explicit in title,Medium,Exclude,Does not meet primary financing-approach synthesis criteria at title/abstract stage
7382,W3126462348,2021,Medical waste management at the primary healthcare centres in a north western Nigerian State: Findings from a low-resource setting,"Objectives: This study aims to examine medical waste management (MWM) practices and identify the challenges of optimal MWM at the primary healthcare (PHC) level in Kebbi State, Nigeria. Study design: This study was a cross-sectional survey of 265 primary healthcare workers (PHCWs) and health facilities (HFs) in Kebbi State. Methods: The study tool used was a questionnaire adapted from the WHO rapid assessment tool on MWM and water sanitation. Descriptive and inferential statistical analyses were conducted using SPSS version 20 software. Results: Data generated from 257 HWs were used in this study. Amidst other findings, only 65 (25%) HFs had MWM guideline or policy document; out of these 65HFs, only 19 (7%) of them had problem with its implementation. Only 42 (16%) HFs had a compensation package or a health insurance policy to take care of their health workers in case of MWM-associated hazards while 22 (9%) HFs had specific budgetary allocation for MWM. Only 105 (41%) HFs had trained staffers on MWM. Sharps, blood/body fluids and domestic wastes were the top three (3) wastes generated among the surveyed HFs. Medical waste treatment was on-site in 124 (48%) HFs and burn-and-bury method was the adopted method of medical waste disposal in 198 (77%) HFs. However, the majority (76%) of the surveyed HWs expressed dissatisfaction about the waste treatment practices adopted in their HFs. Conclusion: Our study revealed a poor level of MWM practices in Kebbi State, Nigeria. The state government and partners need to urgently address the identified operational and policy gaps in MWM in Kebbi State, Nigeria. Furthermore, our study revealed the negative implication of fragmented governance and leadership structure at the PHC level on policy, practice and administration of medical waste management in the Kebbi State, Northwestern Nigeria. Addressing the gaps found in this study would contribute to the attainment of the United Nations Sustainable Development Goals in health and well-being, sustainable cities and communities and contribute to poverty eradication.",Priority B - manual review,Did not pass earlier high-specificity screen; manual review required before exclusion,,,,Unclear,Financing mechanism/function appears in abstract but is not explicit in title,Medium,Exclude,Does not meet primary financing-approach synthesis criteria at title/abstract stage
2708,W2031845715,2014,"Early experience with laparoscopic surgical operations in Aminu Kano Teaching Hospital, Kano, Northwestern Nigeria","Background: New knowledge in health sciences, advances in technology, and a greater awareness of human rights add up to the need for higher standards in medical training and health services. Laparoscopic surgery is a major breakthrough in surgical practice that is now virtually integrated into all surgical fields. Its benefits have been recognized over many conventional open surgical procedures. However, its appropriateness and our readiness for the practice of laparoscopic surgery in Nigeria is yet to be determined. The objective of this study was to describe early experience, challenges, and prospect with laparoscopic surgical operations in Aminu Kano Teaching Hospital Kano, northwestern Nigeria. Materials and Methods: The case notes of patients admitted into the Surgical Wards of Mallam Aminu Kano Teaching Hospital in Kano, northwestern Nigeria that had laparoscopic surgical operations from October 2005 to October 2013 were retrieved and studied. The data collected from these was entered into Minitab Statistical Software. Relevant statistical indices were calculated. Results: A total of 42 patients were the subject of this review. Their mean age was 37 years, ranged 13-62 years. The male:female (M:F) was 1:1.2. The most common indication of laparoscopic operation was gallbladder disease in 38 (90.5%) patients. Laparoscopic cholecystectomy was the most common laparoscopic procedure performed. Two patients were converted to open surgery. The average duration of post-operative hospital stay was 4 days and the average operating time was 3 h. Conclusion: Experience with laparoscopic surgery is still early in our center, nevertheless the prospect is enormous. There is need for further skills acquisition and effective organization in order to maintain these services. Involvement of the National Health Insurance Scheme should assuredly bring about technological developments and subsidize the services to meet the socioeconomic challenges and changing disease pattern in our environment.",Priority B - manual review,Did not pass earlier high-specificity screen; manual review required before exclusion,,,,Unclear,Financing mechanism/function appears in abstract but is not explicit in title,Medium,Exclude,Does not meet primary financing-approach synthesis criteria at title/abstract stage
5240,W2811507058,2018,Measuring progress towards Sustainable Development Goal 3.8 on universal health coverage in Kenya,"BACKGROUND: The inclusion of universal health coverage (UHC) as a health-related Sustainable Development Goal has cemented its position as a key global health priority. We aimed to develop a summary measure of UHC for Kenya and track the country's progress between 2003 and 2013. METHODS: We developed a summary index for UHC by computing the geometrical mean of indicators for the two dimensions of UHC, service coverage (SC) and financial risk protection (FRP). The SC indicator was computed as the geometrical mean of preventive and treatment indicators, while the financial protection indicator was computed as a geometrical mean of an indicator for the incidence of catastrophic healthcare expenditure, and the impoverishing effect of healthcare payments. We analysed data from three waves of two nationally representative household surveys. FINDINGS: The weighted summary indicator for SC increased from 27.65% (27.13%-28.14%) in 2003 to 41.73% (41.34%-42.12%) in 2013, while the summary indicator for FRP reduced from 69.82% (69.11%-70.51%) in 2003 to 63.78% (63.55%-63.82%) in 2013. Inequities were observed in both these indicators. The weighted summary measure of UHC increased from 43.94% (95% CI 43.48% to 44.38%) in 2003 to 51.55% (95% CI 51.29% to 51.82%) in 2013. CONCLUSION: Significant gaps exist in Kenya's quest to achieve UHC. It is imperative that targeted health financing and other health sector reforms are made to achieve this goal. Such reforms should be focused on both, rather than on only either, of the dimensions of UHC.",Priority B - manual review,Did not pass earlier high-specificity screen; manual review required before exclusion,,,,Unclear,Financing mechanism/function appears in abstract but is not explicit in title,Medium,Map only,Relevant to broader UHC/health-system knowledge map but not primary financing-approach synthesis
6089,W2588759819,2019,"Sub-Saharan African Social and Health Policies and the Poor: Three Essays Examining Impacts of Public Programs on Maternal Health Utilization, Children's Health, and Household Composition","The poverty literature sheds much insight into the disproportionate disadvantages the poor face when compared to the non-poor. The poor are more likely to suffer from disease, lack access to basic health services which make death preventable, and face greater barriers to human capital investment which would allow them to break the intergenerational cycle of poverty. This research examines the potential of social and health programming to support poor and vulnerable populations in sub-Saharan Africa. In the first essay, a quasi-experimental comparison group design is used to examine the impacts of a Ghanaian community-focused heath quality improvement program on maternal health utilization. The program was found to be significantly associated with possession of health insurance, a finding that was robust even among women who lacked health decision-making autonomy. The second and third essays examine the impacts of one of sub-Saharan Africa’s largest and rapidly expanding anti-poverty initiatives, social cash transfer schemes. The focus of the second essay is to determine whether the Kenya Cash Transfer for Orphans and Vulnerable Children (CT-OVC) is associated with health improvements, measured through proxy variables for malaria and pneumonia, among children 0-7 and under-5 years of age. The program provided cash grants to ultra-poor families supporting orphans and vulnerable children. The evaluation strategy included a cluster randomized longitudinal design. Using a generalized linear latent and mixed model with clustering at the household and location level, significant reductions in malaria and pneumonia symptoms were found among children 0-7 years of age, although insignificant findings for under-5s. The third chapter examines impacts on household structure, as they reflect changes in welfare or basic household economic strategy. A difference-in-differences OLS model was used to find that the program was associated with a decrease in number of children ages 6-11 years of age and an influx of newcomers due to deaths of caretakers and/or family members of their original households. Altogether, the results indicate that these two social and health programs have made promising gains, although more could be done to bolster multidimensional welfare of their most vulnerable beneficiaries.",Priority B - manual review,Did not pass earlier high-specificity screen; manual review required before exclusion,,,,Unclear,Financing mechanism/function appears in abstract but is not explicit in title,Medium,Unclear,Insufficient title/abstract information; requires full-text or additional metadata
1625,W2051334154,2011,Optimisation de protocole pour l’étude des cinétiques virales dans la grippe,,Priority B - manual review,Did not pass earlier high-specificity screen; manual review required before exclusion,,,,Exclude,No substantive financing approach/UHC-financing signal,High,Exclude,Does not meet primary financing-approach synthesis criteria at title/abstract stage
5703,W4288994168,2019,Modicare: A Universal Experience Gone Wrong,"Healthcare has often been placed at the backburner of public addresses and most often does not get the attention it deserves. A quick change to this fact comes from India’s prime minister Narendra Modi who launched a scheme in healthcare that has left numerous people from all around the world stunned and curious about the new healthcare act called Modicare or the National Health Protection Scheme (NHPS). This particular healthcare act promises to give health insurance to 500 million people in India, yet the drawbacks to Modicare far outweigh any benefits when analyzing if it provides universal comprehensive healthcare. For instance, when considering the fact that 500 million people are being targeted, the number of people who are not able to reap any benefits are far more. Specifically, 800 million people are not benefitting since there are 1.3 billion people in India’s population. Extending this, even the 500 million people being targeted are not all aware of that, and only a fraction are aware of its existence. Thus, even a smaller amount of people are able to collect any benefits from this healthcare scheme. In addition, even though there is a poverty line below which households can qualify as a beneficiary, which is about 27,000 rupees per year, the households, which make up a great proportion of India’s population, making just above that are still barely scraping through to feed their basic needs and are not able to benefit from the promises Modicare has claimed.",Priority B - manual review,Did not pass earlier high-specificity screen; manual review required before exclusion,,,,Unclear,Financing mechanism/function appears in abstract but is not explicit in title,Medium,Include,Meets primary financing-approach/UHC eligibility at title/abstract stage
799,W2167949830,2007,Medical Tourism and the Libyan National Health Services,"Medical tourism is a term that is used frequently by the media and travel agencies as a catchall phrase to describe a process where people travel to other countries to obtain medical, dental, and/or surgical care [1, 2]. Leisure aspects of traveling are usually included on such a medical travel trip [1]. The term is also used to describe a situation where doctors travel to other places to deliver services to endogenous populations [3].

Many factors have led to the recent increase in popularity of medical tourism. Among these factors are the absence of a particular service and the high cost of health care in some countries of origin on one side, and the ease and affordability of international travel, and the improvement of technology and standards of care in host countries on the other side. This phenomenon cannot be separated from globalization and tendency for a more liberal world trade. In countries that operate from a public health-care system, it can take a considerable amount of time to get needed medical care. In Britain and Canada, for example, the waiting period for a hip replacement can be a year or more, while in Bangkok or Bangalore, a patient can be in the operating room the morning after getting off a plane [2]. The post-surgery mortality rate in the 15,000 heart operations done every year in Scots Heart Institute and Research Centre in Delhi and Faridabad is only 0.8%, which is less than half of most major hospitals in the United States or Europe [2]. However, the real attraction is price [2]. The cost of surgery in India, Thailand or South Africa can be one-tenth of the price of comparable treatment in the United States or Western Europe [2]. A heart operation as an example costs €32000 in the United States, €16000 in Europe, but less than €3000 in India. A full facelift that would cost $20,000 in the U.S. runs at about $1,250 in South Africa [2]. In addition, clinics in these countries provide single-patient rooms that resemble guestrooms in four-star hotels [2].

Interventions aimed at medical tourism include cancer treatment, neurosurgery, organ transplantation, aesthetic treatment, dental treatments, eye surgery, kidney dialysis, « preventive health screening» and hip resurfacing [2]. Other opportunities are constantly being exploited. Examples include different services as aphaeresis tourism in India [4] and climatotherapy in Egypt [5].

Medical tourism is a rapidly growing industry in many countries. India is becoming a «global health destination». Encouraged by the government, India is promoting the «high-tech healing» of its private healthcare sector as a tourist attraction [1, 2]. More than 100 000 foreigners visited India for medical treatment in the year 2005. India estimates that medical tourism could bring as much as $2.2 billion per year by 2012. Besides India, popular international medical travel destinations include Singapore and Thailand. About 374, 000 visitors came to Singapore purely to seek healthcare in 2005, half of them from the Middle East [2]. South Africa promotes an attractive «medical safari» catchphrase: Come to see African wildlife and get a facelift in the same trip. Other countries include Tunisia which is attracting Italians, British and French besides the so- called traditional visitors from Libya and Algeria [6]. The list of countries currently promoting medical tourism include many others such as Argentina, Bolivia, Brazil, Cuba, Costa Rica, Jamaica, Jordan, Hungary, Latvia, Lithuania, Malaysia and the Philippines [2, 3]. Some hospitals in certain countries are gaining the confidence of their customers by obtaining hospital accreditation from international bodies in the United States [2]. Dubai, already known for its festival and other luxury attractions, is planning to open the Dubai Healthcare City by 2010. This is expected to be the largest international medical centre between Europe and Southeast Asia and it is hoped to become an internationally recognized location of choice for quality healthcare and an integrated centre of excellence for clinical and wellness services, medical education and research [2]. An international medical travel conference (IMTC) was held in December 2006 and some web sites such as ArabMedicare.com were established to accompany the needs of this growing market.

In spite of the aforementioned rewards, medical tourism is not without risks [3]. Medical tourism can do harm to national health services of the host as well as the country of origin. Besides cultural and language issues, there are risks inherent in traveling as accidents, exposure to different infectious diseases, risks from traveling soon after surgery, impossibility of treating chronic disease after a single consultation, the non familiarity of how a certain specialty applies to other communities, the on-off consultations, the limited possibility for follow up, the absence of record of the consultation [3], and most importantly fraud and abuse.

The total amount of money spent by Libyans on both forms of medical tourism is difficult to estimate. It ranges between $100-200 millions per year for treatment abroad, but the accurate figures are not available. The form of medical tourism where doctors rather than patients travel, gained a momentum with the increased role of private practice in health service delivery. There is a real threat from the growing market of medical tourism in the region on the public health oriented national health system in Libya. The two neighboring countries that are mostly visited by Libyans have a lower performance of National Health Service in comparison to Libyan National Health services with an objective assessment as revealed by infant mortality rate, life expectancy at birth, maternal mortality ratio and proportion of low birth weight [7]. Giving the non-popularity of tourism among the Libyan population, traveling in itself is an important event in one's life. We should not deny that in many cases quality of care, communication skills of health-care givers and patient satisfaction are better in visited countries. Demands are rarely seen to be an important element in the predominantly centralized planning of health services in Libya. Initial visits to these «tourist» private clinics are seen as means to attract other clients. This goes usually through undermining National Health Services in Libya. In many instances there is no justification for that. In addition to our tendency to idealize others, many of the criteria used by patients are very subjective and represent demands rather than needs. Some of these subjective criteria that we met were related to quality of food or clothes offered in hospitals or certain procedures that are seen as novel experience.

It is unlikely that this phenomenon of medical tourism will decrease in magnitude. It is also unreasonable to think that a country with a small population will be able to deliver all service demands and needs of the population. For example, the cost-benefit analysis of some interventions as hepatic transplantation would not permit the minimum number of transplantations needed to insure quality unless these interventions are organized at the regional level. Solutions are multifaceted. These would include; improving hospital based services and ambulatory care; increasing responsiveness of national health services to patients’ needs as basic amenities that are highly valued by the consumers such as clean waiting rooms or adequate beds and food in hospitals; partnership with the private sector; delivering quality care with continuous evaluation by different indicators related to structure, process and outcome of healthcare services, and using clinical governance, performance management and SMART objectives and targets to evaluate performance of health establishments. Health insurance schemes can also play an important role in controlling this phenomenon as well as supervising treatment processes and ensuring stewardship.",Priority B - manual review,Did not pass earlier high-specificity screen; manual review required before exclusion,,,,Unclear,Financing mechanism/function appears in abstract but is not explicit in title,Medium,Unclear,Insufficient title/abstract information; requires full-text or additional metadata
12838,W7117146688,2025,PaCE CKD: A Multinational Survey of Financial Burden and Work Productivity in Patients with Chronic Kidney Disease and Caregivers,"INTRODUCTION: Chronic kidney disease (CKD) symptom burden and associated treatments can impact patients' ability to work and financial well-being. Informal caregivers provide support and may also be affected. This multinational study aimed to characterise the impact of CKD on work productivity and the financial health of patients and caregivers. METHODS: National cohorts of patients with CKD, caregivers and matched general populations were recruited for Australia, Germany, Egypt, UK, Italy, Taiwan, and the US and surveyed via the Work Productivity and Activity Impairment (WPAI) questionnaire and the Consumer Financial Protection Bureau (CFPB) Financial Well-Being Scale. Financial toxicity was assessed using the COmprehensive Score for financial Toxicity-Functional Assessment of Chronic Illness Therapy (FACIT-COST). RESULTS: A total of 1303 patients and 674 caregivers were recruited. Compared with matched general populations, patients showed marked impairment in work and daily activities, particularly in presenteeism (difference: min, 7.4%; max, 43.6%) and activity impairment (difference: min, 25.9%; max, 46.4%). Work productivity and activity impairment were greatest among dialysis patients, a trend also observed among caregivers for patients on dialysis. CFPB Financial Well-Being scores indicated poorer financial health in patients versus general populations; variable outcomes were reported by caregivers. Financial toxicity, assessed by FACIT-COST, showed inter-country variation, and was most pronounced in younger, working-age patients. CONCLUSION: The indirect burden of CKD extends beyond clinical costs to include significant financial and work productivity impacts on patients and caregivers, with greater challenges for patients on dialysis. Strategies to prevent CKD progression appear warranted to alleviate burden on financial health and work productivity for patients and caregivers.",Priority B - manual review,Did not pass earlier high-specificity screen; manual review required before exclusion,,,,Unclear,Financial-protection/expenditure signal without explicit financing approach in title,Medium,Exclude,Does not meet primary financing-approach synthesis criteria at title/abstract stage
2557,W2728531558,2013,Determinants Of Adherence To Highly Active Antiretroviral Therapy AmongHiv-Infected Children In Rwanda,"Introduction: Adherence to antiretroviral therapy (ART) among HIV-infected children is influenced by numerous socio-economic, clinical, spiritual and psychological factors. Interrupted adherence can result in resistance to first-line ART. In such cases, patients may infect others with resistant virus strains and they may require a significantly more expensive second-line ART regimens, which are more difficult to procure and more difficult for patients to access. Thus, ART adherence influences not only individual and population outcomes, but also has significant implications for long-term healthcare financing. It is essential to determine and address the factors that impact a patient’s likelihood to adhere to ART. Objective: This study investigates factors that are associated with HIV-infected children’s adherence to highly active antiretroviral therapy (HAART) in Rwanda. Methods: Five health facilities were visited in August 2005. Each health facility was treating HIV-infected children who had been receiving HAART for at least 12 months. Participants included children under 15 years who were treated with HAART for at least 12 months at the selected health facilities. A standard questionnaire was employed for each caregiver participant and administered in his or her home. Non-adherence was defined as missing at least one dose of ART during a 12 month period of HAART treatment. Results: Among the study participants 59% were girls and 41% were boys. Thirty-four percent of children had missed at least one dose of HAART in the past 12 months; forgetfulness (38%) and change in treatment routine (27%) were the most common reasons for missing doses. Caregivers who were members of an association for people living with HIV or AIDS (PLWHA) were more likely to be adherent than those who were not (p=0.031). The more time it took for children to be served at health centers, the less likely they were to be adherent (p=0.043). Finally, caregivers who were satisfied with the health care their children were receiving had children who were more likely to be adherent, compared to those caregivers who were unsatisfied (p=0.001). Conclusion: In order for Rwanda to increase full pediatric adherence to HAART, it must review the national counseling protocol to provide caregivers and children with tools to combat forgetfulness; it must sensitize child caregivers to join associations of PLWHA; and it must promote improved “customer care” practices at health centers.",Priority B - manual review,Did not pass earlier high-specificity screen; manual review required before exclusion,,,,Unclear,Financing mechanism/function appears in abstract but is not explicit in title,Medium,Exclude,Does not meet primary financing-approach synthesis criteria at title/abstract stage
6287,W2993502593,2019,Supporting the Development of Evidence-Informed Policy Options: An Economic Evaluation of Hypertension Management in Ghana,"OBJECTIVES: Universal healthcare coverage in low- and middle-income countries requires challenging resource allocation decisions. Health technology assessment is one important tool to support such decision making. The International Decision Support Initiative worked with the Ghanaian Ministry of Health to strengthen health technology assessment capacity building, identifying hypertension as a priority topic area for a relevant case study. METHODS: Based on guidance from a national technical working group of researchers and policy makers, an economic evaluation and budget impact analysis were undertaken for the main antihypertensive medicines used for uncomplicated, essential hypertension. The analysis aimed to address specific policy questions relevant to the National Health Insurance Scheme. RESULTS: The evaluation found that first-line management of essential hypertension with diuretics has an incremental cost per disability-adjusted life-year avoided of GH¢ 276 ($179 in 2017, 4% of gross national income per capita) compared with no treatment. Calcium channel blockers were more effective than diuretics but at a higher incremental cost: GH¢ 11 061 per disability-adjusted life-year avoided ($7189 in 2017; 160% of gross national income per capita). Diuretics provide better health outcomes at a lower cost than angiotensin-converting enzyme inhibitors, angiotensin receptor blockers, or beta-blockers. Budget impact analysis highlighted the potential for cost saving through enhanced price negotiation and increased use of better-value drugs. We also illustrate how savings could be reinvested to improve population health. CONCLUSIONS: Economic evaluation enabled decision makers to assess hypertension medicines in a Ghanaian context and estimate the impact of using such evidence to change policy. This study contributes to addressing challenges associated with the drive for universal healthcare coverage in the context of constrained budgets.",Priority B - manual review,Did not pass earlier high-specificity screen; manual review required before exclusion,,,,Unclear,Financing mechanism/function appears in abstract but is not explicit in title,Medium,Exclude,Does not meet primary financing-approach synthesis criteria at title/abstract stage
4676,W2748051132,2017,Family transfers and long-term care: An analysis of the WHO Study on global AGEing and adult health (SAGE),"BACKGROUND: Populations globally are ageing, resulting in increased need for long-term care. Where social welfare systems are insufficient, these costs may fall to other family members. We set out to estimate the association between long-term care needs and family transfers in selected low- and middle- income countries. METHODS: We used data from the World Health Organization's Study on global AGEing and adult health (SAGE). Using regression, we analysed the relationship between long-term care needs in older households and i) odds of receiving net positive transfers from family outside the household and ii) the amount of transfer received, controlling for relevant socio-demographic characteristics. RESULTS: The proportion of household members requiring long-term care was significantly associated with receiving net positive transfers in China (OR: 1.76; p = 0.023), Ghana (OR: 2.79; p = 0.073), Russia (OR: 3.50; p < 0.001). There was a statistically significant association with amount of transfer received only in Mexico (B: 541.62; p = 0.010). CONCLUSION: In selected LMICs, receiving family transfers is common among older households, and associated with requiring long-term care. Further research is needed to better understand drivers of observed associations and identify ways in which financial protection of older adults' long-term care needs can be improved.",Priority B - manual review,Did not pass earlier high-specificity screen; manual review required before exclusion,,,,Exclude,No substantive financing approach/UHC-financing signal,High,Unclear,Insufficient title/abstract information; requires full-text or additional metadata
1708,W285389715,2011,Will Local Players Win Reverse Mortgage Turf,"About a year ago,  Bank found itself at a tipping point in its reverse mortgage efforts. The $13.8 billion-assets bank, with offices in Pennsylvania and Maryland, had been making  ]atypical loans since 2007, and had three mortgage officers devoted to handling them. But  federal program they are made under  going through changes, real estate markets were going through spasms, and reverse mortgages were becoming more challenging to make. Susquehanna  caught between having to in-source  whole thing or outsource  whole thing, says Chad Neiss, senior vice-president and mortgage sales division manager at Susquehanna. A solution  found--one that points up a potential advantage in this space for community banks. But first, what makes reverse mortgages such a challenging choice all around? Not your average home loan Reverse mortgages, for many banks, have been like that unusual cousin that you see at annual family reunions. You either find yourself drawn to  cousin, or you try to hide behind a pillar in  catering hall when you spot him. [ILLUSTRATION OMITTED] First, there's  concept. It's not one that everyone can immediately get their mind around. A reverse mortgage is a special type of home loan that allows a qualifying homeowner to convert a portion of  equity in  home into cash, made available in a number of ways. Unlike a traditional second mortgage or home equity loan or line of credit, there is no repayment cycle during  homeowner's remaining use of  home as a primary residence. While  various financial obligations any homeowner and borrower must pay--such as insurance and taxes--continue to be due as usual, no principal or interest must be paid while  homeowner lives in  house or dwelling unit (such as a condo) securing  loan. Evaluation of  equity in  home serves as  primary lending criteria, rather than, say, borrower assets and income. The loan is paid off through sale of  home when  homeowner either stops using it as a primary residence and moves, or dies. Sales proceeds repay  cash received, plus interest and other fees. When put in black and white, that actually sounds fairly straightforward. But Neiss says some myths persist about reverse mortgages, notably about when someone could lose their home. (Some nonbank players have also not always played squarely with consumers, making reverse mortgages among  areas that  Dodd-Frank Act requires  new Consumer Financial Protection Bureau to study.) Neiss also points out that every time a major player drops out of  reverse mortgage business, the market gets nervous about it. Two major announcements came this year alone, with market leaders Bank of America Home Loans and Wells Fargo Mortgage dropping out of new business in reverse mortgages. In February, BofA cited  desire to redeploy efforts into more critical customer areas. Wells, in June, cited  nation's unpredictable home values as a reason for moving on, and also observed that  Federal Housing Administration Home Equity Conversion Mortgage (HECM) program, backbone of this specialized industry, was designed in a different economic time. News reports cited indications that federal officials were pushing Wells to foreclose on elderly homeowners who were behind on property tax and insurance payments--a serious risk to institutional reputation. In March,  AARP Foundation sued  Department of Housing and Urban Development over policies requiring surviving spouses to repay reverse mortgages in full in order to remain in their home. Another aspect of  traditional program that can't be ignored  its expense. The federal HECM program included two major fees at origination--a 2% FHA fee and a 2% fee for  originator. A 4-point fee could be hard to swallow--and for some, difficult to afford. …",Priority B - manual review,Did not pass earlier high-specificity screen; manual review required before exclusion,,,,Exclude,No substantive financing approach/UHC-financing signal,High,Exclude,Does not meet primary financing-approach synthesis criteria at title/abstract stage
2385,W2047139905,2013,Legal modalities in dental clinic establishment,"Growth in dentistry has put dental profession at par with the medical profession to a greater extent. But this has also led to sensitization toward its professional conduct in the public. Many advances have been attained in legalizing the professional practice & the credit goes to the legislations designed to protect the public from un-qualified practitioners. In India concerns about how to improve health care quality have been frequently raised by the general public and a wide variety of stakeholders, including government, professional associations, private providers and agencies financing health care . In the scenario of commercialization of dental profession, we need to define standards of infrastructure, standards of specialist manpower & standards of quality of care. However only defining the standards would not be able to improve the standards of practice. It has to accompany with the ethics imbibed in the education system for surety of ethical practice along with strict legislations to curb any intentional negligent actions bringing bad name to the profession.",Priority B - manual review,Did not pass earlier high-specificity screen; manual review required before exclusion,,,,Unclear,Financing mechanism/function appears in abstract but is not explicit in title,Medium,Exclude,Does not meet primary financing-approach synthesis criteria at title/abstract stage
1393,W1996269444,2010,Determinants of the willingness-to-pay for HIV/AIDS prevention: the case of mother-to-child transmission in selected hospitals in Ghana,"Mother-to-child transmission (MTCT) is the primary route of HIV infection in children under 15 years of age. In Ghana PMTCT programme was piloted in two hospitals in Atua government hospital and St Martin de Porres Hospital in 2002 and later expanded to other health centres. In Ghana Prevention of Mother to Child Transmission (PMTCT) services are free. It is however worth noting that, with the ever increasing public health expenditure in recent years, the government cannot foot the bill on PMTCT all alone. There is therefore the need for individual contributions to ensure sustainability of HIV/AIDS and other health care interventions, hence the study to determine how much individuals will be willing to pay to prevent MTCT of HIV/AIDS. The study employs the contingent valuation method to investigate the willingness-to-pay for the PMTCT of HIV/AIDS, as well as the determinants of pregnant women's willingness-to-pay for PMTCT of HIV/AIDS in three antenatal care centres in Ghana (Atua Government Hospital, St. Martins Deporres Hospital-Agormanya and the Central Regional Hospital-Cape Coast) using logit and OLS regression. About 91 percent of the respondents were willing to pay some amount of money for PMTCT of AIDS. The average willingness-to-pay by all the respondents was $4 (GH¢4.20). Results from both the logit and the OLS regressions indicate that income is the most significant factor that affects the willingness-to-pay for PMTCT of HIV/AIDS. Other factors such as HIV/AIDS status, distance to antenatal clinic, age and marital status were also shown to have effect on the WTP for HIV/AIDS, though the results were not robust.",Priority B - manual review,Did not pass earlier high-specificity screen; manual review required before exclusion,,,,Unclear,Financing mechanism/function appears in abstract but is not explicit in title,Medium,Unclear,Insufficient title/abstract information; requires full-text or additional metadata
13883,W7161626269,2026,"Socio-medical consequences of living with obstetric fistula: a phenomenological study of the lived experiences of women in the Tamale Metropolis, Ghana","BACKGROUND: Obstetric fistula is a distressing condition affecting mothers in Ghana and elsewhere. Most obstetric fistulas are caused by long-term obstructed labor. The majority of women suffering from this condition and their families go through challenging experiences with medical treatment and social integration. This study explored the lived experiences of women with obstetric fistula regarding the socio-medical consequences of the condition in terms of treatment-seeking challenges and socio-cultural integration in the Tamale Metropolis of the Northern Region of Ghana. METHODS: The study adopted a qualitative phenomenology design. In-depth and key-informant interviews were conducted among eleven women with obstetric fistula and three healthcare professionals, respectively, in two sampled health facilities in the Tamale Metropolis. Purposive sampling was used to select the respondents. The data was collected from January to March 2024. Thematic analysis was employed to analyze the data. RESULTS: The results revealed the challenges to seeking treatment for obstetric fistula as financial barriers, repeated/unsuccessful repairs, negative attitude of health professionals, and difficulty coping with postoperative instructions. The socio-economic consequences faced by the women were problems with social integration, stigma and psychological trauma, reduced self-esteem, and loss of sources of income. Some of these difficulties were short-lived, especially following corrective surgery, while new ones emerged in some cases even after surgery. CONCLUSION: The lived experiences of women with obstetric fistula suggest that financial assistance and psychosocial counseling are necessary to empower victims of obstetric fistula and improve their living conditions. The study recommends that the National Health Insurance Scheme should provide effective coverage for both medical and non-medical financial costs associated with the treatment of obstetric fistula. Trust between healthcare providers and their clients should be established through strong interpersonal relationships and effective training of healthcare professionals. Societal tolerance of women living with obstetric fistula should be enhanced through public sensitization.",Priority B - manual review,Did not pass earlier high-specificity screen; manual review required before exclusion,,,,Unclear,Financing mechanism/function appears in abstract but is not explicit in title,Medium,Exclude,Does not meet primary financing-approach synthesis criteria at title/abstract stage
6789,W3061815054,2020,“Choosing Wisely” for Cancer Care in India,"Choosing Wisely India (CWI) is an initiative to identify low-value and/or potentially harmful practices in cancer care in India. Modeled after Choosing Wisely in the US and Canada,[ 1 ],[ 2 ],[ 3 ] the CWI project was intended to facilitate a conversation between patients, clinicians, hospitals, and policymakers on delivering high-quality, affordable cancer care. By identifying common low-value and/or harmful practices, this process aims to reduce unnecessary interventions to improve the overall quality of care, reduce patient toxicity, and reduce the financial burden on both the patient and system. The formal CWI report has been recently published in Lancet Oncology;[ 4 ] in this commentary, we provide a summary of the process, describe the Top 10 CWI list, and offer suggestions for future actions to improve the delivery of high-quality cancer in India's cancer system. The National Cancer Grid (NCG) was established in 2012 and now includes 171 cancer centers, research institutes, patient advocacy groups, charitable organizations, and professional societies. The NCG coordinates national efforts related to cancer control, research, and education. A key initiative of the NCG has been the creation of context-specific clinical practice guidelines for common cancers, the goal of which is to standardize and improve the quality of care delivered.[ 5 ] In a parallel project, the NCG undertook CWI to identify and eventually reduce utilization of interventions which do not offer meaningful benefit to patients. The high proportion of out-of-pocket spending among Indian cancer patients makes this highly relevant in a system where a substantial proportion of patients incur catastrophic health expenditures.[ 6 ] The Choosing Wisely initiative has been adopted globally by more than 20 countries as a disease-specific process to identify unnecessary (often expensive) interventions that should be avoided.[ 7 ] Within the US and Canada, there are now over 800 Choosing Wisely recommendations from more than 120 national societies covering a range of diseases.[ 8 ],[ 9 ] Choosing Wisely initiatives focused on cancer have been published in the United States and Canada.[ 1 ],[ 2 ],[ 3 ] CWI represents the first Choosing Wisely initiative within any disease area from a low-middle income country (LMIC) and represents an important step on the path to universal health coverage and the achievement of health Sustainable Development Goals. In 2017, the NCG convened a nine-member CWI Task Force including two members from national patient advocacy organizations and seven physician members from radiation, medical, and surgical oncology. This membership included executive office bearers from the Indian Society of Oncology, Association of Radiation Oncologists of India, Indian Association of Surgical Oncology, and Indian Society of Medical and Pediatric Oncology and the convener of the NCG. Each specialty had at least one representative from each of the public and private health systems. Additional methodologic expertise was provided by three nonvoting advisors from Canada and the UK with experience in Choosing Wisely Canada and global cancer policy. A long list of cancer practices to be considered was collated from clinical members of the NCG, four professional societies, and members of the CWI Task Force, with reference to the existing Choosing Wisely US and Canada lists. The following prioritizing factors were considered in both creating the long list and the subsequent voting process to identify the final Top 10 list: evidence of low value/harm, frequent use in India, cost (including opportunity cost), be practically feasible and measurable, and relevance to the Indian cancer context. Consensus was achieved using a modified Delphi process.[ 10 ] The CWI Task Force consensus voted on the long list and shorter list to identify the final Top 10 list. Membership of the NCG and the four professional societies were given the opportunity to provide input on each of the long list and final list. This final list was reviewed and endorsed by the executive boards of the four professional societies and the NCG. The final list consisted of 10 recommendations (available free for download on https://www.thelancet.com/action/showPdf?pii=S1470-2045%2819%2930092-0 ). Of the 10 practices, four practices were new suggestions and six practices were adapted with modifications from Choosing Wisely US and Canada lists. The CWI initiative will contribute to ongoing policy dialog within and between clinical and patient communities in India's cancer system. Many of the items included in the final list represent recommendations to avoid interventions that offer no benefit to patients and are associated with significant side effects and/or financial costs. The Task Force was careful to ensure that while similar lists from other countries (e.g., Canada and the US) were not ignored, India-specific recommendations were also considered and included in the final list; by no means does this imply that the original Choosing Wisely lists from the US and Canada were not relevant in India – it merely indicates that there were other points which were considered higher priority for India. The Task Force also was conscious of the fact that while some of these recommendations were aspirational and would require systemic changes in health-care delivery (i.e., multidisciplinary input for all patients with curable cancer and delivery of care closer to home), many of them could also be immediate and short-term targets to achieve (e.g., do not order positron emission tomography–computed tomography scans to monitor response to palliative chemotherapy). The dual creation of the NCG clinical practice guidelines with the Choosing Wisely list represents initial steps in a multipronged process to improve the quality, equity, and affordability of cancer care in India.[ 6 ],[ 7 ] At the 2019 NCG annual meeting, there was resounding support to begin multicenter data collection to measure compliance with both clinical practice guidelines and the CWI recommendations. The international Choosing Wisely program emphasizes that costs of care should not be a factor in finalizing the recommendations; however, in countries such as India and other LMICs, these recommendations also serve to demonstrate more optimal ways of deploying scarce resources and maximize public health benefit. The Choosing Wisely recommendations for cancer care in India are also the first ever list (in any health-care domain) developed and published from an LMIC and also the first to include patient representatives in the Task Force. These recommendations could well be an exemplar for other countries or geographical regions to follow. Publication History Received: 22 June 2020 Accepted: 23 June 2020 Article published online: 17 May 2021 © 2020. Indian Society of Medical and Paediatric Oncology. This is an open access article published by Thieme under the terms of the Creative Commons Attribution-NonDerivative-NonCommercial-License, permitting copying and reproduction so long as the original work is given appropriate credit. Contents may not be used for commercial purposes, or adapted, remixed, transformed or built upon. (https://creativecommons.org/licenses/by-nc-nd/4.0/.) Thieme Medical and Scientific Publishers Pvt. Ltd. A-12, 2nd Floor, Sector 2, Noida-201301 UP, India",Priority B - manual review,Did not pass earlier high-specificity screen; manual review required before exclusion,,,,Unclear,Financial-protection/expenditure signal without explicit financing approach in title,Medium,Map only,Relevant to broader UHC/health-system knowledge map but not primary financing-approach synthesis
10554,W4396631491,2024,Surgical Residency Training in Nigeria: An Audit Through the Lenses of the Trainee and Trainer,,Priority B - manual review,Did not pass earlier high-specificity screen; manual review required before exclusion,,,,Exclude,No substantive financing approach/UHC-financing signal,High,Exclude,Does not meet primary financing-approach synthesis criteria at title/abstract stage
8182,W4294738944,2022,"Pattern of Stroke Admissions, Radiodiagnostic Compliance, and Outcomes in the Intensive Care Unit of a Tertiary Hospital, South-South, Nigeria","Background: Stroke patients form an integral part of patients admitted into the intensive care unit (ICU); and may need airway maintenance, supplemental oxygen and even endotracheal intubation for mechanical ventilation. Method: In this retrospective study, the medical records and radiological investigations of the patients were assessed. Also, their socio-demographics, and clinical diagnosis and background co-morbidities were noted. The radiological diagnosis post CT was used to determine the type of stroke for those compliant; while clinical assessment alone was used to determine the diagnosis in those who did not do CT. They were also classified into 2 groups: those requiring mechanical ventilation (for ICU care) and those without the need for mechanical ventilation (for high dependency Unit (HDU) care). The eventual clinical outcome was noted. Result: A total of eighty-eight cases, 67% (n = 59) were males and 33% (n = 29) females. 89.8% (n = 79) had hypertension, 3.4% (n = 3) had diabetes while 6.8% (n = 6) had both hypertension and diabetes. Of the hypertensives, 36.7% (n = 29) had hemorrhagic stroke and 66.3% (n = 50) had ischaemic stroke. 53.3% (n = 46) patients had High dependency Unit (HDU care while 47.7% (n = 42) were mechanically ventilated. Of the number in HDU, 51.5% (n = 17) were haemorrhagic, while 52.7% (n = 29) were ischaemic. Clinical diagnosis of ischemic stroke was done in 55 (62.5%) and hemorrhagic stroke in 37.5% (n = 33). Of the lot, only 19.3% (n = 17) of them did CT and 80.7% (n = 71) did not have CT done. None did MRI. Late presentation (beyond 24 hrs) was a common feature for most of the patients, for whom immediate cardio-respiratory support became necessary. Overall mortality rate was 62.5% (n = 55). 39.1% (n = 18) of the HDU (46) patients died, while 88.1% (n = 37) of the ventilated (42) patients died. 56.6% (n = 26) were discharged from the HDU and 4.3% (n = 2) referred to another facility. Of the 42 patients on mechanical ventilation 88.1% (37) died, 9.5% (n = 4) discharged, and 2.4% (n = 1) referred to another health facility. Summary: Low neuroimaging compliance by Stroke patients in our environment and late presentation to hospital, impacts negatively on good outcome of the disease. This, coupled with the high cost of these facilities, makes their use unaffordable, suggesting a strong indication for comprehensive quality and affordable health care and health insurance in the country.",Priority B - manual review,Did not pass earlier high-specificity screen; manual review required before exclusion,,,,Unclear,Financing mechanism/function appears in abstract but is not explicit in title,Medium,Exclude,Does not meet primary financing-approach synthesis criteria at title/abstract stage
2761,W2187168379,2014,Overcoming access barriers to health services through membership-based microfinance organizations: a review of evidence from South Asia,"It is a challenge for the poor to overcome the barriers to accessing health services. Membership-based microfinance with associated health programmes can improve health outcomes for the poor. This study reviewed the evidence published between 1993 and 2013 on the role of membership-based microfinance with associated health programmes in improving health outcomes for the poor in South Asia. A total of 661 papers were identified and 26 selected for inclusion, based on the relevance and rigour of the research methods. Of these 26, five were evidence reviews. Of the remaining 21 papers, 12 were from India, seven from Bangladesh, and one each from Sri Lanka and Indonesia. Three papers addressed more than one theme. Five key themes emerged from the review: (i) the impact of microfinance programmes on the social and economic situation of the poor; (ii) the impact of microfinance programmes on community health; (iii) the impact of integrated microfinance health programmes on raising client awareness; (iv) the impact of integrated microfinance health programmes on financing health care; and (v) the impact of integrated microfinance health programmes on affordable health-care products and services. The review provides new evidence on the pathways through which microfinance helps to improve population health and value for money for such programmes. Among countries with large populations in the informal sector, there is a strong case for policy-makers to support these groups in providing access to life-saving health care among the poor.",Priority B - manual review,Did not pass earlier high-specificity screen; manual review required before exclusion,,,,Unclear,Financing mechanism/function appears in abstract but is not explicit in title,Medium,Unclear,Insufficient title/abstract information; requires full-text or additional metadata
6678,W3088009795,2020,Data for: Insurance and Solidarity. Experimental Evidence from Cambodia,"We conducted a lab-in-the-field experiment in rural villages in Northwestern Cambodia, complemented by a detailed household survey, in order to study whether solidarity is conditioned on the availability of insurance. The game played in the experiment is a modified version of the dictator game. It is one-shot and is played anonymously. In the experiment, subjects are randomly assigned the role of provider or recipient. All receive the same endowment. Recipients can lose a large proportion of their endowment due to a random idiosyncratic shock. Each provider is anonymously matched with one recipient who she can transfer to in case the recipient experiences a loss. We apply a 2x2 design. First, we vary whether recipients have the option to purchase insurance that covers the loss from the shock and thus renders a transfer from the provider unnecessary. This allows us to test whether providers transfer less to a recipient who had the option to purchase insurance. Second, we vary whether recipients are informed that they are matched with a provider who can transfer to them in case of a loss. We can thereby test whether providers reduce their transfers by less when the decision against insurance was made by recipients who were uninformed about the provider compared to when the decision was made by recipients who were informed. The design of our study allows us to relate the subjects' behavior in the experiment to their real-life experience, both in terms of informal support and exposure to insurance. We elicited a rich set of support network characteristics as part of the household survey that preceded the experiment. This allows us to test whether conditional solidarity is more pronounced among subjects who are more engaged in informal support. Furthermore, we selected our sample such that around half of the subjects had access to health insurance, due to their place of residence, while for the other half health insurance was unavailable. We can thereby relate insurance familiarity to a subject's propensity to condition support on the insurance option in the experiment.",Priority B - manual review,Did not pass earlier high-specificity screen; manual review required before exclusion,,,,Unclear,Financing mechanism/function appears in abstract but is not explicit in title,Medium,Include,Meets primary financing-approach/UHC eligibility at title/abstract stage
13895,W7161795768,2026,Physiotherapists’ and occupational therapists’ perspectives on challenges and opportunities for equitable stroke rehabilitation in northeastern Tanzania – a qualitative study,"Low- and middle-income countries worldwide, including Africa, are facing rising incidences of stroke and increased need for stroke rehabilitation. This study aimed to explore rehabilitation professionals’ perceived challenges and opportunities for achieving equitable stroke rehabilitation in northeastern Tanzania. In this descriptive qualitative study, semi-structured individual interviews were conducted with eight physiotherapists and four occupational therapists. An interview guide covering the theme of stroke rehabilitation was used. The face-to-face interviews were audio recorded, transcribed verbatim, and analysed using inductive qualitative content analysis. The overarching theme Raising awareness of rehabilitation while overcoming systemic barriers for stroke rehabilitation was based on five categories: 1) Influenced by the cultural context, 2) Awareness of rehabilitation opportunities, 3) Economic and social resources, 4) Inequitable accessibility to healthcare, and 5) Lack of coordination and consensus in healthcare structure. The therapists expressed multidimensional needs to facilitate rehabilitation after stroke. Main challenges included systemic barriers within the environment, resources, and healthcare structure. Possible assets included advocacy for rehabilitation, community solidarity, and creative use of self-made aids and adaptations. Furthermore, the development of a culturally adapted national guideline and expanding the National Health Insurance Fund could facilitate more equitable care and rehabilitation services. Increasing awareness and knowledge of stroke rehabilitation and medical conditions among the population of Tanzania is essential to increase the number of people who seek and receive medical rehabilitation following strokeExpanding community-based rehabilitation for people post-stroke is essential to reach people in rural areas of TanzaniaIncreasing the number of rehabilitation professionals in Tanzania is imperative to meet the growing needs within stroke rehabilitationDevelopment of a national stroke rehabilitation guideline to standardise care, support referrals, and promote multidisciplinary collaboration would help collaboration to reduce therapists’ challenges in stroke rehabilitation in Tanzania Increasing awareness and knowledge of stroke rehabilitation and medical conditions among the population of Tanzania is essential to increase the number of people who seek and receive medical rehabilitation following stroke Expanding community-based rehabilitation for people post-stroke is essential to reach people in rural areas of Tanzania Increasing the number of rehabilitation professionals in Tanzania is imperative to meet the growing needs within stroke rehabilitation Development of a national stroke rehabilitation guideline to standardise care, support referrals, and promote multidisciplinary collaboration would help collaboration to reduce therapists’ challenges in stroke rehabilitation in Tanzania",Priority B - manual review,Did not pass earlier high-specificity screen; manual review required before exclusion,,,,Unclear,Financing mechanism/function appears in abstract but is not explicit in title,Medium,Map only,Relevant to broader UHC/health-system knowledge map but not primary financing-approach synthesis
10133,W4391146254,2024,Economic Burden of Accidents and Injuries in India: What Does 75th Round of National Sample Survey Imply?,"Background: Accidents and injuries constitute a sizable share of mortality and morbidity in low- and middle-income countries. This affects the most productive age group and increases disability-adjusted life years (DALYs). It results in a substantial financial burden on the households. To explore the economic burden of accidents and Injuries on Indian households and to find how the catastrophic health expenditure (CHE) from accidents and injuries affects the population. Another objective is to explore Catastrophic out-of-pocket expenditures (OOPE) patterns and distressed financing of households in India. Materials and Methods: round of nationally representative surveys, that is, the National Sample Survey (NSS). Authors have analyzed the data using descriptive binary logistic regression analysis to estimate the rate and average days of hospitalization, average OOPE, and share of the population experiencing the catastrophic impact from the health expenditure separately from the public and private healthcare institutions. Results: The study observed that hospitalization in the private sector imposes 72% of households incur CHE at more than 10% cut-off and 41% at more than 25% cut-off. In comparison, it is less in the public sector, with 22% of households incurring CHE at more than 10% of annual per capita household income and 9% at more than 25%. Conclusion: The increasing incidence of road traffic accidents (RTA) is a concern for the overstretched health system. The government should provide better healthcare facilities and universal health insurance coverage to ensure patients' speedy recovery and financial security.",Priority B - manual review,Did not pass earlier high-specificity screen; manual review required before exclusion,,,,Unclear,Financing mechanism/function appears in abstract but is not explicit in title,Medium,Exclude,Does not meet primary financing-approach synthesis criteria at title/abstract stage
2128,W7128396002,2012,Evaluating the Impact of a Mobile Money-Based Conditional Cash Transfer Programme on Antenatal Care Attendance Among Pregnant Adolescents in Adjumani's Refugee Settlements,"Pregnant adolescents in refugee settings face significant barriers to accessing antenatal care (ANC), contributing to poor maternal and neonatal outcomes. While conditional cash transfers (CCTs) can improve health service utilisation, evidence on mobile money-delivered CCTs for this group in humanitarian contexts is scarce. This protocol describes a study to evaluate the impact of a mobile money-based CCT programme on ANC attendance among pregnant adolescents in refugee settlements in Adjumani, Uganda. The primary objective is to determine its effect on the proportion completing at least four ANC visits. Secondary objectives are to assess changes in early ANC initiation and to explore participant and healthcare worker perceptions. A mixed-methods, quasi-experimental design with a concurrent control group will be used. A cohort of pregnant adolescents will be recruited from intervention and control settlements. Quantitative data on ANC attendance will be collected from health records and surveys at baseline and post-intervention. Qualitative data will be gathered through focus group discussions and in-depth interviews to understand contextual factors and implementation experiences. Analysis will involve multivariate regression and thematic analysis. As this is a study protocol, no empirical findings are presented. The anticipated primary outcome is a measurable increase in the proportion of participants achieving four ANC visits in the intervention group compared to the control. The study is expected to generate evidence on the feasibility and impact of a mobile money-based CCT strategy to improve ANC uptake among this underserved population in a humanitarian setting. Findings will inform recommendations for the Ugandan Ministry of Health and humanitarian partners on integrating digital CCTs into adolescent sexual and reproductive health programmes in refugee settlements. Policy considerations for scalability will be provided. conditional cash transfer, mobile money, antenatal care, adolescents, refugee, Uganda, humanitarian This protocol contributes a detailed methodological framework for evaluating a novel digital health financing intervention aimed at a vulnerable population, addressing a critical evidence gap in public health practice within refugee contexts.",Priority B - manual review,Did not pass earlier high-specificity screen; manual review required before exclusion,,,,Unclear,Financing mechanism/function appears in abstract but is not explicit in title,Medium,Include,Meets primary financing-approach/UHC eligibility at title/abstract stage
13079,W7172448831,2026,Disability and Social Protection in Ghana,"The book offers valuable insights into contemporary debates on disability and the development of social protection systems in Ghana and other countries of the so-called Global South, addressing perspectives that have received limited attention in existing scholarship. By integrating historical perspectives and contemporary philosophical debates on African conceptions of community, personhood, reciprocity, and social justice with resource theories and empirical evidence, the author develops a nuanced framework for understanding the relationship between public and indigenous social protection. Based on the experiences and perspectives of users with disabilities, the study offers new insights into the complementarity of state and indigenous social protection structures and their significance for inclusive development. Over the past decades, public social protection has emerged as a critical pillar of the international development discourse. Social protection programmes in countries of the so-called Global South have undergone systematic expansion, driven by multilateral and bilateral development agencies. This trajectory is also evident in Ghana, where a neoliberal approach to social protection, centred primarily on targeted transfers for specific groups, was established in the wake of structural adjustment programmes in the 1980s and 90s. Among other critiques, it has been challenged for isolating vulnerability from the broader systemic processes that have produced the very conditions it seeks to address. At a practical level, this meta-critique is closely connected to the issue of context responsiveness in social protection schemes, a concern that lies at the core of this study's research focus. Ghana’s current social protection schemes operate predominantly as economic interventions, often overlooking other forms of resources that complement economic support and are essential for sustaining livelihoods. This study focuses on these diverse resource forms, as well as the dynamics and institutional rules that govern their access, exchange and conservation. While social protection interventions are typically designed on the assumption that they align with the individual resource arrangements and needs of their intended beneficiaries, empirical evidence suggests only a weak correlation between externally defined resource perspectives and individuals’ subjective assessments of their resource situations. This discrepancy poses a significant challenge for the design and implementation of social protection schemes. The study examines selected public social protection programmes in Ghana – the Disability Common Fund, Livelihood Empowerment Against Poverty (LEAP), and the National Health Insurance Scheme (NHIS) – and their implications for the livelihoods of persons with disabilities. Drawing on qualitative interviews with programme users, disability advocates, and social welfare practitioners, it explores the explicit and implicit assumptions about beneficiaries’ individual resource arrangements that shape design and implementation practices of these programmes. It analyses the demands these assumptions place on recipients and assesses the extent to which they align with beneficiaries’ lived realities and perspectives.",Priority B - manual review,Did not pass earlier high-specificity screen; manual review required before exclusion,,,,Unclear,Financing mechanism/function appears in abstract but is not explicit in title,Medium,Map only,Relevant to broader UHC/health-system knowledge map but not primary financing-approach synthesis
8598,W4283016945,2022,Conceptualizing monetary benchmarks for health investments toward poverty reduction in low- and lower middle-income countries,"Public spending can improve population well-being, for example, by averting or reducing poverty. We aim to conceptualize monetary benchmarks for health sector investments oriented towards poverty alleviation in low- and lower middle-income countries. These benchmarks are meant to indicate the approximate range of health sector costs incurred to avert a single case of poverty across countries. Such conceptualizations could help identify the health interventions that are worthwhile investing in from financial risk protection and social welfare standpoints. We sourced secondary data from the World Bank for low-income and lower-middle-income countries over 2002-2019, including: per capita government expenditures on health, the proportion of a country's population living under the international poverty line ($1.90 per day, 2011 Purchasing Power Parity), and the features of national social protection programs whose primary intent is poverty reduction. We then examined the associations between poverty headcount and per capita government health spending to gauge the potential relationship between this spending and poverty reduction. Subsequently, we derived a range of plausible poverty reduction benchmarks (PRBs). We also computed the per capita costs of national poverty reduction programs so as to contrast these with the estimated range of PRBs. Priority setting in low- and lower-middle-income countries could be informed by health-sector PRBs, in addition to burden of disease and cost-effectiveness considerations. The computed PRBs, expressed in dollars per poverty case averted, can possibly be viewed in a manner akin to economic evaluation thresholds which are usually expressed in dollars per disability-adjusted life year averted.",Priority B - manual review,Did not pass earlier high-specificity screen; manual review required before exclusion,,,,Map only,Relevant to UHC/health-system knowledge map but no explicit financing-approach evaluation,High,Include,Meets primary financing-approach/UHC eligibility at title/abstract stage
13678,W7154848103,2026,Guide to India 2026,"India has, between 2021 and 2026, assembled a formalization stack that reduces the cost of bringing an informal worker, vendor, or small enterprise into the formal economy to approximately zero. This paper describes that stack and argues that it constitutes a replicable development model for economies where the binding constraint is not demand but formalization. The stack has seven operational layers: Aadhaar as universal biometric identity; UPI as mandatory-interoperability payment rail; ONDC as open commerce protocol; GST 2.0 as a simplified two-slab compliance infrastructure with automated returns; the Labour Codes 2025 as the first legal recognition of gig workers in Indian law; Bhashini as AI-powered language access infrastructure for 35 languages built on crowdsourced community data; and WhatsApp as the encrypted communication layer of the informal economy. A three-tier healthcare stack — PM-JAY catastrophic coverage for 550 million, ESIC for formal sector workers, and 173,000 Health and Wellness Centres for primary care — decouples health protection from the employment relationship for the first time. The measurement instruments are two public monthly data series: GSTN transaction volume as the formalization proxy and UPI volume as the money flow proxy. The paper includes journalist translation guides mapping each layer to its closest equivalent in the United States, United Kingdom, France, and Germany, and a practitioner appendix for NGOs on enrollment procedures for each scheme. Nothing described is proposed or projected. Every layer is operational as of March 2026. Keywords: India Stack 2.0 · Aadhaar · UPI · ONDC · GST 2.0 · Bhashini · WhatsApp · PM-JAY · Ayushman Bharat · gig worker formalization · Labour Codes 2025 · constraint-based development · informal economy · digital public infrastructure · per-transaction welfare · Namma Yatri · VAHAN · e-Shram · BhashaDaan · AI4Bharat · Jan Dhan · end-to-end encryption · whistleblowing infrastructure · language sovereignty · development leapfrog · formalization cost · GSTN transaction volume · UPI transaction volume · Health and Wellness Centres · ESIC · Karnataka Platform Workers Act JEL Codes: O17 · O35 · O53 · J46 · J83 · H26 · H51 · L86 · I13 · C55 The JEL additions over the previous version: O53 (Economical Development — Asia including Middle East), J83 (Workers' Rights), H51 (Government Expenditure and Health), I13 (Health Insurance), C55 (Large Data Sets). These reflect the healthcare and language layers that were added.",Priority B - manual review,Did not pass earlier high-specificity screen; manual review required before exclusion,,,,Unclear,Financing mechanism/function appears in abstract but is not explicit in title,Medium,Exclude,Does not meet primary financing-approach synthesis criteria at title/abstract stage
7114,W4396848751,2020,Self-Reported Morbidity and Health-Seeking Behavior and its Predictors Among a Geriatric Population in Western Ethiopia: Community-Based Cross-Sectional Study,"Beshadu Bedada Feyisa,1 Seble Fekadu Deyaso,2 Gosaye Mekonen Tefera3 1Department of Public Health, College of Medicine and Health Sciences, Ambo University, Ambo, Ethiopia; 2Department of Sociology, College of Social Sciences and Humanities, Ambo University, Ambo, Ethiopia; 3Department of Pharmacy, College of Medicine and Health Sciences, Ambo University, Ambo, EthiopiaCorrespondence: Beshadu Bedada Feyisa Email beshadubedhadha@gmail.comBackground: Planning for health care services provision depends on the morbidity profile, health-seeking behavior (HSB), and its predictors. Thus, this study aimed to identify the level of self-reported morbidity, HSB and its predictors.Patients and Methods: A community-based cross-sectional study was conducted among the geriatric (≥ 60 years) population in West Shoa Zone. A multi-stage systematic sampling technique was employed to select the study participants. After testing for collinearity, variables with p-value < 0.25 on binary logistic regression were entered into backward multivariate logistic regression analysis with statistical significance at p-value < 0.05.Results: With a response rate of 98%, 779 study participants were recruited. The median (IQR) age of the respondents was 70 (70– 78) years. Five hundred eighty-four (3/4) of the study participants reported that they experienced morbidity at least once in the year before interview. Of 584 study participants, 53.9% had poor HSB. Living in village (p-value = 0.034), being housewife (p-value = 0.048), wealth index [being rich (p-value = 0.033), being in moderate economic status (p-value= 0.001), and being poor (p-value= 0.049) relative to richest], being head of polygamous household (p-value= 0.019), non-smoker (P-value = 0.012), not having community-based health insurance coverage (CBHI) (p-value< 0.0001), having ≤ 3 times number of illness (p-value < 0.0001), self-medication (p-value < 0.0001), not having hypertension (p-value=0.016), not having diabetes mellitus (DM) (p-value=0.012), and not having oro-dental problem (p-value= 0.043) were positively associated with poor HSB. Nevertheless, self-perceived mild severity of illness (p-value= < 0.0001), good health status (p-value= 0.001), and not having musculoskeletal problem (p-value< 0.0001) were negatively associated with poor HSB.Conclusion: There was a high prevalence of self-reported morbidity and poor HSB. There should be an effort to improve the HSB and CBHI utilization of the geriatric population by all stakeholders. Moreover, modifiable predictors of HSB needs to be improved.Keywords: self-reported morbidity, geriatrics, health-seeking behavior; HSB, predictor, Ethiopia",Priority B - manual review,Did not pass earlier high-specificity screen; manual review required before exclusion,,,,Unclear,Financing mechanism/function appears in abstract but is not explicit in title,Medium,Exclude,Does not meet primary financing-approach synthesis criteria at title/abstract stage
5632,W2974215032,2019,INFLUENCE OF THIRD PARTY SYSTEM ON RATIONAL DRUG USE IN A TERTIARY HOSPITAL IN BENIN CITY NIGERIA: EXPLORING SYSTEM DYNAMICS,Catastrophic spending is a major limitation of access to quality health care especially in developing countries. Health insurance enables resource pooling and burden sharing serves as a way of eliminating the challenges. The study assessed the level of rational drug use in National Health Insurance Scheme (NHIS) andnon-NHIS facility based on World Health Organization’s (WHO) Standard Drug Use Indicators to generate data for planning and policy. The study was a cross-sectional survey. Drug utilization in the NHIS and non-NHIS facilities was benchmarked withthe WHO Standard Drug Use Indicators.The data was summarized with descriptive statistics. The average number of drugs prescribed per encounter was 3.92 (with range 3.80 – 3.97) for the NHIS clinics and 3.15 (with range 3.05 – 3.30) for the General Practice Clinic (GPC). The average percentage of drugs prescribed from the National essential drugs list was 80.46 (range 40.18 – 92.90) and 90.10 (range of 86.38 – 94.37) for the NHIS and GPC clinics respective. The average percentage of encounter with antibiotics was 12.77 (range 6.48 – 15.44) and 12.86 (range 10.22 – 15.46) for the NHIS and GPC clinics respectively. the third party payment system operational in the NHIS facility negatively influenced drug utilization.,Priority B - manual review,Did not pass earlier high-specificity screen; manual review required before exclusion,,,,Unclear,Financing mechanism/function appears in abstract but is not explicit in title,Medium,Include,Meets primary financing-approach/UHC eligibility at title/abstract stage
8565,W4281843099,2022,When too much is too much,,Priority B - manual review,Did not pass earlier high-specificity screen; manual review required before exclusion,,,,Exclude,No substantive financing approach/UHC-financing signal,High,Exclude,Does not meet primary financing-approach synthesis criteria at title/abstract stage
5091,W2790444521,2018,Willingness to Pay for HIV Self-Tests Among Women in Kenya: Implications for Subsidy and Pricing Policies,"To the Editors: INTRODUCTION With roughly 30% of all people living with HIV globally remaining undiagnosed, innovative HIV testing approaches are essential for meeting the first of the UNAIDS “90-90-90” targets and achieving the benefits of treatment as prevention.1 HIV self-testing (HIVST) is increasingly being recognized as an HIV testing approach that may appeal to hard-to-reach or high-risk individuals who would benefit from frequent HIV testing.2 Based on research showing high acceptability and interest in HIVST across a wide range of populations and settings,3–8 the WHO issued guidelines in December 2016 to support implementation and scale-up evidence-based HIVST approaches.9 Several countries in sub-Saharan Africa (SSA), including Kenya, have included HIVST in their testing guidelines and are currently developing plans to implement HIVST.9,10 Governments and donors are now exploring HIVST distribution strategies—including retail distribution—that are best suited to enhance HIV testing access among those who are not reached by existing HIV testing services (HTS). Although self-test kits may become available in private sector pharmacies and other retail outlets, the extent to which they must be subsidized remains unknown. High prices in the retail sector may impede access in target populations, but very low prices or free distribution would require larger public subsidies and potentially misallocate resources by targeting those who already seek existing HTS. There have been few studies that have assessed individuals' willingness to pay (WTP) for self-tests in SSA. Recent agreements between foundations and self-test manufacturers to achieve prices below current levels underscore the need for WTP data. To inform pricing policies for self-tests, we assessed WTP for self-tests among Kenyan women participating in a randomized trial. METHODS Data were collected as part of a randomized trial to evaluate whether secondary distribution of self-tests can promote partner and couples testing (ClinicalTrials.gov NCT02386215).11 Participants were 18-39-year-old women recruited between June 11, 2015 and January 16, 2016 from antenatal and postpartum clinics in 3 urban and peri-urban health centers in Kisumu, Kenya. Participants were randomized to either an HIVST group that received 2 HIV self-tests free-of-charge or to a comparison group that received invitation cards for the male partner to come for clinic-based HIV testing. Self-tests given to participants in the HIVST group were oral fluid-based HIV test kits (OraQuick Rapid HIV-1/2 antibody tests; OraSure Technologies, Bethlehem, PA). At the time of enrollment, participants were administered a baseline questionnaire that collected information on socioeconomic characteristics and health-related behaviors. Follow-up surveys were conducted with participants at 3 months to learn whether participants' primary partner had an HIV test and whether the couple tested together. The follow-up survey also asked participants in the HIVST group whether they would be willing to pay for HIV self-tests, and if yes, what amount of money they would be willing to pay. The primary outcome in this substudy was a binary indicator of whether participants were willing to pay a nonzero amount for self-tests (ie, WTP > 0). We made the conservative assumption that participants who reported that they were “not sure if they would pay for a self-test” had WTP = 0. The secondary outcome was the amount, in Kenyan Shillings (KSH), that participants were willing to pay for self-tests. We assumed that participants who were willing to pay something but reported either “don't know” for the WTP amount or refused to answer had a WTP equal to the median value among those with a WTP > 0. Various baseline characteristics of participants were used in our analyses. Categorical variables measured at baseline included educational attainment, occupation, self-reported chance of acquiring HIV in the future, and partner's HIV testing history in the past year. Participants' age, monthly income, and number of times tested for HIV in the past year were measured as continuous variables. Participants' marital status, condom use at last sex, and intimate partner violence history in the year before were classified as binary variables. Statistical Analyses We used a modified Poisson regression model to identify predictors of whether participants had a WTP > 0 for self-tests12 and an ordinary least squares linear regression to identify predictors of the amount that participants were willing to pay for HIV self-tests. All models included robust standard errors, as well as study site and interviewer-fixed effects. Analyses were conducted with Stata 14.1. The study received approval from the Scientific and Ethics Review Unit at the Kenya Medical Research Institute and the Office of Human Research Ethics at the University of North Carolina at Chapel Hill. RESULTS In total, 297 participants were randomized to the HIVST group, and 284 (96%) successfully completed a follow-up interview and provided responses to WTP questions. Four participants (1%) stated that they were “not sure if they would pay for a self-test” and were assigned a WTP = 0. In addition, 23 participants (8%) who were willing to pay something but reported either “don't know” for the WTP amount or refused to answer altogether had a WTP equal to the median value among those with a WTP > 0. A vast majority (250/284, 88%) reported that they would be willing to pay some amount of money for a self-test (Table 1). The median WTP amount among all participants was 100 KSH (interquartile range 50–150 KSH) or US $1 (interquartile range US $0.50–1.50). Participants with WTP = 0 and WTP > 0 had largely similar characteristics. Because participants were either pregnant or had recently delivered, most participants did not report any earnings in the past month. All participants who self-reported that they had a high chance of acquiring HIV reported that they were willing to pay for a self-test, whereas among those who reported a low chance or no chance, 16% (23/147) reported no WTP.TABLE 1.: Participants' Willingness to Pay for HIV Self-TestsIn regression analyses, the only variable significantly associated with WTP was participants' self-reported chance of acquiring HIV at baseline. Those who reported a high chance were more likely to have a WTP > 0 than those who reported a low chance (risk ratio 1.21; 95% confidence interval: 1.02 to 1.44). There were no differences in WTP amounts, however, between participants with high and low self-reported chances of acquiring HIV. Participants who had tested more often in the past had significantly lower WTP, with each additional HIV test in the past 12 months being associated with a decrease of 16.3 KSH ($0.16) in WTP amount (P = 0.001). DISCUSSION Women who sought antenatal and postpartum services in the study and had gained experience using oral fluid-based self-tests reported being willing to pay some money for self-tests in the future. This suggests that self-test kits need not be fully subsidized to achieve reasonable levels of uptake. At the same time, participants' WTP amounts indicated that demand will decline substantially if prices exceed US $1. Strengths of this study include its ascertainment of WTP from individuals who had a chance to become familiar with the new technologies and its focus on oral fluid-based test kits that are likely to become available for retail distribution. These findings could be relevant as the market for HIV self-tests takes shape, with donor agencies and governments making decisions on how much to subsidize the prices for these diagnostic products. This study also helps predict the distributional implications of alternative HIVST pricing policies. Participants' income and other socioeconomic characteristics were not strong predictors of WTP, but rather participants' self-assessed risk of acquiring HIV proved to be more relevant. Importantly, those who perceived themselves to be at high risk were more likely to be willing to pay some amount than those who were at low risk. Those who tested frequently in the past also had lower WTP. From an access standpoint, the findings from this study suggest that charging some money for self-tests may not exclude women at high risk or women with low utilization of existing HTS. The higher demand for self-tests in these groups may be due to both the financial barriers associated with clinic-based services and the greater convenience and privacy of self-tests. Although self-tests are not currently available for retail distribution in many countries, prices for oral fluid-based self-tests in most low- and middle-income countries have exceeded US $7.50,13 an amount that few participants in our study were willing to pay. The recent decision by the Bill and Melinda Gates Foundation to subsidize OraQuick test kits and lower their price to US $2 in priority countries in SSA is an important advance in this regard.14 Based on our findings, however, a price of US $2 may be above the WTP for many individuals. Additional subsidy from governments or greater economies of scale in production may be necessary to ensure high uptake. This study has several limitations. First, WTP was assessed among women who received free self-tests and gained experience using them. Because familiarity with HIVST is low in much of SSA, WTP in the general population may be lower than it was in women who participated in this study and thus became familiar with self-tests. Supportive evidence stems from a recent study in coastal Kenya, in which uptake of the oral self-tests was low among some pharmacy clients who were offered self-tests for US $1.15 Based on our study, the WTP amount of US $1 could be viewed as an upper bound of prices that should be charged in urban and peri-urban areas of Kenya where the study took place. Relatedly, it is likely that WTP will be lower in low-income, rural populations. However, these findings may not generalize to other countries or even other parts of Kenya, where similar assessments of WTP will be necessary to gauge demand. Finally, WTP was self-reported by participants and thus may not be the same as their true WTP. The associations we found are nonetheless useful for identifying segments of the population that have higher demand for self-tests. The pricing of diagnostic and preventive health products in poor countries is a topic that has received considerable attention in recent years. Several studies conducted in countries like Kenya and Zambia have used field-based pricing experiments in which prices are randomized to individuals to rapidly determine the demand for preventive inputs like antimalarial bednets and water filters.16,17 These studies have generally found a decline in demand with higher prices, suggesting that free distribution may be optimal. In some cases, however, small user fees have been rationalized as a way to increase revenue and reduce unnecessary use. Although these products are very different from diagnostics such as HIV self-tests, methods used to estimate demand for these products can be used to further explore the implications of alternative pricing strategies for self-tests. Additional studies exploring demand and WTP in different populations and settings are essential as countries seek to determine optimal subsidy levels for self-tests.",Priority B - manual review,Did not pass earlier high-specificity screen; manual review required before exclusion,,,,Unclear,Financing mechanism/function appears in abstract but is not explicit in title,Medium,Unclear,Insufficient title/abstract information; requires full-text or additional metadata
11326,W4406542471,2025,Universal health coverage for women of reproductive ages: a survey-based comprehensive assessment of service utilisation and health expenditure in Tanzania,"Introduction: Universal health coverage (UHC) for women of reproductive ages is a critical component of country and global health strategies but most evidence in high-fertility settings is limited to maternity care. Our study aimed to comprehensively assess women's health service utilisation and expenditure, including an equity dimension. Methods: We conducted a household survey among 15-49 years as a nested study within the Magu health and demographic surveillance study, northwest Tanzania, during 2020-2021. Data were collected on self-reported health, fertility, utilisation of health services, health expenditure and health insurance. We analysed key indicators by household wealth quintiles, place of residence and health insurance, using logistic regression models controlling for age and other confounders. Results: Among 8665 women aged 15-49 years (response rate 81%), 3.0% reported poor or very poor health, 13% gave birth in the preceding year, and health insurance coverage was 5.1%. Coverage of antenatal (99.5%) and institutional delivery care (88%) were high; 7.3% of women reported at least one outpatient visit in the last 4 weeks, of which 81% were for their own non-maternal healthcare; 9.3% had been admitted to a hospital during the last year, and 74% of these admissions were for deliveries. The total average annual health expenditure per woman was about TZS 16 860 (US$7.50), of which 82% was for her own healthcare and 18% for maternity care. Additionally, women spent about TZS 23 172 (US$10.00) per year on self-treatment. The poorest women had poorer self-reported health, lower coverage of maternity care, lower utilisation of services for their own healthcare and lower health insurance coverage, and limited their expenditure by making greater use of nearby public services than richer women. Conclusion: Women spent more financial resources on their own non-maternal healthcare than maternity care with poorer women still facing disadvantages for their own healthcare. Health insurance programmes were hardly but were associated with an increase in service use. Comprehensive assessments of women's health needs, service use and expenditures with an equity focus are crucial for shaping UHC strategies tailored to women of reproductive ages.",Priority B - manual review,Did not pass earlier high-specificity screen; manual review required before exclusion,,,,Unclear,Financing mechanism/function appears in abstract but is not explicit in title,Medium,Include,Meets primary financing-approach/UHC eligibility at title/abstract stage
8152,W4226166722,2022,Burden of non-communicable diseases and its associated economic costs in India,"Non communicable diseases (NCD) are a rising problem worldwide and is a cause of public health concern in India too. These diseases result in high health care demand and are expensive especially in low resource settings. We studied the NCD burden estimates for India and its major states and the associated cost in 2017. The disease burden was estimated using DALYs (Disability Adjusted life years), the Years of Life lost (YLL) and Years lived in disability (YLD). Health expenditure data from National Sample Survey was used to calculate out of pocket expenditure (OOPE) and catastrophic health expenditure (CHE). NCDs account for 16939 DALYs per 100 000 in India. About 50–70% of patients took treatment in private facilities. There is huge variation in the utilization of health facilities, disease burden and cost of treatment across the states. Karnataka had highest DALY rate of 25790 DALYs per 100 000 but Chandigarh showed highest mean OOPE of INR 63952 and Arunachal Pradesh showed the highest CHE of 47.7 percent. The economic burden of NCDs is notably high both in terms of OOPE and CHE and indicate variation across states in both disease burden and economic burden. The findings highlight the need for improvement of NCD management programmes in socioeconomically lower states of India.",Priority B - manual review,Did not pass earlier high-specificity screen; manual review required before exclusion,,,,Unclear,Financial-protection/expenditure signal without explicit financing approach in title,Medium,Exclude,Does not meet primary financing-approach synthesis criteria at title/abstract stage
4464,W2590462656,2017,A cross-sectional study of the income sources of primary care health workers in the Democratic Republic of Congo,"BACKGROUND: In the Democratic Republic of Congo (DRC), the state system to remunerate health workers is poorly functional, encouraging diversification of income sources and corruption. Given the central role that health workers play in health systems, policy-makers need to ensure health workers are remunerated in a way which best incentivises them to provide effective and good quality services. This study describes the different sources and quantities of income paid to primary care health workers in Equateur, Maniema, Kasai Occidental, Province Orientale and Kasai Oriental provinces. It also explores characteristics associated with the receipt of different sources of income. METHODS: Quantitative data on the income received by health workers were collected through baseline surveys. Descriptive statistics explored the demographic characteristics of health workers surveyed, and types and amounts of incomes received. A series of regression models were estimated to examine the health worker and facility-level determinants of receiving each income source and of levels received. Qualitative data collection was carried out in Kasai Occidental province to explore perceptions of each income source and reasons for receiving each. RESULTS: Nurses made up the majority of workers in primary care. Only 31% received a government salary, while 75% reported compensation from user fees. Almost half of all nurses engaged in supplemental non-clinical activities. Receipt of government payments was associated with income from private practice and non-clinical activities. Male nurses were more likely to receive per diems, performance payments, and higher total remuneration compared to females. Contextual factors such as provincial location, presence of externally financed health programmes and local user fee policy also influenced the extent to which nurses received many income sources. CONCLUSIONS: The receipt of government payments was unreliable and had implications for receipt of other income sources. A mixture of individual, facility and geographical factors were associated with the receipt of various income sources. Greater co-ordination is needed between partners involved in health worker remuneration to design more effective financial incentive packages, reduce the fragmentation of incomes and improve transparency in the payment of workers in the DRC.",Priority B - manual review,Did not pass earlier high-specificity screen; manual review required before exclusion,,,,Unclear,Financing mechanism/function appears in abstract but is not explicit in title,Medium,Include,Meets primary financing-approach/UHC eligibility at title/abstract stage
8323,W4214611481,2022,"Health costs of environmental pollution faced by underground coal miners: Evidence from Balochistan, Pakistan","There is plenty of research on the environmental effects of coal mining. However, the economic valuation of health costs is seldom addressed. To know this, we have estimated health costs faced by miners working in underground coal mines in Balochistan, Pakistan. To compare the cost of illness caused by coal mines' pollution, we took two samples, the control group and the treatment group. The treatment group consisted of 150 underground coal miners working in different mines. The control group consisted of randomly selected farmers, construction workers, and waiters (fifty each). The double-hurdle model was used to estimate the factors affecting miner’ decision to visit doctors in the first tier, while the second tier estimated the costs incurred on the treatment. Results indicate that socioeconomic and demographic variables such as age, education level, age when work started, income or wage rate, frequency of illness, living condition, sources of safe drinking water, and nationality (whether Afghan or Pakistani) of the respondents have significant impacts on the decision of getting treatment, and costs of illness of coal mine workers. Environmental variables, including methane and carbon monoxide, elevate the health cost of coal miners. The cost of illness increases with the narrow size of the coal seam. It is concluded that the coal minerssuffer from different ailments (respiratory diseases, irritation of the body, gastrointestinal problems, musculoskeletal harms, and headache). Their costs of illness are much higher as compared to noncoal workers. Our work addresses coal mining from a cost perspective, which can significantly enhance the pay system by including user fees in the wages. Among the various possible policy interventions, motivational training for miners to use protective measures, improved living environment, provision of nearby health facilities, employing advanced mining methods, and agreeing on a standard procedure correlated to seam size for degasification may be considered critical policy recommendations.",Priority B - manual review,Did not pass earlier high-specificity screen; manual review required before exclusion,,,,Unclear,Financing mechanism/function appears in abstract but is not explicit in title,Medium,Exclude,Does not meet primary financing-approach synthesis criteria at title/abstract stage
11609,W4408170304,2025,Universal health coverage in Cambodia: current status and future prospects,"Despite improvements in health indices over the past decades, Cambodia faces significant challenges in achieving universal health coverage (UHC). With an effective UHC score of 58 in 2021 - lower than regional neighbours - the country struggles with disparities in health care access, urban-rural inequalities, and rising non-communicable diseases. The health care system continues to be heavily privatised, with out-of-pocket charges accounting for 55% of overall health expenditures in 2021. Although they have increased financial protection, government programs like the National Social Security Fund and Health Equity Funds are still insufficient. Strengthening public health care, decentralising governance, adopting digital health solutions, and establishing a Public Health Commission are crucial steps toward an equitable and effective UHC by 2035.",Priority B - manual review,Did not pass earlier high-specificity screen; manual review required before exclusion,,,,Unclear,Financing mechanism/function appears in abstract but is not explicit in title,Medium,Unclear,Insufficient title/abstract information; requires full-text or additional metadata
5663,W2998301330,2019,Household Catastrophic Health Expenditures among older people in Ghana : The WHO Study on Global Ageing and Adult health (SAGE) Wave 1,Background: There is a growing number of old people globally and Out of pocket payment remains the main means of health care financing which has a risk of financial catastrophes and impoverishment. ...,Priority B - manual review,Did not pass earlier high-specificity screen; manual review required before exclusion,,,,Unclear,Financing mechanism/function appears in abstract but is not explicit in title,Medium,Include,Meets primary financing-approach/UHC eligibility at title/abstract stage
7793,W3187254330,2021,PD46-09 PREDICTORS OF VIDEO VERSUS AUDIO-ONLY VISITS FOR UROLOGIC CARE DURING THE COVID-19 PANDEMIC,"You have accessJournal of UrologyHealth Services Research: Practice Patterns, Quality of Life and Shared Decision Making IV (PD46)1 Sep 2021PD46-09 PREDICTORS OF VIDEO VERSUS AUDIO-ONLY VISITS FOR UROLOGIC CARE DURING THE COVID-19 PANDEMIC Erica Odukoya, Juan Andino, Sophia Ng, Emma Steppe, and Chad Ellimoottil Erica OdukoyaErica Odukoya , Juan AndinoJuan Andino , Sophia NgSophia Ng , Emma SteppeEmma Steppe , and Chad EllimoottilChad Ellimoottil View All Author Informationhttps://doi.org/10.1097/JU.0000000000002060.09AboutPDF ToolsAdd to favoritesDownload CitationsTrack CitationsPermissionsReprints ShareFacebookLinked InTwitterEmail Abstract INTRODUCTION AND OBJECTIVE: Most health insurance organizations have reimbursed both video and audio-only (i.e., phone) visits during the COVID-19 pandemic, but may discontinue phone visit coverage after the public health emergency. We sought to understand predictors of video versus audio-only (phone) visits for urologic patients during the COVID-19 pandemic. METHODS: We performed a retrospective review of outpatient urologic encounters at Michigan Medicine from April 1 - June 30, 2020. Patients who used telehealth were divided into those with any video visits and those with only phone visits. We obtained demographic information including age, gender, race, ethnicity, need for an interpreter, primary insurance status, and home zip code. We compared use of video versus phone visit across the patient demographic, socioeconomic and geographic characteristics using multivariable analysis. RESULTS: There were 4,744 telehealth users and 2,068 patients (43.6%) received care through phone visits. Patient characteristics associated with lower probability of using video visits included age (average marginal effect [AME] -11.7% for patients between 19-64 years old and -38.3% for patients older than 65), Black/African-American (AME -10.2%) or American Indian/Alaska Native (AME -10.2%), need an interpreter (AME -4.5%), Medicaid as primary insurance (AME -13.3%), live in a rural zip code (AME -7.2%), and live in a zip code with low broadband access (AME -3.7 to -12.8% by quartile; Table). Most patients had more than one factor which further reduced their probability of using video visits. CONCLUSIONS: Age and other social determinants of health including race, geography, insurance status, and access to broadband internet were associated with decreased probability of using video to receive urologic care. This data suggests that without coverage and reimbursement of phone visits, video-only telehealth could exacerbate health disparities in access to urologic care. Source of Funding: 1 K08 HS027632-01 from the Agency for Healthcare Research and Qualit © 2021 by American Urological Association Education and Research, Inc.FiguresReferencesRelatedDetails Volume 206Issue Supplement 3September 2021Page: e751-e752 Advertisement Copyright & Permissions© 2021 by American Urological Association Education and Research, Inc.Metrics Author Information Erica Odukoya More articles by this author Juan Andino More articles by this author Sophia Ng More articles by this author Emma Steppe More articles by this author Chad Ellimoottil More articles by this author Expand All Advertisement PDF downloadLoading ...",Priority B - manual review,Did not pass earlier high-specificity screen; manual review required before exclusion,,,,Unclear,Financing mechanism/function appears in abstract but is not explicit in title,Medium,Exclude,Does not meet primary financing-approach synthesis criteria at title/abstract stage
6651,W3017017637,2020,Can mutual health organisations influence the quality and the affordability of healthcare provision? The case of the Democratic Republic of Congo,"BACKGROUND: In their mission to achieve better access to quality healthcare services, mutual health organisations (MHOs) are not limited to providing health insurance. As democratically controlled member organisations, MHOs aim to make people's voices heard. At national level, they seek involvement in the design of social protection policies; at local level, they seek to improve responsiveness of healthcare services to members' needs and expectations. METHODS: In this qualitative study, we investigated whether MHOs in the Democratic Republic of Congo (DRC) succeed in defending members' rights by improving healthcare quality while minimising expenses. The data originate from an earlier in-depth investigation conducted in the DRC in 2016 of the performance of 13 MHOs. We re-analysed this existing dataset and more specifically investigated actions that the MHOs undertook to improve quality and affordability of healthcare provision for their members, using a framework for analysis based on Hirschman's exit-voice theory. This framework distinguishes four mechanisms for MHO members to use in influencing providers: (1) 'exit' or 'voting with the feet'; (2) 'co-producing a long voice route' or imposing rules through strategic purchasing; (3) 'guarding over the long voice route of accountability' or pressuring authorities to regulate and enforce regulations; and (4) 'strengthening the short voice route' by transforming the power imbalance at the provider-patient interface. RESULTS: All studied MHOs used these four mechanisms to improve healthcare provision. Most healthcare providers, however, did not recognise their authority to do so. In the DRC, controlling quality and affordability of healthcare is firmly seen as a role for the health authorities, but the authorities only marginally take up this role. Under current circumstances, the power of MHOs in the DRC to enhance quality and affordability of healthcare is weak. CONCLUSION: On their own, mutual health organisations in the DRC do not have sufficient power to influence the practices of healthcare providers. Greater responsiveness of the health services to MHO members requires cooperation of all actors involved in healthcare delivery to create an enabling environment where voices defending people's rights are heard.",Priority B - manual review,Did not pass earlier high-specificity screen; manual review required before exclusion,,,,Include,Explicit financing mechanism/approach in title with target-setting and evaluative/UHC relevance,High,Include,Meets primary financing-approach/UHC eligibility at title/abstract stage
8705,W4293216924,2022,Trust made the difference for democracies in COVID-19,,Priority B - manual review,Did not pass earlier high-specificity screen; manual review required before exclusion,,,,Exclude,No substantive financing approach/UHC-financing signal,High,Exclude,Does not meet primary financing-approach synthesis criteria at title/abstract stage
2440,W2169004883,2013,Navigating multiple options and social relationships in plural health systems: a qualitative study exploring healthcare seeking for sick children in Sierra Leone,"BACKGROUND: Sierra Leone has emerged from civil war but remains in the lowest tier of the human development index. While significant health reforms, such as the removal of user fees, aim to increase access to services, little is known about how families navigate a plural health system in seeking health care for sick children. This research aims to build on recent care-seeking literature that emphasizes a shift from static supply-and-demand paradigms towards more nuanced understandings, which account for the role of household agency and social support in navigating a landscape of options. METHODS: A rapid ethnographic assessment was conducted in villages near and far from facilities across four districts: Kambia, Kailahun, Pujehun and Tonkolili. In total, 36 focus group discussions and 64 in-depth interviews were completed in 12 villages. Structured observation in each village detailed sources of health care. RESULTS: When a child becomes sick, households work within their geographic, social and financial context to seek care from sources including home treatment, herbalists, religious healers, drug peddlers and facility-based providers. Pathways vary, but respondents living closer to facilities emphasized facility care compared with those living further away, who take multi-pronged approaches. Beyond factors linked to the location and type of healthcare provision, social networks and collaboration within and across families determine how best to care for a sick child and can contribute to (or hinder) the mobilization of resources necessary to access care. Husbands play a particularly critical role in mobilizing funds and facilitating transport to facilities. CONCLUSION: Caregivers in Sierra Leone have endured in the absence of adequate health care for decades: their resourcefulness in devising multiple strategies for care must be recognized and integrated into the service delivery reforms that are making health care increasingly available.",Priority B - manual review,Did not pass earlier high-specificity screen; manual review required before exclusion,,,,Unclear,Financing mechanism/function appears in abstract but is not explicit in title,Medium,Map only,Relevant to broader UHC/health-system knowledge map but not primary financing-approach synthesis
12495,W4414932384,2025,Detecting spatial disparities in PM-JAY implementation via persistent homology,,Priority B - manual review,Did not pass earlier high-specificity screen; manual review required before exclusion,,,,Unclear,Possible financing evidence; target-country eligibility not identifiable from title/abstract,Low,Include,Meets primary financing-approach/UHC eligibility at title/abstract stage
8621,W4312959211,2022,"Health and Poverty Linkages for Population just above the Poverty Line: A Study done in Slums of Jaipur, India","Introduction: Underdeveloped and developing countries are unable to provide essential healthcare to all of their inhabitants, and those who remain uninsured are at a huge risk of financial hardship. It’s never easy to divide limited resources. Method: This study attempts to examine that, If urban poors, a vulnerable section of the society is protected against catastrophic health expenditure. Is there any deepening of poverty among urban poor of the city of Jaipur due to catastrophic health expenditure? 426 households in Jaipur’s urban slums were surveyed. Results: The incidences of Catastrophic Health Expenditure were 8.1% among urban slum households. The mean positive overshoot was 33%. Poverty increased by 1% at National Poverty Line and by 2.6% at International Poverty Line estimates. The increase in the normalised mean positive poverty gap from 29.8% to 45.3% suggests that the existing poor are becoming more impoverished. There was a significant association between increasing health spending and household cuts in food and apparel spending, at p = 0.0001 and p = 0.05, respectively. Conclusion: The results show a huge disparity between poverty estimates based on national poverty standards (2.8%) and international poverty standards (37.1%) indicating the necessity for developing sensitive poverty criteria. It is also vital to make an evidence-based decision on whether to employ assurance, insurance, or a combination of the two healthcare delivery systems. The assurance approach might expand accessibility while also lowering healthcare expenditures for the entire community. Rather than creating two distinct insurance or assurance systems, the government should pool its resources and efforts into one.",Priority B - manual review,Did not pass earlier high-specificity screen; manual review required before exclusion,,,,Unclear,Financial-protection/expenditure signal without explicit financing approach in title,Medium,Unclear,Insufficient title/abstract information; requires full-text or additional metadata
10351,W4392772011,2024,Inequity in the face of success: understanding geographic and wealth-based equity in success of facility-based delivery for under-5 mortality reduction in six countries,"BACKGROUND: Between 2000-2015, many low- and middle-income countries (LMICs) implemented evidence-based interventions (EBIs) known to reduce under-5 mortality (U5M). Even among LMICs successful in reducing U5M, this drop was unequal subnationally, with varying success in EBI implementation. Building on mixed methods multi-case studies of six LMICs (Bangladesh, Ethiopia, Nepal, Peru, Rwanda, and Senegal) leading in U5M reduction, we describe geographic and wealth-based equity in facility-based delivery (FBD), a critical EBI to reduce neonatal mortality which requires a trusted and functional health system, and compare the implementation strategies and contextual factors which influenced success or challenges within and across the countries. METHODS: To obtain equity gaps in FBD coverage and changes in absolute geographic and wealth-based equity between 2000-2015, we calculated the difference between the highest and lowest FBD coverage across subnational regions and in the FBD coverage between the richest and poorest wealth quintiles. We extracted and compared contextual factors and implementation strategies associated with reduced or remaining inequities from the country case studies. RESULTS: The absolute geographic and wealth-based equity gaps decreased in three countries, with greatest drops in Rwanda - decreasing from 50 to 5% across subnational regions and from 43 to 13% across wealth quintiles. The largest increases were seen in Bangladesh - from 10 to 32% across geography - and in Ethiopia - from 22 to 58% across wealth quintiles. Facilitators to reducing equity gaps across the six countries included leadership commitment and culture of data use; in some countries, community or maternal and child health insurance was also an important factor (Rwanda and Peru). Barriers across all the countries included geography, while country-specific barriers included low female empowerment subnationally (Bangladesh) and cultural beliefs (Ethiopia). Successful strategies included building on community health worker (CHW) programs, with country-specific adaptation of pre-existing CHW programs (Rwanda, Ethiopia, and Senegal) and cultural adaptation of delivery protocols (Peru). Reducing delivery costs was successful in Senegal, and partially successful in Nepal and Ethiopia. CONCLUSION: Variable success in reducing inequity in FBD coverage among countries successful in reducing U5M underscores the importance of measuring not just coverage but also equity. Learning from FBD interventions shows the need to prioritize equity in access and uptake of EBIs for the poor and in remote areas by adapting the strategies to local context.",Priority B - manual review,Did not pass earlier high-specificity screen; manual review required before exclusion,,,,Unclear,Financing mechanism/function appears in abstract but is not explicit in title,Medium,Map only,Relevant to broader UHC/health-system knowledge map but not primary financing-approach synthesis
14264,W7167478253,2026,OPTIMIZING THE ALLOCATION OF PUBLIC SPENDING FOR HUMAN DEVELOPMENT: DEA ANALYSIS IN THE WAEMU ZONE,"This study assesses the efficiency of public resource allocation for human development in West Africa over the period 2010-2023. The analysis uses data envelopment analysis (DEA) with the assumption of variable returns to scale (VRS) on a panel sample covering the countries of the West African Economic and Monetary Union (WAEMU). The results show significant heterogeneity among the countries: Togo (0.994), Guinea-Bissau (0.988), and Benin (0.983) exhibit near-optimal performance, while Mali (0.820) and Côte d'Ivoire (0.920) show significant potential for improvement. Factor analysis identifies the education sector as the main lever for improvement and military spending as a significant variable influencing budgetary trade-offs. This study suggests that countries should prioritize improving their education and health systems before increasing their budgets. At the regional level, we recommend establishing a permanent observatory to assess the effectiveness of public spending, organizing transnational expert missions, and exploring results-based financing mechanisms.",Priority B - manual review,Did not pass earlier high-specificity screen; manual review required before exclusion,,,,Unclear,Financing mechanism/function appears in abstract but is not explicit in title,Medium,Unclear,Insufficient title/abstract information; requires full-text or additional metadata
7089,W3112581767,2020,Bolivia's new health minister promises universal health care,,Priority B - manual review,Did not pass earlier high-specificity screen; manual review required before exclusion,,,,Exclude,No substantive financing approach/UHC-financing signal,High,Exclude,Does not meet primary financing-approach synthesis criteria at title/abstract stage
12159,W4412787196,2025,Family support needs for people living with hypertension,"Hypertension, a non-communicable disease (NCD), poses a public health threat globally, especially in low-middleincome countries, including Ghana. Family members contribute immensely to the management of chronic diseases such as hypertension. To achieve optimal control of hypertension, a Psychoeducational programme may be adopted as a non-pharmacological strategy to complement the management of hypertension by family members. The study aimed to explore and describe the psychoeducational support needs of family members of people living with hypertension in the Greater Accra Region of Ghana. Qualitative, explorative and descriptive design was employed for this study and a semistructured interview method was utilised to collect data from two health facilities. Twenty-two (22) participants were purposively sampled, and face-to-face interviews, each lasting 30-60 minutes were conducted until saturation wasachieved. Qualitative content analysis (QCA) was used in analysing data. Three main themes emerged: healthcare information, education, and financial support. The respective categories of these main themes are the administration of medication, follow-up visits, monitoring of blood pressure (BP), dietary requirements, communication channel for care or emergency, education on lifestyle modification, education on medications, education on risks and complications of hypertension, education on stress and relaxation technique, education on traditional medicine, medical expenses and transportation fees for follow-up visit and National Health Insurance Scheme Services. Results: The psychoeducational support needs emerged suggesting the need to develop a programme to complement the existing programmes for managing hypertension. Recommendations: A well-structured psychoeducational programme should be developed and integrated into routine hypertension management. The programme should focus on accurate healthcare information, self-management education, and practical skills to improve family member’s care giving capacity and reduce the caregiver burden.",Priority B - manual review,Did not pass earlier high-specificity screen; manual review required before exclusion,,,,Unclear,Financing mechanism/function appears in abstract but is not explicit in title,Medium,Exclude,Does not meet primary financing-approach synthesis criteria at title/abstract stage
820,W2177092681,2007,Reducing the Stigma of Mental Illness: A Report from a Global Programme of the World Psychiatric Association,"I chose to review this book because of my growing recognition of the ways in which stigma affects all aspects of my work with the seriously mentally ill. In the US, where I currently live and work, institutionalized stigma takes the elusive form of legislative negligence. There are no meaningful mental health parity laws (which would ensure that mental health care is covered by health insurance companies on an equal level with non-psychiatric conditions). As a result access to mental health care is not universally available, and the development of accessible, comprehensive mental health systems is the exception rather than the rule. In addition, the pervasive effects of stigma deeply affect all of the following: an individual’s willingness to seek treatment, adherence to medication, housing opportunities, employment opportunities, entanglement with the criminal justice system, voting and parenting rights, family and caregiver stress, and limited social networks for affected individuals and their families. Moreover, there is evidence that stigma is growing despite ever increasing advances in our understanding of the etiology and treatment of psychiatric disorders.

In 1996, the World Psychiatric Association (WPA) began an international initiative to fight the stigma and discrimination associated with schizophrenia. Since then, the “Open the Doors” programme has been implemented in more than 20 countries and has involved more than 200 interventions aimed at reducing stigma against individuals with schizophrenia.

This book tells the story of how the global programme was developed. Individual chapters describe country specific reports on interventions taken, recommendations derived from that country’s experience, and cautions relevant in considering whether to implement similar initiatives elsewhere. In addition, appendices are included which outline detailed instructions on how to plan and implement a local programme, along with a suggested timeline.

The book is organized as follows:


Developing the “Open the Doors” Programme


PHASE 1 – Calgary, Alberta


PHASE 2 – Spain & Austria


PHASE 3 – Germany, Italy, Greece, US, Poland and Japan


PHASE 4 – Slovakia, Turkey, Brazil, Egypt, Morocco, UK, Australia, Chile, India and Romania


Conclusions and Recommendations


Appendices",Priority B - manual review,Did not pass earlier high-specificity screen; manual review required before exclusion,,,,Unclear,Financing mechanism/function appears in abstract but is not explicit in title,Medium,Exclude,Does not meet primary financing-approach synthesis criteria at title/abstract stage
12294,W4413796700,2025,Insights to optimizing health extension workers’ time use and efficiency in Ethiopia: a qualitative study,"BACKGROUND: The Health Extension Program (HEP) is Ethiopia's flagship program introduced in 2003 to ensure equitable access to primary healthcare services. Recently, inefficiency in the time use patterns of staff of the HEP, including absenteeism and non-productive engagements, has been reported as a major challenge. OBJECTIVE: This qualitative study explored what factors influenced their time use and efficiency. METHODS: This is a qualitative study that was conducted in rural health posts (HPs) across Ethiopia in three rounds over a period of 12 months (17 May 2023 to 16 May 2024). Qualitative data were collected through key informant interviews (KIIs), in-depth interviews (IDIs), and focus group discussions (FGDs) involving HEWs and other staffs of health posts, their supervisors, Kebele leaders, Women's Development Army (WDA), teachers, and other community members. A total of 52 KIIs, 31 IDIs, and 28 FGDs were conducted in three rounds. Data were analyzed using ATLAS.ti 7.1.18 software. RESULTS: HEWs commonly spent their time on productive non health or non-HEP activities such as those related to community-based health insurance, agricultural and rural development and education sectors, and other political assignments. It was also noted that HEWs could be available in their workplace, but might not be productive. Factors for the inefficiencies across HPs often pertained to environmental and demographic features, community trust and engagement, local administration; human resource development and management practices, multisectoral collaboration; and underlying causes of absenteeism including motivation. CONCLUSION: Inefficiencies are common among HEWs. Strategies need to be devised focusing on the identified modifiable factors such as improving accountability and performance management practices, introducing incentive mechanisms to keep HEWs motivated, improving accessibility to transportation services, and security conditions, workforce to population size ratio; and capacity building.",Priority B - manual review,Did not pass earlier high-specificity screen; manual review required before exclusion,,,,Unclear,Financing mechanism/function appears in abstract but is not explicit in title,Medium,Map only,Relevant to broader UHC/health-system knowledge map but not primary financing-approach synthesis
7944,W3207747479,2021,The Tale of Two Epidemics: HIV/AIDS in Ghana and Namibia,"Background: In 2014, the Joint United Nations Programme on HIV/AIDS (UNAIDS) introduced the 90-90-90 goals to eliminate the AIDS epidemic. Namibia was the first African country to meet these goals. Objective: To construct a comparative historical narrative of international and government responses to the HIV/AIDS epidemic in the two countries, to identify enabling and non-enabling factors key to mitigate the HIV/AIDS pandemic. Methods: We conducted a desk review of public documents, peer-reviewed articles, and media reports to evaluate actions taken by Namibia and Ghana’s governments, donors, and the public and compared disease prevalence and expenditure from all sources. Results: Namibia’s progress is due to several factors: the initial shocking escalation of infection rates, seen by donors as a priority; the generalizability of the epidemic generated, which resulted in overwhelming public support for HIV/AIDS programs; and a strong health system with substantial donor investment, allowing for aggressive and early ramp up of ART. Modest donor support relative to the magnitude of the epidemic, a weak health care system, and widespread household cost-sharing are among the factors that diminished support for universal access to HIV treatment in Ghana. Conclusion: Four factors played a key role in Namibia’s success: the nature of the HIV/AIDS epidemic, the government and international community's response to the epidemic, health system characteristics, and financing of HIV/AIDS services. Strengthening the health systems to support HIV/AIDS testing and care services, ensuring sustainable ART funding, empowering women, and investing in an efficient surveillance system to generate local data on HIV prevalence would assist in developing targeted programs and allocate resources to where they are needed most.",Priority B - manual review,Did not pass earlier high-specificity screen; manual review required before exclusion,,,,Map only,Relevant to UHC/health-system knowledge map but no explicit financing-approach evaluation,High,Map only,Relevant to broader UHC/health-system knowledge map but not primary financing-approach synthesis
9398,W4361190531,2023,How do we improve maternal and child health outcomes in Ghana?,"Maternal and infant mortality includes a number of health challenges in Ghana, with outcomes among the worst in the subregion and the world. Our aim here was to provide insights into how Ghana has approached these challenges, with a view to making suggestions for the future. Ghana has made significant gains in reducing infant and maternal deaths in the past decade through initiatives like the Free Maternal Care Policy, the Community-based Health Planning Services, and the National Health Insurance Policy. These policies have improved financial access to maternal and obstetric health services, facility-based delivery, and antenatal care services in particular. However, a number of challenges still hinder access to maternal and child health outcomes. Poor infrastructure, human resource challenges, poor access to essential medicines, poor quality of care, and superstitious and cultural beliefs have been noted in the literature. We suggest that while providing the necessary human and financial resources, other initiatives including the promotion of maternal health education, supervised home delivery, and zero maternal death interventions should be encouraged to help improve maternal and child health outcomes in Ghana.",Priority B - manual review,Did not pass earlier high-specificity screen; manual review required before exclusion,,,,Unclear,Financing mechanism/function appears in abstract but is not explicit in title,Medium,Map only,Relevant to broader UHC/health-system knowledge map but not primary financing-approach synthesis
5238,W2807643431,2018,Status and Infrastructure of the Health Sector in Karnataka,"Karnataka is closer to the average of India in case of health status and health facilities, but compared to the states like Kerala, it stands too low. The most striking problem, related to the health infrastructure and health status arises out of the regional imbalance. The study shows that the Gulbarga and Belgaum divisions of Karnataka show a poor status in health infrastructure and health status. Among these, the Gulbarga division (means Hyderabad Karnataka) lies in the lower position. It is well known that Hyderabad Karnataka is underdeveloped in most of the sectors compared to the rest of the regions. Lesser health infrastructure facilities in this region clearly indicate the neglect of the government intervention/ interest to develop basic infrastructure facilities in this region. For better health, health facilities should be improved. For better health facilities, public health expenditure is very important. At present, the Karnataka government is spending very less amount of money on health, which is about 2 per cent of the NSDP. This amount has to be increased. Increasing the public expenditure alone, cannot serve the purpose, unless it is properly used for delivering quality infrastructure and good service mechanization.",Priority B - manual review,Did not pass earlier high-specificity screen; manual review required before exclusion,,,,Unclear,Financing mechanism/function appears in abstract but is not explicit in title,Medium,Map only,Relevant to broader UHC/health-system knowledge map but not primary financing-approach synthesis
10531,W4396933022,2024,Assessing Household Catastrophic Healthcare Expenditure and its Associated Factors: A Study in a North-Eastern State of India,"Background: Out-of-pocket expenses (OOPE) are the primary means of funding healthcare costs in developing nations, and when the cost is too high, it leads to catastrophic healthcare expenditures (CHE). Aim & Objective: This study aimed to assess the proportion of households that faced CHE and also examined the associated factors that determine CHE at the household level. Methods and Material: Between September 2020 and February 2021, a cross-sectional study covering a sample of 771 households was conducted in four districts of Assam. A multistage sampling design was employed to select the sample households. Statistical analysis used: Binary logistic regression analysis has been performed to ascertain the factors that could determine household CHE. Results: 23% households had experienced CHE, high dependence on the private healthcare system. Monthly household income, duration of illness, presence of children under five years of age and elderly members, education of household head, and health insurance were the significant factors influencing CHE. Conclusions: The study identified the growing use of private healthcare services as a major concern that contributes to the prevalence of CHE. To make all healthcare services accessible and affordable and to lower OOP on healthcare, it is also crucial to improve the infrastructure and quality of the public healthcare system in rural and remote locations.",Priority B - manual review,Did not pass earlier high-specificity screen; manual review required before exclusion,,,,Unclear,Financing mechanism/function appears in abstract but is not explicit in title,Medium,Include,Meets primary financing-approach/UHC eligibility at title/abstract stage
8331,W4220725200,2022,Disability Certification in Psychiatry,"Rights of disabled persons were first formalized in India with the Persons with Disabilities Act 1995. However, this act was law centric and not person centric. Thus, the Rights of Persons with Disabilities (RPWD) Act 2016 came into being to align with the United Nations Convention on the Rights of Persons with Disabilities (UNCRPD) 2006 with the intention of creating a person-centric act to protect the rights of persons with disabilities. The clinical practice guidelines framed here are derived mainly from deliberations arising out of the RPWD Act and implementation of the same. The government systematically released not only the Act but also the framework for assessment of the same. National Institute of Mental Health and Neurosciences (NIMHANS) in the year 2016 in Bangalore and the Disability Task Force of the Indian Psychiatric Society in the year 2018 at Mumbai had two national-level meetings to discuss the rights of disabled individuals, excerpts of which will be included here too. It is first important to understand the framework of the Act and what it outlines, as compared to the earlier act [Table 1].Table 1: Differences between Persons with Disabilities Act 1995 and Rights of Persons with Disabilities Act 2016Having understood the differences between the two Acts, Table 2 is a bird’s eye view of the RPWD 2016 (reproduced as it is from the law).Table 2: Chapters of the Rights of Persons with Disabilities 2016The detailed Act and chapters are freely available on the following website under the Bare Act – www.indiacode.nic.in Act no. 49, Act Code 201649.[1] NEED FOR DISABILITY CERTIFICATION As an ordinary clinician, with minimal interaction with the law, one often wonders what is the real need for us to know about certification and legislation in detail. The need for legislation regarding disability certification opens the following avenues for persons with disabilities (PWD),[2345] to name a few: Scholarship schemes for students with disability Rebate in income tax for the caregiver/PwD Reservation in government jobs Loan for starting own business Concession in railway fare Free travel in state transport buses Subsidized prosthetic devices, wheelchairs, etc. Group insurance for government employees with disability Unemployment allowance to educated disabled persons Day-care schemes, group homes for adult patients, marketing assistance, health insurance, and caregiver training programs for persons with autism, mental retardation, cerebral palsy, and multiple disabilities. However, psychiatrists are at times reluctant to process disability certificates. The possible reasons for the delay in disability certification include lack of awareness about disability certification among patients and caregivers, cumbersome bureaucratic process to avail the certificate and welfare benefits, and attitudinal barriers among health professionals to disability certification. Health professionals may feel that it is not their job to educate patients about disability certification and welfare benefits. Due to heavy clinical work, some may prefer to focus on clinical issues rather than spend time on disability certification. There is a need to spread awareness about disability certificate and welfare benefits among patients, caregivers, and health professionals. TYPES OF DISABILITY CERTIFICATION The alignment with the UNCRPD and framing a new law is aimed at implementing a policy friendly to PWD. The aim of the disability certificate is for the Government of India to be able to provide benefits and facilities to PWD to reduce their daily stress, which are increased and improved from time to time. The types of certification that a PwD[23456] can avail of under the Act are shown in Figure 1:Figure 1: Types of disability certificates under Rights of Persons with Disabilities[3 5]Based on severity, disability is grouped into three types (reproduced as it is from the law): Person with disability: Here, the quantity of disability in percentage is from 0% to 39%. Such persons are disabled but not eligible for any benefits under disability category as of present law Person with benchmark disability: Disability not less than 40% is grouped under this category. Unfortunately, calculation of percentage of disability in mental health-related disabilities is not easy in contrast to physical disabilities Person with disability having high support need: Any disabled person with benchmark disability who needs the provision of guardianship or any support comes under this category. WHO CAN CERTIFY Medical authority[67] The certifying medical authority is a medical board, constituted in government-run institutions or medical colleges, one of which is a subject expert, and one usually from the administration. PROCESS OF CERTIFICATION District administration shall ensure that PwDs have been issued disability certificate in the standard format prescribed by the Ministry of Social Justice and Empowerment, Government of India, and adopted by the State Governments. Once the application is received in prescribed format, certificate has to be issued within 1 month or inform the party in prescribed format (Form 8) that the person has no specified disability. If the applicant is aggrieved, he can appeal to appellate authority designated for the purpose by the State. After necessary assessment the final certificate can be issued signed by a single medical authority in case of single disability (Form 7). For multiple disabilities, the specialist in the concerned areas to be signed and countersigned by head of medical board (Form 6). For proof of residence apart from usual ones: utility bills with address, a certificate issued by the local body, a gazetted officer, headmaster, or head of rehabilitation center is valid. Individual state authorities can modify the procedures and many states still follow the existing procedure of multiple signatories with Superintendent as the Chairman of the Medical Board for issuing certificate. A large amount of the above process has become paperless and unified with the UDID application.[48910] FORMS USED IN THE PROCESS OF DISABILITY CERTIFICATION The Rules issued (No. 489) on June 15, 2017, by Gazette notification from the Department of Disability Affairs describe eight types of forms to be used in various occasions. The first three forms (1 to 3) are to be used by the employer to have an idea about the number of persons in different categories in his firm with possible vacancies in future. The next five forms are directly associated with disability certification. Of which, the following are pertinent to us:[34] Form IV: This form is to be used by the person with disability or his guardian as the application for obtaining the certificate [Figure 2] Form VI: This form is used for issuing the certificate in multiple disabilities. This certificate needs signature from concerned specialists and countersigned by the Chairperson of the Medical Board Form VII: This form is used for single disability except for conditions mentioned in Form V, namely amputation, blindness, and complete permanent paralysis Form VIII: This is the form to be used for rejected application. The reasons for rejection have to be clearly mentioned in this form. The PwD has the right to complain to higher authorities in case the person is aggrieved by the rejection of the application and it has to be mentioned with address of appellate authority in this form. Figure 2: Process of certification for disability (reproduced as it is from the law)[1 2 3]The various forms are attached in the appendix, as a ready reference. ASSESSMENT OF CHILDREN WITH DISABILITY[11121314] Intellectual disability[34715] The process of assessment is thus as follows [Figure 3]:Figure 3: Assessment of children with intellectual disability replicated from the Rights of Persons with Disabilities 2016 (reproduced as it is from the law)[3 4]Screening Screening following developmental lag or delay. It is important to rule out other co-morbidities hearing/vision/locomotor. Diagnosis The recommended tests by MOSJE are as follows (reproduced as it is from the law): Adaptive functioning: Vineland Social Maturity Scale (VSMS)[16] IQ testing: Binet-Kamat Test (BKT)/Malin’s Intelligence Scale for Indian Children (MISIC). Disability calculation:[16] The disability calculation will be done based on VSMS score. The following will be used for disability calculation: VSMS score 0–20: Profound disability – 100% VSMS score 21–35: Severe disability – 90% VSMS score 36–54: Moderate disability – 75% VSMS score 55–69: Mild disability – 50% VSMS score 70–84: Borderline disability – 25%. Age for certification: The minimum age for certification will be 1 completed year. Children 1–5 years shall be given a diagnosis as global developmental delay (GDD). Children less than the age of 5 years shall be given a diagnosis and certificate as Intellectual Disability. Medical authority: The Medical Superintendent or Chief Medical Officer or Civil Surgeon or any other equivalent authority as notified by the State Government shall be the Head of the Medical Board. The Authority shall comprise of: The Medical Superintendent or Chief Medical Officer or Civil Surgeon or any other equivalent authority as notified by the State Government Pediatrician or Pediatric Neurologist (where available)/Psychiatrist or Physician (if age >18 years) Clinical or Rehabilitation Psychologist Psychiatrist. Validity of certificate:Temporary certificate: For children <5 years: The certificate will be valid for maximum 3 years/5 years of age (whichever is earlier).Renewal certificates: For children >5 years: The certificate will mention a renewal age. The certificate will have to be renewed at the age of 5 years, 10 years, and 18 years.Permanent certificate: The certificate issued at 18 years of age will be valid lifelong. Specific learning disability[34] [Figure 4]Figure 4: The suggested assessment for certification of Children with Suspected Specific Learning Disability adapted from Rights of Persons with Disabilities 2016 (reproduced with minor changes from the law)[3 4]Screening The teachers of all public and private schools shall carry out the screening using the “screening tool” mentioned in the guidelines. This screening should be done at 8 years of age/Std III whichever comes earlier There should be a screening committee in place at every school who will assess the teachers’ referral, and with the principal approach the parents to explain the same to them. With parental consent, the further evaluation can be done The child shall be referred to the appropriate authorities for assessment. Diagnosis Medical team and a clinical psychologist would be required for evaluation. Diagnostic Tool NIMHANS Battery shall be applied for diagnostic test for specific learning disabilities (SLDs). Medical authority The Medical Superintendent or Chief Medical Officer or Civil Surgeon or any other equivalent authority as notified by the State Government shall be Head the certification authority. The medical authority will comprise of: The Medical Superintendent or Chief Medical Officer or Civil Surgeon or any other equivalent authority as notified by the State Government Pediatrician or Pediatric Neurologist (where available) Clinical or Rehabilitation Psychologist Occupational Therapist or Special Educator or Teacher trained for assessment of SLD. Validity of certificate The certification will be done for children aged 8 years and older Re-certification should be done at the age of 14 years and at the age of 18 years The certificate issued at 18 years will be valid throughout life. AUTISM SPECTRUM DISORDERS[3417] Autism Spectrum Disorders are to be assessed and diagnosed using the INCLEN tool and Indian Scale for Assessment of Autism (ISAA),[18] which also quantifies disability inherently. The detailed assessment of the same had been outlined in previous Clinical Practice Guidelines by the Indian Psychiatric Society on Autism, and can be accessed at http://www.indianpsychiatry.org/text.asp?2019/61/8/254/250040. Children with disabilities form a significant proportion of the child population all over the world, as also in India. Childhood disabilities not only result in significant societal burden but also carry over into adult disabilities. India faces an increasing burden of disability decade on decade. Unless adequate measures of rehabilitation and occupation are made for this population, they will continue to be unemployed and dependent. There are certain limitations and drawbacks[1920212223] for certification under the Act, and these are discussed below. EVALUATING CHILDHOOD DEVELOPMENTAL DISABILITY UNDER RIGHTS OF PERSONS WITH DISABILITIES ACT[1920212223] Evaluating the degree of disability in children is  in many  The RPWD Act  only three  of  disability which carry over into  in many  Special procedures were   to  these conditions in  but   tests and the   can be  out for  as   the RPWD  include Intellectual Disability   Autism and Specific Learning Disabilities –  – in the   it  not include a    –     – under    children with Borderline intellectual  who often approach psychiatrists  to     the  and are not eligible for disability certification under  or   for  benefits.  DISABILITY IN   DISABILITIES – A  PROCESS The Act   that  comprise a   of disabilities which  as  to       or to    and   conditions as  disabilities,     and developmental    Gazette of India no.        15,   of Social Justice and Empowerment,    these  many of which may  in the same  is a   The  further state that screening for these  is the  of teachers in and above  3 or of children at  8 years of age. After  the screening  the  needs to  the  parents for    and  regarding their   The Rules  to  that only  the parents are  and the screening test is   should the child be referred for evaluation.  “screening  which can be  used by a   or above is  The  Screening  is  by the  who is  to  the child in  to the  The child has to be first  for      by a committee  of a  and clinical or rehabilitation  This is to be  by an IQ assessment using  or    to  that no other tests for IQ assessment are   the NIMHANS Battery for  shall be applied for diagnostic test for SLD. The Medical Authority for certifying   the Medical Superintendent or Chief Medical Officer or Civil Surgeon or any other equivalent authority as notified by the State Government  Pediatrician or Pediatric Neurologist (where  Clinical or Rehabilitation  Occupational  or Special Educator or Teacher trained for assessment of SLD.    IN   DISABILITY   an   psychiatrists who are the   for  who are    for  intellectual or    not to be  to  SLD. The rather cumbersome procedures  in this certification process are   being  in the  or  certification is  to the child  This is  the number of    facilities   and  are available  are  and    the other    of  are  with the process of  and have   as  of their    – a  one this time – is the lack of  screening and assessment  for Specific",Priority B - manual review,Did not pass earlier high-specificity screen; manual review required before exclusion,,,,Unclear,Financing mechanism/function appears in abstract but is not explicit in title,Medium,Exclude,Does not meet primary financing-approach synthesis criteria at title/abstract stage
8895,W4306377121,2022,Service Quality and Service Satisfaction in the Inpatient Setting: Moderating role of insurance status,"Background: The purpose of this study is to propose and test for the moderating role of insurance status on the relationship between service quality (SQ) and service satisfaction (SS) in a hospital setting. The study focuses on the state-run health insurance (SHI) provided to economically deprived families in India. Methodology: Using a reliable and validated structured questionnaire adapted from Dagger’s hierarchical model of health service quality, exit interviews were conducted with 279 respondents. 310 study participants were randomly recruited (response rate = 90%) from the discharge list of general surgery ward of a private hospital in the Thane district of Maharashtra, India. Multi-group Structural Equation Modelling (SEM) in AMOS v.22 was used to test for the hypothesized model. Findings: The study finds that patients’ perceptions of different service quality dimensions, including inter-personal, administrative and technical are affected by the insurance status. The analysis identified technical quality as the key determinant of overall perceived service quality for patients insured under SHI. Results support our proposed moderating effect of insurance status on the relationship between service quality and service satisfaction. Conclusion: The study findings indicate that patients receiving free treatment under SHIs may not have higher expectations of inter-personal and/or administrative quality, but are concerned about technical quality. For paid patients all the dimensions of service quality determine overall perceived service quality and service satisfaction. The study findings have implications for market segmentation strategies based on the insurance status. The study provides insights to SHI implementers for improving the program in the long run and also help hospital administrators identify the quality dimensions to focus upon and ensure patient satisfaction and loyalty.",Priority B - manual review,Did not pass earlier high-specificity screen; manual review required before exclusion,,,,Unclear,Financing mechanism/function appears in abstract but is not explicit in title,Medium,Unclear,Insufficient title/abstract information; requires full-text or additional metadata
3986,W2395151344,2016,Estimating financial resources for universal access to sexual reproductive health care: Evidence from two states in India,,Priority B - manual review,Did not pass earlier high-specificity screen; manual review required before exclusion,,,,Exclude,No substantive financing approach/UHC-financing signal,High,Include,Meets primary financing-approach/UHC eligibility at title/abstract stage
1975,W2037400591,2012,"Community involvement in obstetric emergency management in rural areas: a case of Rukungiri district, Western Uganda","BACKGROUND: Maternal mortality is a major public health problem worldwide especially in low income countries. Most causes of maternal deaths are due to direct obstetric complications. Maternal mortality ratio remains high in Rukungiri district, western Uganda estimated at 475 per 100,000 live births. The objectives were to identify types of community involvement and examine factors influencing the level of community involvement in the management of obstetric emergencies. METHODS: We conducted a descriptive study during 2nd to 28th February 2009 in rural Rukungiri district, western Uganda. A total of 448 heads of households, randomly selected from 6/11 (54.5%) of sub-counties, 21/42 (50.0%) parishes and 32/212 (15.1%) villages (clusters), were interviewed. Data were analysed using STATA version 10.0. RESULTS: Community pre-emergency support interventions available included community awareness creation (sensitization) while interventions undertaken when emergency had occurred included transportation and referring women to health facility. Community support programmes towards health care (obstetric emergencies) included establishment of community savings and credit schemes, and insurance schemes. The factors associated with community involvement in obstetric emergency management were community members being employed (AOR = 1.91, 95% CI: 1.02 - 3.54) and rating the quality of maternal health care as good (AOR = 2.22, 95% CI: 1.19 - 4.14). CONCLUSIONS: Types of community involvement in obstetric emergency management include practices and support programmes. Community involvement in obstetric emergency management is influenced by employment status and perceived quality of health care services. Policies to promote community networks and resource mobilization strategies for health care should be implemented. There is need for promotion of community support initiatives including health insurance schemes and self help associations; further community sensitization by empowered community based resource persons rather than health workers and improvement in quality of health care can contribute towards effective management of obstetric complications.",Priority B - manual review,Did not pass earlier high-specificity screen; manual review required before exclusion,,,,Unclear,Financing mechanism/function appears in abstract but is not explicit in title,Medium,Map only,Relevant to broader UHC/health-system knowledge map but not primary financing-approach synthesis
11024,W4403230223,2024,LEGAL REGULATION OF DIGITISING AND OUTSOURCING MEDICAL RECORDS DEPARTMENT IN INDIA,"The whole deal with digitizing and outsourcing medical records in India is complicated. You've got a bunch of laws, guidelines, and ethical considerations all playing a role in ensuring data privacy, security, and patient confidentiality are on point. As the healthcare sector embraces digital solutions more and more, moving from old-fashioned paper records to electronic health records (EHRs) has become a big part of managing healthcare. The Information Technology (IT) Act of 2000, along with its updates, lays the groundwork for all the legal stuff surrounding electronic data and how it's kept secure. Then there's the Personal Data Protection Bill of 2019, which hasn't been passed yet but has some pretty comprehensive measures in place to protect personal data, including health info. On top of all that, the Ministry of Health and Family Welfare (MoHFW) has introduced the National Digital Health Mission (NDHM). This aims to create a national digital health system and puts a lot of emphasis on making sure data privacy and security are top-notch. When it comes to outsourcing the management of medical records to outside parties, there's a need to stick to legal standards and international best practices, like the ones laid out by the Health Insurance Portability and Accountability Act (HIPAA) in the United States. Healthcare providers need to make sure that the folks they outsource to are following confidentiality agreements and data protection protocols. It's all about reducing the risks of data breaches and unauthorized access. The legal framework also requires regular audits, safe data storage solutions, and using fancy encryption technology. To wrap it up, digitizing and outsourcing medical records in India is all about blending existing IT laws, upcoming data protection rules, and specific guidelines for the healthcare industry. The goal is to keep patient data safe while making healthcare more efficient. As the world of digital health data keeps changing, ongoing legal reforms and clear regulatory standards will be important to keep everything in check.",Priority B - manual review,Did not pass earlier high-specificity screen; manual review required before exclusion,,,,Unclear,Financing mechanism/function appears in abstract but is not explicit in title,Medium,Exclude,Does not meet primary financing-approach synthesis criteria at title/abstract stage
3752,W2582387655,2016,"Type II diabetic patients′ satisfaction with the management plan in family health centers in Port Said city, Egypt","ObjectiveThe aim of the study was to assess type II diabetic patients' satisfaction with the management plan in family health centers (FHCs) in Port Said city.BackgroundDiabetes mellitus is a common and potentially disabling chronic disease, with increased risk for microvascular and macrovascular complications.Patients and methodsA cross-sectional study was carried out on 150 participants after calculation of the sample size. All diabetic participants who were registered at all FHCs were interviewed using semistructured questionnaires to obtain sociodemographic characteristics and to assess type II diabetic patients' satisfaction toward counseling and treatment plans. This was followed by a review of the family health record. The responses from the questionnaires were collected, revised, tabulated, coded, and statistically analyzed.ResultsThe study included 150 type II diabetic patients, aged 18-50 years. One-third (32.7%) of the respondents were unsatisfied with the management plan, whereas 67.3% were satisfied. The highest proportion of dissatisfaction was observed among patients with higher levels of education and low monthly income (P ≤ 0.01). Unemployed patients expressed higher grades of satisfaction compared with employed patients. Patients without health insurance in other places had higher levels of satisfaction (P ≤ 0.05).ConclusionThis study concluded that 67.3% of type II diabetic patients were satisfied and 32.7% were not satisfied with the management plan in FHCs in Port Said city, Egypt.",Priority B - manual review,Did not pass earlier high-specificity screen; manual review required before exclusion,,,,Unclear,Financing mechanism/function appears in abstract but is not explicit in title,Medium,Exclude,Does not meet primary financing-approach synthesis criteria at title/abstract stage
1912,W2107381944,2012,"Life Expectancy, Immunization and Health Expenditure: An Analysis For India (1995-2011)","- This paper intends to analyze the trends in life expectancy at birth in India during 1995-2011 and tries to study how factors such as health expenditure per capita, out-of-pocket health expenditure, immunization and improved sanitation facilities have impacted the life expectancy at birth for the total population. The ordinary least square methodology is used to carry out the analysis of impact of these factors on life expectancy at birth. This paper also suggests possible measures, on the basis of the findings of analysis undertaken, that can be adopted by policy makers in order to increase average life expectancy in India and thus contributing towards the development of the country.",Priority B - manual review,Did not pass earlier high-specificity screen; manual review required before exclusion,,,,Unclear,Financial-protection/expenditure signal without explicit financing approach in title,Medium,Include,Meets primary financing-approach/UHC eligibility at title/abstract stage
12388,W4414403210,2025,"Socio-economic determinants and mortality patterns among children with spina bifida at Ruharo Mission Hospital, Western Uganda: A retrospective cross-sectional study.","Background Spina Bifida (SB) is a significant cause of childhood morbidity and mortality in low-resource settings like Uganda. While clinical management is crucial, the role of socioeconomic determinants on survival outcomes remains underexplored. This study investigates the association between socioeconomic factors and mortality patterns among children with SB in Western Uganda. Methods A retrospective study design with a mixed-methods approach was conducted, a review of 152 medical records of children with SB (2013–2023) with qualitative focus group discussions involving 20 caregivers and 15 health workers. Quantitative data were analyzed using descriptive statistics, Firth logistic regression, and Kaplan-Meier survival analysis. Qualitative data were analysed thematically. Results The study revealed a high mortality rate of 65.1% (99/152). Multivariate analysis identified key socioeconomic determinants significantly associated with increased mortality: caregiver unemployment (β=1.53, OR=4.62, p=0.045), use of unprotected water sources (β=2.18, OR=8.83, p<0.001), and living 5-10 km from the health facility (β=4.42, OR=83.7, p=0.007). Most deaths (49.5%) occurred in infancy (1-11 months). Survival analysis showed a median survival time of 3-4 years, with infections being the leading cause of early death. Qualitative findings from caregivers and health workers highlighted family financial constraints, stigma, transportation barriers, and health system gaps (e.g., shortages of supplies and specialists) as critical challenges. Conclusion Mortality among children with Spina Bifida in Western Uganda is high and is profoundly influenced by modifiable socioeconomic determinants. Caregiver unemployment, poor water and sanitation, and geographical barriers to healthcare are significant predictors of mortality among children with SB. Recommendations Effective interventions must extend beyond clinical care to include socioeconomic support, inclusive livelihood interventions, such as financial protection schemes, income-generating activities, improved WASH infrastructure, decentralization of services, and community sensitization to reduce stigma. A multi-sectoral approach is essential to improve survival and quality of life for this vulnerable population of children with SB.",Priority B - manual review,Did not pass earlier high-specificity screen; manual review required before exclusion,,,,Map only,Relevant to UHC/health-system knowledge map but no explicit financing-approach evaluation,High,Exclude,Does not meet primary financing-approach synthesis criteria at title/abstract stage
10929,W4402393586,2024,Integration of a hypertension treatment programme into Nigeria’s primary healthcare system: report from a stakeholders and policymakers’ workshop,"Nigeria, the most populous country in Africa with a population exceeding 200 million, has an estimated hypertension prevalence of 38%, which is a major contributor to the burden of hypertension-related disease in Africa.1,2 Compounding this rising burden are low rates of awareness, treatment, and control of hypertension, attributed to insufficient health system readiness and response to meet the large and rising need for hypertensive services.3,4 The World Health Organization HEARTS technical package, comprising standardized treatment protocols, healthy-lifestyle counselling, access to essential medication, risk-based cardiovascular disease management, team-based care, and systems for monitoring, has emerged as a promising approach for systematically integrating multi-level, evidence-based strategies into primary healthcare, with hypertension as a clinical entry point.5 In collaboration with the University of Abuja (Nigeria), Washington University in St. Louis (USA), and Northwestern University (USA), the Hypertension Treatment in Nigeria (HTN) Programme was launched in 2020 to improve the cascade of hypertension care across 60 primary healthcare centres in the Federal Capital Territory, Nigeria.6 The programme has adapted, implemented, and evaluated HEARTS through a hybrid type II effectiveness implementation, interrupted time series design (NCT04158154). These adaptations included (i) simplified treatment protocol (national policy level), (ii) prioritization of fixed-dose combination therapy (health system level), (iii) patient registration and empanelment (health system level), (iv) team-based care led by trained and supported community health extension workers (health worker level), (v) home blood pressure monitoring and health coaching (patient level), (vi) free or reduced cost medications through drug revolving fund implementation (patient level), and (vii) public health messaging and community mobilization (community level).6–8 Since the inception of the HTN Programme, 21 922 patients have been enrolled, with 51.3% identified as newly diagnosed with hypertension. Hypertension control rates, defined as blood pressure < 140/<90 mm Hg, increased from 32.5% to 55.9%. Corresponding implementation outcome analyses show high levels of reach, adoption, implementation, and maintenance of the programme. The next logical step of the HTN Programme is to scale up hypertensive services nationally. The effective integration of research evidence into policy and the proactive engagement and communication of research findings with key stakeholders lie at the core of equity-centred research. Although stakeholder engagement throughout the research process has been demonstrated to increase the likelihood of adoption and sustained implementation of evidence-based strategies for hypertension control, there remains a limited understanding of how to engage stakeholders and leverage their unique contributions in research projects.9 In the HTN Programme, the research team has sought to bridge this gap by engaging diverse stakeholders throughout the research process to plan, share results, and discuss emerging priorities and future directions. To this end, the HTN Programme team convened its latest stakeholder meeting on Wednesday, 24 April 2024, in the Federal Capital Territory, Nigeria with the following objectives: (i) to assess the current evidence on the reach, effectiveness, adoption, implementation, and maintenance of the HTN Programme; (ii) to leverage expertise from different levels of governmental agencies or institutes to identify opportunities and challenges and widespread translation of evidence; and (iii) to identify collaboration opportunities among stakeholder groups to support scale and sustainment beyond the end of the study. Forty-five participants attended, including staff from the Non-Communicable Disease Division and Department of Public Health of the Federal Ministry of Health, Department of Public Health and FCT Primary Healthcare Board, directors of primary health care in local government councils in the FCT, pharmacists, health educators, and mobilizers working in the local government council in the FCT, staff of the World Health Organization, Resolve to Save Lives and Healthy Heart Africa. The leadership of the Nigerian Hypertension Society including members of the board of trustees, members of the advisory board of HTN Study Team, and representatives of patient advocacy group, the leadership of the University of Abuja and the University of Abuja Teaching Hospital, and the academia were also present. A comprehensive participant selection process was coordinated by the research team for this meeting, aiming to ensure balanced organizational representation and diverse expert opinions. A group photograph of participants at the meeting including the vice chancellor of the University of Abuja is seen in Figure 1. Photograph displaying the participants at the joint investigators and stakeholders’ meeting at the Hypertension Treatment in Nigeria Programme Stakeholders from the Nigerian Hypertension Society emphasized the importance of harmonizing and developing a unified guideline for HTN. Furthermore, stakeholders agreed that ensuring a continuous supply of affordable quality hypertension medication was crucial for long-term, programmatic success. They also agreed with the process of adaptation, implementation, and evaluation of a drug-revolving fund utilized by the study team to maximize the accessibility of blood pressure-lowering drugs within the primary healthcare centres. There were also discussions on the importance of incorporating hypertension medications into Nigeria’s essential medication list to facilitate coverage by health insurance scheme. The success recorded in incorporating anti-hypertensive medications in the Nigerian Hypertension Treatment Protocol through the collaborative effort of the Non-communicable Disease Division of the Federal Ministry of Health, Resolve to Save Lives, and University through scientific presentations strong advocacy efforts was commended. There was a call to review in-service training curricula for community health extension workers to ensure hypertension management becomes integrated into the overall syllabus of training of this cadre of healthcare workers. There were also discussions on harmonizing all data from hypertension control programmes in the country into a national electronic database using the district health information system. Finally, the need for expanded community engagement and awareness creation was discussed. All participants agreed that the HTN Programme has made significant strides in advancing the science of implementation of HEARTS into primary healthcare in the Federal Capital Territory of Nigeria. They concluded that through stakeholder engagement and subsequent policymaking, the programme can be a template for integrating hypertensive services into primary care at the national. Hypertension Treatment in Nigeria investigators and staff: Lisa Hirschhorn, Nana Ripiye, Ikechukwu Orji, Gabriel Shedul, Tunde Ojo, Jiancheng Ye, Boni Ale, Grace Shedul, Namratha Kandula, Eugenia Ugwuneji, Abigail Baldridge, Nonye Egenti, Rosemary Okoli, Bolanle Banigbe, Regina Asuku, Elizabeth Ngadda, Joel Abu, Alice Osuji, Blessing Akor, Charity Akor, Christine Archibong, Abuba-kar Haruna, Confidence Joseph-Alo, Emmanuel Odo, Douglas Okoye, Grace Afolabi, Emmanuel Okpetu, Dorothy Ihegazie, Christian Ukeh, Vivian Chukwuma, Olutobi A. Sanuade, Nicholas Baamlong, Sani Mohammed, Deborah Joshua, Saleh Ashafa, Hope Omeiza, Mercy Ikechukwu-Orji. Participating organizations: University of Abuja; University of Abuja Teaching Hospital; Washington University in Saint Louis; Northwestern University; Federal Ministry of Health of Nigeria; World Health Organization, Nigeria Office; Federal Capital Territory Public Health Department; Federal Capital Territory Primary Health Care Board; Resolve to Save Lives; Nigerian Hypertension Society; Healthy Heart Africa; mDoc Healthcare Ltd. M.D.H. has received travel support from the World Heart Federation and consulting fees from PwC Switzerland. M.D.H. has an appointment at The George Institute for Global Health, which has a patent and license, and has received investment funding with intent to commercialize fixed-dose combination therapy through its social enterprise business, George Medicines. M.D.H. has pending patents for heart failure polypills. The study is funded by the National Heart, Lung, and Blood Institute (R01HL144708), Northwestern Robert J. Havey MD Institute for Global Health, and Resolve to Save Lives.",Priority B - manual review,Did not pass earlier high-specificity screen; manual review required before exclusion,,,,Unclear,Financing mechanism/function appears in abstract but is not explicit in title,Medium,Map only,Relevant to broader UHC/health-system knowledge map but not primary financing-approach synthesis
6338,W2999759695,2020,Oral diseases: a global public health challenge,,Priority B - manual review,Did not pass earlier high-specificity screen; manual review required before exclusion,,,,Exclude,No substantive financing approach/UHC-financing signal,High,Exclude,Does not meet primary financing-approach synthesis criteria at title/abstract stage
1264,W2103288770,2009,"Congo, Democratic Republic of - Health Sector Rehabilitation Support Project","The objective of the Health Sector Rehabilitation Support Project (HSRSP) for Congo is to ensure that the target population of selected health zones has access to, and utilizes, a well-defined package of quality essential health services. Health-related millennium development goals (MDGs) in Democratic Republic of Congo (DRC) are very poor. Under-five mortality (2002-06) was 148 per 1,000 live births, the prevalence of chronic malnutrition among children under five is 45 percent and maternal mortality in 2001 was 1,289 per 100,000 live births. Administrative capacity is low. Not all health workers are salaried, salaries are often paid irregularly and health workers rely on user fees for a significant proportion of their remuneration. In many poor and rural areas, there are shortages of skilled workers. International support for the development of the health system, building on government experience with partnerships with church groups and other non-governmental organizations, is often channeled through contracts with non-government organizations (NGOs). The health sector component (USD 60 million) of a multi-sectoral emergency project (2002-09) contracted NGOs to provide support to government and confessional health services in target areas. Similarly, the HSRSP (2005-11) contracts NGOs to provide technical assistance, training, and inputs in order to improve delivery of the government's basic package of services which is designed to address the major causes of morbidity and mortality.",Priority B - manual review,Did not pass earlier high-specificity screen; manual review required before exclusion,,,,Unclear,Financing mechanism/function appears in abstract but is not explicit in title,Medium,Unclear,Insufficient title/abstract information; requires full-text or additional metadata
13599,W7147659987,2026,Educational attainment and medical expenditure in Ghana: evidence across hospitalisation duration and geographical settings,,Priority B - manual review,Did not pass earlier high-specificity screen; manual review required before exclusion,,,,Unclear,Financial-protection/expenditure signal without explicit financing approach in title,Medium,Unclear,Insufficient title/abstract information; requires full-text or additional metadata
8996,W4311481052,2022,PCR150 Physicians’ Perceptions of the Impact of COVID-19 on Patient Access and Adherence,,Priority B - manual review,Did not pass earlier high-specificity screen; manual review required before exclusion,,,,Exclude,No substantive financing approach/UHC-financing signal,High,Exclude,Does not meet primary financing-approach synthesis criteria at title/abstract stage
734,W7133134982,2006,Microfinance Interventions and Their Impact on Healthcare Access in Rural Senegalese Villages: A South African Perspective Assessment,"Microfinance interventions have been implemented in various settings to address socioeconomic disparities that limit access to healthcare services, particularly in rural areas where resources are scarce and infrastructure is limited. A mixed-methods approach was employed, combining quantitative data analysis with qualitative interviews to gather insights into the implementation and impact of microfinance-based healthcare insurance programmes in selected rural Senegalese villages. Findings suggest that microfinance schemes have significantly improved access to healthcare services for approximately 70% of participants living in remote areas, although there is a notable variation in uptake across different socio-economic groups. The findings indicate that microfinance-based health insurance programmes can be effective tools for improving healthcare access in rural Senegalese communities. However, further research and targeted interventions are needed to ensure equitable coverage among all socioeconomic strata. Future studies should focus on identifying strategies to increase participation rates among the less affluent population segments, with a particular emphasis on education and outreach initiatives to maximise impact. Microfinance, Health Insurance, Rural Senegal, Healthcare Access Treatment effect was estimated with $\text{logit}(p_i)=\beta_0+\beta^\top X_i$, and uncertainty reported using confidence-interval based inference.",Priority B - manual review,Did not pass earlier high-specificity screen; manual review required before exclusion,,,,Unclear,Financing mechanism/function appears in abstract but is not explicit in title,Medium,Include,Meets primary financing-approach/UHC eligibility at title/abstract stage
11941,W4411077680,2025,Population‐Level Impact of Risk Factors on Stunting Among Children Under Five in Sub‐Saharan Africa (2015–2022),"AIM: To identify the correlates of stunting and investigate their population-level impacts among children under 5 years in sub-Saharan Africa. METHODS: Data from 179 572 children under five were included from nationally representative surveys conducted across 24 sub-Saharan African countries (2015-2022). Multivariable logistic regression models and population-level impacts of risk factors were estimated to highlight their contributions to stunting prevalence across the study regions. RESULTS: Stunting prevalence ranged from 18% to 54%, with rates exceeding 50% in Burundi. Lack of basic household amenities was consistently associated with stunting, accounting for 24%-57% of cases across regions. Limited access to mass media further contributed to stunting rates, highlighting the role of education and awareness in preventing malnutrition. Maternal characteristics, such as lack of education and health insurance, were also significant risk factors, with adjusted odds ratios (aORs) ranging from 1.44 to 2.24. CONCLUSION: Socio-economic disparities are key risk factors for stunting in sub-Saharan Africa. These factors were statistically associated with a substantial proportion of stunting cases in high-prevalence regions. Targeted interventions to reduce inequalities, improve maternal education and expand essential services access are vital to achieving global nutrition targets, including the Sustainable Development Goal of reducing child stunting by 40% by 2025.",Priority B - manual review,Did not pass earlier high-specificity screen; manual review required before exclusion,,,,Unclear,Financing mechanism/function appears in abstract but is not explicit in title,Medium,Exclude,Does not meet primary financing-approach synthesis criteria at title/abstract stage
7688,W3214223357,2021,NURSES 'KNOWLEDGE AND PRACTICE REGARDING POST-OPERATIVE PAIN MANAGEMENT FOR ORTHOPEDIC PATIENTS,"Background: Pain management is a vital component of post-operative nursing care. Orthopedic patients in particular experience severe pain following surgical intervention. It was essential to explore the knowledge and clinical practice of nurses in orthopedic wards. Aim of the study: This study aimed to assess nurse's knowledge and practice regarding post-operative pain management for orthopedic patients. Design: A descriptive research design. Setting: The study was carried out in orthopedic department in (General governmental Hospital and El-Mabrra Health Insurance hospitals) in Port Said City/Egypt. Sample: A convenience sample of 50 nurses caring |for patients at orthopedic department, General governmental hospital (N=30), and El-Mabrra Health Insurance (N=20) in period of 6 months. Tools: -I) A Structured self-administered questionnaire that covering demographic data, and nurses' knowledge related to post-operative pain management for orthopedic patients (Tool II) Nurses' observational checklists. Results: the results revealed that60% of the studied nurses had unsatisfactory level of general knowledge, while 90% of them had unsatisfactory level of nurses' practice. Conclusion: There is lack of nurses' knowledge and practice regarding post-operative pain management for orthopedic patients. Recommendations: conducting educational and training programs to improve nurses' knowledge and practice regarding post-operative pain management for orthopedic patients.",Priority B - manual review,Did not pass earlier high-specificity screen; manual review required before exclusion,,,,Unclear,Financing mechanism/function appears in abstract but is not explicit in title,Medium,Exclude,Does not meet primary financing-approach synthesis criteria at title/abstract stage
8378,W4220717934,2022,Awareness of the Risk Factors for Chronic Kidney Disease among Secondary School Students in Nigeria: Evidence from Ogun State,"There is an increasing burden of chronic kidney disease among youths in most developing countries like Nigeria where healthcare financing is poor. Therefore, there is a need to assess the level of awareness of the risk factors for chronic kidney disease. The study employed the cross-sectional study design. Random selection of 271 respondents was done and data was collected from them using questionnaire. The analysis of the data was done using the statistical package for social sciences (SPSS) to generate descriptive statistics in form of frequency tables and charts. The result showed that 49.8% of the respondents were between the ages of 13 and 15 years, with a mean age of 13.51±1.385. Most of the respondents (56.8%) were females and of the Christians denomination (64.9%). Nearly all the respondents (90.4%) were from the Yoruba ethnic group. Some 60.9% of the respondents claimed to be aware of chronic kidney disease while only 44.6% had heard about the risk factors of chronic kidney disease. The mean value for the computed construct for level of awareness of risk factors of chronic kidney disease was 14.40±2.59 which is approximately 60% (not very strong) of the maximum point (using a 24-point scale). There is therefore a need for more awareness on risk factors for chronic kidney disease among adolescents in Nigeria and this can be done through the different mediums for passing health messages to the general public.",Priority B - manual review,Did not pass earlier high-specificity screen; manual review required before exclusion,,,,Unclear,Financing mechanism/function appears in abstract but is not explicit in title,Medium,Exclude,Does not meet primary financing-approach synthesis criteria at title/abstract stage
742,W2884824776,2006,Socio-Economic Determinants of Health Status in Ethiopia Economic Policy Analysis,"This study attempts to analyze the impact of per capita income, mother education, per capita public health expenditure, access to health facilities, clean water and sanitation on prevalence of child stunting in Ethiopia. For this purpose, regional state panel data is used to estimate a reduced form of health production using fixed effect model estimation technique. The results show per capita income, per capita public health expenditure, access to clean water and mothers' education significantly affect prevalence of child stunting. However, mother education becomes insignificant when the impact of access to clean water source, sanitation facilities and healthcare services are controlled. On the other hand, population per physician (proxy for access to health care services) and access to sanitation facilities have insignificant impact. The results suggest important role of income growth policies and promoting mother education to reduces prevalence of child stunting.",Priority B - manual review,Did not pass earlier high-specificity screen; manual review required before exclusion,,,,Unclear,Financing mechanism/function appears in abstract but is not explicit in title,Medium,Include,Meets primary financing-approach/UHC eligibility at title/abstract stage
10807,W4401217244,2024,"Access to information, sun protection and dermatological care in patients with xeroderma pigmentosum in Nepal","We previously highlighted the clinical and genetic characteristics of xeroderma pigmentosum (XP) in Nepal, dominated by a high frequency not related to consanguinity, the significant severity of the disease, the absence of neurological abnormalities and the homozygous specific XPC mutation c.1243 C > T, p.R415X in 15/17 cases, suggesting a founder effect.1 Severe XP (particularly XPC in Nepal) frequently manifests early in childhood by multiple freckle-like spots and pre-cancerous lesions, followed by skin and/or eye cancers 2 (Figure 1). No curative treatment is available. Only extreme photoprotection can prevent skin cancers. Close follow-up by a dermatologist every 3 to 6 months is recommended.2 Studies have shown that patients’ understanding oftheir disease and adherence to skin and eye protection are crucial, and that poor compliance and lack of knowledge and awareness may dramatically reduce lifespan.3-5 To complete and extend previous results in Nepal, we conducted a prospective, non-interventional study in the department of Dermatology and Venereology, Maharajgunj Medical Campus Tribhuvan University, a tertiary referral centre of the country. A standardised questionnaire (Table 1) was offered to patients (and/or parents for minors) consulting between August 2022 and April 2023, including questions about their lifestyle, medical history, knowledge of the disease, awareness of sun risk, means of photoprotection and access to medical care and dermatological follow-up. All participating patients and/or families gave their informed consent. 1. About the family: a. Are there other people with Moon Child disease? b. If yes i. How many ii. Who is it about? 2. About your lifestyle: a. Do you go to school? b. Do you study? c. Do you work? If yes, is it an outside work? d. Approximately, how many hours per week do you spend outdoors during daytime? < 2H 2-6H 6-8H >8H 3. Personal history a. At what age did you learn that you had Moon Child Disease? b. For how long time have you been under dermatological care for this disease? c. How many times have you been seen in dermatology for this disease? d. Have you ever had surgery for a skin tumour? e. If you had multiple surgeries for skin tumours, can you give an approximate number? i. Between 2 and 5 ii. Between 6 and 10 iii. >10 f. Does your illness cause you problems with your eyes (red eyes, pain, vision…)? g. Are you taking vitamin D treatment (tablets or ampoules)? 4. The following part of the questionnaire is designed to assess what you know about your disease and the preventive measures to be taken a. What do you think, or have you been told, about the origin of this disease? Where does it come from? How did you get it? b. Do you know what causes the skin tumours to appear in this disease? c. Do you know the possible sources of ultraviolet radiation? (Multiple answers possible) i. Daylight, only when there is sunlight ii. Daylight, even when it is cloudy or raining iii. Daylight, only outside iv. Daylight also through windows v. Hallogen lamps d. Have you made a habit of protecting your body with covering clothes? If yes, what type of clothing do you use? i. Long trousers ii. Long-sleeved shirt iii. Gloves iv. Hat if no specific mask is available e. Do you wear effective sunglasses? i. Never ii. Occasionally when I go out on a sunny day iii. Systematically when I go out iv. Also indoors, sometimes, when I am exposed to light f. Do you have a sun protection mask for your face? No Yes, a cloth mask (or hood) Yes, a special mask with a window specifically made for this disease g. If you have a mask, do you wear it? i. Every time you go outside during daytime ii. Several times a week iii. Once a week iv. Less than once a week v. Never h. If you do not use a mask, can you specify why? i. I don't know that masks are recommended in children of the moon disease ii. I have not been able to get one iii. Because of the discomfort (heat, moisture etc.…) iv. Because of other people looking at me? v. Other reason (specify): i. When you go outside, do you apply sunscreens on skin areas which are not protected by a mask or clothing? i. Yes, every 4 h ii. Yes, every day: 1–2 times a day iii. Only occasionally iv. Never j. If you do not apply sunscreens (or insufficiently), could you please explain why? i. I don't need them because my skin is always protected by the mask and clothes ii. I don't know that I need to protect myself with sunscreens. iii. I have heard about sunscreens, but I don't understand the usefulness for me iv. I can't get sunscreens 1. Because I can't find them where I am living 2. Because it is too expensive v. I don't have time to apply creams vi. I don't like applying creams, it's uncomfortable k. When you are indoors but the daylight comes through windows, are you protected by special UV filters (Multiple answers possible) i. No ii. Yes, filters have been placed on the windows of the house iii. Yes, filters were placed on the windows of the school iv. Yes, filters were placed on the windows of our vehicle l. Are you aware that there is an association helping children of the moon in Kathmandu? If yes: i. Have you contacted them? ii. Did they help you? Thirty out of 80 patients seen at least once for XP were included, aged between 19 months and 58 years (median: 16.5 years). Half (n = 15) had a family history of XP, with an average of two affected children per family. The median age at diagnosis was 4 years. Median time from diagnosis to start of follow-up was 4 years. One-third (n = 10) were followed by a dermatologist at least twice a year; the others were only followed once a year (n = 11) or less (n = 9). Half of the patients had previous skin carcinomas removed, usually multiple (2 to >10). Only 2/30 took vitamin D supplements. Eight patients or parents (27%) were unaware of the genetic/hereditary nature of XP. Nearly all (29/30) knew sun exposure could be deleterious, but 9/30 did not know what ultraviolet (UV) rays were and 10/30 identified direct outside exposure on sunny days as the only risk factor. None had an easy-to-use UV radiation metre. Some 13/30 reported outdoor activities during more than 8 h a week. Worryingly, 8/27 patients of school age or older (30%) were not in education or employment. Six (20%) had a UV-resistant face mask, as recommended, but only two wore it every day while outside; the other four wore it rarely or never, being afraid of 'how others would look at them'. No patient support groups were available. Only six patients (20%) reported regularly applying sunscreen before sun exposure. The others said sunscreens were not available in their living environment. Almost half (14/30) never wore sunglasses and 7/30 wore them only on sunny days. Overall, these data illustrate insufficient knowledge of the disease and awareness of sun-risk, and a lack of effective photoprotection and regular medical care for XP patients in Nepal, despite a probable overestimation and selection bias resulting from better access of responders compared with non-responders to regular dermatological follow-up. Poverty and lack of health insurance, deschooling, social exclusion, psychological and geographical isolation, including remoteness of residence from care centres, are the main obstacles to optimal care, which has been considered to offer XP patients without neurological abnormalities (i.e., Nepalese XPC patients) a relatively normal lifespan.6 Improving information for patients, families, educators and caregivers, providing social support and financing regular visits to dermatologists seem essential to reducing the morbidity and mortality associated with XP in Nepal. Study conception and design: Marie Fournier, Vilok Mishra, Upama Paudel, Anne Grange, Sudip Parajuli, Florent Grange; data collection: Marie Fournier, Vilok Mishra, Upama Paudel, Sudip Parajuli; analysis and interpretation of results: Marie Fournier, Anne Grange, Florent Grange; draft manuscript preparation: Marie Fournier, Florent Grange, Anne Grange. All authors reviewed the results and approved the final version of the manuscript. This research did not receive any specific grant from funding agencies in the public, commercial, or not-for-profit sectors. All co-authors have seen and agree with the contents of the manuscript and there is no financial interest to report. The authors declare no conflict of interest. The parents/guardians of minor patients have given written informed consent for their child's participation in the study, as well as for the use of their child's deidentified, anonymized, aggregated data, and case details (including photographs) for publication. Adult patients have given written informed consent for participation in the study and the use of their deidentified, anonymized, aggregated data and their case details (including photographs) for publication. The protocol has been approved by the 'Institutional Review Committee' of the Institute of Medecine of the Tribhuvan University, Maharajgunj, Kathmandu, Nepal. Data available on request from the authors. The data that support the findings of this study are available from the corresponding author upon reasonable request.",Priority B - manual review,Did not pass earlier high-specificity screen; manual review required before exclusion,,,,Unclear,Financing mechanism/function appears in abstract but is not explicit in title,Medium,Exclude,Does not meet primary financing-approach synthesis criteria at title/abstract stage
5009,W2782442346,2018,"Cost and affordability of non-communicable disease screening, diagnosis and treatment in Kenya: Patient payments in the private and public sectors","INTRODUCTION: The prevalence of non-communicable diseases (NCDs) is rising in low- and middle-income countries, including Kenya, disproportionately to the rest of the world. Our objective was to quantify patient payments to obtain NCD screening, diagnosis, and treatment services in the public and private sector in Kenya and evaluate patients' ability to pay for the services. METHODS AND FINDINGS: We collected payment data on cardiovascular diseases, diabetes, breast and cervical cancer, and respiratory diseases from Kenyatta National Hospital, the main tertiary public hospital, and the Kibera South Health Center-a public outpatient facility, and private sector practitioners and hospitals. We developed detailed treatment frameworks for each NCD and used an itemization cost approach to estimate payments. Patient affordability metrics were derived from Kenyan government surveys and national datasets. Results compare public and private costs in U.S. dollars. NCD screening costs ranged from $4 to $36, while diagnostic procedures, particularly for breast and cervical cancer, were substantially more expensive. Annual hypertension medication costs ranged from $26 to $234 and $418 to $987 in public and private facilities, respectively. Stroke admissions ($1,874 versus $16,711) and dialysis for chronic kidney disease ($5,338 versus $11,024) were among the most expensive treatments. Cervical and breast cancer treatment cost for stage III (curative approach) was about $1,500 in public facilities and more than $7,500 in the private facilities. A large proportion of Kenyans aged 15 to 49 years do not have health insurance, which makes NCD services unaffordable for most people given the overall high cost of services relative to income (average household expenditure per adult is $413 per annum). CONCLUSIONS: There is substantial variation in patient costs between the public and private sectors. Most NCD diagnosis and treatment costs, even in the public sector, represent a substantial economic burden that can result in catastrophic expenditures.",Priority B - manual review,Did not pass earlier high-specificity screen; manual review required before exclusion,,,,Unclear,Financing mechanism/function appears in abstract but is not explicit in title,Medium,Include,Meets primary financing-approach/UHC eligibility at title/abstract stage
11406,W4416939009,2025,Role of science and technology in inclusive development,"Inclusive development refers to economic growth that is broad-based, equitable, and provides equal opportunities to all sections of society. Science and Technology (S&T) play a central role in achieving such development by improving access to education, healthcare, finance, employment, governance, and essential services. This paper examines how scientific advancements, digital technologies, innovations, and policy frameworks contribute to inclusive growth particularly in developing nations like India. It analyses major sectors where S&T enables inclusion, highlights challenges, and proposes future strategies for ensuring that technological progress benefits everyone, including marginalized communities.",Priority B - manual review,Did not pass earlier high-specificity screen; manual review required before exclusion,,,,Exclude,No substantive financing approach/UHC-financing signal,High,Exclude,Does not meet primary financing-approach synthesis criteria at title/abstract stage
10750,W4400698672,2024,Accessibility and utilization of health-care services among rural–urban migrants in Ghana: A scoping review,"Since the second half of the 20th century, internal migration patterns in Ghana have been dominated by movements from rural (or northern) to urban (or southern) areas. Numerous studies report wide socioeconomic gaps between the geographical north and south of Ghana, explaining the unidirectional movement in search of better opportunities. Differences in personal health profiles, values, and beliefs mean that internal migrants face a higher risk of ill health than urban natives. Compounding this issue is the barriers that impede their access to and utilization of health-care services. We synthesized evidence from existing literature to understand internal migrants’ access to and utilization of healthcare in Ghana, as well as their coping strategies. This review followed Arksey and O’Malley’s guidelines for conducting scoping reviews. We searched PubMed, EconLit, CINAHL, PsychINFO, and Medline (Ovid) electronic databases for studies published from January 2012 to June 2022. In addition, a manual literature search was conducted on Google by examining the reference lists of selected articles to identify other relevant studies. The majority of the studies (n = 12 [75%]) focused on female migrants, while 4 (25%) included both male and female migrants. This review identified several factors affecting access to health-care services for internal migrants in Ghana. These factors included infrastructural, financial, and language barriers, as well as long patient waiting times. Significantly, these barriers resulted in increased self-medication and self-diagnosis among internal migrants, leading to overall poor health outcomes. Based on the study findings, we propose a multidimensional approach to bridging the health access gap for internal migrants. This approach involves improving health system factors such as health service delivery, health workforce, availability of essential medicines, and health finance reforms to provide quality health-care services at affordable or no cost, while considering the socioeconomic and cultural conditions of the internal migrants.",Priority B - manual review,Did not pass earlier high-specificity screen; manual review required before exclusion,,,,Map only,Relevant to UHC/health-system knowledge map but no explicit financing-approach evaluation,High,Map only,Relevant to broader UHC/health-system knowledge map but not primary financing-approach synthesis
7810,W3196269642,2021,"Do health infrastructure and services, aging, and environmental quality influence public health expenditures? Empirical evidence from Pakistan","Rapidly growing health expenditure is a matter of grave concern for households and governments. Every government is compelled to allocate a sufficient budget to improve people's health. This study, therefore, identifies some major factors that influence the trajectory of public health care expenditure (HCE) in Pakistan for the period 1974-2017. The ARDL-bounds test and Bayer-Hanck cointegration test consistently reveal that HCE and its specified determinants are cointegrated. Long-term estimates show that healthcare infrastructure and services, income, and environmental degradation exert a positive influence on HCE. Elderly population size has a negative association with HCE. Income elasticity is inelastic, showing that healthcare is a necessity. The findings suggest that the government must pay due attention to the fair distribution of health-related infrastructure and personnel in all regions of Pakistan.",Priority B - manual review,Did not pass earlier high-specificity screen; manual review required before exclusion,,,,Include,Explicit financing mechanism/approach in title with target-setting and evaluative/UHC relevance,High,Include,Meets primary financing-approach/UHC eligibility at title/abstract stage
8790,W4294647435,2022,Rare diseases in Tanzania: a National Call for Action to address policy and urgent needs of individuals with rare diseases,"A rare disease is generally defined as a condition which affects about 1 among 2000 people and currently, there are approximately 5000-8000 rare diseases (RDs) affecting over 400 million people world-wide. Although RDs may arise from different causes such as infections and environmental factors, about 80% are caused by genetic abnormalities. In Tanzania, there are no reports of the types of RDs, their incidence, distribution and numbers of individuals affected. In addition, there have been no strategies to map RDs in the country and develop a definition that fits the local context. Public awareness and understanding of RDs are very limited, and these lead to poor management and stigmatisation of patients. To address the ongoing problems, Tanzania joined other countries world-wide and global partners to commemorate the rare diseases day (RDD) for the first time in 2016 and subsequently every year. Unlike previous years where the RDD was organised by Ali Kimara Rare Diseases Foundation (AKRDF) with few partners, in 2020, a bigger event was co-hosted by Ali AKRDF and Tanzania Human Genetics Organization together with government representatives and other multiple partners. The organisers, government representatives and participants proposed a national ""Call for Action"" with the overall goal of improving the lives of patients/individuals with RDs. The call focuses and aims to address 17 strategic issues that are broadly categorised into four areas. These include generating demographic data of individuals with RDs; advocating for policies and guidelines for diagnosis, care, treatment and health financing; developing policies supporting public education, awareness and advocacy; and strengthening research, innovation and public-private partnerships. If adopted and implemented, the potential impacts of these recommendations will include improved access to adequate and high-quality health and education services, and policies and guidelines to address the current and future challenges facing individuals with RDs and their families.",Priority B - manual review,Did not pass earlier high-specificity screen; manual review required before exclusion,,,,Unclear,Financing mechanism/function appears in abstract but is not explicit in title,Medium,Map only,Relevant to broader UHC/health-system knowledge map but not primary financing-approach synthesis
7716,W4287402730,2021,Value-based pricing for cancer drugs in India,"We read with interest the paper by Radhakrishnan on issues related to drug pricing which was published in this journal.[1] This paper highlights the important aspect of high out-of-pocket expenditures (OOPEs) for health care in India, contribution of medicine prices in the overall OOPE, and the underlying problem of unregulated drug prices. The problem of market-based pricing, which is the methodology of drug price control order to set market prices for essential drugs, along with the incentives of cartelization among the pharmaceutical industry which it creates is also indicated. Finally, the paper rightfully signals the “window of opportunity” which has been created by the Ayushman Bharat Pradhan Mantri Jan Aarogya Yojana (AB PM-JAY)–the large tax-funded health insurance scheme, bulk procurement facility created under the National Cancer Grid, as well as the recent Government initiatives to support generic drugs through the Jan Aushadhi Scheme. We would like to highlight some important issues in this regard. First, despite enumerating the challenges and opportunities, there are three other important fundamental determinants of rising OOPE as a result of medicines in India.[2] These include a lack of adequate social protection through risk pooling mechanisms, unavailability of cancer medicines in public sector facilities, and lack of consideration of evidence on cost-effectiveness while framing standard treatment guidelines. While the AB PM-JAY provides cover for cancer treatment, it aspires to cover only 40% of the population, and its current coverage is even lower. In the absence of such an insurance program, the availability of free cancer treatment through public sector cancer hospitals becomes even more important. Several State Governments have established state-level medical service corporations which are involved in bulk procurement of drugs. These corporations need to be adequately financed so that they can procure the necessary medicines as per requirement. Secondly, a real-time monitoring system should be established to ensure that the supply-chain management is robust, and patients do not have to spend as a result of unavailability of medicines. The third problem leading to inflation in the cost of cancer treatment is a lack of recognition of the “value” which a new cancer drug offers relative to its price. Almost all standard treatment guidelines consider the evidence on clinical effectiveness to recommend the use of drugs. Similarly, the regulatory agencies also assess safety and clinical effectiveness while granting approvals. Given the fact that most of these treatments come at a very high cost,[34] with relatively meager survival benefits, the recommendation needs a careful reconsideration. This becomes even more imperative in a setting like India, with lean budgets for the health sector.[5] Recent evidence suggests that several of the drugs which are commonly prescribed may not offer a reasonable “value” to be considered cost-effective in the Indian context.[678] This leads to a way forward for “value-based pricing” for cancer drugs in India. This becomes even more relevant at a time when the AB PM-JAY is expanding its coverage, and the Government of India has created a health technology assessment (HTA) agency (known as HTAIn), which has a mandate to assess newer drugs and treatments on the grounds of cost-effectiveness.[910] For drugs which are not cost-effective at the current prices, such HTA evaluations also provide important evidence on the price at which the use of the given drug becomes cost-effective. For example, a recent evaluation reported that while the 1-year use of trastuzumab was not cost-effective, the shorter duration regimen should be used.[6] Further, price reduction of 15% to 35% could mean that 1-year trastuzumab may also be cost-effective. This becomes important evidence for setting a value-based price. To conclude, we recommend a strong role for HTA to be considered by policymakers–while determining health benefit packages and their prices, by oncologists–while framing standard treatment guidelines, and by regulatory agencies–while setting prices. Together, these will enhance the value of oncology practice in India. Financial support and sponsorship Nil. Conflicts of interest There are no conflicts of interest.",Priority B - manual review,Did not pass earlier high-specificity screen; manual review required before exclusion,,,,Unclear,Financing mechanism/function appears in abstract but is not explicit in title,Medium,Include,Meets primary financing-approach/UHC eligibility at title/abstract stage
6093,W2954938336,2019,Health Systems Strengthening through Community Mobilization for Postabortion Care,"Efforts to strengthen health systems in the developing world have often failed to thoroughly involve communities. Community mobilization activities in Bolivia, Kenya, and Senegal to improve postabortion care provide examples of how governments and development agencies can engage communities and how small-scale, targeted projects can lead to broad health systems strengthening. Community mobilization allows community members to explore barriers to care, develop and implement action plans to address these problems, evaluate effectiveness, and plan next steps. By adapting the community mobilization curriculum for implementation in each country context, groups in all three nations were able to improve leadership, service delivery, the health workforce, health financing, and the availability of medical supplies for many health care services, not just postabortion.",Priority B - manual review,Did not pass earlier high-specificity screen; manual review required before exclusion,,,,Unclear,Financing mechanism/function appears in abstract but is not explicit in title,Medium,Map only,Relevant to broader UHC/health-system knowledge map but not primary financing-approach synthesis
825,W2041334176,2007,Simultaneous bilateral cataract surgery in developing countries,"We congratulate Arshinoff and Chen1 for an insightful and logical analysis of the benefits, deterrents, and expense involved in simultaneous bilateral cataract surgery, a topic that generates a lot of interest. We agree with the authors that bilateral cataract surgery, like bilateral refractive surgery, has the benefits of fewer hospital visits for the patient and better efficiency for the surgeon. Being in a high-volume tertiary care center in India, we feel that simultaneous bilateral cataract surgery can help decongest our ward and day-care bed occupancy and reduce the paperwork involved. It is not unusual for patients from remote and rural areas to have surgery in one eye, regain good vision, and get lost to follow-up, only to return later with phacomorphic glaucoma in the fellow eye. Such a scenario can be prevented by single-sitting bilateral surgery. However, there are several deterrents to bilateral surgery in developing countries apart from the risk for bilateral infection. Most patients in India are not covered by health insurance. Even at subsidized rates, the minimum cost of phacoemulsification with an acrylic hydrophobic foldable intraocular lens (IOL) is around US $150. Therefore, one deterrent is the financial constraints of many patients who could afford bilateral foldable IOLs if given 3 to 6 months to cover the cost of both surgeries. Surgery with nonfoldable IOLs is variably discounted; with the aid of the National Program for Control of Blindness, we offer free surgery to poor patients. However, most of these patients are from remote and rural areas. Therefore, poor follow-up and improper compliance with the medication regimen is a major deterrent to bilateral surgery in these patients. We conducted a survey of patients at our day-care surgery registration facility to assess the patient perspective on bilateral surgery. We chose 50 patients who registered for phacoemulsification with hydrophobic foldable IOLs, were at least high school educated, had bilateral cataract warranting surgery, were living in Delhi and adjoining regions, and had their own transportation. The purpose of the survey and the benefits of bilateral surgery were explained to all patients, who were then asked whether they would have agreed to have bilateral surgery and to give the reasons for their response. Only 3 patients said they would be comfortable with the idea of bilateral surgery. Financial constraints to investing around $300 was the primary reason for refusal (24 out of 50). Some patients had anxiety regarding infections (13 out of 50). Lack of an educated attendant was cited by 4 patients. Six patients were unsure about the concept and left the decision to the doctor. Patients who could get full reimbursement (n = 5) were not keen about a same-sitting surgery, even though it would have meant less paperwork related to reimbursement claims. In the patients not willing to have bilateral surgery who did not have any financial constraints (n = 23), the preferred interval between the 2 surgeries was at least 1 week (n = 10) or 2 weeks (n = 7). Therefore, we think that even though bilateral cataract surgery is an exciting concept with many benefits, it will take time for this practice to be accepted in the developing world, even among the patients who could afford it financially.",Priority B - manual review,Did not pass earlier high-specificity screen; manual review required before exclusion,,,,Unclear,Financing mechanism/function appears in abstract but is not explicit in title,Medium,Exclude,Does not meet primary financing-approach synthesis criteria at title/abstract stage
14489,W7203614173,2026,"Ageing Populations and Governance: Enhancing Healthcare Access for the Elderly in Kenya, a Case Study of Meru County","Aging populations in low- and middle-income countries are growing rapidly, stressing health systems constrained by limited resources and weak governance. Effective governance frameworks ensure elderly adults receive timely care. This study analyzes how governance structures affect healthcare access for seniors in Meru County, Kenya. Review of twelve studies and thirteen policy documents identified fragmented policy execution, inadequate infrastructure, low insurance coverage, and high out-of-pocket costs as major barriers. Despite devolution’s goal of boosting local decision-making and resource allocation, accountability gaps, underfunded primary care units, and weak risk-pooling exacerbate inequities. Comparative analysis of Brazil, Thailand, and Vietnam models underscores community-based care, structured financing, and robust monitoring as promising strategies. This paper recommends Meru County strengthen transparency through digital procurement and budget-tracking, fully empower CHUs, and adopt innovative financing like subsidized premiums and performance-based incentives. Investing in geriatric workforce training and piloting digital health innovations will build a more inclusive resilient system.",Priority B - manual review,Did not pass earlier high-specificity screen; manual review required before exclusion,,,,Map only,Relevant to UHC/health-system knowledge map but no explicit financing-approach evaluation,High,Map only,Relevant to broader UHC/health-system knowledge map but not primary financing-approach synthesis
14615,W7208712819,2026,Barriers to birth preparedness and complication readiness in Tanzania: a narrative review through the lens of the Three Delays Model,"Introduction Birth Preparedness and Complication Readiness (BPCR) is a key safe motherhood intervention aimed at reducing maternal and neonatal mortality through timely decision-making, delivery planning, and rapid response to obstetric emergencies. This narrative review synthesizes evidence on BPCR implementation in Tanzania, examines underlying barriers, and proposes strategies to strengthen BPCR.Methods A structured narrative review was conducted using PubMed, Scopus, and Google Scholar, supplemented by grey literature from national and international sources. Searches used MeSH and free-text terms related to BPCR, maternal health, and the Three Delays Model. Studies (2016–2026) addressing BPCR in Tanzania were included. From 162 records, 14 publications were thematically synthesized.Results BPCR implementation in Tanzania shows marked regional and contextual disparities, with generally low preparedness, particularly in rural areas. Barriers were grouped into four domains: socio-cultural and gender-related factors, economic constraints, health system limitations, and knowledge and awareness gaps. These barriers interact across the Three Delays Framework, leading to delayed decision-making, delayed access to care, and suboptimal facility-based management. Key determinants of BPCR uptake included antenatal care attendance, male partner involvement, education level, and health system readiness, which collectively shape preparedness outcomes across settings.Conclusion BPCR in Tanzania is constrained by interconnected individual, socio-cultural, economic, and health system barriers. Strengthening implementation requires integrated, equity-focused interventions that improve antenatal care quality, promote male and community engagement, enhance financial protection mechanisms, and strengthen health system capacity. These strategies are essential for reducing preventable maternal deaths and achieving Sustainable Development Goal 3.1",Priority B - manual review,Did not pass earlier high-specificity screen; manual review required before exclusion,,,,Map only,Relevant to UHC/health-system knowledge map but no explicit financing-approach evaluation,High,Map only,Relevant to broader UHC/health-system knowledge map but not primary financing-approach synthesis
7012,W3093511959,2020,"How the ‘plates’ of a health system can shift, change and adjust during economic recessions: A qualitative interview study of public and private health providers in Brazil’s São Paulo and Maranhão states","BACKGROUND: Economic recessions carry an impact on population health and access to care; less is known on how health systems adapt to the conditions brought by a downturn. This particularly matters now that the COVID-19 epidemic is putting health systems under stress. Brazil is one of the world's most affected countries, and its health system was already experiencing the aftermath of the 2015 recession. METHODS: Between 2018 and 2019 we conducted 46 semi-structured interviews with health practitioners, managers and policy-makers to explore the impact of the 2015 recession on public and private providers in prosperous (São Paulo) and impoverished (Maranhão) states in Brazil. Thematic analysis was employed to identify drivers and consequences of system adaptation and coping strategies. Nvivo software was used to aid data collection and analysis. We followed the Standards for Reporting Qualitative Research to provide an account of the findings. RESULTS: We found the concept of 'health sector crisis' to be politically charged among healthcare providers in São Paulo and Maranhão. Contrary to expectations, the public sector was reported to have found ways to compensate for diminishing federal funding, having outsourced services and adopted flexible-if insecure-working arrangements. Following a drop in employment and health plans, private health insurance companies have streamlined their offer, at times at the expenses of coverage. Low-cost walk-in clinics were hit hard by the recession, but were also credited for having moved to cater for higher-income customers in Maranhão. CONCLUSIONS: The 'plates' of a health system may shift and adjust in unexpected ways in response to recessions, and some of these changes might outlast the crisis. As low-income countries enter post-COVID economic recessions, it will be important to monitor the adjustments taking place in health systems, to ensure that past gains in access to care and job security are not eroded.",Priority B - manual review,Did not pass earlier high-specificity screen; manual review required before exclusion,,,,Unclear,Financing mechanism/function appears in abstract but is not explicit in title,Medium,Exclude,Does not meet primary financing-approach synthesis criteria at title/abstract stage
7991,W4286876884,2021,"Determinants of Delayed Treatment-seeking for Diarrheal Diseases among Mothers with under-five Children in North Western Ethiopia, 2020: A case-control Study","Background: Delays in seeking timely proper care pay a large number of deaths from diarrhea in children. Timely and appropriate health care seeking in under-five children with diarrhea reduces life-threatening complications. This study aimed to investigate determinants of delayed treatment-seeking for diarrheal diseases among mothers with under-five children. Method: In Debre Markos public health facilities, a facility-based case-control study was conducted among 412 mothers ((137 cases and 274 controls) from September 1 to October 15, 2020. Consecutive sampling was employed to select cases and controls. Data was collected using a semi-structured interviewer-administered questionnaire. Data were entered into Epi- Data version 4.2.1 and exported to STATA version 14 for analysis. Predictors with P-value <0.25 in the bivariable logistic regression model were candidates for multivariable logistic regression. Pvalue <0.05 was used to declare statistical significance. Finally, results were presented in the form of texts and tables. Result: From 412 selected participants, 408 mothers (136 cases and 272 controls) were included. Female children [AOR 1.85(95% CI 1.15-2.98)], Child age < 24 months [AOR 1.64 (95% CI 1.01-2.65)], mothers'/caregivers without formal education [AOR 4.61 (95% CI 2.03-10.44)], poorest wealth index category [AOR 4.24 (95% CI 1.90-9.48)], absence of health insurance [AOR 3.04 (95% CI 1.60-5.78)], and self-medication [AOR 3.6 (95% CI 1.75-7.4)] were determinants of delayed treatment-seeking. Conclusion: Being female, young age, educational status of the mother, lowest wealth index category, self-medication, and absence of health insurance were determinants of delayed treatment-seeking for diarrheal diseases. Preventive care programs should target age, low socioeconomic status, and a low educational class of the mother.",Priority B - manual review,Did not pass earlier high-specificity screen; manual review required before exclusion,,,,Unclear,Financing mechanism/function appears in abstract but is not explicit in title,Medium,Exclude,Does not meet primary financing-approach synthesis criteria at title/abstract stage
11289,W4405882431,2024,Assessing five-year trend and socio-demographic determinants of caesarean section delivery in Ghana,"INTRODUCTION: The rate of caesarean section (C-section) deliveries has been increasing globally, including in low- and middle-income countries like Ghana. Understanding the trends, patterns, and socio-demographic determinants of C-section deliveries is crucial for improving maternal healthcare services and reducing unnecessary surgical interventions. This study aims to assess the trend and factors associated with CS deliveries in Ghana using secondary data from the District Health Information Management System 2 (DHIMS-2) database. METHODS: A cross-sectional study design was employed, utilizing secondary data extracted from the District Health Information Management System 2 (DHIMS-2) database covering a period of five years (2017-2021). The data included information on C-section deliveries from both public and private health facilities in Ghana. Descriptive and inferential analysis was conducted to explore the associations between socio-demographic factors and C-section delivery. RESULTS: The study findings revealed that a significant proportion of women who underwent C-section deliveries had formal education up to the JHS/Middle school level. Most of the deliveries occurred in hospitals and government-owned facilities. The study also observed that more than half of the women had a C-section delivery, with the highest percentage occurring in 2019 and 2020. Additionally, the majority of women had health insurance coverage. CONCLUSION: Ghana's high C-section rate is a concern, driven by increased availability, socio-demographic factors, and regional healthcare disparities. Advanced maternal age, higher education, and formal employment increase the likelihood of C-sections. To address this, Ghana needs to strengthen antenatal care, promote natural childbirth, and improve access to quality healthcare facilities. To reduce unnecessary C-sections and enhance maternal health, Ghana should develop national guidelines, allocate resources to strengthen regional healthcare infrastructure, and launch public awareness campaigns. By implementing these strategies, Ghana can reduce C-sections by 20-30%, lower maternal morbidity and mortality rates, and improve newborn health outcomes. This will prioritize maternal health and ensure better outcomes for mothers and newborns nationwide.",Priority B - manual review,Did not pass earlier high-specificity screen; manual review required before exclusion,,,,Unclear,Financing mechanism/function appears in abstract but is not explicit in title,Medium,Exclude,Does not meet primary financing-approach synthesis criteria at title/abstract stage
11990,W4411603591,2025,Exploring the Drivers of Essential Living Sacrifices Among Rural Households with Cardiovascular Diseases in Bangladesh,"Cardiovascular diseases (CVDs) are not only a growing public health concern but also a source of profound economic strain, particularly in low-middle-income rural settings. This study investigates how healthcare expenditures influence essential living sacrifices among rural Bangladeshi Households affected by CVDs. Drawing on primary data from 200 households with CVD across five districts using cross-sectional data, we employed binary logistic regression models to examine the determinants of budgetary compromises on food, clothing, education, electricity, internet, entertainment, and furniture. Findings reveal that households with lower income, larger household sizes, dependent family members, and limited spending savings are significantly more likely to reduce spending on essential living due to healthcare costs. Taking loans, and out-of-pocket medical spending emerged as critical stressors driving these trade-offs. Gender and geographic disparities also played a significant role, with female-headed and rural households facing heightened vulnerability. Households often prioritized treatment by compromising nutrition, education, and utilities—ultimately deepening cycles of deprivation. This research highlights the hidden costs of illness in resource-poor settings and emphasizes the need for comprehensive policies addressing both financial protection and social support. Without such interventions, healthcare-seeking risks reinforcing poverty and undermining human capital development. The study calls for targeted strategies such as rural insurance schemes, savings mobilization, and integrated social safety nets to mitigate the economic fallout of chronic illness.",Priority B - manual review,Did not pass earlier high-specificity screen; manual review required before exclusion,,,,Unclear,Financing mechanism/function appears in abstract but is not explicit in title,Medium,Include,Meets primary financing-approach/UHC eligibility at title/abstract stage
11140,W4404262658,2024,Evaluation of routine health monitoring for metabolic disorders in patients with serious mental illness on psychotropic medications: a study from Ethiopia,"BACKGROUND: Compared to the overall population, patients with mental health problems are more likely to experience concurrent physical illnesses, poorer health outcomes, and mortality. Psychotropic medications, which are the pillars in the management of mental health conditions, are associated with adverse effects such as weight gain, an increased level of glucose, and elevated circulating lipid levels, all of which contribute to metabolic disorders. Inadequate health monitoring may led to suboptimal interventions and worsening of these conditions. However, there is a lack of studies assessing routine health monitoring practices for metabolic disorders and their determinants among patients with serious mental illnesses taking psychotropic medications in Ethiopia. This study aimed to evaluate routine health monitoring for metabolic disorders and its determinants in patients with serious mental illnesses on psychotropic medications in Ethiopia. METHOD: A hospital based prospective follow-up study was conducted among patients with serious mental illness taking psychotropic medications who attended the outpatient psychiatry department at Debre Markos Comprehensive Specialized Hospital. Eligible participants were selected using a simple random sampling technique. Routine health monitoring was evaluated using guidelines and previous literature. Binary logistic regression was employed to identify the determinants of routine health monitoring, with statistical significance determined by a p-value of less than 0.05 and a 95% confidence interval (CI). RESULTS: The overall routine health monitoring practice for metabolic disorders was found to be sub-optimal. Vital signs were the most commonly assessed parameters. Key determinants of routine health monitoring included participants aged 45 and above (AOR (95% CI): 2.82 (1.34-5.92), having social insurance (AOR (95% CI): 2.94 (1.86-4.64), availability of laboratory tests at the hospital (AOR (95% CI): 3.46 (2.16-5.55), and reporting of medication-related side effects (AOR (95% CI): 1.96 (1.21-3.17)). CONCLUSION: Routine health monitoring for metabolic disorders in patients with serious mental illnesses attending the outpatient psychiatry department was inadequate. Health care providers should give more attention to younger patients, those without health insurance, and who are not reported side effects. These findings provide crucial insights for improving routine health monitoring and promoting better health outcomes.",Priority B - manual review,Did not pass earlier high-specificity screen; manual review required before exclusion,,,,Unclear,Financing mechanism/function appears in abstract but is not explicit in title,Medium,Exclude,Does not meet primary financing-approach synthesis criteria at title/abstract stage
9809,W4387143127,2023,Barriers to equitable access to quality trauma care in Rwanda: a qualitative study,"OBJECTIVES: Using the 'Four Delay' framework, our study aimed to identify and explore barriers to accessing quality injury care from the injured patients', caregivers' and community leaders' perspectives. DESIGN: A qualitative study assessing barriers to trauma care comprising 20 in-depth semistructured interviews and 4 focus group discussions was conducted. The data were analysed thematically. SETTING: This qualitative study was conducted in Rwanda's rural Burera District, located in the Northern Province, and in Kigali City, the country's urban capital, to capture both the rural and urban population's experiences of being injured. PARTICIPANTS: Purposively selected participants were individuals from urban and rural communities who had accessed injury care in the previous 6 months or cared for the injured people, and community leaders. Fifty-one participants, 13 females and 38 males ranging from 21 to 68 years of age participated in interviews and focus group discussions. Thirty-six (71%) were former trauma patients with a wide range of injuries including fractured long bones (9, 45%), other fractures, head injury, polytrauma (3, 15% each), abdominal trauma (1, 5%), and lacerations (1, 5%), while the rest were caregivers and community leaders. RESULTS: Multiple barriers were identified cutting across all levels of the 'Four Delays' framework, including barriers to seeking, reaching, receiving and remaining in care. Key barriers mentioned by participants in both interviews and focus group discussions were: lack of community health insurance, limited access to ambulances, insufficient number of trauma care specialists and a high volume of trauma patients. The rigid referral process and lack of decentralised rehabilitation services were also identified as significant barriers to accessing quality care for injured patients. CONCLUSIONS: Future interventions to improve access to injury care in Rwanda must be informed by the identified barriers along the spectrum of care, from the point of injury to receipt of care and rehabilitation.",Priority B - manual review,Did not pass earlier high-specificity screen; manual review required before exclusion,,,,Unclear,Financing mechanism/function appears in abstract but is not explicit in title,Medium,Map only,Relevant to broader UHC/health-system knowledge map but not primary financing-approach synthesis
4640,W2738882145,2017,Public Private Partnership Mixes in Health Care Sector in Rwanda,"Rwanda is a good example of how a country can overcome challenges and obstacles to improve the socioeconomic well-being of citizens.With no reliable healthcare system in 1994, after the genocide against the Tutsi, the country has come a long way in building a decent healthcare system for its people.The purpose of this research is to analyze the changing PPP mixed in health care sector in Rwanda.The study was carried out to reflect/reveal or bring to light the perennial problems of the healthcare mixes within a period of six months.This work looked at the public-private sector mixes in healthcare system using Rwanda as a case study.In Rwanda, the ministry of health began health sector reforms in accordance with the Lusaka declaration in 1995.These reforms included decentralization of the health system, development of the primary healthcare system, and community participation in managing health service financing.Rwanda is one of the few African countries with 90% coverage in all Districts for immunization and access to critical health services including TB treatment and access to ARVs for HIV patients.Within a very short period of 23 years, Rwanda has built a working health system in which even the poor and disadvantaged have access to quality medical care through the Community Based Health Insurance.",Priority B - manual review,Did not pass earlier high-specificity screen; manual review required before exclusion,,,,Unclear,Financing mechanism/function appears in abstract but is not explicit in title,Medium,Include,Meets primary financing-approach/UHC eligibility at title/abstract stage
11315,W4406132402,2025,“There may be some form of shaming from the health care providers”: Exploring health system barriers to accessing HPV vaccines among the Nigerian general public,,Priority B - manual review,Did not pass earlier high-specificity screen; manual review required before exclusion,,,,Map only,Relevant to UHC/health-system knowledge map but no explicit financing-approach evaluation,High,Map only,Relevant to broader UHC/health-system knowledge map but not primary financing-approach synthesis
11147,W4404427683,2024,"Length of stay and determinants of early discharge and extended stay after cesarean delivery in a resource-limited setting: southern Ethiopia, 2023","Background For mothers and newborns to obtain the recommended postnatal care follow-up and package, the healthcare facility has to provide a minimum length of stay following delivery. Early discharge may result in a shortened recovery time, less access to resources and support, and a prolonged stay, resulting in a greater risk of postpartum depression and financial constraints. In Ethiopia, there has been no study conducted on the length of hospital stays following a cesarean delivery. Therefore, this study aimed to determine the average length of stay and identify factors influencing both early discharges and prolonged stays after cesarean delivery in southern Ethiopia. Methods A facility-based cross-sectional study was conducted between November 23, 2022, and March 23, 2023. A systematic sampling method was used to select 367 participants, and data were collected using the Kobo Toolbox mobile application. The mean length of stay was calculated in hours, and descriptive statistics were used to summarize the data. Multinomial logistic regression was employed to analyze the determinants of length of stay, with significance set at a p-value of <0.05. Results The mean duration of the length of stay of mothers in health facilities after cesarean delivery is 65 h or approximately 2.71 days (SD ± 0.77). Determinants of shorter stay included women aged 20–24 years [AOR = 5.19; 95%CI 1.51–8.23], distance from hospital 30–60 min [AOR = 2.51; 95% CI 1.12–5.73], first antenatal booking [AOR = 0.16; 95%CI 0.05–0.25], monthly income <2,000 birr [AOR = 3.11; 95%CI 1.18–6.05], had health insurance [AOR = 0.35; 95% CI 0.26–0.37] and had counseled [AOR = 0.09; 95%CI 0.07–0.154]. Extended stays were associated with severe pre-eclampsia [AOR = 2.80; 95%CI 2.41–3.27], multiple births [AOR = 2.51; 95%CI 1.34–4.71], and postoperative complications [AOR = 3.52; 95%CI 1.35–5.01]. Conclusion The average post-cesarean hospital stay is 2.71 days, with duration influenced by factors such as age, distance to the hospital, access to antenatal care, income, insurance, and the presence of complications. Targeted interventions, such as improving access to antenatal care, providing financial support, and proactively managing complications, can improve outcomes.",Priority B - manual review,Did not pass earlier high-specificity screen; manual review required before exclusion,,,,Unclear,Financing mechanism/function appears in abstract but is not explicit in title,Medium,Exclude,Does not meet primary financing-approach synthesis criteria at title/abstract stage
1770,W2153776558,2011,A tool for assessing management capacity at the decentralized level in a fragile state,"Fragile states need assessment of decentralized management capabilities, not just of the central level, to design capacity-building efforts focused on improving management. Improving the management capacity of health departments at the provincial or district level is just as critical as strengthening the central ministry in fragile states if a health system that effectively addresses the real health needs of the population is to be formed. This paper describes a management capacity assessment tool developed for use in fragile states. It uses a framework that describes six critical management areas: oversight and coordination; human resources; resource management; health financing; community involvement; and health information management. These core areas of health system management are assessed with regard to capacity in three core management functions: the capacity to plan, to implement, and to monitor and evaluate. The tool was applied to assess the management capacity of six counties in Liberia. The results helped differentiate the level of capacity of the different counties and clarify the actions required to strengthen the health system in the periphery. The assessment also allowed the prioritizing of county health offices with regard to the level of capacity building required to improve management. The tool also identified successes that can inform the design of future health programs in other county health offices. The tool can be applied to other challenging country situations to assess management capacity, which will help focus technical assistance to the health sector in fragile states.",Priority B - manual review,Did not pass earlier high-specificity screen; manual review required before exclusion,,,,Unclear,Financing mechanism/function appears in abstract but is not explicit in title,Medium,Map only,Relevant to broader UHC/health-system knowledge map but not primary financing-approach synthesis
7861,W4212925328,2021,"DISCRETIONARY BENEFITS AND EMPLOYEE RETENTION IN STATE AGENCIES: A CASE OF REGULATORY STATE AGENCIES UNDER THE NATIONAL TREASURY, NAIROBI CITY COUNTY, KENYA","Purpose: Retention of employees in Kenya’s state agencies has been cited as a big challenge that has continued to undermine effective and efficient service delivery to the public. Employee retention is key to these agencies and failure to retain employees significantly affects their operations thus having a great impact on their service delivery, sustainable development and contribution towards Vision 2030. This study explored the influence of discretionary benefits on employee retention in Kenya’s state regulatory Agencies operating under the National Treasury. Design/ Methodology/Approach: The study adopted descriptive and cross-sectional research designs and 320 employees of the four regulatory state agencies under the National Treasury, Kenya, as of 30th June 2017. Stratified proportionate simple random sampling was used in selecting a sample size of 175 with top, middle-level management and support staff used as strata. Quantitative and qualitative primary data was collected using self-administered semi-structured questionnaires. The study used both descriptive and inferential statistics to analyze the collected data. Findings: The study found a positive and significant relationship between three independent variables namely health insurance, wellness programs, and work-life balance and the dependent variable which was employee retention. A pension plan was found to have an insignificant relationship with employee retention. Contribution to policy and practice: The study concluded that that managers should craft strategies aimed at reducing attrition rates. Originality/Value: The study extends the literature on strategic human resource management. It is the first study to be conducted on employee retention in state agencies.",Priority B - manual review,Did not pass earlier high-specificity screen; manual review required before exclusion,,,,Unclear,Financing mechanism/function appears in abstract but is not explicit in title,Medium,Exclude,Does not meet primary financing-approach synthesis criteria at title/abstract stage
10861,W7163045718,2024,Role of Government Organisations in Health Administration,"Government organisations play a central role in health administration because they are responsible for planning, financing, regulating, implementing and monitoring healthcare services for the population. In India, where the health system has to respond to a large population, regional disparities, poverty, communicable diseases, non-communicable diseases and emergency health needs, the role of government organisations becomes highly significant. Health administration is not limited to hospital management alone; it also includes policy formulation, public health planning, disease surveillance, infrastructure development, human resource management, drug regulation, health financing and implementation of national health programmes. The Ministry of Health and Family Welfare, state health departments, National Health Mission, district health authorities, local self-government institutions, public hospitals and regulatory bodies work together to strengthen healthcare delivery and improve population health outcomes (Government of India, 2017; Selvaraj et al., 2022). Government organisations are especially important in ensuring equitable and affordable healthcare services for vulnerable groups, including rural populations, women, children, elderly persons, migrants, poor households and socially disadvantaged communities. Through programmes such as the National Health Mission, Ayushman Bharat, Health and Wellness Centres, Universal Immunization Programme, National Tuberculosis Elimination Programme and various maternal and child health schemes, government organisations attempt to provide preventive, promotive, curative, rehabilitative and palliative services at different levels of care (Government of India, 2013; Ved et al., 2019). These organisations also ensure availability of essential medicines, vaccines, diagnostics, trained manpower and referral services, which are necessary for effective public health administration. The Health and Wellness Centre model under Ayushman Bharat has further expanded the role of government organisations by focusing on comprehensive primary healthcare and universal health coverage (Lahariya, 2020).",Priority B - manual review,Did not pass earlier high-specificity screen; manual review required before exclusion,,,,Unclear,Financing mechanism/function appears in abstract but is not explicit in title,Medium,Map only,Relevant to broader UHC/health-system knowledge map but not primary financing-approach synthesis
6520,W3003150935,2020,"CARBON EMISSIONS, HUMAN CAPITAL INVESTMENT AND ECONOMIC DEVELOPMENT IN NIGERIA","This study examined the joint effect of carbon emissions and health investment on economic development in Nigeria by integrating ecological economics approach with the endogenous growth model. Through the adoption of annual time series spanning 1980-2017, the bounds testing approach of the Autoregressive Distributed Lag (ARDL) framework established the existence of co-integration among the variables in the model. The long run estimates revealed that a 1% increase in government health investments enhances economic development (proxied by GDP per capita) by 0.008% while a 1% increase in the level of CO 2 reduces GDP per capita by 0.1%. Furthermore, evidence shows that no causal link exists between fossil fuel consumption (FFC) and CO 2 contrary to previous studies. However, unidirectional causality from health outcomes (proxied by life expectancy) to CO 2 , as well as from CO 2 to electricity consumption (ELCON) is observed. Also, increased energy consumption (FFC and ELCON) directly influences GDP per capita. The study recommends that efforts to reduce CO 2 should target firms manufacturing cement, asbestos and other dust-generating products as alternative contributors to CO 2 accumulation. Equally, mitigating the health effect of CO 2 will require effective, efficient and adequate public health investment. Keywords: Carbon Emissions, Government Health Expenditure, Economic Development. JEL Classifications: Q53, H51, O1 DOI: https://doi.org/10.32479/ijeep.8476",Priority B - manual review,Did not pass earlier high-specificity screen; manual review required before exclusion,,,,Unclear,Financing mechanism/function appears in abstract but is not explicit in title,Medium,Exclude,Does not meet primary financing-approach synthesis criteria at title/abstract stage
5398,W2890680123,2018,Informing NCD control efforts in India on the eve of Ayushman Bharat,"The Government of India recently launched the ambitious National Health Protection Mission, also referred to as Ayushman Bharat (which means “bless India with long healthy life”), Pradhan Mantri Jan Arogya Yojana, or Modicare. This scheme has two main pillars: strengthening of universal comprehensive primary health care and a health insurance scheme to cover 500 million people in need to reduce catastrophic out-of-pocket health spending.1,2 The 1·3 billion population of India has vast socioeconomic and health diversity across the country.",Priority B - manual review,Did not pass earlier high-specificity screen; manual review required before exclusion,,,,Include,Explicit financing mechanism/approach in title with target-setting and evaluative/UHC relevance,High,Include,Meets primary financing-approach/UHC eligibility at title/abstract stage
2319,W2170100840,2013,Does enrollment status in community-based insurance lead to poorer quality of care? Evidence from Burkina Faso,"INTRODUCTION: In 2004, a community-based health insurance (CBI) scheme was introduced in Nouna health district, Burkina Faso, with the objective of improving financial access to high quality health services. We investigate the role of CBI enrollment in the quality of care provided at primary-care facilities in Nouna district, and measure differences in objective and perceived quality of care and patient satisfaction between enrolled and non-enrolled populations who visit the facilities. METHODS: We interviewed a systematic random sample of 398 patients after their visit to one of the thirteen primary-care facilities contracted with the scheme; 34% (n = 135) of the patients were currently enrolled in the CBI scheme. We assessed objective quality of care as consultation, diagnostic and counselling tasks performed by providers during outpatient visits, perceived quality of care as patient evaluations of the structures and processes of service delivery, and overall patient satisfaction. Two-sample t-tests were performed for group comparison and ordinal logistic regression (OLR) analysis was used to estimate the association between CBI enrollment and overall patient satisfaction. RESULTS: Objective quality of care evaluations show that CBI enrollees received substantially less comprehensive care for outpatient services than non-enrollees. In contrast, CBI enrollment was positively associated with overall patient satisfaction (aOR = 1.51, p = 0.014), controlling for potential confounders such as patient socio-economic status, illness symptoms, history of illness and characteristics of care received. CONCLUSIONS: CBI patients perceived better quality of care, while objectively receiving worse quality of care, compared to patients who were not enrolled in CBI. Systematic differences in quality of care expectations between CBI enrollees and non-enrollees may explain this finding. One factor influencing quality of care may be the type of provider payment used by the CBI scheme, which has been identified as a leading factor in reducing provider motivation to deliver high quality care to CBI enrollees in previous studies. Based on this study, it is unlikely that perceived quality of care and patient satisfaction explain the low CBI enrollment rates in this community.",Priority B - manual review,Did not pass earlier high-specificity screen; manual review required before exclusion,,,,Unclear,Financing mechanism/function appears in abstract but is not explicit in title,Medium,Include,Meets primary financing-approach/UHC eligibility at title/abstract stage
2411,W2023802926,2013,Strengthening institutional and organizational capacity for social health protection of the informal sector in lesser-developed countries: A study of policy barriers and opportunities in Cambodia,"Reaching out to the poor and the informal sector is a major challenge for achieving universal coverage in lesser-developed countries. In Cambodia, extensive coverage by health equity funds for the poor has created the opportunity to consolidate various non-government health financing schemes under the government's proposed social health protection structure. This paper identifies the main policy and operational challenges to strengthening existing arrangements for the poor and the informal sector, and considers policy options to address these barriers. Conducted in conjunction with the Cambodian Ministry of Health in 2011-12, the study reviewed policy documents and collected qualitative data through 18 semi-structured key informant interviews with government, non-government and donor officials. Data were analysed using the Organizational Assessment for Improving and Strengthening Health Financing conceptual framework. We found that a significant shortfall related to institutional, organisational and health financing issues resulted in fragmentation and constrained the implementation of social health protection schemes, including health equity funds, community-based health insurance, vouchers and others. Key documents proposed the establishment of a national structure for the unification of the informal-sector schemes but left unresolved issues related to structure, institutional capacity and the third-party status of the national agency. This study adds to the evidence base on appropriate and effective institutional and organizational arrangements for social health protection in the informal sector in developing countries. Among the key lessons are: the need to expand the fiscal space for health care; a commitment to equity; specific measures to protect the poor; building national capacity for administration of universal coverage; and working within the specific national context.",Priority B - manual review,Did not pass earlier high-specificity screen; manual review required before exclusion,,,,Unclear,Financing mechanism/function appears in abstract but is not explicit in title,Medium,Include,Meets primary financing-approach/UHC eligibility at title/abstract stage
10456,W4395000864,2024,Determinants of public institutional births in India: An analysis using the National Family Health Survey (NFHS-5) factsheet data,"A BSTRACT Background: Institutional births ensure deliveries happen under the supervision of skilled healthcare personnel in an enabling environment. For countries like India, with high neonatal and maternal mortalities, achieving 100% coverage of institutional births is a top policy priority. In this respect, public health institutions have a key role, given that they remain the preferred choice by most of the population, owing to the existing barriers to healthcare access. While research in this domain has focused on private health institutions, there are limited studies, especially in the Indian context, that look at the enablers of institutional births in public health facilities. In this study, we look to identify the significant predictors of institutional birth in public health facilities in India. Method: We rely on the National Family Health Survey (NFHS-5) factsheet data for analysis. Our dependent variable (DV) in this study is the % of institutional births in public health facilities. We first use Welch’s t -test to determine if there is any significant difference between urban and rural areas in terms of the DV. We then use multiple linear regression and partial F-test to identify the best-fit model that predicts the variation in the DV. We generate two models in this study and use Akaike’s Information Criterion (AIC) and adjusted R 2 values to identify the best-fit model. Results: We find no significant difference between urban and rural areas ( P = 0.02, α =0.05) regarding the mean % of institutional births in public health facilities. The best-fit model is an interaction model with a moderate effect size (Adjusted R2 = 0.35) and an AIC of 179.93, lower than the competitive model (AIC = 183.56). We find household health insurance (β = -0.29) and homebirth conducted under the supervision of skilled healthcare personnel (β = -0.56) to be significant predictors of institutional births in public facilities in India. Additionally, we observe low body mass index (BMI) and obesity to have a synergistic impact on the DV. Our findings show that the interaction between low BMI and obesity has a strong negative influence (β = -0.61) on institutional births in public health facilities in India. Conclusion: Providing households with health insurance coverage may not improve the utilisation of public health facilities for deliveries in India, where other barriers to public healthcare access exist. Therefore, it is important to look at interventions that minimise the existing barriers to access. While the ultimate objective from a policy perspective should be achieving 100% coverage of institutional births in the long run, a short-term strategy makes sense in the Indian context, especially to manage the complications arising during births outside an institutional setting.",Priority B - manual review,Did not pass earlier high-specificity screen; manual review required before exclusion,,,,Unclear,Financing mechanism/function appears in abstract but is not explicit in title,Medium,Exclude,Does not meet primary financing-approach synthesis criteria at title/abstract stage
9572,W4382723810,2023,"Eleven-Year Trends in Lipid-Modifying Medicines Utilisation and Expenditure in a Low-Income Country: A Study from the Republic of Srpska, Bosnia and Herzegovina","Background: In last two decades, there have been substantial changes in the pattern of lipid-modifying medicines utilisation following the new treatment guidelines based on clinical trials. The main purpose of this study was to analyse the overall utilisation and expenditure of lipid-modifying medicines in the Republic of Srpska, Bosnia and Herzegovina during an 11-year follow-up period and to express its share in relation to the total cardiovascular medicines (C group) utilisation. Methods: In this retrospective, observational study, medicines utilisation data were analysed between 2010 and 2020 period using the ATC/DDD methodology and expressed as the number of DDD/1000 inhabitants/day (DDD/TID). The medicines expenditure analysis was used to estimate the annual expenditure of medicines in Euro based on DDD. Results: During the analysed period, the use of lipid-modifying medicines increased almost 3-times (12.82 DDD/TID in 2010 vs 34.32 DDD/TID in 2020), with a rise in expenditure from 1.24 million Euro to 2.15 million Euro in the same period. This was mainly driven by an increased use of statins with 163.07%, and among these, rosuvastatin increased more than 1500-fold, and atorvastatin with 106.95% increase. With the appearance of generics, simvastatin showed a constant decline, while the other lipid-modifying medicines in relation to the total utilisation had a neglecting increase. Conclusion: The use of lipid-modifying medicines in the Republic of Srpska has constantly increased and strongly corresponded to the adopted treatment guidelines and the positive medicines list of health insurance fund. The results and trends are comparable with other countries, but still the utilisation of lipid-lowering medicines represents the smallest share of total medicines use for the treatment of cardiovascular diseases, compared to high-income countries.",Priority B - manual review,Did not pass earlier high-specificity screen; manual review required before exclusion,,,,Unclear,Financing mechanism/function appears in abstract but is not explicit in title,Medium,Exclude,Does not meet primary financing-approach synthesis criteria at title/abstract stage
7429,W3138197880,2021,Impact of National Health Mission of India on Infant and Maternal Mortality: A Logical Framework Analysis,"Background: Since independence, life expectancy has increased substantially in India, but the goal of health-for-all has not been achieved yet. Hence, National Rural Health Mission was launched in 2005, and several strategies were implemented to strengthen the health system. Impact evaluation of the mission was done to learn lessons for future health planning. Materials and Methods: Logical evaluation framework was used to examine input, output and impact indicators systematically using time series data from Health Management Information System, National Family Health Surveys, National Sample Surveys and Sample Registration Scheme. Findings: After launch of the mission, fund allocation has increased nearly five times. The number of auxiliary nurse midwives has doubled, and the number of nurses has trebled. The number of accredited social health activists has increased to about one million. Institutional deliveries have increased from 38.7% in 2005–2006 to 78.9% in 2015–2016. Full immunisation coverage has increased from 43.5% to 62%. Oral rehydration solution (ORS) use in childhood diarrhoea has increased from 26% to 51%. Infant mortality rate has declined from 58 in 2005 to 33 per 1,000 live births in 2017 and maternal mortality ratio has also registered a decline from 254 in 2004–2006 to 122/100000 live births in 2015–2017. However, out-of-pocket health expenditure continues to be fairly high (69.3% of the total expenditure on health). Conclusions: Though National Health Mission has made a significant impact, the goal of universal care coverage is not yet fully achieved. Hence, capacity of health system needs to be trebled by a substantial increase in fund allocation.",Priority B - manual review,Did not pass earlier high-specificity screen; manual review required before exclusion,,,,Unclear,Financial-protection/expenditure signal without explicit financing approach in title,Medium,Map only,Relevant to broader UHC/health-system knowledge map but not primary financing-approach synthesis
1103,W1498073093,2009,Epidemiological study of school performance and asthma medications among asthmatic Egyptian school children,"Background: Childhood asthma is a major health problem in Egypt and worldwide. Barriers to reducing the burden of asthma include symptom-based rather than disease-based approaches, tendency of care to be ‘‘acute’’ rather than “regular” and cultural attitudes towards drugs and drug delivery systems. Objective: To measure the disease effect on school performance and to map asthma medications with respect to types, routes and course of use. Methods: This cross sectional study involved 206 Cairene asthmatic school children, enrolled from the school students’ health insurance facility of El-Matareya Teaching Hospital and the pediatric outpatient clinic of Saint Mark Charity Hospital representing different social classes and residential locations. Their ages ranged between 5 and 15 years and they comprised 100 males and 106 females. They were assessed clinically and by peak expiratory flowmetry. Parents or caregivers were interviewed about disease symptoms, school achievement and attendance and medications used including relievers and controllers, route and course of use, whether continuously, intermittently and/or during attacks. Results: Asthma had a strong impact on school achievement and school absence; 77.3% of study population reported school absence due to asthma and 41.3% reported weak to average school achievement. School performance was associated with asthma severity; the majority of moderate asthmatics (64.6%) had average and weak school performance. Number of days of school absence demonstrated highly significant relation with asthma severity; 43.6% of moderate asthmatics had 5-6 absent days/month and 33.4% had 3-4 absent days/month. Combined β2-agonists and xanthines was the most commonly used (54.8%) reliever therapy followed by β2-agonists alone (44.2%) while corticosteroids were the most common controllers used (97.6%). Therapy was taken mainly by oral than inhalation route. Other medications like cromolyns, anti-histamines, anti-leukotrienes and anti-cholinergics were rarely used. Both rectal and injection routes were rarely used also. Conclusion: Asthma has a social burden on asthmatic children as it affects both school achievement and school attendance. Medical management of asthma in Egyptian children still lags behind available medical knowledge. Patients’ and health care givers’ education is a cornerstone in improving the current status of asthma management in Egypt.   Keywords:  asthma medications; asthma severity; children; school performance   Egypt J Pediatr Allergy Immunol  2009;7(1):23-32",Priority B - manual review,Did not pass earlier high-specificity screen; manual review required before exclusion,,,,Unclear,Financing mechanism/function appears in abstract but is not explicit in title,Medium,Exclude,Does not meet primary financing-approach synthesis criteria at title/abstract stage
2688,W1600575885,2014,"Balancing Demand, Quality and Efficiency in Nigerian Health Care Delivery System","The health sector is crucial to growth and development of a nation. Despite sound policies and interventions to develop the Nigerian health sector, it has witnessed several challenges that continue to reduce the progress and achievement of universal access to health care. Some of the factors that affect the overall performance of the health system include; inadequate health facilities/structure, poor human resources and management, poor remuneration and motivation, lack of fair and sustainable health care financing, unequal economic and political relations, the neo-liberal economic policies of the Nigerian state, corruption, illiteracy, very low government spending on health, high out-of-pocket expenditure in health and absence of integrated system for disease prevention, surveillance and treatment, inadequate mechanisms for families to access health care, shortage of essential drugs and supplies and inadequate supervision of health care providers are among some of the persistent problems of the health system in Nigeria .  This paper looks at the enormity of the problems and recommends policy options vital to addressing the problems in order to attain the equilibrium in demand, quality and efficiency in the health care delivery system in Nigeria.    Keywords : Demand, Quality, efficiency, health care system, Nigeria",Priority B - manual review,Did not pass earlier high-specificity screen; manual review required before exclusion,,,,Unclear,Financing mechanism/function appears in abstract but is not explicit in title,Medium,Map only,Relevant to broader UHC/health-system knowledge map but not primary financing-approach synthesis
13747,W7160014389,2026,MODELLING CHILDHOOD MORTALITY PATTERNS IN NIGERIA: INSIGHTS FROM 2024 NATIONAL SURVEY DATA,"Childhood mortality remains a major public health concern in Nigeria, with persistent regional disparities and uneven progress in child survival outcomes. This study examines the determinants and spatial distribution of childhood mortality using data from the 2024 national demographic survey. A Negative-Binomial Zero-inflated geo-additive regression modelling approach was applied to account for overdispersion, excess zero counts, nonlinear relationships, and spatial dependence in child death outcomes. Vital socioeconomic, demographic, and healthcare-related predictors were included in the analysis. The results show significantly higher childhood mortality risk in the North-West and North-East, as well as in selected southern states, compared with the North-Central region. Also, higher maternal education, richer household, health insurance enrolment, modern transportation to health facilities, and urban place of residence are associated with increased child survival at the 5% significance level. Moreover, the age of the mother, age at first birth, and parity show nonlinear effects, suggesting complex reproductive health patterns. Spatial clustering of mortality is evident, especially in northern states. These findings suggest that reducing childhood mortality in Nigeria requires coordinated efforts that address socioeconomic inequalities, improve access to quality healthcare, and target high-risk regions. Policies promoting female education, expanded health insurance coverage, and improved healthcare infrastructure are recommended.",Priority B - manual review,Did not pass earlier high-specificity screen; manual review required before exclusion,,,,Unclear,Financing mechanism/function appears in abstract but is not explicit in title,Medium,Exclude,Does not meet primary financing-approach synthesis criteria at title/abstract stage
11351,W4410038890,2025,Evaluation of Mindset of Medical Students of Western India Regarding Health Protection and Disease Prevention,"Background: Cardiovascular disease, obesity, and diabetes are now among the most prevalent and preventable health problems. These diseases have been strongly associated with unhealthy lifestyle habits, including inappropriate nutrition, lack of exercise, smoking, alcohol consumption, overuse of caffeine, and improper sleeping. Research increasingly demonstrates how strongly people’s thoughts and feelings about health affect their behaviors and outcomes. Hence, we conducted this study with the following objectives: (1) to evaluate the knowledge, beliefs, attitudes, and practices of participants regarding recommendations about sleep, nutrition, and prevention of common communicable and noncommunicable diseases, (2) to find out reasons for common addictions, (3) to assess preparedness for their future health care needs, and (4) to find out the association between demographic variables and core study outcomes. Materials and Methods: A cross-sectional study was conducted among 324 MBBS students of one medical college in Gujarat. Results: Twenty-eight percent of students were taking recommended hours of sleep. Sixty-two percent and 39% of students were doing any physical exercise and meditation, respectively. Only 67% and 7% had correct knowledge of the recommended daily intake of milk and vegetables, respectively. Only 33% included the protein-rich source in the daily diet for more than three times per week. About three-fourths (75%) had a wrong belief that nonvegetarian food contains more protein than pulses, even being medical students. Still 35% of students did not have knowledge that which type of fat is harmful to the body. Ninety-five percent of students had knowledge of the importance of BMI. Only 57% of participants were routinely wearing helmets while riding a two-wheeler. Only 43% had correct knowledge of recommended daily salt intake and 78% were consuming salt above the recommended levels. About 96% were eating junk food at least once a week. Still, 5% of participants do not routinely wash their hands with soap and water after using the washroom. Surprisingly, 13% participants were sharing razors either with their friends or family members and 6.5% had unprotected intercourse once at least with a person other than their spouse. Ninety percent were applying personal protective measures for prevention against mosquito bites. Only 57% participants had purchased any health insurance. A statistically significant association was found between an increase in formal training years of MBBS and correct knowledge of recommended sleep hours, salt intake, type of fat harmful to the body, and knowledge that diabetes mellitus may be present without any symptoms individually. As the years of formal training of MBBS increase, their practices of unprotected intercourse decrease, and routine use of helmets while riding two-wheelers increases. Conclusion: Nearly 60% students were following any of practices to maintain mental health. Up to two-thirds had knowledge of the recommended daily intake of fruit, vegetables, and milk. Only one-third participants had included any protein-rich source in their daily diet for more than three times per week. Still, 5% do not routinely wash hands with soap and water after using the washroom. 13% participants were sharing razors and 6.5% had unprotected intercourse at least once. Only 57% participants were routinely wearing helmets while riding a two-wheeler. Ninety-six percent were eating junk food at least once a week. Only 57% participants had purchased any health insurance. With the increase in formal training years of MBBS, knowledge of recommended sleep hours, salt intake, type of fat harmful for the body, and practice of routine use of a helmet while riding two-wheeler increases in addition to a decrease in practices of unprotected intercourse.",Priority B - manual review,Did not pass earlier high-specificity screen; manual review required before exclusion,,,,Unclear,Financing mechanism/function appears in abstract but is not explicit in title,Medium,Exclude,Does not meet primary financing-approach synthesis criteria at title/abstract stage
3527,W2410649924,2015,[How to optimize the efficiency of international sanitary aid in the Democratic Republic of Congo].,"Analysis of national health insurance accounts in the Democratic Republic of Congo (DRC) clearly shows the importance of international sanitary aid, particularlyfor thefunding ofgeneral referral hospitals, the management of inpatients with AIDS, administration of health zones andfunding of preventive care providers. It The targeted changes described in this article could possibly optimize the efficiency ofinternational aidfor the DRC population, mainly for disorders considered to be a health care priority (i.e. malaria, AIDS, tuberculosis) as well as in the fight against malnutrition. Recommendations target the implementation of procedures for control offood chain security, changes in lifestyle and dietary habits of the population but also comprise extensive restructuring of the health care administration. A dramatic change of the structure in charge of drug distribution as well as eradication of the transfer of part of public health structure income to public health administrative personnel could result in the allocation of significantfunds to thefight against the most important diseases. Better collaboration between the various departments in charge of health care professional training, together with enhanced responsibility of health care personnel is essential. Independent and respected non-governmental organizations should be involved in an audit process, targeting all aspects of the current DRC health system. Eventually, in an equal opportunity perspective, taking into consideration the very high degree of poverty ofDRC inhabitants, implementation of health insurance programmes, use ofgeneric drugs and generalization ofmicro-credit initiatives should also be implemented.",Priority B - manual review,Did not pass earlier high-specificity screen; manual review required before exclusion,,,,Unclear,Financing mechanism/function appears in abstract but is not explicit in title,Medium,Include,Meets primary financing-approach/UHC eligibility at title/abstract stage
14021,W7163516863,2026,Inclusivity in global research questionnaire.,"While the acute phase of the COVID-19 pandemic has passed, understanding the economic barriers to diagnostic access remains critical for future pandemic preparedness and universal health coverage. Implementing efficient testing modalities is crucial to achieving optimal value for both clients and healthcare providers. This study examines the cost and affordability of various SARS-CoV-2 antigen rapid-diagnostic-test modalities in Nigeria, Malawi, and Zimbabwe from a client perspective, providing a blueprint for future diagnostic strategies in Sub-Saharan Africa. Testing was offered for free through professional testing and self-testing in government or NGO-led primary healthcare centers across all countries, and in community pharmacies and drug stores in Nigeria. Data were collected from October 2022 to May 2023 through a survey of a random sample of adults visiting participating sites. The survey collected patient costs, including transportation, medical and non-medical expenses, and productivity loss. Affordability was assessed by the incidence of catastrophic health expenditure (defined as costs exceeding 10% of household income). The unit patient cost of testing in Nigeria, Malawi and Zimbabwe was $4.2, $2.7 and $2.7, respectively. In Nigeria, testing in community pharmacies and drug stores was cheaper than in primary healthcare centers. Self-testing cost less than professional testing in Nigeria ($1.3 versus $9.8), but more in Zimbabwe ($3.2 versus $2.3). In Malawi, Nigeria and Zimbabwe 40.6%, 28.6%, and 5.7% of clients, respectively, faced catastrophic health expenditures. SARS-CoV-2 antigen testing imposes a significant financial burden on clients. Even “free” testing carries high indirect costs that threaten diagnostic equity. Diversified testing modalities, such as community pharmacies and drug stores, may offer lower-cost options for sustainable diagnostic integration.",Priority B - manual review,Did not pass earlier high-specificity screen; manual review required before exclusion,,,,Unclear,Financial-protection/expenditure signal without explicit financing approach in title,Medium,Map only,Relevant to broader UHC/health-system knowledge map but not primary financing-approach synthesis
14464,W7202195899,2026,Innovative Strategies and Adaptations for Containment of the 2025 Sudan Virus Disease Outbreak in an Urban Setting in Uganda: Lessons for Preparedness and Response to Future Filovirus Outbreaks,"Urban outbreaks of Ebola present heightened risks of rapid amplification and cross-regional spread. On 30 January 2025, the Uganda Ministry of Health declared an Ebola Sudan virus disease (SVD) outbreak first identified in a fatal case at a national referral hospital in Kampala, one of East Africa’s most densely populated and highly connected urban centres. The source of the index infection, presumed to be a zoonotic spillover event, was not established. Despite high transmission risk and major disruptions in global health financing, the outbreak was rapidly contained. We analysed the response to identify innovations and system adaptations that enabled control and to derive lessons for future preparedness in resource-constrained settings. We conducted a retrospective implementation analysis using a structured review of national and district response plans, situation reports, laboratory and surveillance summaries, early and after-action review reports, policies, and standard operating procedures generated during the 2025 SVD response. Data were analysed using a framework-based thematic analysis organised around the World Health Organization (WHO) Strategic Preparedness and Response Plan (SPRP) response pillars, to identify innovations and intensified adaptations of existing approaches. The outbreak was limited to 14 cases (12 confirmed, 2 probable) across seven districts, with two deaths among confirmed cases (confirmed-case fatality rate 16.7% (2/12; 95% CI 4.7–44.8)) and all confirmed cases admitted to Ebola Treatment Units survived. Key implementation innovations included institutional quarantine of all identified contacts; decentralisation and early deployment of mobile laboratory services and district laboratory response teams; rapid deployment of candidate therapeutics and vaccines through pre-approved research readiness platforms; use of a real-time digital 4 W (who, what, where, and when) coordination and partner mapping dashboard; and intensified mortality surveillance linked to rapid laboratory confirmation. Despite mobilising only 29% of the estimated response budget (USD 16 million of an estimated USD 56 million required), coordinated resource allocation enabled rapid interruption of transmission. Preparedness investments, aggressive contact containment, intensified mortality surveillance, research readiness, and digital coordination enabled rapid control of an urban SVD outbreak in a resource-constrained setting. These findings support institutionalising mortality-led surveillance, domestic emergency financing, research readiness, and establishing institutional quarantine of contacts as default policy for filovirus outbreaks in dense urban settings.",Priority B - manual review,Did not pass earlier high-specificity screen; manual review required before exclusion,,,,Exclude,Paratext/artifact,High,Exclude,Does not meet primary financing-approach synthesis criteria at title/abstract stage
6276,W2996840992,2019,Impact of Educational Program about Iron Chelation Therapy on the Quality of Life for Thalassemic Children,"Background: Thalassemia is the most common genetic disorder in Egypt, It is measured a fetal disease if proper chelation treatment is not established. The introduction of chelating agents able to removing extreme iron from the body has noticeably increased life expectancy time and improving the in general quality of life. the study aimed to identify the impact of an educational program about iron chelation therapy on the QoL for thalassemic children.Quasi-experimental research design was used , a convenient sample of 50 thalassemic children on chelation therapy, and their family caregiver at the pediatrics outpatient department at the Health Insurance Agency Hospital in Damietta city for 12 months from April 2015 to April 2016. The tools of data collection were an interview questionnaire for knowledge, and the pediatric QoL tool, child and parent versions. The resultsrevealed that there were statistically significant improvement of children's knowledge with P-value = 0.001. Subsequently, statistically significant improvement of children's quality of life at follow up compared with pre-intervention phase. The study recommended repetition of this research on large sample and in various places in Egypt and make the children with Thalassemia the focus of the health care team through designing several educational program and update posters and procures that improving their knowledge and then and then release improve in the quality of life of thalassemic children.",Priority B - manual review,Did not pass earlier high-specificity screen; manual review required before exclusion,,,,Unclear,Financing mechanism/function appears in abstract but is not explicit in title,Medium,Exclude,Does not meet primary financing-approach synthesis criteria at title/abstract stage
11951,W4411174038,2025,"Nurses’ perspectives and experience in caring for patients undergoing hemodialysis at Benjamin Mkapa hospital in Dodoma, Tanzania: A qualitative study","BACKGROUND: Caring for patients undergoing hemodialysis is a challenge for nurses. Poor quality of care in hemodialysis is reported to have a significant contribution to the high mortality rate among patients. Improving the health outcomes of the patient requires an in-depth exploration of the perspectives and views of nurses working in the hemodialysis unit. However, there is a paucity of information regarding the perspectives and experiences of nurses working in Hemodialysis units, particularly in resource-constrained countries like Tanzania. This study aimed to explore the perspectives and experiences of nurses caring for patients undergoing hemodialysis. MATERIALS AND METHODS: An explorative qualitative study was conducted among nurses working in Hemodialysis units at Benjamin Mkapa Hospital in Dodoma, Tanzania. A purposive sampling method was used to select the participants. Ten in-depth interviews were conducted using a semi-structured interview guide and an audio recorder as the main data collection tools. A thematic analysis approach was used to analyze the data. FINDINGS: Three themes and the associated subthemes emerged from this study. 1) Conducive environments for the provision of nursing care 2) Challenges affecting hemodialysis care, and 3) Strategies for improving hemodialysis care. A good nurse-patient relationship, financial incentives, and availability of equipment facilitate the provision of care among patients. Treatment costs, problems in adhering to dialysis prescriptions, and staff shortages were the challenges affecting hemodialysis care. On the other hand, increasing dialysis centres, training nurses, and free health insurance coverage were strategies for improving hemodialysis care. CONCLUSION: The findings highlighted several key aspects related to the perspectives and experiences of providing nursing care for patients undergoing hemodialysis. The conducive working environment, coupled with financial incentives, is an important factor in improving nurses' care for patients undergoing hemodialysis. However, the high costs related to the utilization of hemodialysis services are the challenge to achieving better outcomes.",Priority B - manual review,Did not pass earlier high-specificity screen; manual review required before exclusion,,,,Unclear,Financing mechanism/function appears in abstract but is not explicit in title,Medium,Exclude,Does not meet primary financing-approach synthesis criteria at title/abstract stage
1372,W2066800590,2010,International involvement and national health governance: The basic benefit package in Tajikistan,,Priority B - manual review,Did not pass earlier high-specificity screen; manual review required before exclusion,,,,Exclude,No substantive financing approach/UHC-financing signal,High,Include,Meets primary financing-approach/UHC eligibility at title/abstract stage
1845,W2120108463,2012,Mapping of initiatives to increase membership in mutual health organizations in Benin,"INTRODUCTION: Mutual health organizations (MHO) have been implemented across Africa to increase access to healthcare and improve financial protection. Despite efforts to develop MHOs, low levels of both initial enrolment and membership renewals continue to threaten their financial viability. The purpose of this study was to map initiatives implemented to increase the pool of MHO members in Benin. METHODS: A multiple case study was conducted to assess MHOs supported by five major promoters in Benin. Three months of fieldwork resulted in 23 semi-structured interviews and two focus groups with MHO promoters, technicians, elected members, and health professionals affiliated with the MHOs. Fifteen non-structured interviews provided additional information and a valuable source of triangulation. RESULTS: MHOs have adopted a wide range of initiatives targeting different entry points and involving a variety of stakeholders. Initiatives have included new types of collective health insurance packages and efforts to raise awareness by going door-to-door and organizing health education workshops. Different types of partnerships have been established to strengthen relationships with healthcare professionals and political leaders. However, the selection and implementation of these initiatives have been limited by insufficient financial and human resources. CONCLUSIONS: The study highlights the importance of prioritizing sustainable strategies to increase MHO membership. No single MHO initiative has been able to resolve the issue of low membership on its own. If combined, existing initiatives could provide a comprehensive and inclusive approach that would target all entry points and include key stakeholders such as household decision-makers, MHO elected members, healthcare professionals, community leaders, governmental authorities, medical advisors, and promoters. There is a need to evaluate empirically the implementation of these interventions. Mechanisms to promote dialogue between MHO stakeholders would be useful to devise innovative strategies, avoid repeating unsuccessful ones, and develop a coordinated plan to promote MHOs.",Priority B - manual review,Did not pass earlier high-specificity screen; manual review required before exclusion,,,,Include,Explicit financing mechanism/approach in title with target-setting and evaluative/UHC relevance,High,Include,Meets primary financing-approach/UHC eligibility at title/abstract stage
497,W2103392622,2004,Paying for Health Services in East Africa: A Research Note,,Priority B - manual review,Did not pass earlier high-specificity screen; manual review required before exclusion,,,,Map only,Relevant to UHC/health-system knowledge map but no explicit financing-approach evaluation,High,Include,Meets primary financing-approach/UHC eligibility at title/abstract stage
10221,W4413519062,2024,Effect Of Nursing Care Management on Pain Intensity Among Adult Patients Undergoing Chemotherapy,"Background: Cancer remains among the most common serious health problems and the second leading cause of death globally, affecting millions of people worldwide. The purpose of the present study is to examine effect of nursing care management on pain intensity among adult patients undergoing chemotherapy introduction. Design: A quasi-experimental research design was utilized. Setting: The study was conducted in the Department of Clinical Oncology and Nuclear Medicine at Menoufia University Hospital and El Helal Hospital - Menoufia Health Insurance, Egypt. Sample: A consecutive sample of 170 adult patients, diagnosed with cancer, had either planned for or received chemotherapy treatment. They were divided randomly into two equal groups, with eighty-five patients in each group. two instruments were used in data collection; 1) A Structured Interviewing Questionnaire, 2) A 10-point horizontal visual analog pain scale. Results: The mean total pain intensity was 6.72±1.29 for study group and 6.67±1.62 for control group that was highly significantly decreased to 4.82± 0.902 among study group versus to 6.78±1.54 for control group during follow-up. Conclusion: The study revealed that implementing a nursing care protocol had a positive impact on reducing pain intensity among patients. Recommendation: To promote their participation in chemotherapy education programs, with a strong focus on pain self-efficacy to empower them in managing pain and promoting sense of control.",Priority B - manual review,Did not pass earlier high-specificity screen; manual review required before exclusion,,,,Unclear,Financing mechanism/function appears in abstract but is not explicit in title,Medium,Exclude,Does not meet primary financing-approach synthesis criteria at title/abstract stage
8337,W4220984734,2022,Challenges and Suggestions to Promote Maternal Service Provision and Utilization Under the Free Maternal Health Policy in Ghana: Perspectives of Health Directors and Facility Managers,,Priority B - manual review,Did not pass earlier high-specificity screen; manual review required before exclusion,,,,Map only,Relevant to UHC/health-system knowledge map but no explicit financing-approach evaluation,High,Include,Meets primary financing-approach/UHC eligibility at title/abstract stage
416,W7131386365,2003,"Microfinance Services and Their Impact on Healthcare Access Among Urban Nigerian Entrepreneurs,","Microfinance services have been introduced in Nigeria to support entrepreneurs, but their impact on healthcare access among urban Nigerian entrepreneurs is not well understood. A mixed-methods approach will be employed, combining qualitative interviews with quantitative data analysis using logistic regression models. Microfinance clients reported a significant increase in healthcare spending compared to non-clients (odds ratio = 1.5, CI: 1.2-1.8). Microfinance services appear to enhance the financial capacity of urban Nigerian entrepreneurs, thereby improving their access to healthcare. Policy makers should consider integrating microfinance into healthcare financing mechanisms to further support urban entrepreneurship and health outcomes. microfinance, healthcare access, urban Nigeria, logistic regression, mixed-methods",Priority B - manual review,Did not pass earlier high-specificity screen; manual review required before exclusion,,,,Unclear,Financing mechanism/function appears in abstract but is not explicit in title,Medium,Include,Meets primary financing-approach/UHC eligibility at title/abstract stage
7609,W3165496212,2021,Empanelment of health care facilities under Ayushman Bharat Pradhan Mantri Jan Arogya Yojana (AB PM-JAY) in India,"INTRODUCTION: India's Pradhan Mantri Jan Arogya Yojana (PM-JAY) is the world's largest health assurance scheme providing health cover of 500,000 INR (about USD 6,800) per family per year. It provides financial support for secondary and tertiary care hospitalization expenses to about 500 million of India's poorest households through various insurance models with care delivered by public and private empanelled providers. This study undertook to describe the provider empanelment of PM-JAY, a key element of its functioning and determinant of its impact. METHODS: We carried out secondary analysis of cross-sectional administrative program data publicly available in PM-JAY portal for 30 Indian states and 06 UTs. We analysed the state wise distribution, type and sector of empanelled hospitals and services offered through PM-JAY scheme across all the states and UTs. RESULTS: We found that out of the total facilities empanelled (N = 20,257) under the scheme in 2020, more than half (N = 11,367, 56%) were in the public sector, while 8,157 (40%) facilities were private for profit, and 733 (4%) were private not for profit entities. State wise distribution of hospitals showed that five states (Karnataka (N = 2,996, 14.9%), Gujarat (N = 2,672, 13.3%), Uttar Pradesh (N = 2,627, 13%), Tamil Nadu (N = 2315, 11.5%) and Rajasthan (N = 2,093 facilities, 10.4%) contributed to more than 60% of empanelled PMJAY facilities: We also observed that 40% of facilities were offering between two and five specialties while 14% of empanelled hospitals provided 21-24 specialties. CONCLUSION: A majority of the hospital empanelled under the scheme are in states with previous experience of implementing publicly funded health insurance schemes, with the exception of Uttar Pradesh. Reasons underlying these patterns of empanelment as well as the impact of empanelment on service access, utilisation, population health and financial risk protection warrant further study. While the inclusion and regulation of the private sector is a goal that may be served by empanelment, the role of public sector remains critical, particularly in underserved areas of India.",Priority B - manual review,Did not pass earlier high-specificity screen; manual review required before exclusion,,,,Include,Explicit financing mechanism/approach in title with target-setting and evaluative/UHC relevance,High,Include,Meets primary financing-approach/UHC eligibility at title/abstract stage
4861,W2612158600,2018,"Medicines Distribution, Regulatory Privatisation, Social Welfare Services and Financing Alternatives","The strategy of price liberalisation and privatisation had been implemented in Sudan over the last decade, and has had a positive result on government deficit. The investment law approved recently has good statements and rules on the above strategy in particular to pharmacy regulations. Under the pressure of the new privatisation policy, the government introduced radical changes in the pharmacy regulations. To improve the effectiveness of the public pharmacy, resources should be switched towards areas of need, reducing inequalities and promoting better health conditions. Medicines are financed either through cost sharing or full private. The role of the private services is significant. A review of reform of financing medicines in Sudan is given in this study. Also, it highlights the current drug supply system in the public sector, which is currently responsibility of the Central Medical Supplies Public Corporation (CMS). In Sudan, the researchers did not identify any rigorous evaluations or quantitative studies about the impact of drug regulations on the quality of medicines and how to protect public health against counterfeit or low quality medicines, although it is practically possible. However, the regulations must be continually evaluated to ensure the public health is protected against by marketing high quality medicines rather than commercial interests, and the drug companies are held accountable for their conduct.",Priority B - manual review,Did not pass earlier high-specificity screen; manual review required before exclusion,,,,Unclear,Financing mechanism/function appears in abstract but is not explicit in title,Medium,Include,Meets primary financing-approach/UHC eligibility at title/abstract stage
7635,W3172360801,2021,Hurdles in quality neonatal health care provision in an urban city of India: providers’ perspective - a cross sectional study,"Background: Improving the quality of neonatal intensive care should be an important health policy priority. A formal assessment of barriers and priorities for quality improvement has not been undertaken.Objectives: To identify various barriers in the neonatal intensive care unit (NICU) hindering the provision of quality neonatal care as identified by clinicians working in the NICU.Study population: Doctors working in the Level 2 and Level 3 NICUs, Hyderabad.Study duration: One year from November 2018 to November 2019.Study design: Cross-sectional study.Method: Questionnaires were distributed to each eligible clinician working in level 2 and level 3 NICUs. Completed questionnaires were collected back within one week.Results: Most of the respondents identified family inability to pay (63, 83%), lack of health insurance (52, 68%) as the principal barriers to quality health care provision. Poor remuneration (35, 46%) and team member burnout were pointed out as institutional barriers to quality care.Conclusions: In this study, clinicians identified family inability to pay and lack of health insurance as the principal clinical barriers to quality health care provision. They also identified poor remunerationand team member burnout as the principal institutional barriers to quality care.Sri Lanka Journal of Child Health, 2021; 50(2): 228-232",Priority B - manual review,Did not pass earlier high-specificity screen; manual review required before exclusion,,,,Unclear,Financing mechanism/function appears in abstract but is not explicit in title,Medium,Map only,Relevant to broader UHC/health-system knowledge map but not primary financing-approach synthesis
12355,W4414093336,2025,The Impact of Healthcare Subsidies on Health Outcomes and Labor Productivity in Low-Income Populations,"In this paper, we will describe how healthcare subsidy can be used to enhance health outcomes and labor productivity of the low-income population. The paper relies on conceptual frameworks such as Grossman Health Capital Model, the impact of subsidies on financial access to care, improving morbidity and mortality, and increasing the participation of the workforce. Based on international examples, such as the Affordable Care Act of the United States, the National Health Insurance Scheme of Ghana, the Rashtriya Swasthya Bima Yojana in India, the Universal Coverage Scheme of Thailand, and the Community-Based Health Insurance of Rwanda, the analysis identifies positive effects of subsidies on the use of preventive care, minimized catastrophic health spending and greater labour market efficiency. It has been proven through empirical evidence that increased access to healthcare not only increases individual well-being but also decreases absenteeism, increases productivity and contributes to economic growth. Inequality in distribution, red tape and failure to access vulnerable populations, nonetheless, remain a challenge. Recommendations on policy include consolidation between health and labour policies, streamlining of enrolment, progressive financing and enhancement of monitoring and evaluation. The report further argues that healthcare subsidies could be an important tool in promoting health equity, workforce productivity, and sustainable economic growth when used appropriately in a low-income environment.",Priority B - manual review,Did not pass earlier high-specificity screen; manual review required before exclusion,,,,Unclear,Financing mechanism/function appears in abstract but is not explicit in title,Medium,Exclude,Does not meet primary financing-approach synthesis criteria at title/abstract stage
5494,W2900697433,2018,"Maternal health care access among migrant women labourers in the selected brick kilns of district Faridabad, Haryana: mixed method study on equity and access","BACKGROUND: Socio-economic inequity leads to health inequity. Inequity is closely intertwined with internal migration. This study was planned with the objective of documenting the maternal health care utilization among women labourers working in brick kilns situated in an area of Haryana, north India. METHODS: A community based mixed method study was done in select brick kilns of Faridabad district in north India. A mixed method study was done to assess maternal health care utilization in a sample of 500 women in the reproductive age group. Focus group discussions were also carried out. Descriptive analysis was done. Qualitative data was analysed using the thematic framework approach. RESULTS: The mean age of the women was 30 (SD 0.3) years. Mean number of pregnancies per woman was 3.1 (SD 1.7). Only 22.9% ever had institutional delivery. About one third of women had ever received cash benefit under Janani SurakshaYojana (JSY) or had ever used free ambulance services. Seven major themes emerged from the qualitative analysis. Important themes include-Gaps in knowledge regarding local health system; Sub-standard private health care delivered at brick kilns prevent migrants from accessing the basic public health services; Misconceptions and mistrust about public health system influenced maternal health care utilization; Barriers to avail universal health coverage: location of brick kilns, time, apathy of public health system, partial health insurance cover. CONCLUSIONS: A typical migrant woman labourer in the brick kiln was an illiterate, had migrated from poor states, belonged to a socially disadvantaged community and worked long hours, and had been doing so for many years. This study has identified migrant women working in brick kilns as a vulnerable population subgroup in terms of maternal health utilization. To achieve universal health care it is important to understand the needs of all population subgroups and make concerted efforts at the health system level.",Priority B - manual review,Did not pass earlier high-specificity screen; manual review required before exclusion,,,,Unclear,Financing mechanism/function appears in abstract but is not explicit in title,Medium,Map only,Relevant to broader UHC/health-system knowledge map but not primary financing-approach synthesis
8931,W4309930774,2022,Veracity of universal health coverage of maternal and neonatal health care among slum dwellers in a metropolitan city of India – Factors aiding access to and cost of availing these services to the poorest household,"Background Maternal, newborn and child essential health services are used as tracer indicators for monitoring universal health coverage among countries. This study aims to measure accessibility, factors aiding access, its associated cost of maternal and neonatal health services (M&NHS) among slum dwellers of Chennai. Methodology Cross sectional study design with cluster sampling using Probability Proportion Sampling. The study participants were mothers with at least one child delivered alive in the preceding one year. Result Most women availed antenatal and intranatal services (99% had ten antenatal visits, institutional delivery, immunization, 88.5% had two USG) while Postnatal services was low (34%). Women preferred combination of public and private facility for antenatal out-patient (80%), private for postnatal in-patient (66.7%) and public facilities for intranatal (90%) services. Influencing factor for public facility was free services and claiming cash benefit, for private it was perceived good care and physical proximity. Out of pocket expenditure was highest among users of private facility. Households with catastrophic expenditure were 54.2% (95% CI: 50.03%–58.37%). Use of exclusive private facility had highest risk (OR 60.7 and 73.8) of catastrophic expenditure. Conclusion Although every woman availed M&NHS, proportion of households facing catastrophic health expenditure was high especially among those using private health facilities. This gap in provision of financial risk protection may push households into eternal poverty and fails the effort to achieve Universal Health Coverage for the poorest.",Priority B - manual review,Did not pass earlier high-specificity screen; manual review required before exclusion,,,,Unclear,Financial-protection/expenditure signal without explicit financing approach in title,Medium,Include,Meets primary financing-approach/UHC eligibility at title/abstract stage
7303,W3132307078,2021,COVID-19 in Nigeria,"Drawing on the reactions of local experts in public health and health finance, this article traces the course of the pandemic in Nigeria, and discusses the measures taken to contain it, public compliance or non-compliance with those measures, and the inadequacy and underfunding of infection prevention methods. The article also assesses the pandemic situation in Port Harcourt and the thriving black market for food and other items on the Okike waterfront. The author asks whether the pandemic might be an opportunity to reorganise the Nigerian health care system, but is not optimistic.",Priority B - manual review,Did not pass earlier high-specificity screen; manual review required before exclusion,,,,Exclude,No substantive financing approach/UHC-financing signal,High,Unclear,Insufficient title/abstract information; requires full-text or additional metadata
13679,W7154852777,2026,Cancer Surgery at a Cost: Understanding Financial Toxicity Among Patients in Pakistan,,Priority B - manual review,Did not pass earlier high-specificity screen; manual review required before exclusion,,,,Exclude,Not health financing focus,High,Unclear,Insufficient title/abstract information; requires full-text or additional metadata
12642,W7105925503,2025,ECONOMIC EFFECT OF HEALTH POLICIES ON NATIONAL GROWTH (1999-2024),"This study examined the effect of health policies on national growth (1999-2024). The study was a time series thereby employing Secondary data sourced from the Central Bank of Nigeria (CBN) Statistical bulletin 2024 and World Development Index 2024. The data were subjected to unit root diagnostic test to determine whether they are stationarity or otherwise. The data were integrated of order 1(0) and 1(1). Therefore, the Autoregressive Distributed Lag (ARDL) model was adopted, the Error Correction Model (ECM) technique was also adopted to check for the cointegration. The study reported a long run relationship between economic growth and health expenditures instruments. The findings of the study reveals that there is a positive relationship between life expectancy rate, unemployment rate and health care ratio per capital on economic growth in Nigeria such that an increase in the value of the identified explanatory variables will lead to increase in economic growth in Nigeria. More so, the result reveals that domestic government health expenditure and domestic private health expenditure have negative relationship on economic growth in Nigeria which implies that an increase in the identified explanatory variables ill lead to decrease in economic growth in Nigeria. The study also reveals that all the explanatory variables (domestic government health expenditure, domestic private health expenditure, life expectancy rate, unemployment rate and health care ratio per capital) has significant impact on economic growth in Nigeria. The study concludes that healthcare expenditures tools influence economic growth in Nigeria and the paper recommends the federal government should enhance individual health spending ability (health insurance may be relevant here), increase budgetary allocation to health sector and monitor the implementation of heath sector budget to achieve sustainable economic growth",Priority B - manual review,Did not pass earlier high-specificity screen; manual review required before exclusion,,,,Unclear,Financing mechanism/function appears in abstract but is not explicit in title,Medium,Unclear,Insufficient title/abstract information; requires full-text or additional metadata
10893,W4402139974,2024,"Home visits versus fixed-site care by community health workers and child survival: a cluster-randomized trial, Mali","Objective: To test the effect of proactive home visits by trained community health workers (CHWs) on child survival. Methods: We conducted a two arm, parallel, unmasked cluster-randomized trial in 137 village-clusters in rural Mali. From February 2017 to January 2020, 31 761 children enrolled at the trial start or at birth. Village-clusters received either primary care services by CHWs providing regular home visits (intervention) or by CHWs providing care at a fixed site (control). In both arms, user fees were removed and primary health centres received staffing and infrastructure improvements before trial start. Using lifetime birth histories from women aged 15-49 years surveyed annually, we estimated incidence rate ratios (IRR) for intention-to-treat and per-protocol effects on under-five mortality using Poisson regression models. Findings: Over three years, we observed 52 970 person-years (27 332 in intervention arm; 25 638 in control arm). During the trial, 909 children in the intervention arm and 827 children in the control arm died. The under-five mortality rate declined from 142.8 (95% CI: 133.3-152.9) to 56.7 (95% CI: 48.5-66.4) deaths per 1000 live births in the intervention arm; and from 154.3 (95% CI: 144.3-164.9) to 54.9 (95% CI: 45.2-64.5) deaths per 1000 live births in the control arm. Intention-to-treat (IRR: 1.02; 95% CI: 0.88-1.19) and per-protocol estimates (IRR: 1.01; 95% CI: 0.87-1.18) showed no difference between study arms. Conclusion: Though proactive home visits did not reduce under-five mortality, system-strengthening measures may have contributed to the decline in under-five mortality in both arms.",Priority B - manual review,Did not pass earlier high-specificity screen; manual review required before exclusion,,,,Unclear,Financing mechanism/function appears in abstract but is not explicit in title,Medium,Exclude,Does not meet primary financing-approach synthesis criteria at title/abstract stage
6331,W2998468663,2019,Osimertinib as an emerging therapeutic modality in nonsmall cell lung cancer: Opportunities and challenges in Indian scenario,"Sir, Osimertinib is a third-generation, central nervous system (CNS)-active epidermal growth factor receptor (EGFR)-tyrosine kinase inhibitor (TKI), with selectivity against EGFR sensitizing as well as T790M mutation of EGFR.[1] The mono-anilino-pyrimidine framework, developed by AstraZeneca, targets double-mutant (activating mutation + T790M) form of EGFR resistant to first- and second-generation TKIs[2] [Figure 1]. Besides being approved in other countries for the specified indication, on August 9, 2018, it was granted import and marketing permission by the DCGI, to be used in advanced nonsmall cell lung cancer (NSCLC) patients with EGFR exon 19 deletion or exon 21 (L858R) mutations.[3] The commercially available form is distributed under the brand name Tagrisso© which is available at the strength of 40 or 80 mg.[3]Figure 1: Epidermal growth factor receptor pathway and mechanism of action of osimertinibOsimertinib binds irreversibly to the EGFR kinase, via the C797 amino acid covalent bond, accounting for its potent, highly selective inhibition.[1] The salient pharmacokinetic properties, including large tissue distribution, slow absorption, and moderate clearance, with favorable pharmacodynamic parameters are in accordance with its surge in therapeutic purposes.[4] It also demonstrated higher penetration into CNS compared to gefitinib, afatinib, or rociletinib in EGFR-mutated mouse brain metastasis model.[4] Osimertinib was found to be 200 times more potent against L858R/T790M than wild-type EGFR in vitro.[1] It possesses very low activity against additional kinases, such as ERBB2, ERBB4, ACK1, ALK1, BLK, BBK, MLK1, and MNK2.[1] Preliminary Phase III Trial (AURA III) indicated improvements in median progression-free survival (PFS) in osimertinib group (10.1 vs. 4.4 months, hazard ratio 0.30, P < 0.001), in patients of T790M-mutant advanced NSCLC in comparison with intravenous pemetrexed plus carboplatin or cisplatin for up to six cycles in 2:1 ratio.[2] The median PFS was also significantly higher in patients with CNS metastasis (n = 144) in osimertinib group.[2] However, Indian data on osimertinib are limited with one completed trial[5] and two trials on-going recently [Table 1]. Currently, a Phase III, randomized, double-blind multicenter clinical trial is being conducted in India (18 patients out of 200) as a subcenter.[6] The safety profile of osimertinib is also being assessed in an observational Phase IV study.[7]Table 1: Recent trials of osimertinib in IndiaIn many ways, this necessitates the development of an appropriate diagnostic test to identify the mutational status, especially in India where the annual incidence of lung cancer is 6.9% with majority attributed to NSCLC variety (80%–85%).[2] Interestingly, with the varying incidence of T790M mutation in India, a specific strategy adopted by AstraZeneca insists upon proper access to this diagnostic test. These include development of proper infrastructure, enlightening the medical and pathological experts of interest along with standardization of test quality through external quality assurance program.[8] Despite the impressive development of osimertinib, some pitfalls still persist. Detection of T790M mutation by serum-based circulating cell-free tumor DNA is a complex, costly procedure with high false-negative results.[9] Advancement of diagnostic modalities to address further mechanism of resistance to osimertinib, i.e., C797S mutation in exon 20, needs to be accomplished.[2] Finally, the price of Tagrisso© (INR 490,846 [$6998] for 30 tablets) might limit the significant patient pool affording this therapy with an impedance over further development of this molecule in India.[8] A recent study suggested that the reduction of osimertinib price by 20%–25% can be favorable on the basis of cost-effectiveness profile in most of the countries around the globe.[10] However, cost-sharing and risk-sharing approach may not be appropriate. Other measures such as managed entry agreement and compassionate access program can be adopted to ensure timely access to highly effective as well as an expensive drug like osimertinib.[10] Comments As a new molecule, osimertinib holds promising esteem in future on account of its effectiveness and safety. A dilemma still persists as the paradigm of lung cancer treatment is shifted toward acquiring novelty in the context of a financial limitation faced in countries like India. Engaging multiple stakeholders may be rational to curb out pressure on the patients, payers, and also drug manufacturers. Financial support and sponsorship Nil. Conflicts of interest There are no conflicts of interest.",Priority B - manual review,Did not pass earlier high-specificity screen; manual review required before exclusion,,,,Exclude,Clinical/costing only,High,Exclude,Does not meet primary financing-approach synthesis criteria at title/abstract stage
8604,W4283709959,2022,"KNOWLEDGE AND PRACTICE OF CERVICAL CANCER SCREENING AMONG WOMEN VISITING SPECIALIST HOSPITAL JALINGO, TARABA STATE","Over the past several years, the incidence of cervical cancer in Nigeria has been on increase that is mainly attributed to lack of awareness and ineffective screening and prevention strategies employed. Meanwhile, in Taraba State, women’s knowledge of cervical cancer is very limited. It has been demonstrated that the vast majority of women had not heard of cervical cancer and even more knew nothing about cervical cancer screening. It was in line with this back drop this paper assessed knowledge and practice of cervical cancer screening among women visiting specialist hospital Jalingo. The design adopted was a cross-sectional survey method and data collected were analyzed using descriptive statistics. The results showed that the sampled women visiting specialist hospital Jalingo have good knowledge of cervical cancer screening, but their ignorance about the screening, costs of the screening, lack of interest about the screening and poor attitude of the health care workers hindered them from accessing the cervical cancer screening service; it further showed that majority of the women visiting specialist hospital though have good knowledge of cervical cancer screening, but have little or low level of its practicability; the paper further identified ignorance of women about cervical cancer screening; expensive costs of the screening, lack of interest of women about the screening as the major challenges/barriers to accessibility of cervical cancer screening among women visiting specialist hospital Jalingo, Taraba State. It is therefore recommended that: more awareness on the need to educating women on the usage of the screening in order not to be ignorance of the cervical cancer screening. In addition, government should develop and incorporate into the National Health Insurance Scheme, a policy on free screening for cervical cancer since the high cost of the screening was found to be high among study participants.",Priority B - manual review,Did not pass earlier high-specificity screen; manual review required before exclusion,,,,Unclear,Financing mechanism/function appears in abstract but is not explicit in title,Medium,Exclude,Does not meet primary financing-approach synthesis criteria at title/abstract stage
6023,W2962561618,2019,"Health-related Issues among Brick Kiln Workers: A Cross-Sectional Study from Bijainagar and Bandanwara Area, Ajmer, Rajasthan","Brick kiln industry is an unorganised and seasonal industry in India. Brick workers live in unhygienic conditions. Brick kiln industry is a place full of hazards. Brick workers are directly and indirectly affected with hazards. A cross-sectional study was carried out in Bijainagar and Bandanwara area. This paper examined the socioeconomic status of workers, their living conditions, types of work, duration of work, job satisfaction, welfare facilities, reason of working in kiln, health status, and awareness among workers to identify the factors associated with safety of workers. Simple random sampling was used to select participants from each selected brick kiln. A total of 100 workers with at least one-year experience were selected for the study. The data were collected through face-to-face interview from structured questionnaire. The results revealed that maximum age group of workers were found in 26–35 years. Muscular pain and breathing problem were generally found among brick kiln workers. The working hours of workers were nearly 12 h. Their wages were distributed according to their activities in brick kiln. They have no health insurance, not aware about health. Poverty is the main reason to join brick kiln industry. Brick workers suffered from unhygienic living environment and unsafe work environment.         Keywords:    unhygienic conditions, random sampling, muscular pain, breathing problem      Cite this Article   Agarwal V, Dutta S. Health-related Issues among Brick Kiln Workers: A Cross-Sectional Study from Bijainagar and Bandanwara Area, Ajmer, Rajasthan.  Research & Reviews: A Journal of Health Professions . 2019; 9(2): 1–7p.",Priority B - manual review,Did not pass earlier high-specificity screen; manual review required before exclusion,,,,Unclear,Financing mechanism/function appears in abstract but is not explicit in title,Medium,Exclude,Does not meet primary financing-approach synthesis criteria at title/abstract stage
4897,W2801663927,2018,The sugar tax: A leadership issue for the dental profession and an opportunity to demonstrate that oral health is part of general health,"Taxation on sugar-sweetened beverages (SSBs) is increasingly being implemented by governments worldwide, recognizing that they are of no nutritional value and are highly detrimental to overall health. Reducing sugar consumption will have a significant impact on helping to reduce the global epidemic of noncommunicable diseases. As sugar is the primary factor responsible for the development of tooth decay, any reduction measures will also lower this risk, particularly for children. The Global Child Dental Fund, a UK charity, has called for 20% of the proceeds from SSB taxation revenue to be reinvested into innovative oral health prevention strategies. Child oral health worldwide, even in developed countries, is still challenging and SSBs are a major causal factor for this problem. Oral health has traditionally been compartmentalized in health care, but it is an integral part of overall health. We now fight for resources to provide investment into universal oral health prevention. To date, 28 countries have introduced a sugar tax on food and drinks, with other countries considering similar proposals. In 2016, the WHO supported the notion of taxing sugary drinks (an SSB tax) by 20% or more to help reduce sugar consumption. Sugar tax implementation has largely been successful. In the USA, for example, 34 US states have implemented SSB taxes or similar measures. In Mexico, a study found a 5% drop in the sales of sugary drinks after the 1st year that the tax was introduced, followed by a 9% decline in the 2nd year. In the Middle East, the highest SSB taxes to date were implemented in Saudi Arabia and the United Arab Emirates (i.e., in the UAE: 50% on soda and 100% on energy drinks and tobacco products), followed by the other gulf countries. In 2018, sugar tax related tax revenue or similar measures have been approved in nearly thirty countries (including Mexico, Ecuador, Estonia, Chile, Brazil, Colombia, Egypt, India, Ireland, Thailand, Dominica, Barbados, Tonga, Mauritius, the Pacific Islands, Norway, Hungary, France, Finland, Romania, Ireland, Portugal, the Philippines, the United Kingdom, Sri Lanka, Saudi Arabia, Thailand, the UAE, Brunei, Estonia, and Belgium). There is also legislation pending approval in other countries. As highlighted by the WHO, taxing sugary drinks to at least a 20% increase in the retail price would result in proportional reductions in consumption of such products, according to the “Fiscal policies for Diet and Prevention of Non-Communicable Diseases” report and can lower consumption and reduce obesity, type 2 diabetes, and tooth decay.[1] SSB taxation introduction has mostly led to a significant reduction in SSB purchase with a potentially significant impact on human health and well-being. The health impact will also heavily depend on its implementation by industry. Uncertainty exists as to how industry will react and about estimation of health outcomes.[2] Although the reduction in obesity, diabetes, hospitalization, and caries incidence is the key leverage of these legislative measures, resulting revenues are also an important part of the equation. Most of these revenues are invested in school programs and to support physical education and sports activities mainly addressed to children. In Mexico, revenue is being reinvested in obesity prevention, for example, in providing drinking water fountains in low-income schools. In the UK, the £415 million from sugar tax funding will be distributed to schools to increase physical education, sports clubs, and healthy eating programs (according to the Education Secretary) urging pupils to have healthier and more active lifestyles. In the USA, Philadelphia officials claim that the soda tax will fund more than 2000 preschool classrooms for low-income families and that it brought an additional $12.3 million into the city's coffers during the first 2 months it was in effect. In Illinois, the revenues are meant to plug the budget deficit rather than investing the money to health care or other family issues. A similar approach has been adopted in the UAE where these revenues will be used to generate revenue for the government, as global oil prices remain low. Even though the WHO has clearly highlighted the negative impact of SSB on obesity, diabetes, and tooth decay, much revenue will be invested in preventing obesity and diabetes, with no resource allocated to oral health promotion. It is important that a proportion of the money raised from sugar taxes to be invested into innovative oral health prevention and communication strategies with the public. This is needed because child oral health even in developed countries is still extremely poor. In England, for example, preventable oral infection is the single biggest cause for hospital admissions in under-5s. The dental profession must unite with other health professionals such as doctors and nurses, in addition to health workers, school nurses, and schoolteachers to educate parents about the effect of sugar on teeth. In particular, the dental profession has to demonstrate good leadership and advocacy in securing this additional revenue for oral health promotion. If the opportunity is missed, it will again demonstrate the dysfunctional place of oral health within general health. Oral health must be visibly seen as being integral to overall health and we must use our resources to fight and provide universal oral health prevention for everyone. The additional revenue raised to combat the adverse health effects of sugar provides an opportunity to integrate oral health promotion into general health promotion.[3]",Priority B - manual review,Did not pass earlier high-specificity screen; manual review required before exclusion,,,,Exclude,No substantive financing approach/UHC-financing signal,High,Exclude,Does not meet primary financing-approach synthesis criteria at title/abstract stage
383,W1960481370,2003,The effects of extending intellectual property rights protection to developing countries: A case study of the Indian pharmaceutical market,"Under the TRIPS agreement, WTO members are required to enforce product patents for pharmaceuticals. The debate about the merits of this requirement has been and continues to be extremely contentious. Many poor developing economies claim that patent protection for pharmaceuticals will result in substantially higher prices for medicines, with adverse consequences for the health and well-being of their citizens. On the other hand, research-based global pharmaceutical companies, which claim to have lost billions of dollars because of patent infringement, argue that prices are unlikely to rise significantly because most patented products have therapeutic substitutes. In this paper we empirically investigate the basis of these claims. Central to the ongoing debate is the structure of demand for pharmaceuticals in poor economies where, because health insurance coverage is so rare, almost all medical expense are met out-of-pocket. Using a product-level data set from India, which is unique in terms of its detail and coverage, we estimate key price and expenditure elasticities and supply-side parameters for the fluoroquinolones sub-segment of the systemic anti-bacterials (i.e., antibiotics) segment of the Indian pharmaceuticals market. We then use these estimates to carry out counterfactual simulations of what prices, profits (of both domestic firms and multinational subsidiaries) and consumer welfare would have been, had the fluoroquinolone molecules we study been under patent in India as they were in the U.S. at the time. Our results suggest that concerns about the potential adverse welfare effects of TRIPS may have some basis. We estimate that in the absence of any price regulation or compulsory licensing, the total annual welfare losses to the Indian economy from the withdrawal of the four domestic product groups in the fluoroquinolone sub-segment would be on the order of U.S. $713 million, or about 118% of the sales of the entire systemic antibacterials segment in 2000. Of this amount, foregone profits of domestic producers constitute roughly $50 million (or 7%). The overwhelming portion of the total welfare loss therefore derives from the loss of consumer welfare. In contrast, the profit gains to foreign producers are estimated to be only around $57 million per year.",Priority B - manual review,Did not pass earlier high-specificity screen; manual review required before exclusion,,,,Unclear,Financing mechanism/function appears in abstract but is not explicit in title,Medium,Unclear,Insufficient title/abstract information; requires full-text or additional metadata
7116,W4415995147,2020,Impact of Migration on Living Standards and Business Growth of Pakistan,"Pakistan is an underdeveloped country with strong central government. The present study has evaluated the impact of migration on living standards and business growth of Pakistan. The study has taken migration as independent variable living standards and business growth measured as dependent variables. Whereas, the wages, salaries of workers, current health expenditures, Household and NPISHs final consumption expenditures, Labor force with basic education, are used as indicators in the study. For this purpose of time series analysis has employed by taking annual data from WDI 1992 to WDI 2019. Ordinary least square technique has applied to estimate the impact of migration living standards and business growth of Pakistan. The overall result demonstrated that general administration must shift business talents in order to slighter ranges of presidency successful order so trim penury along with flouring. Furthermore areas. Connive at; pokey limits appear forthcoming unadoptable light the overall unfortunate consisting of ultramontanes flourishing incorporative consolidation in Zion over the years.",Priority B - manual review,Did not pass earlier high-specificity screen; manual review required before exclusion,,,,Map only,Relevant to UHC/health-system knowledge map but no explicit financing-approach evaluation,High,Exclude,Does not meet primary financing-approach synthesis criteria at title/abstract stage
5994,W2954986312,2019,Toward a More Pro-Poor and Explicit Health Benefit Package in the Kyrgyz Republic : A Critical Review of the Stated Guaranteed Benefit Package and Options for Its Revision,"The Kyrgyz Republic has made significant steps in reforming the health system through successive National Health Programs implemented over the last 20 years. One of the major achievements of such reforms was the establishment of a single-payer national health insurance and a basic benefit package. The State Guaranteed Benefit Package (SGBP) provides free basic health services at the primary care level for the whole population, and inpatient care with nominal copayments or no fee for certain groups. Even though the principles of the SGBP contain elements of international good practice, the SGBP has hardly changed since it was established. At the same time, many changes have taken place within and outside the health system, exerting mounting pressure for the SGBP to adapt to the new disease burden and meet the population’s expectations within the context of budget constraints. The current paper provides a critical assessment of the Kyrgyz Republic’s basic health benefit package. It reveals a number of issues in the actual benefits delivered to the population as opposed to the generous promise of the statutory package. Some important limitations include lack of clarity, persistent funding gap, the large number of fee exemption categories given the resource constraints, and at the same time lack of an effective mechanism to protect the poor. Most importantly, there is no systematic arrangement in place to ensure a regular evidence-based process to revise the benefit package. The paper proposes several measures that could guide the process of SGBP revision, taking into account the particular Kyrgyz context and building on international experiences. It is expected that information from the paper will be useful not only for Kyrgyz stakeholders, but also for other countries in making the benefit package an effective instrument for achieving universal health coverage.",Priority B - manual review,Did not pass earlier high-specificity screen; manual review required before exclusion,,,,Include,Explicit financing mechanism/approach in title with target-setting and evaluative/UHC relevance,High,Include,Meets primary financing-approach/UHC eligibility at title/abstract stage
1280,W2128429102,2009,"Providing skilled birth attendants and emergency obstetric care to the poor through partnership with private sector obstetricians in Gujarat, India","PROBLEM: India has the world's largest number of maternal deaths estimated at 117,000 per year. Past efforts to provide skilled birth attendants and emergency obstetric care in rural areas have not succeeded because obstetricians are not willing to be posted in government hospitals at subdistrict level. APPROACH: We have documented an innovative public-private partnership scheme between the Government of Gujarat, in India, and private obstetricians practising in rural areas to provide delivery care to poor women. LOCAL SETTING: In April 2007, the majority of poor women delivered their babies at home without skilled care. RELEVANT CHANGES: More than 800 obstetricians joined the scheme and more than 176,000 poor women delivered in private facilities. We estimate that the coverage of deliveries among poor women under the scheme increased from 27% to 53% between April and October 2007. The programme is considered very successful and shows that these types of social health insurance programmes can be managed by the state health department without help from any insurance company or international donor. LESSONS LEARNED: At least in some areas of India, it is possible to develop large-scale partnerships with the private sector to provide skilled birth attendants and emergency obstetric care to poor women at a relatively small cost. Poor women will take up the benefit of skilled delivery care rapidly, if they do not have to pay for it.",Priority B - manual review,Did not pass earlier high-specificity screen; manual review required before exclusion,,,,Unclear,Financing mechanism/function appears in abstract but is not explicit in title,Medium,Include,Meets primary financing-approach/UHC eligibility at title/abstract stage
7090,W3112907722,2020,Cost-effective interventions to prevent non-communicable diseases: increasing the evidence base in India and other low- and middle-income settings,"India, as part of its bid to achieve universal health coverage, has expanded government health programs over the last two decades, most notably with the establishment of the National Health Mission and the rollout of public health insurance programs targeting poor households [1]. However, national spending on health remains among the lowest in the world. As the government increasingly takes on the role of purchaser of health care, decisions about the allocation of scarce resources for health will have substantial fiscal and health consequences and must be based on evidence. Additionally, in order to control costs and effectively address the growing chronic disease burden, public programs will need to find ways to integrate curative hospital services with the most cost-effective preventive and primary interventions. Currently, in part because the evidence base on economic evaluations of health interventions in India remains sparse and of low quality [2], decisions about which health care services to cover are typically made by expert committees rather than through systematic assessments of efficacy and cost-effectiveness. However, in recent years, the government has taken several steps towards establishing the infrastructure for evidence-based priority setting and resource allocation [3], including the establishment of a body for Health Technology Assessment in India (HTAIn) within the Department of Health Research to collate and generate evidence on the clinical efficacy and cost-effectiveness of new and existing health technologies and programs [4]. Research evidence on the cost-effectiveness of both preventive and curative health interventions in the Indian context is going to be a critical input to the HTAIn.",Priority B - manual review,Did not pass earlier high-specificity screen; manual review required before exclusion,,,,Unclear,Financing mechanism/function appears in abstract but is not explicit in title,Medium,Exclude,Does not meet primary financing-approach synthesis criteria at title/abstract stage
10931,W4402439472,2024,Global Perspective of Acute Kidney Injury: Nigeria,"Background AKI is a global health problem with high prevalence, morbidity, and mortality. It is an independent risk factor for development and progression of CKD, which is the 10th most common cause of death globally (https://www.who.int/news-room/fact-sheets/detail/the-top-10-causes-of-death). In 2013, the International Society of Nephrology (ISN) launched the 0by25 campaign to eliminate all AKI-related preventable deaths by 2025.1 Yet, poor AKI outcomes persist in low- and middle-income countries, including Nigeria. Nigeria as a Country Nigeria is the most populous country in Africa with a population of 218,541,212, a gross domestic product (GDP) per capita of US$2162.6 in 2022 (https://data.worldbank.org/country/nigeria?), and a poor health expenditure of 3.4% of GDP (Nigeria|Data [worldbank.org]). Epidemiology The absence of renal registries fuels data dearth. AKI in Nigeria, like in most low- and middle-income countries, is mostly community acquired.2,3 AKI has been reported across all age groups with mean ages of 3.1±2.6 to 6.28±4 years for pediatric (https://pubmed.ncbi.nlm.nih.gov/25725246/) and 28 ± 6 to 44.2 ± 17.32 years for adult populations.2–6 Reported incidence is 17.4 and 13.5 per 1000 children and adults, respectively (https://www.ajtmbr.org.ng/index.php/home/article/view/45).2 There is male preponderance with a female:male ratio of 1:1.14–2.2.2,5 Prevalence ranges from 26.1% among pregnant women despite improved antenatal care (ANC)7 to 82.9% in children.5 AKI Diagnosis in Nigeria This is often based on Kidney Disease Improving Global Outcomes diagnostic criteria using serum creatinine and urine output changes. Other AKI biomarkers are scarce, expensive, and often used in research. Etiology Sepsis is the most common reported cause of AKI accounting for 25.7%–52.1%.2,6 Causes of pregnancy-related AKI (PRAKI) include: sepsis (4.4–33.3%), hemorrhage (6.2–20%), and hypertensive disorders (4.6–62.5%).5,7 PRAKI risk factors include higher parity, cesarean delivery, hemorrhage, prolonged labor, and poor ANC (https://doi.org/10.60787/NMJ-64-5-361). The highest Nigerian pediatric AKI epidemic occurred in 2008. During that period, 52.1% of AKI resulted from toxic nephropathy, primarily ingestion of diethylene glycol–contaminated baby teething powder (96.8%).4 Other AKI causes are obstructive nephropathy, volume depletion especially from diarrheal diseases, severe hypertension, and toxic nephropathy.2–4 Acute glomerulonephritis and malaria are significant causes in pediatric population.2,4 Outcome of AKI in Nigeria AKI related-mortality ranges from 28.4% to 96.6%.2–6 Mortality in PRAKI is as high as 66.6%.5 Mortality increases from 29.6% to 58.3% if dialysis is indicated but not performed.6 Survival is directly proportional to the number of dialysis sessions.3 AKI-related mortality is escalated by late presentation, financial constraints, need for dialysis, multiple comorbidities, poor ANC, unconsciousness on admission, intensive care unit admission, severe hypertension and sepsis.2–7 Long-term outcome studies are lacking. However, 3 months after PRAKI, 51.3% had recovered kidney function, 1.8% progressed to CKD, while 2.7% developed ESKD.7 Challenges in AKI Management National Health Budget Nigeria is yet to attain a health budget of 5% of GDP as WHO advocates.8 It only budgets 3.4% of GDP for health (Nigeria|Data [worldbank.org]). The African Union Abuja Declaration of 2001, which recommended allocating 15% of member nation's annual budget to health, has not been achieved because 5.03% of the 2024 budget was allocated to health.9 Inadequate Health Insurance Policies In Nigeria, payment for health care services is out of pocket (OOP). Although the National Health Insurance Scheme, now National Health Insurance (NHI), exists, it is only available to < 10% of Nigerians (https://doi.org/10.18332/popmed/157139) and mainly covers low-cost treatments. Major bottlenecks to using NHI range from noncoverage of needed health care services to poor internet network, which makes it difficult to obtain service code for specialist consultations. Required laboratory investigations, medications and in-hospital treatment are not adequately covered, resulting in most beneficiaries paying OOP. Few patients access health insurance through their private sector employers. These private health insurance policies do not cover many health care services and may require on-the-spot counterpart payment. Currently, only six sessions of acute hemodialysis are allowed under the NHI.10 These are only accessible in NHI operational government hospitals and few (if any) private dialysis centers. Comprehensive health insurance coverage remains a fledgling despite its many years of existence. Financial Constraints As aforementioned, the absence of comprehensive health insurance contributes to Nigeria's precarious health care services. Financial difficulties constrained patients/caregivers into asking for discharge against medical advice in 1.7%–4.3% of patients with AKI,2–4 with many dying at home subsequently. Medicines, such as antibiotics, antihypertensives, vasopressors, antidiabetics, and antimalarials (in children), play a pivotal role in AKI management. Unfortunately, the economic downturn, unfavorable government policies, and recent exit of multinational pharmaceutical companies resulted in the stifling costs of these medicines, and many are unavailable. If this situation persists, the future is bleak for many patients who pay OOP for health care. Poor Health-Seeking Behavior This pervades low- and middle-income earners who constitute the bulk of Nigerian population. Illiteracy, ignorance, and sociocultural and religious factors greatly influence response to illness. Many live in denial with “it is not my portion syndrome” or view illness as an act of God or a spiritual attack. Thus, illnesses are either ignored or spiritual and alternative medical help is sought, resulting in late presentation at orthodox clinics/hospitals. In addition, nephrotoxic herbal concoctions are administered at spiritual and alternative medicine centers. Many accept herbal medicines because they align with their cultural beliefs and practitioners promise affordable and complete cure. Therefore, before clinic/hospital presentation, comorbid conditions, including hepatic injury, sepsis, and hemodynamic instability, may have occurred, worsening outcomes, advancing AKI and leading to RRT.3,5 Availability and Affordability of RRT Available and affordable RRT services in the form of peritoneal dialysis (PD), continuous RRT (CRRT), or hemodialysis is paramount in the management of advanced AKI. There is a huge unmet need for dialysis across the country, as shown in the ISN Global Kidney Health Atlas.11 Nigeria had the least PD service centers (0.02 per million population [pmp])11 because of nonavailability of PD catheters and fluids. Pediatric nephrologists improvise with nasogastric tubes and PD fluids made from available intravenous infusions. Hemodialysis is the most common RRT with >200 centers predominantly in big cities, thus inaccessible to rural dwellers. Most Nigerians cannot afford hemodialysis because a session costs ₦50,000-₦150,000 (US$ 35.7–107.1), excluding cost of vascular access, blood for transfusion (if indicated), and predialysis screening tests. This high cost is worrisome with OOP payment and national minimum wage of ₦30,000 (US$ 21.4). Where accessible, the true number of people who can afford hemodialysis is not known, but available literature shows that 12.4% to 88.9% of AKI patients required RRT, but only 21.4% to 77.8% could afford dialysis.3–6 CRRT is indicated in hemodynamic instability common in septic shock and hemorrhage. CRRT is available in approximately four private centers, costing a minimum of ₦500,000 (US $355.1) per session. This is far beyond the reach of most AKI patients. Scant Nephrology Workforce The nephrology workforce is inadequate and is worsened by the alarming exodus of health professionals named japa syndrome (JS) in popular Nigerian parlance. Inadequate remuneration, poor working conditions, and pervading insecurity precipitate JS. JS has taken a great toll on the Nigerian health sector, including nephrology services. Nigeria has 1.55 nephrologists and 0.22 nephrology residents pmp.11 JS involves all cadre of nephrology workforce, including resident doctors, nephrologists, nurses, and dialysis technicians. This portends bleak future for Nigerian nephrology. Recommendations Health Sector Funding It is imperative to achieve the 15% mentioned in the Abuja Declaration by increasing and monitoring the implementation of the national health budget. This will enhance NHI funding extending to nephrology services, including dialysis. Free or at least subsidized ANC should be legislated. Training and retraining of rural health care workers is important for early recognition and appropriate referral of at-risk pregnancies. By reducing import duties on pharmaceutical products and reduction in taxation on pharmaceutical companies, the government can create an enabling environment for both multinational and local pharmaceutical companies to thrive. Accessible soft loans and other incentives will encourage local production of medicines, PD fluids and catheters, as well as dialysis machines and its accessories. Nevertheless, drug regulatory agencies must be vigilant to prevent situations like the 2008 diethylene glycol–related AKI epidemic.4 Malaria, which is implicated in pediatric AKI, should be controlled through the National Malaria Elimination Programme and National Malaria Strategic Plan, which include increased treated mosquito net distribution, effective and affordable antimalarials, affordable rapid diagnostic tools, use of malaria vaccine, and promotion of an environment devoid of mosquito-breeding grounds. Access to Nephrology Services Building new nephrology centers in rural areas plus refurbishing and adequately equipping existing centers will improve access to RRT, but a nephrology workforce is needed to man these centers. Thus, JS must be mitigated by significantly improving health workers' remuneration and working conditions, as well as curbing insecurity. Partnerships with international organizations, such as the ISN, the African Association of Nephrology, and the European Renal Association, will enhance the training of the local nephrology workforce. Advocacy The ISN-Global Kidney Health Atlas reported absence of kidney disease advocacy groups in Nigeria.11 However, efforts of the Nigerian Association of Nephrology (NAN) must be commended. Beyond NAN's World Kidney Day activities, frequent engagement with the government and health stakeholders is necessary. AKI prevention should be projected as a key method of CKD prevalence reduction. NAN should partner with media houses for public enlightenment campaigns emphasizing increased water intake, avoiding nephrotoxins, including herbal remedies and non-steroidal anti-inflammatory drugs, quitting smoking, good ANC, optimal BP, and diabetes mellitus control plus early clinic/hospital presentation. Establishment of Renal Registries Renal registries will help policymakers and funders appreciate kidney disease enormity and evaluate the dearth in workforce and other nephrology constraints. Registries are veritable and powerful advocacy tools. Conclusion AKI is common with high mortality, affecting all, especially the productive and reproductive age groups. As a CKD precursor, all stakeholders (government, policymakers, professionals, community, and patients) must play their roles in ensuring AKI prevention, appropriate management, and achievement of 0by25 in Nigeria.",Priority B - manual review,Did not pass earlier high-specificity screen; manual review required before exclusion,,,,Unclear,Financing mechanism/function appears in abstract but is not explicit in title,Medium,Exclude,Does not meet primary financing-approach synthesis criteria at title/abstract stage
10863,W7172112720,2024,Role of Government Organisations in Health Administration,"Government organisations play a central role in health administration because they are responsible for planning, financing, regulating, implementing and monitoring healthcare services for the population. In India, where the health system has to respond to a large population, regional disparities, poverty, communicable diseases, non-communicable diseases and emergency health needs, the role of government organisations becomes highly significant. Health administration is not limited to hospital management alone; it also includes policy formulation, public health planning, disease surveillance, infrastructure development, human resource management, drug regulation, health financing and implementation of national health programmes. The Ministry of Health and Family Welfare, state health departments, National Health Mission, district health authorities, local self-government institutions, public hospitals and regulatory bodies work together to strengthen healthcare delivery and improve population health outcomes (Government of India, 2017; Selvaraj et al., 2022). Government organisations are especially important in ensuring equitable and affordable healthcare services for vulnerable groups, including rural populations, women, children, elderly persons, migrants, poor households and socially disadvantaged communities. Through programmes such as the National Health Mission, Ayushman Bharat, Health and Wellness Centres, Universal Immunization Programme, National Tuberculosis Elimination Programme and various maternal and child health schemes, government organisations attempt to provide preventive, promotive, curative, rehabilitative and palliative services at different levels of care (Government of India, 2013; Ved et al., 2019). These organisations also ensure availability of essential medicines, vaccines, diagnostics, trained manpower and referral services, which are necessary for effective public health administration. The Health and Wellness Centre model under Ayushman Bharat has further expanded the role of government organisations by focusing on comprehensive primary healthcare and universal health coverage (Lahariya, 2020).",Priority B - manual review,Did not pass earlier high-specificity screen; manual review required before exclusion,,,,Unclear,Financing mechanism/function appears in abstract but is not explicit in title,Medium,Map only,Relevant to broader UHC/health-system knowledge map but not primary financing-approach synthesis
6831,W3104715124,2020,Intercropping of small millets for agricultural sustainability in drylands : A review,"The scope for enhancement of productivity under irrigated conditions is limited because of over-exploitation of available resources, but there is ample opportunity for boosting yield in drylands by adopting suitable crops and cropping systems. The agricultural sustainability in drylands is comparatively hard to achieve due to different constraints like poor soil fertility, lack of irrigation facilities and moisture stress, small holdings and less investment in agriculture. Choice of ecologically sound crops as millets and adoption of intercropping systems are two of suitable options for maximization of productivity in drylands. Millets are ancient nutri-cereals which can play a crucial role in food as well as nutritional security of the country and can assure agricultural sustainability in drylands under intercropping system. The combination of cereal and legume in intercropping is mostly preferred by the farmers in subsistence farming targeting livelihood security. Experiments carried out on intercropping of some small millets in India and abroad clearly indicated numerous benefits like enhancement of crops productivity, greater resource use efficiency, check in run-off of water and soil conservation in erosion prone areas, prevention of loss of soil nutrients, improvement of soil health, insurance against crop failure under aberrant weather conditions, higher monetary return and benefit-cost ratio. But the performance of all small millets is not tested under intercropping under different regions. There is still insufficiency in research on small millets based intercropping system which can create further scope for agricultural sustainability of drylands.",Priority B - manual review,Did not pass earlier high-specificity screen; manual review required before exclusion,,,,Exclude,No substantive financing approach/UHC-financing signal,High,Exclude,Does not meet primary financing-approach synthesis criteria at title/abstract stage
6843,W3089593434,2020,How Do Caregivers of Children with Congenital Heart Disease Navigate the Health Care System in Ethiopia?,"Research Objective Global surgery is becoming an increasingly important global health agenda. Cardiovascular disease is the major cause of mortality around the world, and congenital heart disease is the leading cause of morbidity in children. This study aimed to investigate and illustrate the caregivers’ experiences of accessing the health care system and undergoing pediatric cardiac surgery for children with congenital heart disease (CHD). Study Design A qualitative study was conducted. Interviews were conducted in December 2019 in Amharic, then translated into English using trained local interpreters. Data were transcribed verbatim and analyzed according to the principles of interpretive thematic analysis, informed by the candidacy framework, using NVivo. The candidacy framework explores the access to health care utilization by seven elements: candidacy, navigation, the permeability of services, appearances at health services, adjudications, offers and resistance, and operating conditions and the local production of candidacy. Population Studied Interviews were conducted with 13 caregivers of 10 patients with congenital heart disease that received cardiac surgery during the week of the interview. Principal Findings The following three themes emerged from the interviews: (a) Recognition of CHD mostly took place at birth, but for those born at home, they found out much later (max 14 years); (b) CHD was misdiagnosed multiple times prior to seeking care at a large hospital; and (c) patients were waiting for the surgery for more than a year, (d) being scheduled for surgery induced both anxiety and hopefulness. In the discussion, caregivers had financial difficulties and struggled in a fragmented delivery system and experienced poor service quality such as the inaccuracy of diagnosis while navigating the Ethiopian health care system. Conclusions Major care‐seeking delays were related to the inefficient and complex health care system, largely due to lack of early CHD recognition and financial hardships. Financial protection is low despite the availability of fee waivers for medications. Low education attainment and distance to hospitals are contributing to this challenge. Implications for Policy or Practice Overall, Ethiopia needs to prioritize policies that protect the financial status of low‐income households that need health care services. Along with increasing health care workforce capacity for pediatric cardiac surgeries in Ethiopia, there is a need to strengthen the district‐level screening capacity to facilitate earlier diagnosis at easily accessible health care settings. Primary Funding Source Search Results Web results Korea International Cooperation Agency.",Priority B - manual review,Did not pass earlier high-specificity screen; manual review required before exclusion,,,,Map only,Relevant to UHC/health-system knowledge map but no explicit financing-approach evaluation,High,Map only,Relevant to broader UHC/health-system knowledge map but not primary financing-approach synthesis
3002,W2151969660,2014,The trend of geriatric health research and the challenge of health system translation in Nigeria,"Background Nigeria is expected to be the nation with the 11th highest population of older persons by 2015. This demographic transition will have implications for the medical care services. Currently, there is no geriatric social health insurance policy nor comprehensive geriatric healthcare services in the country. The minimal health system response may be due to lack of comprehensive knowledge of geriatric disease burden, pattern and healthcare needs. This paper aims to describe the trend and pattern of geriatric health research publications, and to review the current geriatric health policies in Nigeria.",Priority B - manual review,Did not pass earlier high-specificity screen; manual review required before exclusion,,,,Unclear,Financing mechanism/function appears in abstract but is not explicit in title,Medium,Map only,Relevant to broader UHC/health-system knowledge map but not primary financing-approach synthesis
8198,W4312718651,2022,Child stunting and associated risk factors in selected food-insecure areas in Rwanda: an analytical cross-sectional study,"Introduction: stunting rates among the under-five children are generally high in Rwanda. They are unexpectedly lower than the national average stunting rate in some districts where poverty rates are the highest in the country. This study aimed to ascertain the key factors that protect children from stunting in these poorest areas, where stunting rates are lower than expected. Methods: we analysed cross-sectional data from 2019/2020 Rwanda Demographic and Health Survey (RDHS) for 477 under-five children from Karongi, Rulindo, Nyanza, and Gisagara districts. Univariate and bivariate statistical analyses were used to find out the factors to retain for multivariable analysis. We obtained the key risk factors of child stunting through a multivariable binary logistic regression analysis. Results: the child stunting rate in the study districts was 30 percent, which is three percent lower than the national average rate. Child stunting was negatively associated with a birth weight of at least 2.5 kg (AOR = 0.393, 95% CI: 0.180 - 0.856), a high household economic status (AOR = 0.506, 95%CI: 0.273 - 0.937), urban residence (AOR = 0.467; 95% CI: 0.222 - 0.984), and health insurance coverage (AOR = 0.418; 95% CI: 0.228 -0.767). Children aged one year and above, as well as female-headed households, were associated with at least three times and two times greater odds of child stunting than children aged below 12 months and those from male-headed households respectively. Conclusion: the nutritional performance of children in the study districts is substantially driven by the high uptake of health insurance, which fosters increased access to healthcare services. To address child-stunting gaps in low-income areas in Rwanda, child nutrition programs should improve the utilization of healthcare services, and leverage the potential high effect of nutrition education, especially during pregnancy and lactation.",Priority B - manual review,Did not pass earlier high-specificity screen; manual review required before exclusion,,,,Unclear,Financing mechanism/function appears in abstract but is not explicit in title,Medium,Exclude,Does not meet primary financing-approach synthesis criteria at title/abstract stage
3981,W2606899795,2016,The Role of Economic Factors in the Choice of Medical Providers in Rwanda,"The purpose of this paper is to investigate the role of economic factors in choosing alternative service providers and to recommend suitable measures that could be taken to improve the use of health services in Rwanda. The study uses a multinomial logit framework and employs the Integrated Household Living Conditions Survey (EICV2) conducted in 2005 by the National Institute of Statistics of Rwanda (NISR). To handle the problem of endogeneity, we estimate a structural model. The results indicate that health insurance is an important factor in the choice of health facilities. User fees are major financial barriers to health care access in Rwanda. The results suggest that as household income increases, patients shift from public to private health facilities where quality is assumed to be high. A number of policy recommendations emerge from these findings. First, as insurance is an important factor in choosing a health care facility, policies that reduce health care costs to patients would substantially increase the use of health services. Second, since an increase in income allows the patient to shift to private facilities, the government should consider subsidizing private health facilities to enable access to care in private sector facilities by low-income households. Finally, since distance affects access to health care in Rwanda, there is a need to improve geographical accessibility to health facilities across regions by upgrading and expanding transportation and health infrastructures.",Priority B - manual review,Did not pass earlier high-specificity screen; manual review required before exclusion,,,,Unclear,Financing mechanism/function appears in abstract but is not explicit in title,Medium,Unclear,Insufficient title/abstract information; requires full-text or additional metadata
13211,W7134870041,2026,"Perspectives from Cabo Verde, Egypt, Ghana, Kenya and Nigeria","Mental health legislation across Africa has evolved significantly from colonial-era frameworks. An adapted version of the FOSTREN* (Fostering and Strengthening Approaches to Reducing Coercion in European Mental Health Services) instrument, which is a comprehensive assessment tool based on the World Health Organisation Mental Health Legislation Checklist and the United Nations Convention on the Rights of Persons with Disabilities, was used to analyse mental health laws from Nigeria, Egypt, Ghana, Cabo Verde and Kenya. The comparative analysis showed varying alignment with international human rights standards, reflecting complex interactions between global frameworks and local realities. All the mental health laws analysed show movement towards rights-based approaches, although implementation challenges related to resource constraints, service delivery capacity and cultural integration remain significant barriers. Ghana’s formal integration of complementary and alternative medicine into its mental health framework, which requires cooperation between the Mental Health Authority and Traditional and Alternative Medicine Council, and the inclusion of people with lived experience of mental health conditions in review panels are examples of innovative approaches that show promise for regional adoption. While some form of supported decision-making is available, none of the countries offer advanced care directives. The study highlights that legislative reform alone is insufficient without addressing contextual factors like poverty, healthcare financing and integration of traditional healing practices in developing rights-based mental health care systems.",Priority B - manual review,Did not pass earlier high-specificity screen; manual review required before exclusion,,,,Unclear,Financing mechanism/function appears in abstract but is not explicit in title,Medium,Map only,Relevant to broader UHC/health-system knowledge map but not primary financing-approach synthesis
2504,W59338480,2013,Pattern of presentation and outcome of ophthalmic rhabdomyosarcoma in Ibadan.,"BACKGROUND: Rhabdomyosarcoma (RMS) is the most common soft tissue sarcoma, and the commonest primary orbital malignancy in children. Studies on ophthalmic RMS are scanty in Nigeria, and other parts of Africa. This study thus describes the pattern of ophthalmic RMS in Ibadan and treatment outcome. METHOD: A retrospective, non-comparative, consecutive, interventional analysis of patients with ophthalmic RMS in an ocular oncology unit of a teaching hospital over 20 years was carried out. RESULTS: Records of 22 patients, 15 males and 7 females, aged 2 months to 50 years (Median 7 years, Range 5-13 years) were analyzed. All patients presented with visual loss, orbital swelling and proptosis. Histological examination revealed embryonal RMS in 16 (72.7%) patients, alveolar in three (13.6%), pleomorphic in two (9.1%) and ""not otherwise stated"" in one (4.5%). Treatment outcome was poor as only two (9.1%) patients remained tumour-free 12 and 36 months after diagnosis. Three (13.6%) patients died on admission, while two (9.1%) patients are presently undergoing treatment. Fifteen (68.2%) patients were lost to follow-up, financial constraint and perceived poor response to treatment being the main reasons for incomplete and inconsistent treatment regimen and resultant poor outcome. CONCLUSION: Demography and morphology of ophthalmic RMS in Ibadan is comparable to other studies. However, treatment outcome remains poor, mainly due to late presentation, incomplete and inconsistent treatment. Strengthening the national health insurance scheme to cater for the indigent and increased public enlightenment on early presentation of cases may go a long way in improving the outcome in our patients.",Priority B - manual review,Did not pass earlier high-specificity screen; manual review required before exclusion,,,,Unclear,Financing mechanism/function appears in abstract but is not explicit in title,Medium,Exclude,Does not meet primary financing-approach synthesis criteria at title/abstract stage
12993,W7144307704,2026,A study on Gig Economy with Special Reference to Platformbased Workers in Alappuzha Municipality,"A study on Gig Economy with Special Reference to Platform-based Workers in Alappuzha Municipality Dr. Mahima S1 Ms. Lessa Benadict2 Abstract The gig economy represents a major transformation in the modern labour market, characterized by the growing prevalence of short-term, flexible, and task-based employment arrangements rather than traditional full-time jobs. The rapid development of digital platforms has significantly facilitated this shift by connecting workers with clients or companies seeking specific services on a temporary or on-demand basis. Through these platforms, individuals engage in various forms of gig work such as transportation services, food delivery, freelance professional services, and other types of digital labour. Despite its increasing popularity and opportunities for flexible employment, the gig economy also raises several economic and social concerns. Gig workers are typically classified as independent contractors rather than formal employees, which often excludes them from benefits such as job security, health insurance, pension schemes, and paid leave. Additionally, earnings in gig work tend to be uncertain and may fluctuate based on demand, platform algorithms, and competition among workers, creating challenges for economic stability and worker protection. In this context, this study examines reason for selecting job, the working conditions, income patterns, and perception towards platform-based gig work. Keywords: Gig economy, Gig workers, Flexible Employment, 1. Assistant Professor, Sree Narayana College Chenganur, Kerala, India. 2. I MA Behavioural Economics and Data Science, Sree Narayana College Chenganur, Kerala, India.",Priority B - manual review,Did not pass earlier high-specificity screen; manual review required before exclusion,,,,Unclear,Financing mechanism/function appears in abstract but is not explicit in title,Medium,Exclude,Does not meet primary financing-approach synthesis criteria at title/abstract stage
5588,W2922675931,2019,Empowering Local Primary Health Care to Improve Antiepileptic Drugs (AEDs) Adherence among Children with Epilepsy in Outreach District of Pakistan,"Introduction: There is a dearth of data on effectiveness-assessment of community interventions regarding the adherence improvement among children with epilepsy (CWE) in outreach financially-poor settings. This study was therefore designed to determine impact of integration of childhood epilepsy into primary care to improve the level of adherence to antiepileptic drugs and the factors that are associated with non adherence. Objectives: This study was designed to determine the effectiveness of interventions through free community childhood epilepsy center aimed at improving adherence to antiepileptic medication in CWE in an outreach financially constrained district. Methods: During this interventional study, 240 children (160 children being treated and followed in the free community primary care childhood epilepsy center and 80 children not being treated at this center) aged 4 months to 18years, diagnosed with epilepsy and treatment initiated with at least 1 AED for the past 3 months, were selected for data collection. The childhood epilepsy camps were held at local community centres provided open access, and no user fees or charges for medication were made. Local physicians, who were provided with special training and visiting paediatric neurology fellows carried out screening to help the three visiting paediatric neurologists confirming the diagnoses for data collection. Data was collected by a questionnaire divided into three parts: 1) demographical information about patients 2) information about medication adherence profile using the Morisky Medication Adherence Scale-8 (MMAS-8), and 3) data on intervention-effectiveness of the community childhood epilepsy center (CCEC) on antiepileptic drug adherence. Ethical approval was obtained from the institutional ethics committee. Results: Among the 240 children and adolescents with epilepsy who fulfilled the inclusion criteria, 160 (66.6%) reported seeking treatment from TDBUCEC and 80 (33.4%) were seeking AED(s) from other sources. Age range was 04 months – 18 years while male to female ratio was 1.26:1. Adherence to antiepileptic drugs by self-report was found to be 85% (was 42% in 2014 without community intervention) among the children being treated, provided free AEDs with consultations and followed at the epilepsy center, whereas  adherence was 37.5% among the children not being intervened by  this center. There was no statistical difference in age and gender among these two groups. Conclusion: Majority of children had good adherence levels when supported and given free treatment in their own community. The best intervention strategy to improve adherence to antiepileptic medication among CWE is integration and implementation of childhood epilepsy in primary health care to provide free uninterrupted anti-epilepsy drugs (AEDs) and pediatric epilepsy consultations in outreach resource-constrained districts in Pakistan.",Priority B - manual review,Did not pass earlier high-specificity screen; manual review required before exclusion,,,,Unclear,Financing mechanism/function appears in abstract but is not explicit in title,Medium,Exclude,Does not meet primary financing-approach synthesis criteria at title/abstract stage
3757,W2596822794,2016,The individual level cost of pregnancy termination in Zambia: a comparison of safe and unsafe abortion,"Zambia has one of the most liberal abortion laws in sub-Saharan Africa. However, rates of unsafe abortion remain high with negative health and economic consequences. Little is known about the economic burden on women of abortion care-seeking in low income countries. The majority of studies focus on direct costs (e.g. hospital fees). This article estimates the individual-level economic burden of safe and unsafe abortion care-seeking in Zambia, incorporating all indirect and direct costs. It uses data collected in 2013 from a tertiary hospital in Lusaka, (n = 112) with women who had an abortion. Three treatment routes are identified: (1) safe abortion at the hospital, (2) unsafe clandestine medical abortion initiated elsewhere with post-abortion care at the hospital and (3) unsafe abortion initiated elsewhere with post-abortion care at the hospital. Based on these three typologies, we use descriptive analysis and linear regression to estimate the costs for women of seeking safe and unsafe abortion and to establish whether the burden of abortion care-seeking costs is equally distributed across the sample. Around 39% of women had an unsafe abortion, incurring substantial economic costs before seeking post-abortion care. Adolescents and poorer women are more likely to use unsafe abortion. Unsafe abortion requiring post-abortion care costs women 27% more than a safe abortion. When accounting for uncertainty this figure increases dramatically. For safe and unsafe abortions, unofficial provider payments represent a major cost to women. This study demonstrates that despite a liberal legislation, Zambia still needs better dissemination of the law to women and providers and resources to ensure abortion service access. The policy implications of this study include: the role of pharmacists and mid-level providers in the provision of medical abortion services; increased access to contraception, especially for adolescents; and elimination of demands for unofficial provider payments.",Priority B - manual review,Did not pass earlier high-specificity screen; manual review required before exclusion,,,,Unclear,Financing mechanism/function appears in abstract but is not explicit in title,Medium,Exclude,Does not meet primary financing-approach synthesis criteria at title/abstract stage
1378,W1966760257,2010,Zimbabwe's health sector: the way forward,,Priority B - manual review,Did not pass earlier high-specificity screen; manual review required before exclusion,,,,Map only,Relevant to UHC/health-system knowledge map but no explicit financing-approach evaluation,High,Map only,Relevant to broader UHC/health-system knowledge map but not primary financing-approach synthesis
7909,W3203528784,2021,Cohort profile: Indian Network of Population-Based Surveillance Platforms for Influenza and Other Respiratory Viruses among the Elderly (INSPIRE),"PURPOSE: 60 years of age) established to estimate incidence, study risk factors, healthcare utilisation and economic burden associated with influenza and respiratory syncytial virus (RSV) in India. PARTICIPANTS: The four sites of this cohort are in northern (Ballabgarh), southern (Chennai), eastern (Kolkata) and western (Pune) parts of India. We enrolled 5336 participants across 4220 households and began surveillance in July 2018 for viral respiratory infections with additional participants enrolled annually. Trained field workers collected data about individual-level and household-level risk factors at enrolment and quarterly assessed frailty and grip strength. Trained nurses surveilled weekly to identify acute respiratory infections (ARI) and clinically assessed individuals to diagnose acute lower respiratory infection (ALRI) as per protocol. Nasal and oropharyngeal swabs are collected from all ALRI cases and one-fifth of the other ARI cases for laboratory testing. Cost data of the episode are collected using the WHO approach for estimating the economic burden of seasonal influenza. Handheld tablets with Open Data Kit platform were used for data collection. FINDINGS TO DATE: The attrition of 352 participants due to migration and deaths was offset by enrolling 680 new entrants in the second year. All four sites reported negligible influenza vaccination uptake (0.1%-0.4%), low health insurance coverage (0.4%-22%) and high tobacco use (19%-52%). Ballabgarh had the highest proportion (54.4%) of households in the richest wealth quintile, but reported high solid fuel use (92%). Frailty levels were highest in Kolkata (11.3%) and lowest in Pune (6.8%). The Chennai cohort had highest self-reported morbidity (90.1%). FUTURE PLANS: The findings of this cohort will be used to inform prioritisation of strategies for influenza and RSV control for older adults in India. We also plan to conduct epidemiological studies of SARS-CoV-2 using this platform.",Priority B - manual review,Did not pass earlier high-specificity screen; manual review required before exclusion,,,,Unclear,Financing mechanism/function appears in abstract but is not explicit in title,Medium,Exclude,Does not meet primary financing-approach synthesis criteria at title/abstract stage
12250,W4413297707,2025,The growing oversupply of physicians in Ecuador: challenges and implications for the healthcare system,"As part of the United Nations' Sustainable Development Goals, Goal 3 prompts subscribed countries around the globe to ensure healthy lives and promote well-being for all throughout all ages (1). In order to achieve this, countries must strive to develop a strong and functioning health system that can not only cover the demands of their population, but that can work efficiently to ensure their own sustainability. In this context, policies surrounding the training, development and geographical distribution of a country's health workforce represent an important axis in their ability to achieve this goal. Critical among these is the proportion of healthcare workers for a given population, which varies depending on region, demographic composition and median income.Although the World Health Organization (WHO) widely promotes the benchmark of at least 23 health workers per 10,000 population as the minimum threshold necessary to deliver essential health services (2)(3)(4), this figure does not specifically refer to physicians. In fact, the recommendation encompasses a broader category that includes doctors, nurses, and midwives. Despite this, the figure is often interpreted as a target for physician density, although no globally accepted reference exists for the ideal number of physicians per population. According to World Bank data, countries vary significantly in how they meet this threshold depending on their income level. High-income countries report approximately 3.3 physicians per 1,000 population, while upper-and lower-middle-income countries report 2.2 and 0.7, respectively (2). This excess or deficit of healthcare professionals can be one of the main problems faced by health systems since estimating the real needs of the system (and by consequence, the proportion of physicians needed for each region) is a complicated process for which there is no single accepted method (4,5).In Ecuador, data from the National Institute of Statistics and Censuses (INEC) for 2023 indicate that non-communicable diseases were the leading causes of mortality, with ischemic heart diseases (n=13,318), cerebrovascular diseases (n=4,632), and diabetes mellitus (n=4,460) topping the list. Among infectious diseases, influenza and pneumonia (n=3,781) were major contributors to mortality. Other significant causes of death included assaults (n=7,308) and traffic accidents (n=3,965) (6). The Ecuadorian healthcare system manages these health burdens through its public and private sectors. The public sector comprises the Ministry of Public Health, the Ministry of Economic and Social Inclusion, municipal health services, and social security institutions such as the Ecuadorian Social Security Institute (IESS), the Armed Forces Social Security Institute, and the National Police Social Security Institute. The private sector includes both for-profit and non-profit organizations (7).Nationwide, there are 4,148 healthcare establishments, of which 631 are inpatient (hospital) facilities and 3,517 are outpatient centers (8). Approximately 80% of these facilities belong to the public sector: the Ministry of Public Health operates 47%, and the IESS manages 24%. The remaining public facilities are operated by municipalities, other ministries, and various social security institutions. The private sector accounts for roughly 20% of healthcare establishments, divided between 14% for-profit institutions and 6% non-profit organizations (7).Regarding health coverage, only 32.9% of the Ecuadorian population has access to some form of health insurance, with coverage rates of 30.7% among women and 35.2% among men. Among the insured, 4,279,738 individuals are covered by the IESS general insurance, 69,971 hold private insurance with a policy, and 10,958 have private insurance without a formal policy. Nevertheless, approximately 12,030,720 Ecuadorians remain uninsured (9) Physician density in Ecuador has shown notable growth over recent decades. Between 2000 and 2017, the physician-to-population ratio increased from 0.8 to 2.2 per 1,000 inhabitants (4). In 2016, the national physician proportion per 10,000 inhabitants was 20.52 and in 2017 it climbed up to 22.2 (Figure 1A). In his work, Hidrobo mentions that currently, the physician rates stand at around 38.47 per 10000 inhabitants. If this trend would continue, it would lead to an important risk of physician overpopulation by 2030, as the national medical population grows from 33,925 physicians (or 20.5 per 10,000 inhabitants) in 2016 to 140,734 by the year 2030 (59.1 per 10,000 inhabitants) (10,11).According to data from the Secretariat of Higher Education, Science, Technology, and Innovation (SENESCYT), the largest volume of new physicians that have graduated from 2013 to 2024 have come from public universities. However, the data also shows a clear trend towards the closing of this gap, with a slow decrease in the relative number of graduates from public universities and an increase of those hailing from private institutions (Figure 1B).When comparing the number of medical doctors since 2000 with other health professionals such as nurses or dentists, we can see that the number of physicians has increased the most over the last two decades (Figure 1C). This trend coincides with periods of time in which the country increased its number of medical schools in a disproportionate manner to its population growth. Before the year 2000, Ecuador had 9 functioning medical schools, most of which were located in large capital cities. In the following ten years, this number increased by ten and then by eight more by 2023. As of 2023, state reports show 28 functioning medical schools registered throughout the country, some of which have reported student populations up to 6379 students in the last 10 years (12)(13)(14). This increase in the number of schools is believed to be the result of an increased interest in medical education and rising entry requirements for public schools' admissions programs. This generalized interest is reflected in the number of applications for medical schools throughout the country. For example, data from 2022 showed 22,449 registered applications for that year alone (13,15).In parallel, the inflow of foreign-trained physicians and foreign nationals seeking to practice in Ecuador must also be considered. According to data from the SENESCYT, between 2013 and 2024, a total of 8,555 foreign academic degrees were registered. Of these, 1,952 (22.8%) corresponded to Ecuadorian citizens who pursued studies abroad and subsequently validated their degrees nationally, while 6,603 (77.2%) were registered by foreign nationals. Early in this period (2013-2015), Ecuadorian registrations predominated, but beginning in 2015, foreign registrations surged, largely driven by migration waves from Cuba and Venezuela. For instance, by 2015, foreign nationals represented over 91% of all degree registrations. Cuban nationals predominated early registrations (2014-2015), whereas Venezuelans became the majority from 2016 onwards, mirroring regional political and economic crises. In more recent years, although overall registration numbers have declined, the diversity of countries represented has broadened, with significant contributions from Haiti, Nicaragua, Mexico, and Russia. Notably, most registered degrees were postgraduate qualifications (44 fourth-level degrees), compared to only one technical degree, indicating a trend toward higher academic specialization among both returning Ecuadorians and foreign professionals (14) (Figure 2).Regarding the emigration of Ecuadorian healthcare workers, official national statistics remain unavailable. However, a study by Ayora et al. reported that, as of 2007, Ecuadorian health professionals constituted 59.1% of all foreign-trained medical personnel in Chile (16).Naturally, the increase in the number of faculties does not necessarily correlate with an increase in the quality of education. In Ecuador, medical licensing examinations formally began in 2014, under the Higher Education Quality Assurance Council (then CEAACES, now CACES) providing, for the first time, a benchmark by which to assess end-career results for each medical school. National results from the last decade show a relatively high percentage of physicians who fail to achieve a passing grade in this exam, despite having graduated successfully from their respective Universities (17). To date, an estimated 50 to 70% of physicians who take this exam for the first time are successfully licensed, but these results vary greatly from institution to institution and between regions. Sadly, this has resulted in an approximate of 20 to 30% of graduated physicians not being able to obtain their license, with some cases reportedly failing to do so up to 16 times (18,19). This fact is worsened by the influx of foreign physicians that have immigrated as part of government programs and as the result of humanitarian crises in the region. These professionals often enter a saturated job market and most fail to pass their licensing examination, causing the unlicensed physician problem to bloat (20). For instance, medical licensing results for physicians attempting to legalize their foreign medical degrees had the lowest approval rate for the 2024 examinations, achieving only a 29% approval rate (21). This would imply that the problem may not wholly lie on medical education in the country, but on how the medical system is operating with its related sectors.It is important to acknowledge that licensing examination scores are not absolute indicators of clinical competence. Although evidence suggests that scores like USMLE Step 2 CK moderately predict residency performance, multiple demographic, psychosocial, and administrative factors can influence outcomes (22,23). Nevertheless, Ecuador lacks a comprehensive national strategy to assess and guarantee physician competency, resulting in notable heterogeneity across graduates.Beyond concerns about patient care quality, physician oversupply has led to deteriorating working conditions for both newly graduated and practicing physicians. The mismatch between the number of new medical graduates and the availability of job opportunities forces many to accept precarious employment, adversely impacting healthcare delivery (24)(25)(26). Data from the Ecuadorian College of Physicians indicate that approximately 1,500 doctors graduate each year, yet only 100 to 150 new job positions are created annually (12). In Guayas province, home to an estimated 12,000 medical professionals, only about 50% report holding stable employment. This challenge is not unique to Ecuador; other countries in the region similarly struggle to establish appropriate quotas for training new healthcare professionals (27).This trend predominantly affects general practitioners, who complete a six-year medical baccalaureate program, while the opposite is observed in most medical specialties (25). However, existing residency training programs are insufficient to accommodate the growing demand, leaving many recent graduates to spend years awaiting entry into specialty training or, alternatively, seeking opportunities abroad (10). This situation is exacerbated by limited funding for residency scholarships and an inadequate number of training positions proportional to national healthcare needs. Additionally, these constraints have extended to undergraduate education, as budgetary and infrastructure limitations increasingly hinder access to rotating internship placements during the final year of medical school (11).In Ecuador, as in most other countries, geographic distribution of professionals makes the planning of healthcare workforce supply a complicated manner. There is an international trend of physicians migrating towards urban zones in search of better economic conditions and accommodation. This has motivated governments to implement incentives programs to supply healthcare workers to rural populations. However, evidence from rural programs in the United States suggests that low-income counties outside of the first poverty quartile receive less attention from physicians who seek for better benefits coming from working in more impoverished areas (28), leaving low to middle-income counties undersupplied. In Ecuador, one such program is the community medicine program, colloquially known as ""rural medicine"". Sadly, while mandatory, this only includes recent graduates who, as discussed, are inexperienced and ever more often prefer to skip the program overall for safety concerns, adding to the population of physicians without a legal license to practice (29). Trends like these negatively affect rural population health and life expectancy as proper, specialized healthcare becomes harder to access (30).The distribution problem of the Ecuadorian healthcare workforce is highlighted when analyzing the data over the years. By analyzing physician supply by province, it becomes evident that rates per 10,000 inhabitants have increased globally. However, this increase is not homogeneous and may not represent the necessities of a particular population. The provinces with the highest increase in physician supply were Pastaza, Zamora-Chinchipe, and Galápagos, which went from rates of 11.3, 9.6 and 7.1 in 2006 to 40.4, 33.2, and 31.0 in 2020, respectively. This increase is not, however, due to a high brute physician output, but to the province's demographic characteristics and local population not increasing in par with the influx of new medical personnel. In provinces with larger populations, such as Pichincha, Guayas, and Manabí, rates have increased more slowly, with rates of 26.9, 22.9, and 23.5, respectively (Figure 3 Supplementary material). Inversely, rural provinces like Santa Elena, Esmeraldas and Los Ríos still suffer from lack of medical personnel for their populations' needs. This makes it clear that coverage is not met despite the increase in medical trainees, and that policies from the last two decades have led to a polarization of professionals, with surplus in urban areas and understaffing in rural ones.To address this issue, emerging technologies such as artificial intelligence (AI) offer promising solutions. Telemedicine platforms equipped with AI-powered chatbots and virtual assistants can facilitate remote consultations, provide health information, and assist in the interpretation of diagnostic imaging such as X-rays and CT scans. By enhancing diagnostic accuracy and supporting early disease detection, these tools have the potential to significantly expand access to healthcare services in underserved regions (31).There is no clear solution to this problem, since estimations of healthcare worker's needs are not definitive or agreed on. As has been seen, increasing the supply of physicians can cause a surplus in already packed populations, with little impact on those with less income. However, limiting quotas for new students poses a risk of worsening the situation for understaffed rural centers. This is particularly important in a country like Ecuador, where most health personnel working in rural areas are the product of the government's community medicine program. There is also the problem of establishing the proper quota for any health system. For instance, necessities in OECD countries vary greatly and predictions for 2030 show an important surplus from countries like Mexico and Germany, but important shortages in the United States and France (32). However, even these estimates have a hard time when accommodating migration and sudden public health crises like the COVID-19 pandemic. Finally, algorhythms should be careful to account for public spending and working days for physicians, since these factors can significantly alter long-term goals for a health system (33).Naturally, there is also the ""quality of education problem"", since mass education poses a risk of graduating underperforming professionals. A historical view on policies that have led to the closure of underfunded medical schools or unified curricula shows they have been successful in homogenizing medical graduates but have also led to further centralization and diminishing support for vulnerable populations and minorities. This is clear from the effects of Dr. Abraham Flexner's report on medical education in the United States and Canada, published in 1910, and at the time one of the major drivers of the country's pursuit of a highly controlled and centralized medical education system (34). While the positive effects of this were clear in the quality of new medical graduates in the new American system, negative effects included a bias towards a biomedical model, loss of focus on medical humanities and the loss of opportunities for rural populations, minorities and women to formally train in medicine (35,36). This poses a significant challenge for health and education officials who must now seek a balance between laxity and severity in their policies.In the face of this complex problem, the authors consider it necessary that public officials formulate policies to properly regulate the academic offer of both undergraduate and postgraduate medical",Priority B - manual review,Did not pass earlier high-specificity screen; manual review required before exclusion,,,,Unclear,Financing mechanism/function appears in abstract but is not explicit in title,Medium,Exclude,Does not meet primary financing-approach synthesis criteria at title/abstract stage
10349,W4392185137,2024,Subseasonal Prediction of Summer Temperature in West Africa Using Artificial Intelligence: A Case Study of Senegal,"Despite the rapid growth of machine learning (ML) and its far-reaching applications in various fields such as healthcare, finance, and urban heat management, there are still some unresolved challenges in the field of climate change. Reliable subseasonal forecasts of summer temperatures would be a great benefit to society. Although numerical weather prediction (NWP) models are better at capturing relevant sources of predictability, such as temperatures, land, and sea surface conditions, the subseasonal potential is not fully exploited. One such challenge is accurate subseasonal temperature forecasting using cutting-edge ML technology. This study aims to assess and predict the changes in subseasonal temperature during the summer season (from March to June) in Senegal on 2-weeks time scales. Six ML techniques, including linear regression (LR), decision tree (DT), support vector machine (SVM), artificial neural network (ANN), long short-term memory (LSTM), and gated recurrent units (GRU), are used. The experiments utilize a multivariate approach by incorporating variables of the ERA-5 dataset from 1981 to 2022. The results compared all the performances of the methods to assess their overall effectiveness in forecasting air temperature (t2m) values over 2 weeks. Our analysis demonstrates that the GRU model outperforms the other ML models, achieving a Nash–Sutcliffe efficiency (NSE) score of 74.68% and a mean absolute percentage error (MAPE) of 2.51%. The GRU model effectively captures long-term dependencies and exhibits superior performance in temperature forecasting. Furthermore, a comparison between the observed and predicted values confirms the accuracy of the GRU model in aligning with actual temperature trends. Overall, this study contributes an impactful deep learning model to the field of subseasonal temperature forecasting in West Africa (Senegal), which offers local authorities the capability to anticipate climatic events and enact preventive measures accordingly.",Priority B - manual review,Did not pass earlier high-specificity screen; manual review required before exclusion,,,,Exclude,No substantive financing approach/UHC-financing signal,High,Exclude,Does not meet primary financing-approach synthesis criteria at title/abstract stage
248,W1980587778,2000,Do they work? Regulating for-profit providers in Zimbabwe,"The experience of low- and middle-income countries (LMC) with respect to regulation and legislation in the health sector is in marked contrast to that of Canada and Europe. It is suggested that the degree to which regulatory mechanisms can influence private sector activity in LMC is quite low. However, there has been little work done on exploring just how, and to what extent, these regulations fail. Through the use of stakeholder interviews, this study explored the effectiveness of regulations directed at the private-for-profit sector (general practitioners, private clinics and hospitals) in Zimbabwe. The study found that there was limited and asymmetric knowledge of basic regulations among government bodies and private providers. However, there was a clear feeling that regulations are not being implemented and enforced effectively. A variety of opportunistic practices have been observed among private providers, including: practices of self-referral, where patients are sent to other services the provider has a financial interest in; over-servicing; doctor-patient collusion to collect health insurance payments; and the use of unlicensed staff in private facilities. Key factors limiting effectiveness of regulation in the health sector include the over-centralization and lack of independence of the regulatory body, the absence of legal mechanisms to control the price of care, and the lack of knowledge by patients of their rights. The study also identified a number of potential strategies for improving the current regulatory environment. For example, in order to improve monitoring, 'informal' arrangements between the centralized regulatory body and local authorities developed. There is a need to develop ways to formalize the role of these authorities. In addition, professional associations of private providers are also identified as key players through which to improve the impact of regulation among private providers. Increasing consumer access to information and knowledge is another potential way to improve information within the regulatory process as well as implementation.",Priority B - manual review,Did not pass earlier high-specificity screen; manual review required before exclusion,,,,Unclear,Financing mechanism/function appears in abstract but is not explicit in title,Medium,Map only,Relevant to broader UHC/health-system knowledge map but not primary financing-approach synthesis
13425,W7141110001,2026,The Trinity of Support: Negotiating Space and Care for Older Adults in a Transitioning Society,"Drawing on nationally representative data from two waves of the India Human Development Survey, this paper examines how family structures, functional health, work participation, and state support interact to shape the well-being of Indians aged 60 and above. We document a gradual decline in intergenerational co-residence, alongside rising proportions of older adults living alone or only with a spouse. While family remains the primary source of care and income support, the role of the state has expanded significantly through pensions and health insurance schemes. We argue that the emerging landscape of ageing in India rests on a shifting “trinity” of support—family, self, and state—each of which must adapt to demographic and gender transformations to ensure secure and dignified ageing.",Priority B - manual review,Did not pass earlier high-specificity screen; manual review required before exclusion,,,,Unclear,Financing mechanism/function appears in abstract but is not explicit in title,Medium,Map only,Relevant to broader UHC/health-system knowledge map but not primary financing-approach synthesis
9061,W4312217429,2022,Universal Health Coverage in Morocco: The Way to Reduce Inequalities: A Cross-sectional Study,"Background: Morocco launched an appeal in 2002 to develop a fundamental law on Basic Medical Coverage. Two systems have been put in place: Compulsory Health Insurance (AMO) based on solidarity and social security contributions; and a Medical Assistance Scheme based on the principle of social protection. The objective of these systems is to achieve Universal Health Coverage (UHC) to attain equity and equality in access to health care. In the international trend, access to economic and social rights has become a significant concern in public policies. This concept, based on the value of “equity” is now essential in evaluating equal opportunities in social and health systems. More importantly, there is a need to clarify the difference between the terms equality and equity in health. In most cases, reference is made to the definition used in Anglo-Saxon literature (equity, equality, fairness). Therefore, not all inequalities are inequities. The difference between equality and equity lies in that the first term gives the result of comparison without value judgment, while the second makes a judgment that qualifies the result as fair or unfair. Our study aims to analyze the specific problems related to the healthcare policy focused on allocating the supply of care, and efforts to improve financial accessibility specifically by developing medical coverage. We will present results that reflect the availability and quality of care in Morocco and shed light on the problem of not seeking healthcare for financial, geographical, and other reasons. In addition, we will discuss the difficulties related to the use of care by Moroccan citizens. The findings of this paper can potentially inform national healthcare policy and add to the small but growing literature on this subject in Morocco. Methodology: The methodology is based on research & data taken from official institutional publications from Morocco & United Nations organizations (gray literature) and data derived from articles published in scientific journals. Results: Morocco continues to suffer from disparities in the distribution of health practitioners due to an imbalanced distribution of health infrastructure and human resources between rural and urban areas. The Health Map developed by the Ministry of Health and Social Protection in 2016 is a very good tool to monitor the distribution of public health needs in each region, plan the delivery of care, regulate spending, and consolidate regionalization policy to ensure equity in supply and access to health care. At the end of 2021, the national average ratios were 7.3 physicians and 10 beds per 10000 inhabitants. In 2018, more than 60% of the Moroccan population enjoyed basic medical coverage and the Moroccan Government is committed to reaching 100% of Universal Health Coverage (UHC) by 2030. Conclusion: The health map will make it possible to control health expenditure by allocating human and financial resources according to needs and will determine the future location of health facilities to establish equity in the offer and access to health care.",Priority B - manual review,Did not pass earlier high-specificity screen; manual review required before exclusion,,,,Unclear,Financing mechanism/function appears in abstract but is not explicit in title,Medium,Include,Meets primary financing-approach/UHC eligibility at title/abstract stage
10154,W4396753967,2024,Relation between Perceived Organizational Support and Work-Life Balance among Nurses,"Background: Supporting nurses in health care sectors is very important, as nurses are the backbone of the hospital, perceived organizational supportive practices play an important role in improving nurses’ work-life balance. Aim: to assess the relation between perceived organizational support and work-life balance among nurses. Subjects and Method: A descriptive correlational design was utilized in this study. Setting: The study was conducted at Al Mabara Hospital for Health Insurance - El Zagazig, Alsharaqia, Egypt. Subjects: Convenience sample (410) staff nurses. Tools: Data were collected using two tools: The perceived organizational support scale and the Work-life balance survey. Results: 97.6% of studied nursing staff had a low perception level of organizational support and 90.2% of them had a moderate level of work-life balance. Conclusion: There was a positive significant correlation between work-life balance and organizational support. Recommendations: Hospital management should create strategies that promote a supportive work environment such as rewards, flexible work schedules, fair pay and benefits, safe working conditions, and training should be made available for nurses to improve the balance between work and life which in turn will give satisfaction in their personal life.",Priority B - manual review,Did not pass earlier high-specificity screen; manual review required before exclusion,,,,Unclear,Financing mechanism/function appears in abstract but is not explicit in title,Medium,Exclude,Does not meet primary financing-approach synthesis criteria at title/abstract stage
11386,W4414218368,2025,Weathering the Risk: Investigating Farmer Withdrawals from PMFBY and Underlying Agricultural Challenges,"The Pradhan Mantri Fasal Bima Yojana (PMFBY) was launched to provide financial protection to Indian farmers against crop losses due to natural calamities, pests, and diseases. However, despite its intended benefits, several farmers have discontinued their participation in the scheme. This study investigates the underlying reasons for the withdrawal of PMFBY by beneficiary farmers in Samba district of Jammu and Kashmir. Data was collected from 225 farmers, including 150 PMFBY beneficiaries and 75 non-beneficiaries, binary logistic regression was used to analyze the data. The findings reveal that dissatisfaction with claim procedures, high premium rates, tedious processes and lack of transparency are the key drivers of discontinuance. Logistic regression analysis indicated that education level (p=0.02) and irrigated land holding (p=0.009) significantly influenced farmers’ decisions to opt out. Farmers also suggested individual-level assessment (84.00%), greater awareness (75.00%) and improved claim settlement mechanisms (59.00%) to enhance the scheme’s effectiveness. The study highlights the need for policy reform and targeted interventions to restore farmer confidence and ensure the sustainability of crop insurance in India.",Priority B - manual review,Did not pass earlier high-specificity screen; manual review required before exclusion,,,,Exclude,No substantive financing approach/UHC-financing signal,High,Exclude,Does not meet primary financing-approach synthesis criteria at title/abstract stage
2193,W1982765500,2012,Utilization of Health Care Services for Childhood Morbidity and Associated Factors in India: A National Cross-Sectional Household Survey,"BACKGROUND: Information about utilization of health services and associated factors are useful for improving service delivery to achieve universal health coverage. METHODS: Data on a sample of ever-married women from India Demographic and Health survey 2005-06 was used. Mothers of children aged 0-59 months were asked about child's illnesses and type of health facilities where treatment was given during 15 days prior to the survey date. Type of health facilities were grouped as informal provider, public provider and private provider. Factors associated with utilization of health services for diarrhea and fever/cough was assessed according to Andersen's health behavior model. Multinomial logistic regression analyses were done considering sampling weights for complex sampling design. RESULTS: A total of 48,679 of ever-married women reported that 9.1% 14.8% and 17.67% of their children had diarrhea, fever and cough respectively. Nearly one-third of the children with diarrhea and fever/cough did not receive any treatment. Two-thirds of children who received treatment were from private health care providers (HCPs). Among predisposing factors, children aged 1-2 years and those born at health facility (public/private) were more likely to be taken to any type of HCP during illness. Among enabling factors, as compared to poorer household, wealthier households were 2.5 times more likely to choose private HCPs for any illness. Children in rural areas were likely to be taken to any type of HCP for diarrhea but rural children were less likely to utilize private HCP for fever/cough. 'Need' factors i.e. children having severe symptoms were 2-3 times more likely to be taken to any type of HCP. CONCLUSION: Private HCPs were preferred for treatment of childhood illnesses. Involvement of private HCPs may be considered while planning child health programs. Health insurance scheme for childhood illnesses may to protect economically weaker sections from out-of-pocket health expenditure during child illness.",Priority B - manual review,Did not pass earlier high-specificity screen; manual review required before exclusion,,,,Unclear,Financing mechanism/function appears in abstract but is not explicit in title,Medium,Map only,Relevant to broader UHC/health-system knowledge map but not primary financing-approach synthesis
510,W4230930281,2004,Organization and development of pain clinics and palliative care in developing countries,"How much would you spend to keep yourself pain free, when afflicted with chronic intractable pain or terminal cancer-related pain and you happen to be a resident of a developing country with a low per capita income? Maybe an amount equivalent to US $5000 or $10 000? This sounds ridiculous! But is it? In other words what value would you put on your quality of life? How much funding would be required to set up an ideal pain clinic in a developing country? If these questions sound ridiculous, think again. A brutal reality awaits many of us. In 1961, John J. Bonica, along with Lowell White, established the first pain clinic at the University of Washington, Seattle. Their efforts were so well organized and their multidisciplinary treatment so successful that this clinic has since become a model for numerous other pain centres all over the world. Since then many pain clinics have been established in the western world. But what about the developing nations? They also need a network of pain clinic infrastructure to manage what is a vast population of chronic pain and cancer pain patients. But in developing countries the realities are very different and the situation is grim and frightening. Certainly a depressing scenario, yes, but is anything new in this? Unfortunately, no. Our great grandparents would have faced a similar situation. It is just that the global developments in pain management practice over the years have made the scenario more probable now. In the context of the developing nations, consider the fact that you are likely to live longer than your parents or grandparents. An average Indian used to live for barely 40 yr in 1947 but by 2016 that same person would be expected to live for about 68 or 70 yr. As healthcare costs have been escalating rapidly, one can imagine the healthcare costs, related to optimum pain management of age-related ailments in developing countries to be enormous and beyond the reach of the common man. Special problems in organizing pain clinics in developing countries In developing countries, the concept of pain clinics has still not reached the pivotal point of acceptance by the medical community nor by the many other individuals who come into contact with pain patients. An ideal pain clinic, as of today, is difficult to achieve in the kind of set-up existing in developing countries. We in developing countries face specific problems while organizing a pain clinic. The problem of conceptual acceptance of pain clinics This idea has not even reached the minds of many medical experts. The concept that chronic pain and cancer pain should be dealt as separate entities and managed in a centralized multidisciplinary fashion has not yet been accepted. The problem of space Space is at a premium and finding space for a new pain clinic service within existing overstretched outpatient services can be quite difficult. This should not, however, be the reason for failing to organize a pain clinic service in a referral hospital and medical institution. The paucity of funding In a system with limited and inadequate resources, the pain clinic tends to be low in the list of priorities when compared to many other specialties. The lack of health insurance facilities in developing countries At present not even 1% of the population in this part of the world is covered by health insurance. Hence it is quite possible that any pain management-related healthcare expenses could wipe out the entire accumulated family wealth. The problem of getting the right equipment given the paucity of funds This applies especially in the context of interventional pain management equipments like an image intensifier, a spinal cord stimulator, programmable and implantable intrathecal pumps, and radio frequency thermo-coagulation equipment and probes. It might even prevent the purchase of basic simple equipment. There is no definitive teaching and training programme regarding pain clinics in developing countries Chronic pain management is not even mentioned in the undergraduate and post graduate curriculum of medical education in these countries. Hence developing the speciality of chronic pain management is very difficult. There is also a lack of motivated and dedicated people to work in the pain clinics. In view of the above-mentioned factors, there is presently minimal original research on pain management in developing countries. With the help of the limited infrastructure, we do have to our credit some of the most original work on brain stem auditory evoked responses and somatosensory evoked potential changes following electro-acupuncture therapy in chronic pain patients referred to the pain clinic [1,2]. We have also evaluated P 300-event-related potential (cognitive profile) changes following epidural methylprednisolone administration in patients with chronic low back pain [3,4]. Recently, there have been a few case report publications from pain clinics in India [5,6]. Also a World Health Organization collaborating centre in South India has published an article on improving access to opioid analgesics for palliative care in India [7]. Pain management clinics in India While currently there are 3100 pain management clinics listed on www.pain.com, the number of pain management clinics in India would be around 15 or so, including the one at our own medical institution. It is quite a sobering thought that this tiny number of pain clinics is all that is available for the second most populous nation on earth. There are many problems in setting up a pain clinic in India. It is certain, however, that there exists a vision for many more pain clinics to be set up in India in the near future, despite the above-mentioned problems encountered in the planning. Monitoring performance of pain clinics In the west, pain clinic treatments are continually evaluated [8], despite their difficulty being managed by a multimodal approach. For monitoring the performance of pain clinics and fulfilling the essential requirements of clinical governance, Griffiths and colleagues have recently, successfully developed a computer-based system, the Pain Audit Collection System, for outcome evaluation of the multiple, complex interventions adopted in pain clinics [9]. It is evident that a high quality clinical database is mandatory for measuring the outcome in pain clinics and this is one vital area where the developing nations are lagging behind as they have hardly any databases to track interventions in the pain clinics. In developing nations there is no dearth of willingness or inclination to employ these databases but the commitment and assistance of the government department of health and finance, and the private hospital trust is required. Challenges in organizing palliative home care in developing countries Slightly more than one million people in India suffer from cancer pain every year [10]. As in many other developing countries, cancer tends to be diagnosed in the terminal stages when pain is dominant and often severe [11]. Worldwide, at least four million people suffer from cancer pain everyday [12]. Many of these individuals do not obtain pain relief [13,14] despite the established efficacy of the World Health Organization's three-step ladder approach for cancer pain relief in about 90% of cancer patients [15]. It is surprising that morphine is manufactured in India and yet is not available to most of the inhabitants of India who need it. According to Joranson and colleagues [7], therapeutic morphine consumption during the period 1985-1997 decreased by 97%, reaching a low of 18 kg in 1997. It is incredible that in 1997 India's per capita therapeutic consumption of morphine ranked among the lowest in the world (113th of 131 countries) [16]. Rajagopal observed that much of the supply of morphine for the rest of the world comes from cultivation of poppies in three Indian states [17], yet only a trickle reached India's domestic market. Palliative care experts including Dame Cicely Saunders and various World Health Organization specialists have educated health professionals in the Indian sub-continent. Their efforts led to the establishment of the first palliative care centre, 'Shanti Avedna Ashram' in 1986. Subsequently in 1992, pain relief and the availability of morphine were specified as priorities in the National Cancer Control Program of India. Although the Ministry of Health and Family Welfare of the Government of India has specified that oral morphine should be made easily available for the relief of severe cancer pain [18], there have been many difficulties in its supply even to the medical institutions and tertiary government hospitals in India. In a bid to draw international attention to the most unfortunate situation unfolding in India, the International Narcotics Control Board, which monitors the adherence of national governments to international drug treaties and to the availability of narcotic drugs (both legal and illegal), asked the Government of India to take effective measures to ensure the adequate availability of oral morphine for cancer pain relief [19]. Care of the dying has been a constant concern of human society throughout history [20]. This is highly significant in view of the fact that although cancer is often regarded as a problem of the developed world, even now more than half of the cancers occur among the three-quarters of the world's people who reside in the developing nations. The burden of cancer will increase in the very near future due to an increase in the extent of population exposure to tobacco and an increase in the proportion of the elderly in most countries [21]. In the developing nations, there has been a constant decline of palliative care from the norm of medical practice to a marginalized field. Those who are dying are given the lowest medical priority. Historically there is evidence that in India, the Emperor Asoka (AD 238) established a refuge for the dying in Varanasi near the sacred Ganges river. Patients would come there to die, knowing that their ashes would be thrown in the sacred river to help their souls reach moksha, or liberation from the eternal cycle of death, rebirth and reincarnation. In India, today there are muktibhavans to which are brought the suffering patients who have stopped eating or drinking [22]. Most die within the first week, all within another week or so. Priests attend not to cater for medical needs but only spiritual needs. Small portions of tulsi, a sacred plant, are prepared and offered to the dying along with the water of the Ganges. Death comes in a natural, predictable and respectful fashion, and with detachment, dignity and little pain or suffering. Even in the New Testament (Matthew 25:35) there is a mention of 'Xenochodium', 'a place to receive the stranger', 'xenos'. Even today the concept of hospices is that these are places that offer physical care as a means to a spiritual objective. In India, there has been a trend to resort to neurolytic nerve and plexus blocks for cancer pain relief, as it proves to be cost-effective in the long run. But the availability of an image intensifier and operating theatre exclusively reserved for neurolytic blocks is still a distant dream for the pain clinicians working in developing nations. At the same time there is no dearth of skills and talent for performing neurolytic blocks in these developing nations. Recently it has been observed that the unfortunate downward trend of morphine consumption in India has been arrested due to the coordinated efforts of state, national and international initiatives. This reflects improvement in the palliative care programmes of only one state in India, i.e. Kerala. Kerala is a small state in the south west coast of India. It has only 1.2% of the area of India, yet it accounts for 3.1% of the country's population, making it one of the most densely populated states in the country. However, opioid availability has not improved in many of the states in India, where the rules have been amended but the policy changes have not been implemented. As a result, the palliative care programmes of even the medical institutions of the capital of India (New Delhi) have yet to obtain the oral morphine that they need. Various states in India have no structured social security system, hence when pathology strikes a breadwinner, it destroys families. All these efforts have to be coupled with improving the education for healthcare professionals, administrators, politicians and the public. The million dollar question is, why in developing nations, is cancer pain so poorly managed despite the availability of effective treatments? And how long will it take to improve access to opioid analgesics for cancer pain relief in India? The concept of quality of life (though essential for assessing the efficacy of palliative care programmes) seems to be a distant low priority thinking in developing nations. Despite these constraints the quality of life should certainly improve in cancer pain patients. Is it possible without the active involvement from the government? Probably the answer lies in acknowledging the limitations of both the government machinery and the non-governmental associations and going ahead with a plan of action involving both. Conclusions The only difference worth mentioning between a functioning society and a dysfunctional one is that the basic requirements of the people are provided - if not provided for - by the state. However, much of the gap may be between developed and developing nations; a country is expected to protect its citizens' fundamental rights for alleviation of both chronic pain and cancer pain and a definite concern for quality of life, even if millions of people in developing nations are unable to opt for private medical care. It is certainly possible to affect positive changes with a renewed hope. Our society is extremely optimistic that, even if there is a long way to go, the day is not far off when pain clinics and palliative care programmes in developing nations like India, will become an essential and integral part of the healthcare system that focuses on efficient delivery with reduced costs. A. Kumar Department of Anaesthesiology; University College of Medical Sciences; Guru Teg Bahadur Hospital; Delhi, India",Priority B - manual review,Did not pass earlier high-specificity screen; manual review required before exclusion,,,,Unclear,Financing mechanism/function appears in abstract but is not explicit in title,Medium,Exclude,Does not meet primary financing-approach synthesis criteria at title/abstract stage
7476,W4285479140,2021,Impact of Agricultural Insurance on the Productivity of the Agricultural Sector In Nigeria,"This study examines the impact of agricultural insurance on the productivity of agricultural sector in Nigeria. Agricultural Insurance is a valuable business risk management tool that provides farmers with financial protection against production losses caused by natural perils, such as drought, excessive moisture, hail, frost, wind and wildlife. The study used a survey research approach and simple random sampling to choose 100 farmers from Orelope Local Government, Oyo State. The findings revealed a positive significant correlation (r = .381, p <.01) between Agricultural insurance scheme and Agricultural sector productivity. Also, the level of awareness of Agricultural Insurance scheme among respondents is still low as several of them claimed that they are not aware of the Insurance scheme. It is recommended that more awareness and enlightenment of the Agricultural insurance scheme should be made to famers especially those in rural areas. Keywords: Agriculture, Insurance, Agricultural Insurance, Crop Production",Priority B - manual review,Did not pass earlier high-specificity screen; manual review required before exclusion,,,,Unclear,Financing mechanism/function appears in abstract but is not explicit in title,Medium,Exclude,Does not meet primary financing-approach synthesis criteria at title/abstract stage
4140,W2524687248,2016,Public’s knowledge of the differences between ophthalmologists and optometrists: a critical issue in eye care service utilisation,"AIM: To assess the public's knowledge of the differences between ophthalmologists and optometrists and identify the factors associated with knowledge. METHODS: The study was a population-based random survey of adults aged 18 years or older conducted in Enugu, south eastern Nigeria, between March and June, 2011. Data on respondents' socio-demographics, clinical profile, and knowledge of the differences between ophthalmologists and optometrists were collected using a 28-item questionnaire. Data were analysed using descriptive and analytical statistics. Values of P<0.05 were considered statistically significant. RESULTS: The respondents (n=394) comprised 198 males and 196 females (sex ratio=1.01:1), aged 18-70 (30.9±10.8) years. The majority of respondents were single (57.4%), possessed secondary education (96.9%), employed (65.2%) and had no health insurance (77.4%). Their clinical profile showed previous eye exam 54.1%, spectacle wear 41.6% and contact lens wear 5.6%. In the multivariate analysis, participants' good knowledge of the differences between ophthalmologists and optometrists was significantly associated with educational status (OR: 0.32, 95% CI: 0.23-0.44, P<0.0001, β=-0.988), employment status (OR: 1.8, 95% CI: 1.45-2.25, P<0.0001, β=0.124) and previous eye examination (OR: 1.63, 95% CI: 1.29-2.07, P<0.0001, β=0.549). CONCLUSION: Participants' socio-demographic and clinical characteristics are important predictors of good knowledge. The findings may have implications for all stakeholders in eye care delivery. There is need for knowledge enhancement, by the government and eye care providers, through population-based eye health literacy campaigns.",Priority B - manual review,Did not pass earlier high-specificity screen; manual review required before exclusion,,,,Unclear,Financing mechanism/function appears in abstract but is not explicit in title,Medium,Exclude,Does not meet primary financing-approach synthesis criteria at title/abstract stage
7871,W4205550658,2021,Quality Management in Healthcare System; where we stand?,"Quality management in healthcare can significantly and efficiently change the health system performance and patient satisfaction. It improves every aspect of the health system such as system or process, its functions, and goals, in a systematic evidence-based manner. A health system is anorganization of persons, institutions, and the resources which deliver health care services to fulfill health needs of the populations.1 A health system includes public sector facilities and private facilities, which deliver preventive, curative, and the personal health services. It also includes in it, theprograms which focus on behavior change, and vector-control program, financing methods like health insurance systems, inter-sectoral coordination, and legislation. The goals for the health system include; providing good health for its citizens, being responsive to the expectations of population it serves, and fair financing services. The achievements towards these goals is based on how effectively and efficiently, a health system carries out the following key functions including, provision of quality health care services, resource generation, financing, and overall stewardship.1 The outcome of the health system is not based on these factors only, in fact, it is based on multiple interrelated factors, which in turn are governed by the concepts, and principles of quality management in healthcare. There are many established quality standards that may work as a yardstick in a journey to achieve the goals of the healthcare system in a country. There are multiple key concepts in quality management of healthcare system such as healthcare services are very specific and unique, because of continuous physical and mental interaction of the patients and healthcare providers (HCP) in the process of health services provision, and patients usually have little knowledge of medical services. As in the input, process, and output model of a system, this interaction of the patient with HCP shall define the process and output of the system. So whether it is effective interaction or not will be the deciding the quality of healthcare and thus a satisfied patient at the end. Additionally, these interactions are not the only thing important in an effective treatment and quality of healthcare. The related factors which are also very pertinent to mention like payments type and sources, suppliers of the medical and non-medical equipment, materials and resources, healthcare financing in the form of insurance, legislative and other regulatory bodies, so emphasizing the complex nature of the healthcare quality management. Quality management principles are widely followed in a diverse range of systems and disciplines and the healthcare system is not an exception. The key principles of quality management in healthcare include; it should be patient-centered, all the stakeholders should have the say, including not only patients and HCPs, but paramedical staff, managers, political and financers. Leadership skills for quality, shared vision of care, process orientation by staff, partnership, third party services, continuous improvement, and use of modern technologies.2,3In the light of the concepts, principles, and standards, of the quality management system in the healthcare organizations brings a revolutionary change in the healthcare systems. Quality management affects every aspect of a health system from ownership to structure, and patient-doctor relationships so positively affect the goals of the health system and patient satisfaction. The health system comprises mainly private healthcare services to about seventy percent of patients and public healthcare services to remaining patients.4 Healthcare system in Pakistan is facing scarcity of financial resources, coupled with the double burden of communicable and non-communicable diseases. Although Pakistan has an adequate qualified human resources for healthcare service delivery, there are serious gaps in the planning, resulting in the poor quality of healthcare services. Still, the vast majority of the public and private hospitals in the country, are not certified with ISO 9001:2015, which specifically focuses on performance in a healthcare setting.5 Although international organizations like World Health Organization, continue to emphasize its importance for our health system, healthcare quality management is a neglected academic specialty in the country. Recently there has been an increasing emphasis seen on this relatively new concept of quality in healthcare, after more and more qualified people joining this discipline. The development of healthcare quality management mainly depends on the value and priority given by the leadership at all levels, to integrate and implement quality management with in the healthcare delivery system in a country. Although some progress has been made recently by Healthcare commissions in provinces there is a lack of a comprehensive national healthcare accreditation system and national guidelines, on healthcare quality and patient safety. Additionally, we still don,t have established national quality care indicators. In both private and public sector healthcare establishments, organizational culture is absent, and leadership, to prioritize quality management in healthcare. The ambiguity in the regulatory role of PMC (Former PM&DC), Healthcare commissions at federal and provincial levels was another hurdle at the legislative and policy level.6 It is suggested that healthcare policymakers and planners in the country start realizing the importance of quality management in healthcare and devise a system to integrate quality improvement initiatives at the planning stage of the healthcare system. This would make our health system efficient and thus maximum benefit could be gained from the resource-constrained healthcare system and would restore the much-needed patient trust in the healthcare system of our country.",Priority B - manual review,Did not pass earlier high-specificity screen; manual review required before exclusion,,,,Unclear,Financing mechanism/function appears in abstract but is not explicit in title,Medium,Map only,Relevant to broader UHC/health-system knowledge map but not primary financing-approach synthesis
9619,W4381487762,2023,Economic burden of lung cancer in Morocco: A cost of illness study,,Priority B - manual review,Did not pass earlier high-specificity screen; manual review required before exclusion,,,,Unclear,Financial-protection/expenditure signal without explicit financing approach in title,Medium,Exclude,Does not meet primary financing-approach synthesis criteria at title/abstract stage
5862,W2993841096,2019,"The Challenges of Establishing Universal Health Coverage in Enugu State, South East Nigeria","This research was supported by UNN TETFUND Committee through TETFUND Institution Based Research Fund. Abstract Background: Financial risk protection for healthcare is deficient in Enugu state, Southeast Nigeria and the worst affected are the rural dwellers and the poorest, thus creating both socioeconomic and geographic inequity in access and use of services. The study aimed at eliciting the level of awareness and use of pre-payment mechanisms, and more importantly, determining the economic and political factors that facilitate or constrain achievement of Universal Health Coverage in Enugu state, Southeast Nigeria. Methods: Study was conducted in two purposively chosen urban and rural local government areas(LGA) of Enugu state with mixed method study design. Cross-sectional household questionnaire survey was conducted on 802 sample size from the two LGAs and 12 key informants participated in In-depth interviews (IDIs). The quantitative data was analysed with STATA using descriptive statistics while the qualitative IDI data was organized into nodes and sub-nodes using Nvivo: political and economic factors, corruption, communication/Awareness, capacity development / Infrastructure, policy development, leadership and referral system. Later, findings were thematically analysed. Results: The survey results showed that 84% of the study sample have secondary school education and 83% are engaged in employment or petty business. About 56% are aware of prepayment mechanism for healthcare bills but only 10% of them have used prepayment mechanisms. Out of pocket payment (85%) is the main source of payment at health facilities. Major political constraining factors to UHC revealed by the IDI include lack of political will backed with financial commitment from the political leaders, lack of legislative framework for UHC, lack of trust on the political leaders/government by the citizenry and inactive civil society organizations. Also, the poor fiscal space for health and the poverty level in the populace are big threats to sustainable UHC in Enugu state. Other economic challenges include corruption, poor health capacity development and poorly paid healthcare workers leading to poor quality of health care delivery. There is need for comprehensive health system development in the state to accommodate UHC. Conclusions: Establishment of sustainable UHC in Enugu state faces considerable political and economic challenges. There is need for increased government budgetary allocation for UHC to ensure coverage for the poor and vulnerable members. The lack of legislative framework for UHC could be resolved by legislative arm of the government. The government should invest in health system development to improve the quality of health care services to compliment the FRP component of UHC. Keywords : Universal Health Coverage, Health Insurance, Financial Risk Protection DOI : 10.7176/DCS/9-4-07 Publication date : April 30 th 2019",Priority B - manual review,Did not pass earlier high-specificity screen; manual review required before exclusion,,,,Unclear,Financing mechanism/function appears in abstract but is not explicit in title,Medium,Include,Meets primary financing-approach/UHC eligibility at title/abstract stage
9198,W4313948114,2023,Strengthening financial management systems at primary health care: Performance assessment of the Facility Financial Accounting and Reporting System (FFARS) in Tanzania,"Background: Universal coverage remains a challenging pursuit around the world, even among the highest-income countries. Strengthening financial management capacity is essential towards attaining the three universal health coverage (UHC) goals, namely, expanded coverage, quality service, and financial protection. In this regard, Tanzania introduced the Facility Financial Accounting and Reporting System (FFARS) in line with the introduction of the Direct Health Facility Financing (DHFF) initiative in primary health care (PHC) in 2017-2018. We aim to assess the functionality of the FFARS in management, accounting, and reporting funds received and disbursed in the stride forward strengthening public financial management in PHC facilities towards UHC. Methods: The study applied implementation research using a concurrent convergent mixed-methods design to assess sources of revenue, expenditure priorities, and changes of revenues and to explore the usability and benefits of FFARS in improving facility finance and reporting systems in more than 5,000 PHC facilities in Tanzania. Quantitative methods assessed the changes in revenues and expenditure between the financial years (FYs) 2017-2018 and 2018-2019, while the qualitative part explored the usability and the benefits FFARS offers in improving facility finances and reporting systems. Data analysis involved a thematic and descriptive analysis for qualitative and quantitative data, respectively. Results: Of the 5,473 PHC facilities, 88% were in rural areas; however, the annual average revenue was higher in urban facilities in FYs 2017-2018 and 2018-2019. Overall, district hospitals showed an increase whereas health centers reported a decline of more than 40% in revenue. The user fee was the predominant source of revenue, particularly in urban facilities, while revenue from health insurance was not among the top three highest sources of revenue. Expenditure priorities leaned more towards drugs and supplies (25%) followed by allowances and training (21%); these did not differ by facility geographies. In health centers, expenditure on facility infrastructure was predominant. Key Informant Interviews revealed an overall satisfaction and positive experiences related to the system. Conclusion: The implementation of FFARS in Tanzania demonstrated its high potential in improving facility financial management, including its ability to track revenue and expenditure at PHC facilities. Staffing shortages, ICT infrastructure, and limited opportunities for capacity building could be the limiting factors to reaching the potential of the implementation of FFARS and the attainment of its full impact on Tanzania's pursuit for UHC.",Priority B - manual review,Did not pass earlier high-specificity screen; manual review required before exclusion,,,,Unclear,Financing mechanism/function appears in abstract but is not explicit in title,Medium,Include,Meets primary financing-approach/UHC eligibility at title/abstract stage
10761,W4400651446,2024,Quality of Life of the Family Caregivers of Children with the Cerebral Palsy and its Determinants: A Study from India,"abstract Introduction: The responsibility of caring for a child with cerebral palsy (CP) at home can be challenging to the caregiver’s and children’s quality of life (QoL). This study was designed to assess the QoL and its determinants amongst family caregivers of children with CP. Materials and Methods: A study was conducted in a Tertiary Care Hospital in Yavatmal, Maharashtra, from March to May 2021, involving 126 participants selected through systematic random sampling. QoL was assessed using the World Health Organization QoL Brief Version scale. The data were analyzed using the statistical software, Epi Info Version 7.2. Results: The mean ± standard deviation of the overall QoL of family caregivers of CP children was 66.7 ± 1.44. The study found a significant association of QoL with the age of the caregiver, residence, education, socio-economic class, total number of children, health insurance and accessibility of services. Conclusion: More than half of the study participants exhibited low overall, physical, social and environmental QoL, influenced by various determinants.",Priority B - manual review,Did not pass earlier high-specificity screen; manual review required before exclusion,,,,Unclear,Financing mechanism/function appears in abstract but is not explicit in title,Medium,Exclude,Does not meet primary financing-approach synthesis criteria at title/abstract stage
14115,W7165166719,2026,Socioeconomic and geographic inequalities in unmet healthcare needs in Cambodia: evidence from a national cross-sectional study,"INTRODUCTION: Despite economic growth and health system improvements in Cambodia, inequalities in access to healthcare services persist. Unmet healthcare needs provide a key indicator of equity in health service access. This study examined the association between socioeconomic position (SEP) and unmet healthcare needs among Cambodian adults and assessed whether these associations differed by residential area. METHOD: We conducted a cross-sectional analysis of nationally representative data from 5,001 adults aged ≥ 18 years in Cambodia who participated in the 2023 World Health Survey Plus (WHS+). Unmet healthcare need was defined using three specifications: (1) not receiving healthcare despite reported need; (2) not receiving healthcare or receiving care from a non-medical facility; and (3) not receiving healthcare or receiving care from a non-medical facility or private pharmacy. SEP was derived using principal component analysis conducted separately for urban and rural households and categorized into tertiles. Survey-weighted multivariable logistic regression examined associations between SEP and unmet healthcare needs stratified by residential area. RESULTS: The prevalence of unmet healthcare needs ranged from 7.6% to 42.8%, depending on the definition used. In urban areas, no statistically significant associations between SEP and unmet healthcare needs were observed across specifications. In rural areas, low-SEP individuals had significantly higher odds of unmet healthcare needs under Specification 2 (aOR = 2.40, 95% CI: 1.06-5.41), while middle-SEP individuals had lower odds under Specification 3 (aOR = 0.63, 95% CI: 0.41-0.96). Predicted probabilities varied across SEP and residential area, with patterns differing depending on outcome specifications, particularly in the urban area. CONCLUSION: Unmet healthcare needs in Cambodia show persistent socioeconomic and geographic inequalities, which are more evident when defined by access to formal providers. Self-reported measures may underestimate these disparities. Policies should prioritize strengthening affordable rural primary care, regulating private pharmacies, and improving financial protection for disadvantaged populations.",Priority B - manual review,Did not pass earlier high-specificity screen; manual review required before exclusion,,,,Map only,Relevant to UHC/health-system knowledge map but no explicit financing-approach evaluation,High,Map only,Relevant to broader UHC/health-system knowledge map but not primary financing-approach synthesis
551,W2031575651,2004,Improving kidney and live donation rates in Asia: Living donation,,Priority B - manual review,Did not pass earlier high-specificity screen; manual review required before exclusion,,,,Exclude,No substantive financing approach/UHC-financing signal,High,Exclude,Does not meet primary financing-approach synthesis criteria at title/abstract stage
7875,W3199432689,2021,The End of Factory Farming,"Photo by Jo-Anne McArthur on Unsplash ABSTRACT The UK-based campaign group Scrap Factory Farming has launched a legal challenge against industrial animal agriculture; the challenge is in the process of judicial review. While a fringe movement, Scrap Factory Farming has already accrued some serious backers, including the legal team of Michael Mansfield QC. The premise is that factory farming is a danger not just to animals or the environment but also to human health. According to its stated goals, governments should be given until 2025 to phase out industrialized “concentrated animal feeding organizations” (CAFOs) in favor of more sustainable and safer agriculture. This paper will discuss the bioethical issues involved in Scrap Factory Farming’s legal challenge and argue that an overhaul of factory farming is long overdue. INTRODUCTION A CAFO is a subset of animal feeding operations that has a highly concentrated animal population. CAFOs house at least 1000 beef cows, 2500 pigs, or 125,000 chickens for at least 45 days a year. The animals are often confined in pens or cages to use minimal energy, allowing them to put on as much weight as possible in as short a time. The animals are killed early relative to their total lifespans because the return on investment (the amount of meat produced compared to animal feed) is a curve of diminishing returns. CAFOs’ primary goal is efficiency: fifty billion animals are “processed” in CAFOs every year. The bioethical questions raised by CAFOs include whether it is acceptable to kill the animals, and if so, under what circumstances, whether the animals have rights, and what animal welfare standards should apply. While there are laws and standards in place, they tend to reflect the farm lobby and fail to consider broader animal ethics. Another critical issue applicable to industrial animal agriculture is the problem of the just distribution of scarce resources. There is a finite amount of food that the world can produce, which is, for the moment, approximately enough to go around.[1] The issue is how it goes around. Despite there being enough calories and nutrients on the planet to give all a comfortable life, these calories and nutrients are distributed such that there is excess and waste in much of the global North and rampant starvation and malnutrition in the global South. The problem of distribution can be solved in two ways: either by efficient and just distribution or by increasing net production (either increase productivity or decrease waste) so that even an inefficient and unjust distribution system will probably meet the minimum nutritional standards for all humans. This essay explores four bioethical fields (animal ethics, climate ethics, workers’ rights, and just distribution) as they relate to current industrial agriculture and CAFOs. l. Animal Ethics Two central paradigms characterize animal ethics: welfarism and animal rights. These roughly correspond to the classical frameworks of utilitarianism and deontology. Welfarists[2] hold the common-sense position that animals must be treated well and respected as individuals but do not have inalienable rights in the same ways as humans. A typical welfare position might be, “I believe that animals should be given the best life possible, but there is no inherent evil in using animals for food, so long as they are handled and killed humanely.” Animal rights theorists and activists, on the other hand, would say, “I believe non-human animals should be given the best lives possible, but we should also respect certain rights of theirs analogous to human rights: they should never be killed for food, experimented upon, etc.” Jeremy Bentham famously gave an early exposition of the animal rights case: “The question is not Can they reason?, nor Can they talk?, but Can they suffer? Why should the law refuse its protection to any sensitive being?” Those who take an animal welfare stance have grounds to oppose the treatment of animals in CAFOs as opposed to more traditional grass-fed animal agriculture. CAFOs cannot respect the natural behaviors or needs of animals who evolved socially for millions of years in open plains. If more space was allowed per animal or more time for socialization and other positive experiences in the animal’s life, the yield of the farm would drop. This is not commercially viable in a competitive industry like animal agriculture; thus, there is very little incentive for CAFOs to treat animals well. Rampant abuse is documented.[3] Acts of cruelty are routine: pigs often have teeth pulled and tails docked because they often go mad in their conditions and attempt to cannibalize each other; chickens have their beaks clipped to avoid them pecking at each other, causing immense pain; cows and bulls have their horns burned off to avoid them damaging others (as this damages the final meat product, too); male chicks that hatch in the egg industry are ground up in a macerator, un-anaesthetized, in the first 24 hours of their life as they will not go on to lay eggs. These practices vary widely among factory farms and among jurisdictions. Yet, arguably, the welfare of animals cannot be properly respected because all CAFOs fundamentally see animals as mere products-in-the-making instead of the complex, sentient, and emotional individuals science has repeatedly shown them to be.[4] ll. Climate Ethics The climate impact of farming animals is increasingly evident. Around 15-20 percent of human-made emissions come from animal agriculture.[5] and deforestation to create space for livestock grazing or growing crops to feed farm animals. An average quarter-pound hamburger uses up to six kilograms of feed, causes 66 square feet of deforestation, and uses up to 65 liters of water, with around 4kg of carbon emissions to boot – a majority of which come from the cattle themselves (as opposed to food processing or food miles).[6] According to environmentalist George Monbiot, “Even if you shipped bananas six times around the planet, their impact would be lower than local beef and lamb.”[7] The disparity between the impact of animal and plant-based produce is stark. Not all animal products are created equally. Broadly, there are two ways to farm animals: extensive or intensive farming. Extensive animal farming might be considered a “traditional” way of farming: keeping animals in large fields, as naturally as possible, often rotating them between different areas to not overgraze any one pasture. However, its efficiency is much lower than intensive farming – the style CAFOs use. Intensive animal farming is arguably more environmentally efficient. That is, CAFOs produce more output per unit of natural resource input than extensive systems do. However, environmental efficiency is relative rather than absolute, as the level of intensive animal agriculture leads to large-scale deforestation to produce crops for factory-farmed animals. CAFOs are also point-sources of pollution from the massive quantities of animal waste produced – around 1,000,000 tons per day in the US alone, triple the amount of all human waste produced per day – which has significant negative impacts on human health in the surrounding areas.[8] The environmental impacts of CAFOs must be given serious ethical consideration using new frameworks in climate ethics and bioethics. One example of a land ethic to guide thinking in this area is that “[it] is right when it tends to preserve the integrity, stability, and beauty of the biotic community. It is wrong when it tends otherwise.”[9] It remains to be seen whether CAFOs can operate in a way that respects and preserves “integrity, stability, and beauty” of their local ecosystem, given the facts above. The pollution CAFOs emit affects the surrounding areas. Hog CAFOs are built disproportionately around predominantly minority communities in North Carolina where poverty rates are high.[10] Animal waste carries heavy metals, infectious diseases, and antibiotic-resistant pathogens into nearby water sources and houses. lll. Workers’ Rights The poor treatment of slaughterhouse workers has been documented in the US during the COVID-19 pandemic, where, despite outbreaks of coronavirus among workers, the White House ordered that they remain open to maintain the supply of meat. The staff of slaughterhouses in the US is almost exclusively people with low socioeconomic status, ethnic minorities, and migrants.[11] Almost half of frontline slaughterhouse workers are Hispanic, and a quarter is Black. Additionally, half are immigrants, and a quarter comes from families with limited English proficiency. An eighth live in poverty, with around 45 percent below 200 percent of the poverty line. Only one-in-forty has a college degree or more, while one-in-six lacks health insurance. Employee turnover rates are around 200 percent per year.[12] Injuries are very common in the fast-moving conveyor belt environment with sharp knives, machinery, and a crowd of workers. OSHA found 17 cases of hospitalizations, two body part amputations per week, and loss of an eye every month in the American industrial meat industry. This is three times the workplace accident rate of the average American worker across all industries. Beef and pork workers are likely to suffer repetitive strain at seven times the rate of the rest of the population. One worker told the US Department of Agriculture (USDA) that “every co-worker I know has been injured at some point… I can attest that the line speeds are already too fast to keep up with. Please, I am asking you not to increase them anymore.”[13] Slaughterhouses pose a major risk to public health from zoonotic disease transmission. 20 percent of slaughterhouse workers interviewed in Kenya admit to slaughtering sick animals, which greatly increases the risk of transmitting disease either to a worker further down the production line or a consumer at the supermarket.[14] Moreover, due",Priority B - manual review,Did not pass earlier high-specificity screen; manual review required before exclusion,,,,Unclear,Financing mechanism/function appears in abstract but is not explicit in title,Medium,Exclude,Does not meet primary financing-approach synthesis criteria at title/abstract stage
12341,W4414162704,2025,"“Can money buy health?” A study on the relationship between financial well-being, health, and gender among older Indians","India's population is aging rapidly, creating urgent challenges related to the financial security and health of older adults. These challenges are particularly acute for older women, who often face lifelong economic disadvantages and limited access to formal social protection. While the link between financial well-being and health is well established globally, there is a lack of robust, gender-disaggregated evidence from India using nationally representative data. This study addresses that gap by examining how financial factors, including income sources, pension status, insurance coverage, and intergenerational financial exchanges, shape self-rated health among older adults in India. Using data from Wave 1 of the Longitudinal Ageing Study in India (2017-18), we apply bivariate analysis, ordered logistic regression, and generalized ordered logistic regression. Our results highlight significant gender disparities: men report greater financial autonomy and better health, while women are more likely to lack pensions and insurance. Contributing financially and participating in household decisions are associated with better health outcomes, whereas receiving financial support is linked to poorer self-rated health, possibly reflecting loss of autonomy. These findings emphasize the need for gender-sensitive financial protection strategies to support healthy aging in India and other low- and middle-income countries undergoing demographic transitions.",Priority B - manual review,Did not pass earlier high-specificity screen; manual review required before exclusion,,,,Exclude,No substantive financing approach/UHC-financing signal,High,Exclude,Does not meet primary financing-approach synthesis criteria at title/abstract stage
1398,W1832585311,2010,"Household cost‐of‐illness of visceral leishmaniasis in Bihar, India","OBJECTIVE: To determine the cost of kala-azar (KA) to patients in Bihar, India. METHOD: A semi-structured questionnaire was used to collect costs of illness--direct (medical; non-medical) and indirect costs (work days lost). After screening the community known to be endemic for visceral leishmaniasis (VL), households (HHs) with VL were recruited which reported a case of KA who received treatment between September 2005 and September 2006. The total costs were calculated as a summation of individual costs category. Medians were estimated for the total and for each of the cost categories. RESULT: Data from 171 HHs and 183 patients revealed that median age of patients with KA was 18; 59% were men; 33% were employed; household size was 7; household median monthly income was $38. The median total costs per patient were $127, equal to >3 months of income, of which medical care comprised $83 (provider fees $13, medicines $50, diagnostics $9, hospital stay $30); and food and transport comprised $33. Patients also lost almost 2 weeks of work time during illness and even after recovery. CONCLUSION: Despite provision of free/subsidized medicines, diagnostics, and hospital stay at public and Non-Governmental Organization facilities, the impoverished HHs of Bihar with a case of KA incur high expenditures. Easier access to, and more use of free public health services, plus innovative health financing schemes, are urgently required.",Priority B - manual review,Did not pass earlier high-specificity screen; manual review required before exclusion,,,,Unclear,Financing mechanism/function appears in abstract but is not explicit in title,Medium,Exclude,Does not meet primary financing-approach synthesis criteria at title/abstract stage
5706,W2927695835,2019,Assessing health reform: studying tool appropriateness & critical capacities,"Abstract The past two decades have witnessed unprecedented policy effort to improve access to medical services and strengthen financial protection from catastrophic healthcare expenditure. Despite billions of dollars in health spending, many – especially across the developing world – continue to remain vulnerable to financial impoverishment. What accounts for this poor performance? To respond to this question, we turn to the design literature in public policy, which emphasises the role of policy tools or combination of tools in addressing a social problem. In this paper, we focus on two inter-related aspects of the design orientation to explain outcomes: a) the appropriateness of the policy tool and b) the capacity of government agencies. We apply a framework, which integrates vital questions on both these aspects along three common dimensions (analytical, operational and political) to assess healthcare reforms in India and Thailand. The case studies illustrate the importance of both these aspects of the design orientation in explaining outcomes, and show how they are commonly overlooked in the health and social policy literatures, and in reforms underway.",Priority B - manual review,Did not pass earlier high-specificity screen; manual review required before exclusion,,,,Unclear,Financial-protection/expenditure signal without explicit financing approach in title,Medium,Unclear,Insufficient title/abstract information; requires full-text or additional metadata
4887,W2795350275,2018,Analysis of the implementation of a social protection initiative to admit the poorest of the poor to mutual health funds in Burkina Faso,"Abstract To enable mutual health funds to extend coverage to poor people, the Mutual Health Support Network (Réseau d’appui aux mutuelles de santé – RAMS) in 2012 launched an initiative in collaboration with the Ministry of Social Action and Solidarity (ministère de l’Action sociale et de la Solidarité nationale – MASSN) in Burkina Faso. This article reveals difficulties in the initiative's implementation, which resulted in the continued exclusion of poor people from health services. Poor people were required not only to make co‐payments, but also to accept a limitation of coverage to three episodes of illness per year. Additional challenges to service takeup were the geographical distance of the homes of some beneficiaries covered by a mutual fund agreement from a health centre and the failure by some health workers and managers of pharmacies to recognize the mutual membership card. A formal framework was lacking that brought together all the actors involved in planning and implementing the initiative. Those involved did not all have the same information. Each structure performed the tasks within its scope, according to its own interests, but without consulting the other parties, and there was no platform for discussing implementation difficulties.",Priority B - manual review,Did not pass earlier high-specificity screen; manual review required before exclusion,,,,Include,Explicit financing mechanism/approach in title with target-setting and evaluative/UHC relevance,High,Include,Meets primary financing-approach/UHC eligibility at title/abstract stage
12130,W4412520700,2025,"Impact of the Diabetes Conversation Map TM Program on Knowledge Retention, Self‐Management, and Self‐Efficacy Among Diabetic Patients: A Randomized Controlled Trial","BACKGROUND: Diabetes mellitus is a growing global health concern, with a high prevalence in Egypt. Type 2 diabetes imposes substantial health and economic challenges. Diabetes Self-Management Education and Support (DSMES) programs, such as the Diabetes Conversation Map, have demonstrated promise in enhancing patient knowledge, self-management, and self-efficacy. However, evidence regarding their direct impact remains scarce, necessitating further investigation. OBJECTIVE: This study aimed to evaluate the effectiveness of the Diabetes Conversation Map program in improving knowledge retention, self-management, and self-efficacy among type 2 diabetes patients in Egypt. METHODS: A prospective, parallel, two-arm randomized controlled trial was conducted at the Damanhour Health Insurance Outpatient Diabetic Clinic in Egypt. A total of 120 adult patients with type 2 diabetes were randomized into a control group (n = 60), receiving standard diabetes education, and an intervention group (n = 60), attending 8 weekly interactive sessions using the Diabetes Conversation Map. Primary outcomes were assessed using validated questionnaires at baseline, post-intervention, and 3 months later. RESULTS: The intervention group exhibited significant improvements in knowledge, self-management, and self-efficacy compared to the control group (p < 0.001). Additionally, positive correlations between these outcomes were observed post-intervention, replacing negative correlations observed at baseline. LINKING EVIDENCE TO ACTION: The Diabetes Conversation Map program effectively enhances patient knowledge, self-management, and self-efficacy, supporting its integration into routine diabetes education. Healthcare providers should implement structured, interactive educational interventions to empower patients in managing their condition. Regular follow-ups and reinforcement strategies are necessary to sustain long-term self-efficacy improvements. Policymakers should consider incorporating evidence-based diabetes education into national healthcare programs. Future research should explore digital adaptations of the program to enhance accessibility and engagement. TRIAL REGISTRATION: Registration No: R000061691, Trial ID: UMIN000054044.",Priority B - manual review,Did not pass earlier high-specificity screen; manual review required before exclusion,,,,Unclear,Financing mechanism/function appears in abstract but is not explicit in title,Medium,Exclude,Does not meet primary financing-approach synthesis criteria at title/abstract stage
2199,W1977479799,2012,The Role of Metabolomics in Osteoarthritis Research,"Metabolomics is the comprehensive analysis of small molecules in a biological system and has generated great interest for identifying novel biomarkers for disease diagnosis and pharmaceutical treatment. Metabolomics has been used to identify citrate and choline as biomarkers for prostate and breast cancer, respectively. In fact, both tests are now clinically available and supported by most health insurance providers.1, 2

Metabolites are the end-products of cellular processes, and their levels can be regarded as the ultimate response of biological systems to genotype, phenotype, and environmental conditions. They encompass a diverse group of low-molecular weight compounds including lipids, amino acids, peptides, nucleic acids, organic acids, vitamins, thiols, and carbohydrates,3 and are commonly analyzed using nuclear magnetic resonance spectroscopy, liquid chromatography/mass spectrometry, and/or gas chromatography/mass spectrometry.

Metabolomics may be well suited for osteoarthritis (OA) research for many reasons including the tremendous heterogeneity in the disease process and recognition that no single biomarker can reflect the breadth of temporal and pathological processes associated with OA.4 Combining several biomarkers into a panel will assuredly increase the discriminatory capability5, as would occur with metabolic profiling. Secondly, since metabolic perturbations are real-time, they indicate the current disease state, a distinct advantage over current clinical diagnostics and disease monitoring techniques for OA, such as radiography.

Metabolomics has been employed to detect metabolic perturbations in urine, blood, synovium, and synovial fluid (SF) of animal models and patients with OA. Lamers and co-workers6 used nuclear magnetic resonance to study the urine from guinea pigs that spontaneously develop OA. Disturbances in lactic acid, malic acid, hypoxanthine and alanine were found to contribute heavily to the metabolic profile of OA. These investigators further studied the urine of humans with and without OA and found distinct patterns in the NMR spectra that could discriminate between groups.4 Zhai and co-workers7 employed metabolomics on human serum in a study of patients with and without knee OA. The investigators demonstrated that the ratios of valine and leucine to histidine were predictive of OA, pointing towards interest in the use of branched-chain amino acids (BCAA) as potential biomarkers.7 Many of these studies of venous plasma or urine identify metabolites that may be related to aging, altered muscle mass, and other factors that may confound the unique signature of a pathological OA joint. For these reasons, SF may yield the most accurate, real-time, and joint-specific metabolic profile.

Metabolomics has been performed on SF from experimentally induced OA in canine knee joints.8 The nuclear magnetic resonance spectra demonstrated increased concentrations of lactate, pyruvate, glycerol, alanine, isoleucine, hydroxybutyrate, hydroxyisobutyrate, and lipoprotein associated fatty acids. The investigators concluded that the intra-articular environment of OA was more hypoxic and acidotic than in the normal joint, and that arthritic joints may rely in part upon altered lipid metabolic pathways.

We have performed metabolomics on both human synovium and SF. In our first study, the metabolic profile of conditioned media collected from synovium explant cultures was obtained for tissues from patients undergoing total knee arthroplasty (end-stage OA) and from patients undergoing ligament or meniscal repair with little or no evidence of OA.9 Thirteen metabolites were significantly elevated in the end-stage OA group and included glutamine, succinate, pro-hydroxyproline, amongst others. Despite results suggestive of a distinct metabolic profile in OA, the synovium culture method does not easily translate into clinical practice.

In a second study, we performed metabolomics on ankle SF of patients with and without ankle OA.10 Results identified 106 metabolites as significantly elevated in the OA samples and represented perturbations in virtually all metabolic pathways, including amino acid metabolism, carbohydrate metabolism, mitochondrial oxidation, lipid metabolism, peptide, vitamin, nucleotide synthesis, and redox homeostasis. More importantly, when a rigorous decision tree analysis was applied to the metabolic profiles of the two populations, a 90% discriminatory accuracy was achieved, indicating the potential use of this technology as a diagnostic tool for OA. Studies are ongoing to confirm these findings in a larger population and to generate a narrowed panel of metabolic biomarkers and measurement methods for translation into the clinic.

In conclusion, metabolic profiling of biofluids and tissues can provide a panoramic view of the current physiologic state of a biological system such as the intra-articular environment of an osteoarthritic joint. We envision the role of metabolomics for OA as a clinically applied diagnostic tool in which a sample of a patient’s synovial fluid would be analyzed for a panel of metabolite biomarkers, similar to following serial values from a complete blood count. Alterations in the metabolic profile could indicate disease progression or a therapeutic response at a resolution not possible with currently employed clinical techniques.",Priority B - manual review,Did not pass earlier high-specificity screen; manual review required before exclusion,,,,Unclear,Financing mechanism/function appears in abstract but is not explicit in title,Medium,Exclude,Does not meet primary financing-approach synthesis criteria at title/abstract stage
4589,W2623592506,2017,Understanding the paradox of rising consumption of alternative medicine in Kenya,,Priority B - manual review,Did not pass earlier high-specificity screen; manual review required before exclusion,,,,Exclude,No substantive financing approach/UHC-financing signal,High,Exclude,Does not meet primary financing-approach synthesis criteria at title/abstract stage
2954,W1988812467,2014,Status of Road Safety and Injury Burden,"In Vietnam, a market economy (“Doi Moi”) was introduced in 1986, which resulted in a rapid economic and social development. Motorization has also increased dramatically over the past 10 years in line with other developments. Ownership of cars has increased at an annual average rate of 12%, whereas motorcycle ownership has increased at an average rate of 40% per year, with a 16.5-fold ratio between 2-wheel and 4-wheel motor vehicles. As of July 2009, there were about 28.3 million vehicles, of which 26,869,025 were motorbikes.1 Not surprisingly, the number of road crashes is also high, with the majority (73.4%) of fatal crashes involving motorcycles.2 In 2008, the National Transportation Safety Committee reported that the national mortality rate due to traffic crashes was approximately 11 deaths per 10,000 motor vehicles, similar to other Southeast Asian countries.3 More recently, reports from the Ministry of Health indicated that in 2011, there were 17,150 road-related deaths (20.14 per 100.000 population) most of which (n = 13, 536) were in men.4 More recent work from a national sample mortality surveillance system reported that age-standardized mortality rates were even higher, at 33.5 and 8.5 per 100,000 for males and females, respectively, again with the majority of deaths in males (79%) and 58% motorcycle users. Head injuries were the most common cause of death (79%).5 Despite variation in the estimates, it is clear that road injuries have a profound impact in Vietnam. An estimate from the Asian Development Bank using data from 2003, found road injuries cost almost VND 3100 billion, or US$ 194 million (US$ 1 = VND 16,000). As a developing economy, with a GDP of VND 575,000 billion (or US$ 36 billion) this was equivalent to approximately 0.54% of the gross domestic product.6 There is evidence that this has increased: the National Transportation Safety Committee estimated that the cost of road crashes in Vietnam is at least 2% of the gross domestic product,2,3 and in a recent report, the World Health Organization reported that the costs of Road traffic injuries in Vietnam were 2.5% of the gross domestic product in 2010.7 The economic impact of injuries also has a significant impact at the household or individual level. In a study on the cost of all unintentional injuries in 1999–2000, 90% of the costs incurred for treatment of road injuries were out of pocket costs from individuals and their families, with only 8% paid by the government and 2% from health insurance agencies.8 Such catastrophic health expenditure frequently leads to significant economic hardship and impoverishment. A recent study found that during the hospitalization period for road injuries, the average cost per injury was US$ 363 or 6 months of average salary.9 One year after the injury, the total costs were US$ 789 or almost 14 months of average salary, and 62.5% of patients and their families faced catastrophic expenditure.10 In terms of impoverishment, 30.8% of patients and their families were pushed below the national poverty line.10 Risk Factors, Policy, and Future Directions Over recent years there has been much media attention about progress in road safety in Vietnam, mainly due to the implementation and enforcement of motorcycle helmet legislation, unique in a low-income country setting.11 With the advent of motorcycle helmet legislation and enforcement in 2007, helmet-wearing rates have increased accordingly,12 and head injury rates decreased.13 There is evidence that the media played a positive role in the development of community dialog about motorcycle helmets.11 However, there is an important need to continue focusing on maintaining helmet-wearing rates at high levels, as well as addressing low helmet-wearing rates in children,14 and helmet quality,15 both of which require continued work. Drinking and driving is also a significant concern, with more than 29% of all car drivers and motorcycle riders presenting at hospitals with road injuries exceeding the legal blood alcohol content limit in a recent study.16 With a rising burden of road injury and a substantial impact on the community, it is crucial that the Vietnam Government invests in evidence-based solutions, with the support of the global community. Nonetheless, there have been significant advances in Vietnam in relation to road safety, and with the national policy for accident and injury prevention currently under revision, there are opportunities for further gains.",Priority B - manual review,Did not pass earlier high-specificity screen; manual review required before exclusion,,,,Unclear,Financing mechanism/function appears in abstract but is not explicit in title,Medium,Exclude,Does not meet primary financing-approach synthesis criteria at title/abstract stage
2565,W2058984937,2013,"Change, Challenge and Opportunity: Psychiatry in Age of Reform and Enlightenment","Back to table of contents Previous article Next article From the PresidentFull AccessChange, Challenge and Opportunity: Psychiatry in Age of Reform and EnlightenmentJeffrey Lieberman, M.D.Jeffrey Lieberman, M.D.Published Online:27 Aug 2013https://doi.org/10.1176/appi.pn.2013.9a7The line it is drawn, The curse it is castThe slow one now, Will later be fastAs the present now, Will later be past—Bob Dylan from ""The Times They Are a-Changin'To paraphrase the old Chinese saying, we are either blessed or cursed to live in interesting times. I believe that it is the former. Of course, that may be a matter of opinion, and it may require a bit of cognitive reframing to convince ourselves that this is the case, but while there may be some question about whether the current times are good or bad, there can be no question that we are entering a time of change. To address this profoundly important matter—important to psychiatrists as well as to our patients—this article will be the first of a three-part series on the topic of our changing profession. (It is not by coincidence that the theme of APA's 2014 annual meeting is ""Changing Practice and Perception of Psychiatry."") The articles will focus on the forces that are impacting psychiatric medicine and mental health care, particularly health care financing and scientific discovery. This first article will place these events in historical context.The discipline of psychiatry has evolved to its current form over the past 200 years. Its history is punctuated by certain inflection points, which mark transformative changes in our profession. I believe that we are approaching another such moment in our profession's development. For this reason, it is useful to revisit and reflect on the past to understand better not just where we are now, but also where we are going.Following Pinel's enlightened conception of mental disorders as illnesses and moral (humane) treatment, the next milestone was the rise of the asylum movement beginning in Europe and then extending to the United States. Dorothea Dix, a Boston schoolteacher, is often credited with spurring the establishment of state mental hospitals in this country after she visited prisons and almshouses in her native Massachusetts and found mentally ill people confined under inhumane conditions. These new mental institutions were intended for patients affected by acute or chronic mental problems. Prior to these facilities, many people with mental illness lived untreated and on the fringes of society with little or no care. At their peak, public mental hospitals totaled 560,000 beds in over 300 facilities. But as this system grew, the burgeoning patient population in many hospitals led to appalling living conditions and poor care.The next pivotal point came with Sigmund Freud. His psychoanalytic theory and therapeutic methods provided an intellectually compelling conceptual framework for psychiatrists at a time when the field was lacking a scientific theory. They also moved psychiatry from asylums to office-based practice and psychotherapeutic approaches.The wars of the 20th century served to position psychiatry alongside medical and surgical disciplines, a status that has only increased in prominence as the consequences of emotional trauma have become more prevalent and widely acknowledged in the context of the wars in Iraq and Afghanistan. At the same time, psychopharmacology revolutionized psychiatric treatment. In the 1950s, the widespread use of psychotropic drugs led to new conceptions of the causes of mental illness and increased discharges from U.S. mental hospitals, setting the stage for deinstitutionalization policies. The Community Mental Health Act of 1963, passed as part of President John Kennedy's New Frontier, was intended to fund community-based care as an alternative to institutionalization. However, problems developed as health care services in the community fell short, and many former patients were left homeless or were incarcerated.In 1952, the Diagnostic and Statistical Manual of Mental Disorders was created to complement the World Health Organization's International Classification of Diseases. DSM-I and DSM-II (1968) had no systematic organization and were both relatively short books. Studies in the 1960s and 1970s showed that diagnostic reliability among clinicians using the DSM was poor; the likelihood of any two clinicians agreeing on a particular patient's diagnosis appeared no better than flipping a coin. To remedy the problem, APA radically revised its diagnostic approach and published DSM-III in 1980. This edition dramatically expanded the number of disorders and provided detailed descriptions of their defining criteria, with precise lists of symptoms and behaviors. DSM-III revolutionized diagnostic precision in mental health care and provided clinicians with a common language to facilitate communication among themselves and with their patients. In the revisions that will follow DSM-5, which was released in May, we anticipate that psychiatric diagnoses will move beyond descriptive phenomenologic criteria to measures of pathophysiology and etiology and that they will involve laboratory tests to identify lesions and disturbances in specific anatomic structures, neural circuits, or chemical systems, as well as susceptibility genes—the kinds of tests that routinely inform the diagnosis of infection, cardiovascular disease, cancer, and most neurological disorders. The research that occasions these developments may not just enhance our ability to make diagnoses, but may fundamentally redefine the nosology of mental disorders. Which brings us to the present situation. During the past 50 years, two forces were unleashed that promise to pervasively alter psychiatry and mental health care over the next decade. We cannot underestimate their power and the magnitude of the change they will bring. These forces are the rising cost of health care and the increasing pace and momentum of scientific discovery. The former has resulted in health care reform initiatives (for example, the Patient Protection and Affordable Care Act), a process that will change the way in which health care (including mental health care) is provided and financed. The latter will lead to changes in our understanding of the brain, behavior, and mental disorders and our ability to treat them. For many, the combined effect of these forces has been frustration and fear. In the past few decades, the focus has shifted more toward the brain and away from the mind. And changes in reimbursement systems today have rewarded hurriedly written prescriptions and encouraged psychotherapy to be provided by nonpsychiatrist therapists. Paperwork, insurance procedures, and government regulation have stretched physicians' tolerance and limited the opportunities for meaningful interaction with patients. Research has only slowly yielded findings that have been translated to psychiatric practice and improved mental health care. However, rather than fear most of these forces, I suggest that we embrace them; they will ultimately improve the quality and status of our profession. We should prepare ourselves now for our future and how it will be formed. Toward that end, subsequent articles will preview the health care reform process; how it will affect models of care, professional roles, and methods of reimbursement for psychiatrists; and how we anticipate scientific advances will transform psychiatry's understanding and treatment of mental disorders. ■You can follow Dr. Lieberman on Twitter at @DrJlieberman. To do so, go to https://twitter.com/DrJlieberman, log in or register, and click on ""Follow."" ISSUES NewArchived",Priority B - manual review,Did not pass earlier high-specificity screen; manual review required before exclusion,,,,Unclear,Financing mechanism/function appears in abstract but is not explicit in title,Medium,Exclude,Does not meet primary financing-approach synthesis criteria at title/abstract stage
12951,W7125778942,2026,"Impact of Health Information System Interventions on Maternal Health Service Utilization in Oromia and Gambella Regions, Ethiopia: A Comparative Cross-Sectional Study","Objective: To examine the association between Health Information System (HIS) performance and maternal health service (MHS) utilization in the Oromia and Gambella regions, Ethiopia. Methods: A comparative cross-sectional study was conducted (15-25 October 2023) among 840 mothers in catchment areas of health facilities categorized as model (high HIS performance) or candidate (lower HIS performance). HIS performance was evaluated based on infrastructure (30%), data quality (30%), and data use (40%). MHS utilization was measured using a modified composite coverage index (CCI) integrating 10 essential interventions. Multivariable logistic regression (Stata/MP 17.0) identified predictors, reporting adjusted odds ratios (AORs) and 95% confidence intervals (CIs). Results: MHS utilization was 60.3%, with higher crude odds in model facility areas (COR = 2.03, 95% CI [1.4-3.0]). After adjustment, this association attenuated (AOR = 1.4, 95% CI [0.92-2.15]). Key barriers included poverty (poorest quintile AOR = 0.45, 95% CI [0.30-0.68]) and limited transport access (AOR = 0.21, 95% CI [0.15-0.29]), which were associated with significantly lower MHS utilization. Sensitivity analyses confirmed robustness, and transport access modified the effect of facility type. Conclusion: HIS performance alone did not independently predict MHS utilization after accounting for structural inequities. Transportation and economic barriers disproportionately hinder access, even in high-performing systems. Integrating HIS strengthening with poverty-sensitive interventions (e.g., transport support, financial protection) is critical to achieving equitable maternal health outcomes.",Priority B - manual review,Did not pass earlier high-specificity screen; manual review required before exclusion,,,,Map only,Relevant to UHC/health-system knowledge map but no explicit financing-approach evaluation,High,Map only,Relevant to broader UHC/health-system knowledge map but not primary financing-approach synthesis
122,W1983284897,1997,Primary Hyperparathyroidism: Still Evolving?,"OVER THE PAST TWO DECADES, the presentation of primary hyperparathyroidism in affected patients has changed to that of a largely asymptomatic disease as multichannel screening tests have predominated in the medical marketplace. Concurrently, our understanding of the demographics, the molecular and cellular physiology, and natural history of the disease has increased substantially. With this enhanced appreciation of the disorder, guidelines for management of the disease have become firmly entrenched. In the accompanying Clinical Review, Drs. Silverberg and Bilezikian detail the explosive information that has charted the course of the disorder in recent years and the resultant care guidelines. These observations clearly delineate current, exciting information about the disease and the various arguments supporting accepted therapeutic strategies. In addition, the review details the potential that the now well established presentation of the disease is about to change once again. In essence, Drs. Silverberg and Bilezikian raise several innovative notions about the cause(s) of the apparent evolution and offer a caveat for those of us in the medical profession who care for the affected population. The authors have alerted us to be aware! Our first step of course is to read the review and develop our own opinions. Enjoy the opportunity! Marc Drezner, M.D. Editor-in-Chief Mild hypercalcemia is the hallmark of primary hyperparathyroidism as it is seen in the United States today. Unlike the disease described by Albright in the 1930s and 1940s,(1, 2) specific manifestations of primary hyperparathyroidism are uncommon. Nephrolithiasis, still the most common complication, is now found in fewer than 20% of patients. Osteitis fibrosa cystica, with its attendant radiographic features of osteopenia, subperiosteal bone resorption, brown tumors, bone cysts, and “salt and pepper” skull, is rare. The neuromuscular syndrome of primary hyperparathyroidism is virtually never seen anymore. Rather, the vast majority (approximately 80%) of patients with primary hyperparathyroidism in this country have no signs or symptoms referable to their disease at the time of diagnosis. With the advent of a sophisticated and specific set of technologies, however, it has become feasible, over the past 15 years, to evaluate the typical patient with asymptomatic primary hyperparathyroidism in ways that have helped to establish prudent guidelines for surgical or medical management. This report reviews our current understanding of this disorder and our approach to it. We also consider the possibility that the clinical profile of primary hyperparathyroidism may be about to change once again. Primary hyperparathyroidism may occur at any age, but the middle years, 40–65, predominate. The incidence is approximately 1 per 1000.(3) Primary hyperparathyroidism affects women more than men by almost 3:1. Women within the first decade after menopause appear most likely to develop primary hyperparathyroidism. In 80–85% of adults who undergo parathyroid surgery, a single adenoma is found. In approximately 15–20% of patients, all four glands are involved in a hyperplastic process. A remaining few cases of primary hyperparathyroidism are due to multiple adenomas, and in fewer than 0.5% of hyperparathyroid subjects, parathyroid carcinoma is found. The molecular and cellular pathophysiology of primary hyperparathyroidism has been the subject of much investigation over the past decade.(4) In the aggregate, the data suggest that most adenomas are monoclonal expansions of a single abnormal parathyroid cell.(5, 6) Such an observation implies an underlying molecular abnormality of that cell, giving it and its progeny a growth “advantage” over the normal cells of the gland. Despite the plausability of this reasoning, no single molecular abnormality has been identified to account for all adenomas. Indeed, in most cases of parathyroid adenoma, no specific mutation can be identified. Nevertheless, genetic abnormalities have been described in primary hyperparathyroidism. The cyclin D1/PRAD 1 proto-oncogene has received the most attention. In a small number of cases, a chromosomal rearrangement involving this cell cycle regulatory gene places it in proximity to the 5′ regulatory region of the parathyroid hormone gene.(6-8) Such proximity provides a facile explanation for abnormal growth of that cell. A second molecular mechanism is inactivation of tumor suppressor genes. In support of this mechanism, loss of heterozygosity on chromosome 11q13, chromosome 1p, and other loci has been found in some parathyroid adenomas.(9, 10) Tumor suppressor genes have been implicated most often in the multiple endocrine neoplasia syndromes in which primary hyperparathyroidism is common, in an increasing number of sporadic parathyroid adenomas, and in parathyroid carcinoma. A third putative molecular mechanism involves the calcium-sensing receptor gene. While mutations in this gene are clearly involved in familial hypocalciuric hypercalcemia, in neonatal severe primary hyperparathyroidism,(11, 12) in Jansen's metaphyseal chondrodysplasia,(13) and in some cases of sporadic hypoparathyroidism,(14, 15) it has been exceedingly difficult to implicate such mutations in primary hyperparathyroidism.(16, 17) Except for the genetic syndromes of multiple endocrine neoplasia, multiple glandular parathyroid pathology is believed to be polyclonal in origin. Occasionally even here, however, monoclonality has been demonstrated both by X chromosome inactivation analysis and by allelic loss of chromosome 11 markers.(18-20) The majority of patients with primary hyperparathyroidism are diagnosed when hypercalcemia is incidentally discovered on the multichannel screening test. Specific symptoms referable to hypercalcemia are typically not present. A history of previous neck irradiation, or endocrinopathy in the patient or a family member, or of other disorders epidemiologically associated with primary hyperparathyroidism (e.g., hypertension, peptic ulcer disease) may be obtained. Although patients sometimes complain of weakness, they are not weak clinically and do not have overt neuromuscular disease.(21) Other nonspecific features such as easy fatigability, intellectual weariness, or even depression may be reported. It has not been possible to quantify such symptomatology nor is it certain that there is an etiological relationship between primary hyperparathyroidism and these constitutional features.(22) They are usually, therefore, not factored into the assessment of symptomatology. Physical examination is generally unremarkable. The diagnostic hallmarks of primary hyperparathyroidism are hypercalcemia and elevated levels of parathyroid hormone. Improved assays for intact parathyroid hormone, including the immunoradiometric (IRMA) and immunochemiluminescent (ICMA) assays, show elevations in about 90% of patients.(23) When the parathyroid hormone concentration is not frankly elevated but in the upper range of normal, the diagnosis of primary hyperparathyroidism can still be made with confidence because it is inappropriately “increased” in the face of hypercalcemia. Virtually all other causes of hypercalcemia, with the exception of those associated with lithium and thiazide use, are associated with suppressed levels of parathyroid hormone. Further laboratory evaluation shows the serum phosphorus concentration to be in the low normal range and serum 1,25-dihydroxyvitamin D (1,25(OH)2D) and urinary calcium excretion to be in the high normal range. The latter essentially rules out the remote possibility of familial hypocalciuric hypercalcemia. A clearly low serum phosphorus concentration is seen in fewer than 25% of patients, elevated 1,25(OH)2D in approximately 30%, and high urinary calcium excretion in approximately 40% of patients. While osteitis fibrosa cystica has become a rarity in countries where the multichannel screening test is routinely used, it has become clear over the past decade that the skeleton remains very much a target of the hyperparathyroid process. Parathyroid hormone is well known to augment both bone resorption and bone formation.(24) The availability of sensitive biochemical indicators of both processes highlights the increase in bone turnover seen even in a typical patient with mild disease.(25) Indices of bone formation including total and bone-specific alkaline phosphatase (ALP) activity and osteocalcin are in the upper range of normal or modestly elevated.(26, 27) Similarly, sensitive indices of bone resorption such as urinary hydroxypyridinium cross-links of collagen are in the upper range of normal or modestly elevated in primary hyperparathyroidism.(25, 28-30) Bone densitometry has revolutionized our ability to assess the skeleton in patients with asymptomatic primary hyperparathyroidism. It has become a critically important and widely accepted aspect of the routine evaluation of the patient.(31) Information from noninvasive bone mass measurement by this means is now established as an important guideline for management. When bone mass is reduced in primary hyperparathyroidism, cortical bone—best measured at the proximal third of the distal radius—is affected first.(32) Relative preservation of bone mass is seen at sites more enriched in cancellous bone such as the femoral neck and the lumbar spine. This contrasts with the picture in nonhyperparathyroid, postmenopausal women, in whom bone loss due to estrogen deficiency involves cancellous sites first. Thus, despite the disposition of the postmenopausal skeleton to lose cancellous bone, the hyperparathyroid postmenopausal skeleton appears to maintain it. This observation illustrates the powerful anabolic effect of parathyroid hormone at cancellous skeletal sites. Histomorphometric studies of bone biopsy specimens have confirmed both the high turnover state and cortical bone loss in primary hyperparathyroidism.(33, 34) Cancellous bone volume, however, is maintained.(35-37) Furthermore, trabecular structure is preserved in primary hyperparathyroidism, with increased trabecular number, connectivity, and width of trabecular packets relative to age- and sex-matched control subjects.(38) These findings again are of special interest with regard to postmenopausal women, who make up the majority of patients with primary hyperparathyroidism. In general, these women do not appear to demonstrate superimposed effects of menopause upon the skeleton at the time the diagnosis of primary hyperparathyroidism is made. Instead, they are relatively protected from the deleterious effects of estrogen deficiency on cancellous bone. Recently, efforts to elucidate the pathogenesis of skeletal changes in primary hyperparathyroidism have focused attention upon cytokines, some of which have been identified as putative mediators of the skeletal effects of parathyroid hormone. Early investigations in this area suggest that insulin-like growth factor (IGF-1) and its binding proteins may be involved in the anabolic actions of parathyroid hormone.(39) In contrast, the bone-resorbing cytokines, interleukin-6 (IL-6) and tumor necrosis factor-α (TNF-α), have been shown to be increased in primary hyperparathyroidism.(40) IL-6 and TNF-α both correlate with parathyroid hormone and with bone resorption markers in primary hyperparathyroidism. Further studies are needed to clarify the significance of these observations and to document whether these cytokines are directly associated with the skeletal manifestations of the disease. Besides the serum calcium concentration and parathyroid hormone level, routine diagnostic studies in primary hyperparathyroidism include the serum phosphorus, ALP (or other marker of bone formation), 25-(OH)D, 1,25(OH)2D, BUN, and creatinine concentrations. A 24-h urine collection is obtained for calcium and creatinine. It is often helpful to measure a urinary marker of bone resorption, such as deoxypyridinoline or N-telopeptide of collagen. Bone densitometry by dual-energy X-ray absorptiometry is obtained but routine skeletal radiographs are not. The aforementioned tests allow the clinician to determine whether the patient with primary hyperparathyroidism is a candidate for surgery. Guidelines for surgery are still based upon the National Institutes of Health Consensus Development Conference on the Management of Asymptomatic Primary Hyperparathyroidism.(41) Surgery is advised in patients who meet any of the following criteria: (1) serum calcium >12 mg/dl; (2) marked hypercalciuria (>400 mg/day); (3) any overt manifestation of primary hyperparathyroidism (nephrolithiasis, osteitis fibrosa cystica); (4) markedly reduced cortical bone density (radius Z score <2.0); (5) reduced creatinine clearance in the absence of another cause; or (6) age <50 years. Using these guidelines, the categorization of patients into surgical or nonsurgical groups is different from the breakdown of asymptomatic versus symptomatic patients. Now, approximately 50% of patients will meet one or more of these criteria. Of this number, the majority (60%) will be asymptomatic but will have become surgical candidates by virtue of age, hypercalciuria, or low bone mass. In practice, not everyone meeting these criteria undergoes surgery, nor is parathyroidectomy limited to those who do. Personal and physician input remain very important, as are intercurrent medical conditions that can influence the choice. Once a decision for surgery is made, referral to an expert parathyroid surgeon is mandatory. Surgeons who are not intimately familiar with the nuances of parathyroid surgery are not going to do as well as the experienced parathyroid surgeon whose success rate is a remarkable 95%.(42) Some have argued for performing preoperative localization tests on all patients prior to surgery in order to assist even the expert surgeon. But the available techniques are still imperfect, including99mTechnetium sestamibi imaging.(43, 44) In the aggregate, they are expensive, they are less accurate than the expert parathyroid surgeon, they do not improve upon the expert surgeon's success rate, and sometimes they can be misleading. Preoperative localization tests are usually reserved for patients who have had previous neck surgery. In these patients, the operation is much more difficult and any clues can be helpful to the surgeon. After curative surgery, recovery is rapid.(45) Serum calcium returns to normal within hours to a few days thereafter. There is a 90% reduction in recurrent renal stones among those with nephrolithiasis.(46-48) Bone mass also improves after surgery, with a 12% increase in the lumbar spine and femoral neck over the ensuing 4 years.(45) Cortical bone of the distal radius also improves. The increase in bone mass is most dramatic in the subset of patients (15% of our cohort with primary hyperparathyroidism) who present with the atypical picture of reduced vertebral bone density.(49) In these patients, a marked 20% improvement in lumbar spine bone density has led us to propose that vertebral osteopenia be added to the list of guidelines for surgery in this disease. Approximately 50% of patients do not meet any surgical criteria. They are generally followed without operative intervention. Several groups have confirmed that both biochemical and densitometric indices are stable in these patients with follow-up periods of up to a decade.(50-52) Most patients who do not undergo parathyroidectomy are not given medications. Oral phosphate has some utility in controlling hypercalcemia, but it can be associated with further increases in parathyroid hormone and theoretically can lead, over the long term, to metastatic calcifications.(53) Estrogen therapy may be useful in postmenopausal women, leading to a modest reduction in the serum calcium level (about 0.5 mg/dl), but no change in the serum phosphorus or in the parathyroid hormone concentration.(54-56) The antiresorptive bisphosphonates have been investigated in primary hyperparathyroidism. Neither etidronate nor clodronate has been shown to be effective.(57) The newer, more potent bisphosphonates, alendronate and risedronate, might be expected to have greater potential, but experience with them has been limited,(58, 59) and no conclusions can yet be drawn. Development of calcimimetic drugs, which serve as calcium receptor agonists and dampen the responsiveness of the parathyroid cell, holds significant promise. These agents lower the serum calcium concentration by reducing the secretion of parathyroid hormone.(60, 61) Patients with primary hyperparathyroidism who do not undergo surgery are followed with serum calcium determinations every 6 months and urinary calcium and bone mineral densitometry annually. If a stable course can be documented over a substantial period of time (4 years), monitoring can become less frequent. Patients are always instructed to maintain good hydration, to avoid thiazide diuretics, and to be modest in their dietary calcium intake. Diets high in calcium, especially those in whom the 1,25(OH)2D is elevated, can lead to hyperabsorption of calcium and worsening hypercalcemia.(62) Diets low in calcium can conceivably lead to further stimulation of parathyroid hormone. The recommendations for calcium intake follow those of the Consensus Development Conference on Optimal    to the  primary hyperparathyroidism  diagnosed in the  of a   for the  of   associated with the  such as",Priority B - manual review,Did not pass earlier high-specificity screen; manual review required before exclusion,,,,Exclude,Not health financing focus,High,Exclude,Does not meet primary financing-approach synthesis criteria at title/abstract stage
11894,W4410891604,2025,Understanding mental health among university students in Kenya: what role do family support and age play?,"Objective While mental health conditions play a significant role in the global disease burden, their determinants and predictors are still not well understood in Kenya. This study examined the prevalence of mental health conditions among university students and the factors associated with them. Methods This cross-sectional study evaluated 1,424 students at Pwani University in Kenya, assessing anxiety, depression, and psychosis, using validated screening tools: the Generalized Anxiety Disorder-7 (GAD-7), Patient Health Questionnaire-9 (PHQ-9), and Psychosis Screening Questionnaire (PSQ). The Chi-square tests analyzed associations, while binary logistic regression identified predictors. Confounders were controlled using multivariable adjustments, with model selection based on both clinical relevance and statistical significance of the variables. Results The prevalence of mental health conditions among students was 30.9%. Those from unsupportive families exhibited the highest prevalence at 35.2% ( χ 2 = 94.91, p < 0.001), while first-year students reported the highest rate among academic levels at 40.7% ( χ 2 = 24.38, p < 0.001). Students aged 25–29 years were 2.6 times more likely to experience mental health conditions (OR = 2.6, 95% CI: 1.67–3.98, p < 0.001). Access to mental health services ( χ 2 = 4.62, p = 0.032) and mental health insurance ( χ 2 = 4.11, p = 0.043) were associated with lower odds of mental health conditions, thereby reducing the risk by 34 and 33%, respectively. Conclusion The findings highlight the urgent need for age-sensitive, student-centered mental health interventions in Kenyan universities. Specifically, universities should implement targeted support programs for first-year and final-year students who face unique mental health risks due to transitional and graduation-related stressors. Additionally, integrating family engagement initiatives to strengthen family support structures can serve as a protective factor against mental health challenges. Policies aimed at expanding access to mental health insurance and services should also be prioritized. Given the use of non-probabilistic sampling, findings should be interpreted with caution. Future research should investigate longitudinal trends to establish causal relationships and inform the development of evidence-based policies.",Priority B - manual review,Did not pass earlier high-specificity screen; manual review required before exclusion,,,,Unclear,Financing mechanism/function appears in abstract but is not explicit in title,Medium,Exclude,Does not meet primary financing-approach synthesis criteria at title/abstract stage
11801,W4414084758,2025,Nationwide Insights on Immunotherapy in a Low- and Middle-Income Country: Armenia's Struggle for Equitable Cancer Care in an Out-of-Pocket System,"PURPOSE In Armenia, a lower-middle-income country, cancer causes 21% of all deaths, with over half of cases diagnosed at advanced stages. Without universal health insurance, patients rely on out-of-pocket payments or black-market channels for costly immunotherapies, underscoring the need for real-world data to inform equitable policy reforms. METHODS We conducted a multicenter, retrospective cohort study of patients who received at least one dose of an immune checkpoint inhibitor (ICI) between January 2017 and December 2023 across six Armenian oncology centers. Eligible patients had histologically confirmed malignancy and ≥6 months of follow-up. Demographic, clinical, biomarker, and treatment data were extracted from records. Overall survival (OS) was estimated by the Kaplan-Meier method; log-rank tests and Cox models evaluated associations. A 6-month landmark analysis adjusted for immortal time bias. RESULTS Of the 585 patients screened, 373 met inclusion criteria (67% male; median age, 61 years); 68% had stage IV disease. The median OS was 31 months. Liver metastases predicted poorer survival (19 v 26 months, P = .027). Nonsmokers had better OS than smokers (31 v 24 months, P = .019). High PD-L1 expression (≥50%) was associated with improved OS (40 v 16 months, P = .025). Receiving >6 ICI cycles conferred longer OS (45 v 23 months, P < .001), although not significant in landmark analysis ( P = .64). Financial hardship and disease progression were key reasons for early discontinuation. CONCLUSION Immunotherapy shows promise in Armenia despite financial barriers. Drawing on models from India and China, pooled procurement, negotiated pricing, and partial reimbursement, Armenia could expand biomarker testing, reduce drug costs, and implement tiered insurance. These steps are vital to optimize access and outcomes in this resource-limited setting.",Priority B - manual review,Did not pass earlier high-specificity screen; manual review required before exclusion,,,,Unclear,Financing mechanism/function appears in abstract but is not explicit in title,Medium,Exclude,Does not meet primary financing-approach synthesis criteria at title/abstract stage
4496,W2598114740,2017,"International non-governmental organizations’ provision of community-based tuberculosis care for hard-to-reach populations in Myanmar, 2013–2014","BACKGROUND: National tuberculosis (TB) programs increasingly engage with international non-governmental organizations (INGOs), especially to provide TB care in complex settings where community involvement might be required. In Myanmar, however, there is limited data on how such INGO community-based programs are organized and how effective they are. In this study, we describe four INGO strategies for providing community-based TB care to hard-to-reach populations in Myanmar, and assess their contribution to TB case detection. METHODS: We conducted a descriptive study using program data from four INGOs and the National TB Program (NTP) in 2013-2014. For each INGO, we extracted information on its approach and key activities, the number of presumptive TB cases referred and undergoing TB testing, and the number of patients diagnosed with TB and their treatment outcomes. The contribution of INGOs to TB diagnosis in their selected townships was calculated as the proportion of INGO-diagnosed new TB cases out of the total NTP-diagnosed new TB cases in the same townships. RESULTS: All four INGOs implemented community-based TB care in challenging contexts, targeting migrants, post-conflict areas, the urban poor, and other vulnerable populations. Two recruited community volunteers via existing community health volunteers or health structures, one via existing community leaderships, and one directly involved TB infected/affected individuals. Two INGOs compensated volunteers via performance-based financing, and two provided financial and in-kind initiatives. All relied on NTP laboratories for diagnosis and TB drugs, but provided direct observation treatment support and treatment follow-up. A total of 21 995 presumptive TB cases were referred for TB diagnosis, with 7 383 (34%) new TB cases diagnosed and almost all (98%) successfully treated. The four INGOs contributed to the detection of, on average, 36% (7 383/20 663) of the total new TB cases in their respective townships (range: 15-52%). CONCLUSION: Community-based TB care supported by INGOs successfully achieved TB case detection in hard-to-reach and vulnerable populations. This is vital to achieving the World Health Organization End TB Strategy targets. Strategies to ensure sustainability of the programs should be explored, including the need for longer-term commitment of INGOs.",Priority B - manual review,Did not pass earlier high-specificity screen; manual review required before exclusion,,,,Unclear,Financing mechanism/function appears in abstract but is not explicit in title,Medium,Unclear,Insufficient title/abstract information; requires full-text or additional metadata
10571,W4396915665,2024,"Facilitators and barriers to supply-side maternal, newborn, and child health service availability in DRC: a systematic review and narrative synthesis","Background This study is a systematic review of barriers and facilitators of supply-side maternal, newborn, and child health (MNCH) service availability in the Democratic Republic of the Congo (DRC). Given gaps in understanding of the factors affecting supply-side service availability, authors reviewed the literature to describe the DRC’s landscape and inform future research and programming. Methods Following Preferred Reporting Items for Systematic Reviews and Meta-Analyses guidelines, authors searched two databases and grey literature, using the Quality Assessment with Diverse Studies tool to assess quality. Authors identified key themes and used a narrative approach to analyze extracted data. Results The search identified 2160 articles, with 26 meeting the inclusion criteria. Authors grouped them according to the following key themes: facility readiness, human resources for health (HRH), geography and transportation, conflict, financing, and governance. MNCH service availability was hindered by lack of supplies, logistical challenges, weak infrastructure, unmet staffing needs, HRH turnover, poor HRH distribution, career and payment obstacles, long distances to facilities and poor transportation, system strain and disruption due to conflict, low government expenditure, high out of pocket costs, fragmented stakeholders, and low government prioritization. Authors found facilitating factors in each key theme, including parallel supply chains and buffer stocks, proactive staffing policies, motivated HRH, novel transportation methods, health posts, concentrations of stakeholders in conflict zones, universal health coverage policies, provider payment reforms, stakeholder coordination, and horizontal integration efforts. Conclusions The DRC faces substantial supply-side barriers to MNCH service availability. Progress towards the Sustainable Development Goals and better MNCH outcomes requires additional work to build on existing facilitators and investments in service availability. Additional research on demand-side factors and quality of care could inform these efforts.",Priority B - manual review,Did not pass earlier high-specificity screen; manual review required before exclusion,,,,Unclear,Financing mechanism/function appears in abstract but is not explicit in title,Medium,Map only,Relevant to broader UHC/health-system knowledge map but not primary financing-approach synthesis
3362,W2124329861,2015,"Cervical cancer screening and HPV vaccine acceptability among rural and urban women in Kilimanjaro Region, Tanzania","OBJECTIVE: To determine cervical cancer screening coverage and the knowledge, attitudes and barriers toward screening tests among women in rural and urban areas of Tanzania, as well as explore how they view the acceptability of the HPV vaccine and potential barriers to vaccination. SETTING: A cross-sectional study using interview-administered questionnaires was conducted using multistage random sampling within urban and rural areas in Kilimanjaro Region, Tanzania. PARTICIPANTS: Women aged 18-55 were asked to participate in the survey. The overall response rate was 97.5%, with a final sample of 303 rural and 272 urban dwelling women. PRIMARY AND SECONDARY OUTCOME MEASURES: Descriptive and simple test statistics were used to compare across rural and urban strata. Multivariate logistic regression models were used to estimate ORs and 95% CIs. RESULTS: Most women (82%) reported they had heard of cervical cancer, while self-reported cervical cancer screening among women was very low (6%). In urban areas, factors associated with screening were: older age (OR=4.14, 95% CI 1.86 to 9.24 for ages 40-49, and OR=8.38, 95% CI 2.10 to 33.4 for >50 years), having health insurance (OR=4.15, 95% CI 1.52 to 11.4), and having knowledge about cervical cancer (OR=5.81, 95% CI 1.58 to 21.4). In contrast, among women residing in rural areas, only condom use (OR=6.44, 95% CI 1.12 to 37.1) was associated with screening. Women from both rural and urban areas had low vaccine-related knowledge; however, most indicated they would be highly accepting if it were readily available (93%). CONCLUSIONS: The current proportion of women screened for cervical cancer is very low in Kilimanjaro Region, and our study has identified several modifiable factors that could be addressed to increase screening rates. Although best implemented concurrently, the availability of prophylactic vaccination for girls may provide an effective means of prevention if they are unable to access screening in the future.",Priority B - manual review,Did not pass earlier high-specificity screen; manual review required before exclusion,,,,Unclear,Financing mechanism/function appears in abstract but is not explicit in title,Medium,Exclude,Does not meet primary financing-approach synthesis criteria at title/abstract stage
5486,W6921855364,2018,"Global, regional, and national incidence, prevalence, and years lived with disability for 354 diseases and injuries for 195 countries and territories, 1990–2017: A systematic analysis for the Global Burden of Disease Study 2017",,Priority B - manual review,Did not pass earlier high-specificity screen; manual review required before exclusion,,,,Exclude,No substantive financing approach/UHC-financing signal,High,Exclude,Does not meet primary financing-approach synthesis criteria at title/abstract stage
4104,W2515369340,2016,"“This thing of testing our blood is really very important”: a qualitative study of primary care laboratory services in Tete Province, Mozambique","BACKGROUND: Laboratory services are essential for diagnosis and management of patients, and for disease control, and should form an integral part of primary health services capable of contributing to Universal Health Coverage. Nevertheless, they remain among the most neglected health services in resource-poor countries, including Mozambique. The Health Directorate of Tete Province, Mozambique, developed this study to analyse the role and perceived impact of laboratory services in primary healthcare on access, perceived service quality and disease control. METHODS: Qualitative research was done in three primary health facilities with and three without a laboratory in Tete Province, purposively sampled for their available services, accessibility and size. The role of the laboratory in primary health care was explored by reviewing documents, including records and monthly reports, interviews with clinicians, laboratory technicians and key informants (community leaders), and through focus group discussions with beneficiaries. Numeric data were summarized in Microsoft™ Excel. Qualitative data were analysed for content within generated categories, interpreted within the concept of Universal Health Coverage, cross validated between the researchers. RESULTS: The results showed a greater use of health services, with more frequent diagnosis and monitoring of prevalent diseases, in facilities with a laboratory as compared with facilities without. Clinicians, patients and community leaders in facilities with a laboratory perceived an improved possibility of diagnosing and treating prevalent diseases, resulting in greater satisfaction with the provided services. Laboratory technicians confirmed that patients appreciated having access to laboratory tests. Clinicians, patients and community leaders in facilities without a laboratory protested its lack, claiming that it increased the likelihood of costly referrals, delays and even deaths. CONCLUSIONS: The study concluded that the laboratory plays an important role in primary level health facilities, as it is associated with greater utilization and perceived higher quality of services. Lack of a laboratory hampers patient management, disease control and financial risk protection. Expansion of the clinical laboratory system at primary level health facilities should be a properly funded priority of the national health system in Mozambique and similar countries.",Priority B - manual review,Did not pass earlier high-specificity screen; manual review required before exclusion,,,,Map only,Relevant to UHC/health-system knowledge map but no explicit financing-approach evaluation,High,Map only,Relevant to broader UHC/health-system knowledge map but not primary financing-approach synthesis
9173,W4397034121,2023,Unmet need for assisted reproductive technology in Nigerian Tertiary Hospitals: An unspoken menace,"Dear Editor, Assisted reproductive technology (ART), according to the Centers for Disease Control, is defined as all fertility treatments in which eggs or embryos are handled in vitro. It completely excludes treatments in which only spermatozoa are handled or ovarian stimulation without oocyte retrieval. ART such as in vitro fertilization and embryo transfer (IVF-ET) has revolutionized infertility treatment in both developed and developing countries and has resulted in improved live birth rates among infertile couples. According to the Human Fertility and Embryology Authority (HFEA), between 1991 and 2019, over 1 million IVF cycles and 260,000 donor insemination cycles resulted in 390,000 babies being born in the UK.[1] These figures are quite high and are in line with the advances in IVF + ET techniques in developed nations. In Nigeria, the procedure has witnessed tremendous success since the first documented success of IVF in 1984, particularly in privately operated fertility clinics. There is an increasing demand for IVF services globally. In developed countries such as the UK, in a population-based study, more than 50% of infertile couples required ART.[2] These couples received treatment from private facilities, HFEA-licensed tertiary facilities, and non-HFEA-licensed secondary care facilities.[2] Similarly, increasing trends in the demand for such services have also been reported in Nigeria. The demand may be due to increased success rates, awareness, the advanced age of women at first conception, the high prevalence of tubal factor infertility due to sexually transmitted diseases, post-abortion complications, puerperal sepsis, or severe male factor infertility. These factors are the main indications for IVF and are common in Nigeria. Despite the high demand for IVF in sub-Saharan Africa, only 1.5% of the population receives these services.[3] According to The Guardian newspaper, Nigeria, with a population of more than 200 million, was reported to have provided only 7000 IVF cycles per year in 100 clinics in 2022. This presents a serious unmet need that has been perceived to be worse than the available report,[4] which is the motivation for this letter. Access to IVF services in sub-Saharan Africa is strongly limited due to their expensive nature; where it is available, unavailability, lack of expertise, and poor acceptability of such services. IVF services are commonly provided by profit-driven private fertility clinics and a few tertiary hospitals in Nigeria. The condition is even worse for couples seeking fertility care because Nigeria’s National Health Insurance Scheme excludes IVF services from its scope of operations.[5]Worse still, where IVF services are not available as in the tertiary facilities, the patients usually seek the services of private fertility clinics at exorbitant fees. For instance, a decade ago, at the University of Nigeria Teaching Hospital Enugu, 27.9% of 168 patients who needed IVF could not get it and were referred to private fertility clinics.[4] This figure is envisaged to be the tip of the iceberg on the magnitude of the condition in other tertiary facilities in Nigeria. Unfortunately, despite the expected increase in this population, they appear to be ignored, neglected, and unspoken of, and that worries me. This condition causes psychological distress, especially for those who may not be able to afford the exorbitant fee for IVF services at private fertility clinics. Due to the perceived under-reported nature of the condition and the need to bring it to the attention of the scientific community and policy makers, I have decided to write to you. Authors Contribution JEN was responsible for study conception; JEN, CCD, MIE, EOU, and UIN were involved in literature review, preparing the manuscript for intellectual content, revising the manuscript, and approving the manuscript for publication. Ethical approval Not required for this letter. Informed consent Not required for this letter. Availability of research data Not required for this letter. Declaration of Helsinki Authors declare that the study was conducted in accordance with ethical principles of Helsinki declaration. Acknowledgment Nil. Financial support and sponsorship Nil. Conflicts of interest There are no conflicts of interest.",Priority B - manual review,Did not pass earlier high-specificity screen; manual review required before exclusion,,,,Unclear,Financing mechanism/function appears in abstract but is not explicit in title,Medium,Unclear,Insufficient title/abstract information; requires full-text or additional metadata
12357,W4414148466,2025,Pediatric Traumatic Brain Injury Patients in Southwestern Nigeria: Presentation Patterns and Outcome,"Background: Traumatic brain injury (TBI) is less common in children than in adults but is a leading cause of mortality in children globally. The study aimed to explore the prevalence, etiological factors, management, and outcomes of pediatric TBI at Lagos University Teaching Hospital (LUTH), a major referral center in Nigeria. Materials and Methods: This prospective study included children under 18 diagnosed with TBI from January 1 to December 31, 2022. Ethical clearance was obtained, and informed consent was collected from caregivers. Data were gathered using a pre-designed proforma covering socio-demographics, injury mechanisms, pre-hospital management, clinical findings, and outcomes. Analysis was performed using IBM SPSS Statistics(v28). Results: Twenty-six patients with a mean age of 9.0 ± 5.99 years with a male-to-female ratio of 1.6:1 were enrolled. Only two (7.7%) had health insurance. Pediatric TBI accounted for 0.03% of all surgical emergencies at LUTH. Road traffic accidents (RTAs) were the cause for TBI in 11 (42.3%) of cases, whereas falls (7, 26.9%) and household accidents (5, 19.2%) were leading non-RTA causes. Only one patient (3.8%) was selected by skilled personnel and received immediate C-spine stabilization. Only 15 (57.7%) had a CT scan, constrained by financial issues. Four (15.4%) required surgery, but only half of them could undergo surgery due to financial constraints. Only one patient needed ICU admission, and three patients (11.5%) died. Mortality was only seen in severe TBI cases. Conclusion: The study found a low prevalence of pediatric TBI but highlighted significant mortality, especially in severe cases. Poverty and lack of health insurance were major factors affecting outcomes.",Priority B - manual review,Did not pass earlier high-specificity screen; manual review required before exclusion,,,,Unclear,Financing mechanism/function appears in abstract but is not explicit in title,Medium,Exclude,Does not meet primary financing-approach synthesis criteria at title/abstract stage
5135,W2795137805,2018,Stakeholder perspectives regarding transfer of free maternity services to N ational H ealth I nsurance F und in K enya: Implications for universal health coverage,"BACKGROUND: Kenya is developing strategies to finance health care through prepayment to achieve universal health coverage (UHC). Plans to transfer free maternity services (FMS) from the Ministry of Health to the National Health Insurance Fund (NHIF) are a step towards UHC. We examined views of health workers and women regarding the transition of FMS to NHIF to inform the process. METHODS: In-depth interviews among 14 facility-level managers and providers, 11 county-level managers, and 21 focus group discussions with women who gave birth before and after the introduction of FMS. Data were analyzed thematically. RESULTS: The transfer is a mechanism of achieving UHC, eliminating dependency on free services, and encouraging people to take responsibility of their health. However, skepticism regarding the efficiency of NHIF may limit support. Diverse and robust systems were recommended for enrollment of clients while standardization of services through accreditation and quality assurance linked to performance-based reimbursement would improve greater predictability in the payment schedule and better coverage of referrals and complications. CONCLUSION: Transitioning FMS to NHIF provides an opportunity for the Ministry of Health to sharpen its role as policymaker and develop a comprehensive health care financing strategy for the country towards achieving UHC.",Priority B - manual review,Did not pass earlier high-specificity screen; manual review required before exclusion,,,,Unclear,Financing mechanism/function appears in abstract but is not explicit in title,Medium,Include,Meets primary financing-approach/UHC eligibility at title/abstract stage
9309,W4321486957,2023,Climate change and primary health care in Africa: A scoping review,"Climate change is one of the biggest threats to global health and primary health care (PHC). In Africa, building climate resilient PHC is a challenge as there is little evidence to inform health systems and policymakers. To determine the extent of the literature on climate change and PHC in the African context and identify knowledge gaps. A scoping review systematically searched the published and grey literature (2010–2021) including six databases (Scopus, Pubmed, Cinahl, Africa Wide, Web of Science, and Open Grey) and research repositories from prominent African universities. A comprehensive search strategy and data extraction from included studies were used. Data were analyzed both quantitatively and qualitatively. A total of 1242 studies were identified and 12 included. Most of the articles were published from 2016 onwards. Publications came from five countries, with South Africa and Ghana having more than one. Most studies were narrative reviews or descriptive studies, using qualitative interviews or surveys. PHC services in Africa will experience increasing challenges of malnutrition, infectious diseases, heat-related conditions, injuries, non-communicable diseases, mental health problems and migration. However, there is an absence of actual surveillance or monitoring data. Only one study focused on the use of renewable energy as a means of resilience and mitigation. There were no studies on health financing implications. The literature is accruing on climate change and health in the African context, but there is a lack of evidence on climate resilient PHC. Ten priority research questions were identified.",Priority B - manual review,Did not pass earlier high-specificity screen; manual review required before exclusion,,,,Unclear,Financing mechanism/function appears in abstract but is not explicit in title,Medium,Map only,Relevant to broader UHC/health-system knowledge map but not primary financing-approach synthesis
13155,W7124173956,2026,"Title Health Governance, Epidemiology, and Family Law in Independent India: A Socio-Legal and Public Health Analysis within National and Global Frameworks Priyanka Jadhavar Assistant Professor, Department of Law, Shivaji University, Kolhapur, Maharashtra, India Ganesh Shrirang Satarkar (Nale ) Department of Sociology, Central University of Haryana, Mahendragarh, Haryana, India","Title Health Governance, Epidemiology, and Family Law in Independent India:A Socio-Legal and Public Health Analysis within National and Global Frameworks Description Dr.Priyanka JadhavarAssistant Professor, Department of Law, Shivaji University, Kolhapur, Maharashtra, India Mr.Ganesh Shrirang Satarkar NaleDepartment of Sociology, Central University of Haryana, Mahendragarh, Haryana, India Discipline(s):Socio-Legal Studies, Public Health, Epidemiology, Health Governance, Family Law, Sociology of Health Description (LAOS Format):This article titled Health Governance, Epidemiology, and Family Law in Independent India: A Socio-Legal and Public Health Analysis within National and Global Frameworks is authored by Dr. Priyanka Jadhavar, Assistant Professor, Department of Law, Shivaji University, Kolhapur, Maharashtra, India, and Mr.Ganesh Shrirang Satarkar Nale , Department of Sociology, Central University of Haryana, Mahendragarh, Haryana, India. The study is situated within the interdisciplinary domains of socio-legal studies, public health, epidemiology, health governance, family law, and sociology of health. It critically examines the evolution of health governance in Independent India by integrating constitutional provisions, federal structures, national health policies, epidemiological principles, health financing mechanisms, social security systems, and family law frameworks. The article analyzes major National Health Policies (1983, 2002, 2017), population and nutrition policies, Indian systems of medicine (AYUSH), public–private partnerships, and insurance models, while also addressing reproductive rights, family planning, marriage, maintenance, succession, and the Uniform Civil Code debate. It contextualizes Indian health governance within global public health movements such as Universal Health Coverage and the Sustainable Development Goals. The paper is published as an open-access, peer-reviewed original/review article in the Journal of Pharmaceutical Sciences, Volume 2, Issue 1 (2026), pages 698–703, ISSN 1520-601X, with DOI: 10.5281/zenodo.18243827. Keywords and Subjects (Paragraph Format) This study engages with key interdisciplinary themes including health governance in India, public health law, epidemiology, biostatistics, national health policy, social security mechanisms, family planning, reproductive rights, marriage and family law, civil society participation, health financing, public–private partnerships, Indian systems of medicine (AYUSH), population policy, and Universal Health Coverage. It further situates Indian health administration within global public health frameworks such as the Sustainable Development Goals, global health governance, and international health movements, emphasizing the socio-legal determinants of health and rights-based policy development. Publishing Information Details Journal Name: Journal of Pharmaceutical Sciences Article Type: Original / Review Article Volume: 2 Issue: 1 Year of Publication: 2026 Page Numbers: 698–703 ISSN: 1520-601X DOI: 10.5281/zenodo.18243827 Access Type: Open Access, Peer-Reviewed Publisher Platform: Journal of Pharmaceutical Sciences Citation Format:Jadhavar, P., & Nale, G. (2026). Health Governance, Epidemiology, and Family Law in Independent India: A Socio-Legal and Public Health Analysis within National and Global Frameworks. Journal of Pharmaceutical Sciences, 2(1), 698–703.",Priority B - manual review,Did not pass earlier high-specificity screen; manual review required before exclusion,,,,Unclear,Financing mechanism/function appears in abstract but is not explicit in title,Medium,Map only,Relevant to broader UHC/health-system knowledge map but not primary financing-approach synthesis
8958,W4310125520,2022,Hematopoietic Stem Cell Transplantation in Bangladesh : Activity and Outcome Update,"Background : Hematopoietic stem cell transplantation(HSCT) is a potentially life saving curative modality of treatment procedure for many hematological malignancies, bone marrow failure syndromes and thalassemia. Bangladesh started first bone marrow transplant program with autologous transplant for myeloma in 2014 with the international collaboration between Massachusetts general hospital ( MGH) and Dhaka Medical College Hospital (DMCH). Since then it is growing in both public and private sector hospitals. Method : This is a multicenter retrospective study describing the demographics, activities and outcome of HSCT in Bangladesh. HSCT related Data were collected from three eminent HSCT centres of Bangladesh ( DMCH, Evercare hospitals and Combined Military Hospital Dhaka) and were analyzed. Result : As of June 2022, total 163 HSCT have been done in Bangladesh in major three centres as DMCH(52), Evercare hospital (62)and CMH Dhaka(49). Mean age of all patients is 39.4 years( range 15-69 Y) and sex distribution is M:F 3:1. Total autologous transplants were 125(77%) for myeloma(52), Hodgkins lymphoma(27) ,non-Hodgkins lymphoma(39) and others(7). Total allogeneic transplants were 38(23%) for AML(23), ALL(6), other hematological malignancy(03), Severe aplastic anemia (04) and thalassemia (02). Donor type wise majority were from matched sibling transplant (30/78%) from mostly male donor. Eight (08) haplo transplant were also successfully done. Each center follows specific infection control protocols, conditioning chemo protocols and growth factor protocols for the best patient care. Conditioning chemo protocols that usually used are high dose melphalan for MM, BEAM( Carmustine, Etoposide, Ara-C and Melphalan) for lymphoma and Bu-Cy( Busulphan-Cyclophosphamide) based for acute leukemia. Some leukemia patients received total body irradiation( TBI), thiotepa and Fludarabine based conditioning chemotherapy. All centres use irradiated blood components as transfusion products to avoid transfusion associated GVHD. As all centre used almost similar conditioning for particular disease, mean engraftment time in all centres were almost similar. Average time for neutrophil and platelet engraftment was 10-12 and 12-16 days post transplant respectively. Major early complications following transplant were neutropenic fever (>80%) and bacteraemia (25-30%) commonly with coagulase negative Staphylococcus, Pseudomonas sp, E. Coli and Klebsiella sp. Severe sepsis, pneumonia, typhlitis, hemorrhagic cystitis and CMV reactivation were observed in few cases. Acute GVHD ( G I to GII) was observed in almost all allogeneic transplanted patients. Mucositis, vomiting and diarrhoea were mild to moderate in most patients. Almost all patients required at least 1-3 red cell and platelet transfusion during the time waiting for engraftment. Progression free survival for all patients was variable in different centres (62% to 83%) since 2014 . Relapse of primary disease is more observed in autologous than allogeneic. Transplant related mortality( TRM) was 2% for autologous transplants and 5% for allogeneic transplant. Three early deaths were due to sepsis with COVID-19 infection in autologous transplant in pandemic period. Overall cost of transplantation is much lower in Bangladesh than that of developed countries. Approximate cost of autologous stem cell transplant is about $7000 and that for allogeneic transplant is $12000 to $15,000. Conclusion : Considering total population and burden of hematological malignancy in Bangladesh, the number of transplant is very low and it needs to be grown more rapidly to provide maximum benefit to save the lives as HSCT offers a curative approach to many hematological malignancies. Financial constrain, lack of health insurance and shortage of trained human resource are the main challenges for doing transplant in Bangladesh. National transplant registry and national donor registry both are yet to be developed. Comparing the cost difference with developed countries the overall outcome of stem cell transplantation is not inferior in Bangladesh.",Priority B - manual review,Did not pass earlier high-specificity screen; manual review required before exclusion,,,,Unclear,Financing mechanism/function appears in abstract but is not explicit in title,Medium,Exclude,Does not meet primary financing-approach synthesis criteria at title/abstract stage
5909,W2943189881,2019,Modeling the effects of health care expenditure and economic growth in Nigeria: An econometric analysis,"Literature abounds that labor quality, in the form of human capital, clearly contributes significantly to productivity growth, but very few analysts have been interested to locate potential human capital growth outside education. Such interest will help ascertain the effectiveness of public health expenditure on health and the impact of good health to economic growth in Nigeria. This research empirically attempts to analyze health outcome and economic growth; proxied by life expectancy at birth and gross domestic product per-capita respectively using quantitative analysis. To avoid the possibility of encountering simultaneity error, we use the three stage -least -square (3SLS) regression to estimate the result. The result shows simultaneity between health outcome and economic growth. The results equally show that health expenditure is significant in determining health outcome but has no significant relationship with economic growth. As a recommendation government must increase budgetary allocation to the health sector and effectively monitor its utilization.",Priority B - manual review,Did not pass earlier high-specificity screen; manual review required before exclusion,,,,Unclear,Financing mechanism/function appears in abstract but is not explicit in title,Medium,Include,Meets primary financing-approach/UHC eligibility at title/abstract stage
12370,W4414149055,2025,Assessment of pediatric eye care services in health facilities in the Ashanti region of Ghana,"BACKGROUND: Childhood visual impairment is an important public health concern considering the social, emotional and economic consequences. Lack of access to eye care services contributes to this growing problem. Therefore, integrating primary eye care into existing primary healthcare would facilitate improved access to equitable, effective and affordable eye care services, particularly for children. AIM: The study assessed the provision of primary paediatric eye care services in health facilities in the Ashanti region of Ghana. SETTING: The study was conducted at the primary health facilities in the Ashanti region of Ghana. METHODS: Stratified random sampling was used to select 145 health facilities in this descriptive study. The eye care professionals in these facilities completed a questionnaire concerning primary eye care services for children. Data were analysed using descriptive and inferential statistics. RESULTS: Eye care services were available in 131 (90%) of the health facilities resourced with essential eye equipment. Refraction services were provided by 129 (98.5%) despite limited coverage by the national health insurance scheme. More than 80% of participants lacked continuing education and 59% had poor awareness of management guideline. Barriers identified included lack of specialised equipment and inadequate resources. CONCLUSION: The study highlights disparities in the provision of child eye care services among the health facilities in the Ashanti region of Ghana.Contribution: This study provides useful information to inform policy on targeted interventions for child eye care services to ensure accessible, equitable and comprehensive services.",Priority B - manual review,Did not pass earlier high-specificity screen; manual review required before exclusion,,,,Unclear,Financing mechanism/function appears in abstract but is not explicit in title,Medium,Map only,Relevant to broader UHC/health-system knowledge map but not primary financing-approach synthesis
5881,W2939781461,2019,Factors associated with misreporting in performance‐based financing in Burkina Faso: Implications for risk‐based verification,"Performance-based financing (PBF) has been piloted in many low- and middle-income countries (LMICs) as a strategy to improve access to and quality of health services. As a key component of PBF, quantity verification is carried out to ensure that reported data matches the actual number of services provided. However, cost concerns have led to a call for risk-based verification. Existing evidence suggests misreporting is associated with factors such as complexity of indicators, high service volume, and accepted error margin. In contrast, evidence on the association of key facility characteristics with misreporting in PBF is scarce. We contributed to filling this gap in knowledge by combining administrative data from a large-scale pilot PBF program in Burkina Faso with data from a health facility assessment in the context of an impact evaluation of the intervention. Our results showed the coexistence of both overreporting and underreporting and that misreporting varied by service indicator and health district. We also found that the number of clinical staff at the facility, the population size in the facility catchment area, and the distance between the facility and the district administration were associated with the probability of misreporting. We recommend further research of these factors in the move towards risk-based verification. In addition, given that our analysis identified relevant associations, but could not explain them, we recommend further qualitative inquiry into verification processes.",Priority B - manual review,Did not pass earlier high-specificity screen; manual review required before exclusion,,,,Unclear,Financing mechanism/function appears in abstract but is not explicit in title,Medium,Include,Meets primary financing-approach/UHC eligibility at title/abstract stage
8629,W4286592309,2022,Influence of Social Disadvantage Among Children Admitted to the Pediatric Emergency Unit of a Tertiary Hospital in Nigeria,"Background: Social disadvantage has an influence on the health of individuals. In developed countries, the prevalence, pattern of social disadvantage, and the outcome of admissions in socially disadvantaged children are under-studied. Aim: To determine the prevalence of social disadvantage, pattern of diseases, and illness outcomes among socially disadvantaged children. Patients and Methods: This was a prospective hospital-based study involving 400 patients who presented at the pediatric emergency unit (PEU) of a tertiary hospital in Southwest Nigeria. Information on socio-demography and history of illness was obtained from consecutive children using a proforma. The data was analyzed using SPSS version 20. Results: The 400 participants comprised 276 male and 124 female giving a ratio of 2.2:1. Their age range was 1-14 years; the mean ± SD age was 4.6 ± 2.3. Three hundred (75%) of the children were socially disadvantaged. The social factors associated with social disadvantage were low income, unemployment of mothers, polygamous setting, single parenting, rural residence, and low registration for health insurance. There was a significant association between social disadvantage and the development of malaria (P = 0.03), pneumonia (P = 0.01), septicemia (P = 0.03), diarrhea diseases (P = 0.04), neonatal jaundice (P = 0.04), meningitis (P = 0.04), and protein-energy malnutrition (P = 0.003). Death was significantly worse among the children who are socially disadvantaged (P = 0.0001). Conclusion: Many children admitted to the PEU in Osogbo are socially disadvantaged. Children of low-income parents, unemployed mother, single parent, residents of rural places, and those without health insurance are more vulnerable to developing infectious disease as well as neonatal jaundice and protein-energy malnutrition. Socially disadvantage increases the risk of poor illness outcome (death).",Priority B - manual review,Did not pass earlier high-specificity screen; manual review required before exclusion,,,,Unclear,Financing mechanism/function appears in abstract but is not explicit in title,Medium,Exclude,Does not meet primary financing-approach synthesis criteria at title/abstract stage
13434,W7166492994,2026,Technical efficiency of sub-district level hospitals in Bangladesh: a comparative frontier analysis,,Priority B - manual review,Did not pass earlier high-specificity screen; manual review required before exclusion,,,,Exclude,No substantive financing approach/UHC-financing signal,High,Map only,Relevant to broader UHC/health-system knowledge map but not primary financing-approach synthesis
6841,W3088086545,2020,Diagnosis mistaken: a non-negligible reason for rejecting the declaration of occupational dermatitis,"Occupational contact dermatitis (CD) associate irritant contact dermatitis (ICD), which occurs in 80% of cases, and allergic contact dermatitis (ACD). In Western countries, CD count of up to 40% of occupational diseases reported, with a cost exceeding 5 billion Euros in the European Union. In Tunisia, occupational CD are ranked fourth among compensated occupational diseases. It is assumed that the true incidence of this dermatitis is largely underestimated. Clinically, for many entities it’s difficult to make distinction between ACD and ICD particularly in chronic forms. In this communication we investigate cases of occupational dermatitis rejections related to diagnosis mistaken in central and southern Tunisia. An exhaustive retrospective study of dermatitis rejected by the two medical commissions for the recognition of occupational diseases of the National Health Insurance Fund (NHIF), in central and southern Tunisia, was conducted during a period of six years. A pre-established form was used to collect data related to patients' general and clinical data extracted from the medical record and the NHIF’s registers of workplace technical reports following each declaration. During the study period, mistaken diagnostic was in causes of 20.5% of occupational skin disease rejection. These causes followed directly the administrative ones, which was the first reason of rejection (60.4%). Patients who had a rejection for a misdiagnosis were male workers, mean aged 44.4 ± 10.2 years, and having a mean job tenure of 12.7 ± 9 years. In 8 cases / 9, the diagnosis reported on the initial medical certificate was an ACD. Reported clinical examination described eczematous lesions, located in exposed regions, notably the hands. This diagnosis was associated with a negative patch test to the European standard series in five cases; one patient had a negative test to the preservatives series. In three cases, patch tests revealed a positive reaction to nickel, epoxy resin and chromium. The diagnosis reviewed by the committee was an ICD for the majority of cases. In only one case, the committee retained the diagnosis of mycosis. This communication revealed the difficulty associated to occupational dermatitis’ distinction between ACD and ICD, even based on exposure history, clinical examination and skin prick tests. These difficulties are more important in cases of chronic forms, multi exposition, and some irritants and allergens.",Priority B - manual review,Did not pass earlier high-specificity screen; manual review required before exclusion,,,,Unclear,Financing mechanism/function appears in abstract but is not explicit in title,Medium,Exclude,Does not meet primary financing-approach synthesis criteria at title/abstract stage
1178,W1974200174,2009,Integrating HIV clinical services into primary health care in Rwanda: a measure of quantitative effects,"BACKGROUND: With the intensive scale-up of care and treatment for HIV/AIDS in developing countries, some fear that intensified attention to HIV programs may overwhelm health care systems and lead to declines in delivery of other primary health care. Few data exist that confirm negative or positive synergies on health care provision generally resulting from HIV-dedicated programs. METHODS: Using a retrospective observational design we compare aggregate service data in Rwandan health facilities before and after the introduction of HIV care on selected measures of primary health care. The study tests the hypothesis that non-HIV care does not decrease after the introduction of basic HIV care. FINDINGS: Overall, no declines were observed in reproductive health services, services for children, laboratory tests, and curative care. Statistically significant increases were found in utilization and provision of some preventive services. Multivariate regression, including introduction of HIV care and two important health care financing initiatives in Rwanda, revealed positive associations of all with observed increases. Introduction of HIV services was especially associated with increases in reproductive health. While hospitalization rates increased for the whole sample, declines were observed at health facilities that offered basic HIV care plus highly active antiretroviral therapy. INTERPRETATION: Our results partially counter fears that HIV programs are producing adverse effects in non-HIV service delivery. Rather than leading to declines in other primary health care delivery, our findings suggest that the integration of HIV clinical services may contribute to increases.",Priority B - manual review,Did not pass earlier high-specificity screen; manual review required before exclusion,,,,Unclear,Financing mechanism/function appears in abstract but is not explicit in title,Medium,Map only,Relevant to broader UHC/health-system knowledge map but not primary financing-approach synthesis
7754,W3202744050,2021,"Issues in Public Health in India - Keynote address by Keshav Desiraju, Former Secretary of Health and Family Welfare to the Government of India","ABSTRACT The state of public health in India can be studied in terms of disease burden, health human resources and health care financing. There are many regional variations within these broad areas, and many complexities. Communicable and non-communicable diseases remain major challenges, as do maternal and infant mortality. At every level, trained human resources are scarce. Government budgetary resources are inadequate and the current discussion in India on universal health care appears to be biased towards privately provided care. At the same time, there have been remarkable achievements, often diminished by the size of India’s population. Public health is about social justice and the task before India today is to demonstrate the political will, the administrative ability and the democratic vision to achieve universal health care. Can this come about?",Priority B - manual review,Did not pass earlier high-specificity screen; manual review required before exclusion,,,,Unclear,Financing mechanism/function appears in abstract but is not explicit in title,Medium,Map only,Relevant to broader UHC/health-system knowledge map but not primary financing-approach synthesis
2057,W2143525757,2012,Direct Costs of Cervical Cancer Management in Morocco,"BACKGROUND: For cervical cancer the epidemiological profile is poorly known in Morocco and no data is available concerning the direct medical costs. The purpose of this work is to estimate the direct cost of medical management of invasive cervical cancer during the first year after diagnosis in Morocco. METHODS: The estimation of direct costs of medical management of invasive cervical cancer during the first year after diagnosis in Morocco is based on the estimation of individual cost in each stage which covers diagnosis, treatment and follow-up during first year. The cost was estimated per patient and whole cycle-set using the costs for each drug and procedure as indicated by the Moroccan National Agency for Health Insurance. Extrapolation of the results to the whole country was used to calculate the total annual cost of cervical cancer treatments in Morocco. RESULTS: Overall approximately 1,978 new cases of cervical cancer occur each year in Morocco. The majority (82.96%) of these cases were diagnosed at a late stage (stage II or more). The cost of one case of cervical cancer depends on stage of diagnosis, the lowest cost is $382 for stage Cis followed by the cost of stage IA1 for young women (<40 years) which is $2,952. The highest cost is for stage IV, which is $7,827. The total cost of cervical cancer care for one year after diagnosis is estimated at $13,589,360. The share allocated to treatment is the most important part of the global care budget with an annual sum of $13,027,609 whereas other cost components are represented as follows: $435,694 for annual follow-up activity and $126,057 for diagnosis and preclinical staging. CONCLUSION: This study provides health decision-makers with a first estimate of costs and the opportunity to achieve the optimal use of available data to estimate the needs of health facilities in Morocco.",Priority B - manual review,Did not pass earlier high-specificity screen; manual review required before exclusion,,,,Unclear,Financing mechanism/function appears in abstract but is not explicit in title,Medium,Exclude,Does not meet primary financing-approach synthesis criteria at title/abstract stage
6740,W3035006969,2020,Public health spending and health outcome in Nigeria: the role of governance,"Purpose This paper aims to analyze the relationship between public health spending and health outcome using time series data in Nigeria over the period 1980 to 2017, taking into account the role of governance by assessing how the quality of governance directly affects health status and indirectly as a mediator for the effectiveness of public health spending. Design/methodology/approach Using the Hausman statistical tests to check for the existence of endogeneity, the proper method for estimating the model for this study is the two-stage least square regression model. The two-stage least squares regression model addresses the problem of endogeneity using instrumental variables. The mediating role of governance on the effectiveness of public health spending on health was considered by an interaction of governance indicators with public health spending. Findings The results showed that public health spending had no significant effect on health outcome except when interacted with governance quality. The interaction of government health spending with governance effectiveness as well as that for control of corruption improved health by inducing a fall in maternal deaths, whereas government health expenditure interacted with rule of law raised maternal mortality. Public health spending interacted with regulatory quality improved life expectancy while that for political stability with public health spending induced a fall in life expectancy, poor maternal and infant health. Political stability and the control of corruption had direct influence on maternal health. Practical implications Given the predominance of public health spending in promoting access to health care and population health status for developing economies, the effectiveness of such spending should be top priority in policy makers’ agenda. This again is important because for developing economies, government revenue is generated from a small tax base due to their highly informal nature. To improve health status from public intervention in the health sector, there is indeed need for improvement in the overall state of governance in Nigeria. Originality/value This paper is one of the few country case studies which uses time series data to examine the role of governance on the efficacy of public health spending with extension of findings to maternal health and covering more measures of governance quality. The results fundamentally illuminate the importance of governance in fostering development in health and consequently enhancing economic development and growth.",Priority B - manual review,Did not pass earlier high-specificity screen; manual review required before exclusion,,,,Unclear,Financing mechanism/function appears in abstract but is not explicit in title,Medium,Include,Meets primary financing-approach/UHC eligibility at title/abstract stage
1551,W2418148570,2011,Private health insurance and access to healthcare,"The health insurance business in India has seen a growth of over 25% per annum in the last few years with the expansion of the private health insurance sector.The premium incomes of health insurance have crossed the Rs 8,000 crore mark with the share of private companies increasing to over 41%.This is despite the fact that from the perspective of patients, health insurance is not a good deal, especially when they need it most.This raises a number of ethical issues regarding how the health insurance business runs and how medical practice adjusts to it for profiteering.This article uses the personal experience of the author to argue that health insurance in an unregulated environment can only lead to unethical practices, further victimising the patient.Further, publicly financed healthcare which operates in an environment regulating both public and private healthcare provisioning is the only way to assure access to ethical and equitable healthcare to people.Health insurance has become a dirty word.The recent spat amongst insurance companies, Third Party Administrators (TPAs) and hospitals was all about their respective shares in the booty that is collected from patients.This booty is growing at the rate of 25-30% annually and is worth Rs Rs 8,304 crore in premiums (table) with 95 lakh policies covering 5.7 crore individuals, as much as 5% of the population.This is certainly a significant number today and growing rapidly amongst the middle class in tandem with the collapse of the public health system.Health insurance premiums: Rs (in crores) by type of company Company 2009-10 2008-9 2007-8 Public 4,883 3,824 3,136 Private 3,421 2,801 1,988 Total 8,304 6,625 5,124 Source: Figures for 2009-10 are from IRDA Journal (1).Figures for 2008-9 and 2009-10 are from IRDA's annual report (2).",Priority A - likely eligible,financing term in title,,,,Include,Explicit financing mechanism/approach in title with target-setting and evaluative/UHC relevance,High,Include,Meets primary financing-approach/UHC eligibility at title/abstract stage
5285,W2924689944,2018,"TOWARD FINANCIAL SUSTAINABILITY OF THE NATIONAL HEALTH INSURANCE SCHEME: A PERSPECTIVE STUDY OF CLIENTS AND SERVICE PROVIDERS IN OREDO, ORHIONMWON AND IKPOBA-OKHA LOCAL GOVERNMENT AREA OF EDO STATE, NIGERIA","This research was aimed at finding out the perception and awareness of service providers and clients toward financial sustainability of the National Health Insurance Scheme in the Edo South Senatorial District of Edo state. A descriptive study was adopted in this research and the study populations were clients and service providers accessing NHIS services in NHIS clinics within Oredo, Orhionmwon and Ikpoba-okha Local Government Area, whom were selected using a judgmental non-probability sampling method. The results from this study showed significant statistical difference (p",Priority A - likely eligible,financing term in title,,,,Include,Explicit financing mechanism/approach in title with target-setting and evaluative/UHC relevance,High,Include,Meets primary financing-approach/UHC eligibility at title/abstract stage
13685,W7154968985,2026,"Bridging the health insurance awareness gap: knowledge, perceptions, and utilization among patients at a tertiary care hospital in India","BACKGROUND: Despite the fact that there are several health insurance schemes available in India, the level of coverage and utilization is suboptimal. Awareness about insurance does not necessarily translate into ownership and utilization. OBJECTIVE: To evaluate the awareness, ownership, and use of health insurance among patients in a tertiary care hospital in India and to determine the sociodemographic and information determinants that affect these outcomes. METHODS: A cross-sectional survey was carried out among 5,335 adult patients in a tertiary care hospital in Pune, Maharashtra, India (December 2024 to February 2025) using a pre-tested questionnaire. Data on demographics, insurance status, perceived barriers, and sources of information were collected. Descriptive statistics, chi-square tests, and logistic regression analyses were performed. RESULTS: Among the 5,335 participants, 60.9% were aware of health insurance, 19.9% owned one, 15.8% had ever used insurance for healthcare. Older participants were less likely to be aware of health insurance (aOR = 0.992; 95% CI: 0.985–0.998). Among the aware, females were less likely to own insurance compared to males (aOR = 0.81; 95% CI: 0.68–0.96). The commonest barriers cited were lack of awareness (49.1%) and high premium costs (28.3%). Online sources were the preferred source of health insurance information. CONCLUSION: There are still large gaps between awareness and utilization of insurance coverage for patients in tertiary care hospitals in India. Age- and gender-specific education and simplified enrollment procedures, utilizing digital platforms, could be effective in improving insurance utilization.",Priority A - likely eligible,financing term in title,,,,Include,Explicit financing mechanism/approach in title with target-setting and evaluative/UHC relevance,High,Include,Meets primary financing-approach/UHC eligibility at title/abstract stage
1546,W2273351902,2011,"The effects of national health insurance scheme on utilization of health services at unilorin teaching hospital staff clinic, ilorin, nigeria","Introduction: The National Health Insurance Scheme (NHIS) was launched  in Nigeria June, 2005 and covers public civil servants in Federal  Establishments. Αim : This study compared the pattern of utilization of  the staff clinic two years before and after the commencement of NHIS at  the University of Ilorin Teaching Hospital. Methodology: Descriptive  cross-sectional study was carried out using records of patients seen at  staff clinic, Unilorin Teaching Hospital, Ilorin two years before and  after the commencement of National Health Insurance Scheme. Information  obtained from the hospital records was entered into the Epi-Info  software of the computer. A p-value of  dependants attended the staff  clinic. Conclusion: National Health Insurance Scheme led to 144%  increase in the utilization of health services at staff clinic of  Unilorin Teaching Hospital. More studies need to be done to probe into  factors responsible for this increase and to rule out possible abuse of  the scheme.",Priority A - likely eligible,financing term in title,,,,Include,Explicit financing mechanism/approach in title with target-setting and evaluative/UHC relevance,High,Include,Meets primary financing-approach/UHC eligibility at title/abstract stage
14260,W7167343350,2026,Direct cost of occupational asthma and associated factors in the private sector in central Tunisia,"BACKGROUND: Occupational asthma (OA) is a significant public health concern due to its high prevalence and socioeconomic burden. In Tunisia, direct costs of OA have not been previously evaluated, highlighting an important knowledge gap for health policy planning. This study aimed to assess the direct cost of OA in the private sector of central Tunisia and identify factors influencing this cost. METHODS: A retrospective claims-based cohort study was conducted using data from the National Health Insurance Fund (CNAM) on OA cases recognised between 2015 and 2017 in the governorates of Sousse, Monastir, Mahdia and Kairouan, central Tunisia. Direct costs were estimated from the CNAM payer perspective. The costs were tracked from the date of recognition until 31 December 2020 and expressed in 2020 Tunisian dinars (TND). Statistical analyses included univariate tests and generalized linear models (GLM) with gamma family and log link for right-skewed cost data, reporting adjusted incidence rate ratios (aIRR) with Huber-White (HC1) robust standard errors. RESULTS: A total of 157 cases of OA were analyzed, predominantly female (75.8%), with a mean age of 43.41 ± 7.29 years. The textile sector represented 72% of cases. High-molecular weight allergens, particularly vegetable textile dust (70.7%), were the agents most frequently implicated. The median total direct cost was 4,593.52 TND (€1,467.24) per case [IQR: 3,408.00-6,871.72]. The median annualized cost was 1,114.03 TND (€355.94) per person-year. Cash benefits (96.8% of patients) dominated over in-kind benefits (22.9%). In multivariate analysis, age ≥ 40 years was the only significant independent predictor of medical costs (adjusted incidence rate ratio [aIRR] = 2.84, 95% CI: 1.59-5.07; p < 0.001), whereas no clinical or demographic factor predicted indemnity costs. Univariate analysis additionally identified male sex (p = 0.04), higher PPD rate (p < 0.001), and absence of prior occupational disease history (p = 0.001) as factors associated with higher total direct costs. CONCLUSIONS: This study highlights the considerable direct costs associated with occupational asthma in central Tunisia's private sector, and the resulting burden placed on the healthcare system and the affected workforce. These findings underscore the need to strengthen primary prevention strategies, particularly in the textile industry, to reduce both the health and economic impact of this disease.",Priority A - likely eligible,financing term in abstract + specific finance keyword/topic,,,,Unclear,Financing mechanism/function appears in abstract but is not explicit in title,Medium,Exclude,Does not meet primary financing-approach synthesis criteria at title/abstract stage
3307,W7136154376,2015,Additional files 1: of Introducing payment for performance in the health sector of Tanzania- the policy process,Interview guide for Norwegian Officials. (DOC 30 kb),Priority A - likely eligible,financing term in title,,,,Exclude,Paratext/artifact,High,Exclude,Does not meet primary financing-approach synthesis criteria at title/abstract stage
5562,W2906668932,2018,"Assessment of out-of–pocket health expenditure and prevalence of protective mechanisms against it among the households in an urban area, Bangalore: a longitudinal study","Background: Achieving Universal Health Coverage according to The World Health Assembly’s way to reinforce the principle of human right to health in 2005 has been a huge task for India. India has one of the highest proportions of household out-of-pocket expenditures on health in the world, estimated at 71.1% in 2008–09. The unpredictable payments are impoverishing an estimated 3.3% of India's population every year. In this regard various strategies have been adopted such as—reforming tax based health financing or introducing health insurance. This highlights the need for alternative finances which includes the provision of medical insurance. The study was conducted to assess the out-of-pocket health expenditure and estimate the prevalence of protective mechanisms against it in an urban area- Bangalore.Methods: A longitudinal study was conducted in the urban area of Bangalore. Sample size was calculated to be 350 households. Data regarding socio-demographic profile, protective mechanisms and other details were obtained by interview method using a pre-tested and semi-structured questionnaire.Results: Majority were in the productive age group i.e. 991 (62.68%) individuals. Female population was slightly higher in our study. Most of the households belonged to upper lower class (54.29%). A major burden of health care cost was experienced both in acute as well as chronic illness by the households. Only 8.9% (31 households) had one or the other type of health insurance.Conclusions: Population has profound chances of experiencing catastrophic health expenditure in times of severe illness.",Priority A - likely eligible,financing term in abstract + specific finance keyword/topic,,,,Unclear,Financing mechanism/function appears in abstract but is not explicit in title,Medium,Include,Meets primary financing-approach/UHC eligibility at title/abstract stage
4120,W2517668233,2016,Performance Assessment of the Juaboso District Office of the National Health Insurance Authority,,Priority A - likely eligible,financing term in title,,,,Unclear,Possible financing evidence; target-country eligibility not identifiable from title/abstract,Low,Unclear,Insufficient title/abstract information; requires full-text or additional metadata
2995,W2025234210,2014,Determinants of health insurance enrolment in Sudan: evidence from Health Utilisation and Expenditure Household Survey 2009,"Background Sudan established a National Health Insurance Fund (NHIF) in 1995. NHIF, despite the name, is a social health insurance scheme that predominantly enrols the formal sector workers, compulsorily, and the informal sector workers, voluntarily. The Government is targeting universal health coverage by 2031, by expanding the existing scheme. This paper aims to assess the insurance enrolment, and factors that determine such enrolment. Understanding these factors is important to ensure equity in acquiring healthcare and in identifying the barriers of its achievement.",Priority A - likely eligible,financing term in title,,,,Include,Explicit financing mechanism/approach in title with target-setting and evaluative/UHC relevance,High,Include,Meets primary financing-approach/UHC eligibility at title/abstract stage
13639,W7153527503,2026,Out‐of‐Pocket Surgical Costs and Catastrophic Health Expenditure in Ethiopia: Results From a Nationwide Multicenter Cross‐Sectional Study,"INTRODUCTION: Globally, over 4.8 billion people lack access to safe, timely, and affordable surgical care, with the burden falling heaviest on low- and middle-income countries. In Ethiopia, where surgical services are urban-centered and out-of-pocket (OOP) health spending is among the highest globally, financial barriers often deter care-seeking. This study provides the first nationally representative assessment of catastrophic health expenditure (CHE) among surgical patients in Ethiopia to quantify financial risk and inform future equitable health financing reforms. METHOD: This national cross-sectional survey was conducted as part of the Ethio-SOS study, which includes 32 hospitals across Ethiopia. A total of 412 surgical patients were enrolled. Data were collected on direct and indirect costs, sociodemographic characteristics, and surgical indication. CHE was defined as OOP medical expenditure exceeding 10% of annual household expenditure. RESULTS: Of 412 participants (53.6% female, 46.4% male), 103 (25.0%) experienced catastrophic health expenditure (CHE). Key cost drivers included medications (37%), laboratory tests (14%), and surgical fees (14%). Non-medical expenses, such as food, transportation, and caregiver support, accounted for 20% of total spending. Risk factors for CHE included smaller household size (OR = 0.52, p = 0.046), unmarried status (OR = 0.38, p = 0.002), greater distance from the hospital, and trauma-related surgery (OR = 1.95, p = 0.042). Coping mechanisms included borrowing money (16.6%) and selling assets (13.9%). CONCLUSIONS: One in four surgical patients in Ethiopia experiences CHE, with increased vulnerability among unmarried individuals, smaller households, and those undergoing trauma-related procedures. Medication and non-medical costs, such as transportation, remain significant financial burdens. These findings highlight urgent gaps in financial protection and underscore the need for targeted policy reforms, such as improved access to medicine, transportation support, and expanded safety nets, to reduce out-of-pocket surgical costs and promote equitable access to care.",Priority A - likely eligible,financing term in title,,,,Unclear,Financing mechanism/function appears in abstract but is not explicit in title,Medium,Include,Meets primary financing-approach/UHC eligibility at title/abstract stage
1310,W2139153837,2010,Health financing reform in Uganda: How equitable is the proposed National Health Insurance scheme?,"BACKGROUND: Uganda is proposing introduction of the National Health Insurance scheme (NHIS) in a phased manner with the view to obtaining additional funding for the health sector and promoting financial risk protection. In this paper, we have assessed the proposed NHIS from an equity perspective, exploring the extent to which NHIS would improve existing disparities in the health sector. METHODS: We reviewed the proposed design and other relevant documents that enhanced our understanding of contextual issues. We used the Kutzin and fair financing frameworks to critically assess the impact of NHIS on overall equity in financing in Uganda. RESULTS: The introduction of NHIS is being proposed against the backdrop of inequalities in the distribution of health system inputs between rural and urban areas, different levels of care and geographic areas. In this assessment, we find that gradual implementation of NHIS will result in low coverage initially, which might pose a challenge for effective management of the scheme. The process for accreditation of service providers during the first phase is not explicit on how it will ensure that a two-tier service provision arrangement does not emerge to cater for different types of patients. If the proposed fee-for-service mechanism of reimbursing providers is pursued, utilisation patterns will determine how resources are allocated. This implies that equity in resource allocation will be determined by the distribution of accredited providers, and checks put in place to prohibit frivolous use. The current design does not explicitly mention how these two issues will be tackled. Lastly, there is no clarity on how the NHIS will fit into, and integrate within existing financing mechanisms. CONCLUSION: Under the current NHIS design, the initial low coverage in the first years will inhibit optimal achievement of the important equity characteristics of pooling, cross-subsidisation and financial protection. Depending on the distribution of accredited providers and utilisation patterns, the NHIS could worsen existing disparities in access to services, given the fee-for-service reimbursement mechanisms currently proposed. Lastly, if equity in financing and resource allocation are not explicit objectives of the NHIS, it might inadvertently worsen the existing disparities in service provision.",Priority A - likely eligible,financing term in title,,,,Include,Explicit financing mechanism/approach in title with target-setting and evaluative/UHC relevance,High,Include,Meets primary financing-approach/UHC eligibility at title/abstract stage
9681,W4383345782,2023,"Effectiveness of the Gratuité user fee exemption policy on utilization and outcomes of maternal, newborn and child health services in conflict-affected districts of Burkina Faso from 2013 to 2018: a pre-post analysis","BACKGROUND: Evidence on effectiveness of user fee exemption policies targeting maternal, newborn, and child health (MNCH) services is limited for conflict-affected settings. In Burkina Faso, a country that has had its fair share of conflicts, user fee exemption policies have been piloted since 2008 and implemented along with a national government-led user fee reduction policy ('SONU': Soins Obstétricaux et Néonataux d'Urgence). In 2016, the government transitioned the entire country to a user fee exemption policy known as Gratuité. Our study objective was to assess the effect of the policy on the utilization and outcomes of MNCH services in conflict-affected districts of Burkina Faso. METHODS: We conducted a quasi-experimental study comparing four conflict-affected districts which had the user fee exemption pilot along with SONU before transitioning to Gratuité (comparator) with four other districts with similar characteristics, which had only SONU before transitioning (intervention). A difference-in-difference approach was initiated using data from 42 months before and 30 months after implementation. Specifically, we compared utilization rates for MNCH services, including antenatal care (ANC), facility delivery, postnatal care (PNC) and consultation for malaria. We reported the coefficient, including a 95% confidence interval (CI), p value, and the parallel trends test. RESULTS: Gratuité led to significant increases in rates of 6th day PNC visits for women (Coeff 0.15; 95% CI 0.01-0.29), new consultations in children < 1 year (Coeff 1.80; 95% CI 1.13-2.47, p < 0.001), new consultations in children 1-4 years (Coeff 0.81; 95% CI 0.50-1.13, p = 0.001), and uncomplicated malaria cases treated in children < 5 years (Coeff 0.59; 95% CI 0.44-0.73, p < 0.001). Other service utilization indicators investigated, including ANC1 and ANC5+ rates, did not show any statistically significant positive upward trend. Also, the rates of facility delivery, 6th hour and 6th week postnatal visits were found to have increased more in intervention areas compared to control areas, but these were not statistically significant. CONCLUSIONS: Our study shows that, even in conflict-affected areas, the Gratuité policy significantly influences MNCH service utilization. There is a strong case for continued funding of the user fee exemption policy to ensure that gains are not reversed, especially if the conflict ceases to abate.",Priority A - likely eligible,financing term in title,,,,Include,Explicit financing mechanism/approach in title with target-setting and evaluative/UHC relevance,High,Include,Meets primary financing-approach/UHC eligibility at title/abstract stage
2587,W1968716268,2013,Performance-based financing for monitoring and evaluation of health system in Cameroon,"Objective: To describe the context of, types of and approaches to monitoring and evaluation and the stakeholders’ perceptions of Performance-based financing (PBF) in Cameroon.Methods: This research used secondary data, both qualitative and quantitative, from the PBF monitoring and evaluation plan, reports and documents, and information from 380 qualitative interviews of stakeholders. Data was analysed using a systematic process of triangulation of responses in tabular form to assess the contribution of PBF towards strengthening the national system of monitoring and evaluation. Descriptive statistics were presented in form of frequencies.Results: The context of decentralisation and results-based management put monitoring and evaluation at the centre of public policy actions. Performance is measured in terms of effectiveness, efficiency, equity, accountability and transparency. The expected effect of PBF is not to reinforce the monitoring and evaluation system but to increase its performance. In conception, the design of PBF relies on substantial efforts of systematic monitoring and evaluation that can strengthen the national health system. The PBF brought changes to all the organisational systems of the supply of health services according to the monitoring and evaluation objectives, which were aligned to those of the national health system and management health information. Stakeholders were positive about the resulting performance of the central tool for monitoring and evaluation of PBF.Conclusion: Several types of monitoring and evaluation are conducted in the implementation of the PBF scheme, showing great potential to strengthen the national system through the harmonisation and standardisation of indicators and norms at all levels of the national health system pyramid.",Priority A - likely eligible,financing term in title,,,,Include,Explicit financing mechanism/approach in title with target-setting and evaluative/UHC relevance,High,Include,Meets primary financing-approach/UHC eligibility at title/abstract stage
5446,W2896519275,2018,"The bumpy trajectory of performance-based financing for healthcare in Sierra Leone: agency, structure and frames shaping the policy process","BACKGROUND: As performance-based financing (PBF) has been increasingly implemented in low-income countries, a growing literature has developed, assessing its effectiveness and, more recently, focussing on the political dynamics of PBF introduction and implementation. This study contributes to the latter body of literature by exploring decision-making processes on PBF in Sierra Leone during the 2010-2017 period. Sierra Leone presents an interesting case because of the 'start-stop-start' trajectory of PBF. METHODS: The qualitative case study is based on a document review and 25 key informant interviews with national stakeholders and international actors. Documents and interviews were analysed based on a political economy framework focusing on actors and structure, but also making use of concepts drawn from interpretive policy analysis to look at frames. RESULTS: Our analysis describes the process of negotiation and re-negotiation of PBF in Sierra Leone, highlighting the role of different players, both internal and external, their ideas, capacity and power relations, and the shifting narratives around PBF. It is shown that external actors driving the debate make use of 'frames', both actual (i.e., defining the timing and pace of the discussions, the funding available, etc.) and metaphorical (i.e., how PBF is interpreted, defined and understood) to fit in and influence the debate. This is facilitated by the lack of capacity and resources in the fragile setting. Other strategies, such as 'venue shopping' are employed, though they may add to fragmentation in the volatile context. CONCLUSIONS: The retrospective view of the study has an analytical advantage, but findings are also relevant to guide practice. Although power relations and rent-seeking issues are difficult to overcome in resource and capacity-constrained settings, more attention could be paid to other elements. In particular, adopting shared frames to ensure a common and inclusive understanding of technical concepts such as PBF may be useful to ensure the political sustainability of reforms. Also, the 'actual frames' which define negotiation and implementation should remain flexible, allowing for disrupting events (e.g., the Ebola epidemic in Sierra Leone) as well as for time to develop national capacity and ownership in order to ensure longer-term political support and better health system integration.",Priority A - likely eligible,financing term in title,,,,Include,Explicit financing mechanism/approach in title with target-setting and evaluative/UHC relevance,High,Include,Meets primary financing-approach/UHC eligibility at title/abstract stage
13089,W7203629631,2026,A Framework for Stakeholder-Inclusive Monitoring and Evaluation in Health Insurance Reform: Enhancing Accountability and Learning in Kenya's Social Health Authority,"Purpose: This paper outlines a comprehensive stakeholder engagement strategy for the Monitoring and Evaluation (M&E) framework of Kenya's Social Health Authority (SHA), positioning inclusive participation as central to enhancing the technical quality, legitimacy, and utility of M&E processes. Approach: The framework is grounded in five guiding principles — inclusivity, meaningful participation, transparency, responsiveness, and mutual accountability — and delineates engagement mechanisms tailored to nine stakeholder groups spanning beneficiaries, providers, government, partners, civil society, academia, and internal SHA structures. Findings: The strategy is supported by a communication and dissemination plan, a proactive risk management matrix, and a meta-monitoring system that evaluates the M&E framework itself, transforming M&E from a compliance exercise into a tool for social accountability and organizational learning. Value: The paper offers a replicable model for stakeholder-inclusive M&E design in resource-constrained contexts undergoing major health financing reform, with direct relevance to Kenya's transition toward Universal Health Coverage. Keywords: Stakeholder Engagement, Monitoring and Evaluation, Health Insurance, Social Health Authority, Kenya, Accountability, Participatory Governance, Universal Health Coverage",Priority A - likely eligible,financing term in title,,,,Include,Explicit financing mechanism/approach in title with target-setting and evaluative/UHC relevance,High,Include,Meets primary financing-approach/UHC eligibility at title/abstract stage
537,W7131870455,2004,"Health Insurance Adoption Among Low-Income Families in Lagos, Nigeria: A Qualitative Exploration","Health insurance adoption rates among low-income families in urban areas of Nigeria have been under-researched, despite its potential to improve access to healthcare and alleviate financial burdens. The study employs a qualitative research design, utilising semi-structured interviews with 50 low-income families as participants. Data analysis is conducted through thematic content analysis. Findings suggest that affordability remains the primary barrier to health insurance adoption, with majority of respondents indicating willingness to enroll if premiums were reduced by at least 30%. The findings highlight the importance of addressing financial barriers and engaging community stakeholders in designing more affordable health insurance schemes for low-income families. Recommendation is made for policymakers to consider subsidizing or offering subsidies for healthcare services, alongside developing comprehensive health insurance programmes targeted at vulnerable populations.",Priority A - likely eligible,financing term in title,,,,Include,Explicit financing mechanism/approach in title with target-setting and evaluative/UHC relevance,High,Include,Meets primary financing-approach/UHC eligibility at title/abstract stage
11051,W4403475220,2024,Framework for responsive financing of district hospitals of India,"Introduction: The current financing of public-sector district hospitals in India relies on historical budget allocations rather than actual utilization or healthcare needs. We utilized empirical data on healthcare delivery costs to develop the financing framework for these hospitals using a blended payment approach. Methods: The primary data on cost of delivering services in 27 district hospitals across nine states of India was analysed along with indicators influencing the demand and supply of health services. Payment for outpatient, inpatient, and indirect services was assessed using the risk adjusted global budget, case-based bundled payment, and per-bed-global budget, respectively. Risk adjustment weights were computed by regressing the cost of outpatient care with demand and supply side factors which are likely to influence the utilization or the prices. Budget impact analysis was conducted to assess the fiscal implications of this payment approach, accounting for current care standards and two scenarios: upgrading district hospitals to Indian Public Health Standards (IPHS) or medical colleges. Results: The average annual budget for a district hospital in India is estimated at ₹326 million (US$3.35 million), ranging from ₹66 million to ₹2.57 billion (US$0.8-31.13 million). Inpatient care comprises the largest portion (78%) of the budget. Upgrading to IPHS-compliant secondary hospitals or medical colleges would increase average budgets by 131 and 91.5%, respectively. Conclusion: Implementing a blended payment approach would align funding with healthcare needs, enhance provider performance, and support ongoing financing reforms aimed at strategic purchasing and universal health coverage.",Priority A - likely eligible,financing term in abstract + specific finance keyword/topic,,,,Unclear,Financing mechanism/function appears in abstract but is not explicit in title,Medium,Include,Meets primary financing-approach/UHC eligibility at title/abstract stage
9290,W4320507717,2023,Consequences of India’s population aging to its healthcare financing and provision,"OBJECTIVES: To conduct a comprehensive literature review on the state of population aging, healthcare financing, and provision in India. METHODS: To obtain relevant records in the Indian context, multiple publications were searched from databases, such as Scopus, ScienceDirect, Web of Science, Medline/PubMed, JSTOR, and Google Scholar using the following keywords: ""Population Ageing,"" ""Population Aging,"" ""Health System,"" ""Demographic Dividend,"" ""Non-communicable Diseases,"" ""Double Burden of Diseases,"" ""Health Spending,"" ""Sustainable Health Financing,"" and ""Health Coverage."" Data on different health indices were collected from different websites of the government of India and international organizations (e.g. World Bank, UN, WHO, and Statista). RESULTS: As people live longer, India faces a double burden of disease, with the rising incidence of non-communicable diseases (NCDs) amidst the presence of widespread communicable diseases. The combined problem of the double burden of diseases and population aging poses a severe sustainability challenge for its healthcare financing and the entire health system. Healthcare financing based on progressive taxation and large-scale prepayment coverage is an effective solution for sustaining the health system. However, due to the prevalence of indirect taxes, India's tax system is regressive. Hence, community-based health insurance (CBHI) schemes can be a feasible solution to cover the large mass of poor working in the informal sector. CONCLUSIONS: India needs to address the alterations in its healthcare needs and demands brought on by the advancing demographic shift. To achieve so, the country's healthcare system must be reformed to accommodate strong national policies focusing on universal access to critical care especially geriatric and palliative care.",Priority A - likely eligible,financing term in title,,,,Include,Explicit financing mechanism/approach in title with target-setting and evaluative/UHC relevance,High,Include,Meets primary financing-approach/UHC eligibility at title/abstract stage
9804,W4386398856,2023,Study on awareness of health insurance among the adult population of rural areas in the Wardha district of Maharashtra: a protocol,"Introduction: Globally, the foundation of health insurance is substantial. However, the Indian health insurance sector lags. Only 14.1% of the rural population is covered by health insurance. That is, 85.9% of individuals in rural India still lack any form of health expenditure coverage and are unaware and thus are uninsured. Despite all the efforts made by the health system to assist the Indian population with supporting their healthcare finances, the public is unable to use these services simply because they are unaware of them. Individuals without health insurance will experience impoverishment due to health-related problems. Increased health insurance awareness can also be an indicator of universal health coverage. The objective is to study rural community individuals' awareness, perception, and utilisation of health insurance and to determine the association between sociodemographic variables and awareness of health insurance. Methods: The study will be a community based cross-sectional and observational study design in the Wardha district of Maharashtra from September 2023. Individuals within the region who are over 18 and at home during the visit will be included in the study. Individuals under the age requirement, and any empty households during the visits will be excluded. A pre-designed and semi structured questionnaire will be used. House-to-house visits will be done and information will be obtained by interviews. SPSS 24.0 software will be used for the data analysis. Variables included are name, age, sex, type of family, occupation, and knowledge of health insurance. Conclusions: The results of this study will involve an assessment of the participant’s awareness, perception, and utilisation of health insurance, and the association between socio demographic variables and awareness of health insurance. Descriptive statistics like frequency and percentages will be calculated. Chi-square test will be used for association between variables.",Priority A - likely eligible,financing term in title,,,,Include,Explicit financing mechanism/approach in title with target-setting and evaluative/UHC relevance,High,Exclude,Does not meet primary financing-approach synthesis criteria at title/abstract stage
1678,W1972709683,2011,P1-S6.23 Impact evaluation of performance-based financing (PBF) for HIV testing and counselling for individuals and couples in Rwanda,"Background The Government of Rwanda has nationally implemented performance-based financing (PBF) to improve the satisfaction and motivation of health workers, as well as access and quality of HIV/AIDS services in the context of scaling-up services. The scheme pays for 10 HIV/AIDS indicators (two related to HIV testing and counselling (HTC), which is believed to be a core strategy for decreasing HIV incidence and improving prevention and care). We present the effect of Rwanda's PBF program on individual and couple/partner testing as an entry point to other HIV services and in the context of scale up. Methods Taking advantage of a prospective quasi-experimental design, an impact evaluation was conducted during phase-in of the Rwanda's PBF program in 2006 and 2008. Individual HTC was measured by whether or not the individual has ever been tested for HIV (371 treatment individuals (61.1% female), 378 control (56.6% female)), and partner testing was assessed by whether or not the sexual partners they had in the 12 months prior to the survey had ever been tested for HIV (208 treatment individuals (57.2% female), 202 control (52.0% females)). To evaluate the outcomes, a difference-in-difference fixed effects model was used with SEs clustered by district*year. Results PBF increased HTC at the individual level by 9.45% from baseline (p=0.07). This effect was mainly found among married individuals (10.87% increase, p=0.02), specifically males (15.75% increase, p=0.06). PBF also increased testing among couples by an estimated 16.14% (p=0.034) increase from baseline, as reported by one of two partners. Conclusion Our work provides evidence that PBF might be a useful tool to increase access to HTC for both individuals and couples. This is a remarkable result since couple testing has previously been difficult to encourage.",Priority A - likely eligible,financing term in title,,,,Include,Explicit financing mechanism/approach in title with target-setting and evaluative/UHC relevance,High,Exclude,Does not meet primary financing-approach synthesis criteria at title/abstract stage
10576,W4397016994,2024,Spatial distribution and geographical heterogeneity factors associated with households' enrollment level in community-based health insurance,"Background: Healthcare service utilization is unequal among different subpopulations in low-income countries. For healthcare access and utilization of healthcare services with partial or full support, households are recommended to be enrolled in a community-based health insurance system (CBHIS). However, many households in low-income countries incur catastrophic health expenditure. This study aimed to assess the spatial distribution and factors associated with households' enrollment level in CBHIS in Ethiopia. Methods: < 0.05 was considered significant with a 95% confidence interval. Results: Nearly three out of 10 (28.6%) households were enrolled in a CBHIS. The spatial distribution of households' enrollment in the health insurance system was not random, and households in the Amhara and Tigray regions had good enrollment in community-based health insurance. A total of 126 significant clusters were detected, and households in the primary clusters were more likely to be enrolled in CBHIS. Primary education (AOR: 1.21, 95% CI: 1.05, 1.31), age of the head of the household >35 years (AOR: 2.47, 95% CI: 2.04, 3.02), poor wealth status (AOR: 0.31, 95% CI: 0.21, 1.31), media exposure (AOR: 1.35, 95% CI: 1.02, 2.27), and residing in Afar (AOR: 0.01, 95% CI: 0.003, 0.03), Gambela (AOR: 0.03, 95% CI: 0.01, 0.08), Harari (AOR: 0.06, 95% CI: 0.02, 0.18), and Dire Dawa (AOR: 0.02, 95% CI: 0.01, 0.06) regions were significant factors for households' enrollment in CBHIS. The secondary education status of household heads, poor wealth status, and media exposure had stationary significant positive and negative effects on the enrollment of households in CBHIS across the geographical areas of the country. Conclusion: The majority of households did not enroll in the CBHIS. Effective CBHIS frameworks and packages are required to improve the households' enrollment level. Financial support and subsidizing the premiums are also critical to enhancing households' enrollment in CBHIS.",Priority A - likely eligible,financing term in title,,,,Include,Explicit financing mechanism/approach in title with target-setting and evaluative/UHC relevance,High,Include,Meets primary financing-approach/UHC eligibility at title/abstract stage
8058,W4205896100,2021,A study to assess the economic burden faced by rural households due to Out-of-pocket expenditure on healthcare in Uttar Kannada and Udupi districts of Karnataka,"Background and Purpose: Various studies reveal that in India more than 80 percent of health care financing is mainly in the form of out-of-pocket (OOP). As a felt need, this study was conducted with the objectives to assess the economic burden faced by rural households due to out-of-pocket payments. Material and Methods: A community-based cross-sectional study was conducted for a period of 2 years among 550 households in the rural areas of Uttar Kannada and Udupi districts. Households were selected using the multistage sampling technique and interviewed using a pre-designed and pre-tested proforma. Descriptive statistics were applied, and the data were analyzed using proportions and percentages. A Chi-square test was used to find the association between different attributes. Statistical significance was set at a 0.05% level of significance ( P < 0.05). Findings: It was observed that 5 (1.99%) households spent Rs 50000 to 1 lakh, and 26 (10.36%) spent more than 1 lakh among insured households compared to 30 (17.96%) and 14 (8.38%) households, respectively among non-insured households. This difference was found to be statistically significant with P value <0.0001. Avoidance of hospital admission and medications were found to be more among noninsured households compared to insured households, which was statistically significant with P value <0.001. Almost half of those who did not have health insurance borrowed money, took a loan on property and NGOs, and sold valuables compared to those who had health insurance, and this difference was statistically significant with P value <0.001. Conclusion: During the study, it was seen that households that did not have health insurance had higher expenditure on health services, avoided hospitalization and medication, and sold valuables as a source of out-of-pocket expenditure when compared to those who had health insurance, and the difference was found to be statistically significant.",Priority A - likely eligible,financing term in title,,,,Unclear,Financing mechanism/function appears in abstract but is not explicit in title,Medium,Include,Meets primary financing-approach/UHC eligibility at title/abstract stage
10757,W4400647772,2024,Cost-effectiveness of implementing performance-based financing for improving maternal and child health in Ethiopia,"INTRODUCTION: Performance Based Financing (PBF) supports realization of universal health coverage by promoting bargaining between purchasers and health service providers through identifying priority services and monitoring indicators. In PBF, purchasers use health statistics and information to make decisions rather than merely reimbursing invoices. In this respect, PBF shares certain elements of strategic health purchasing. PBF implementation began in Ethiopia in 2015 as a pilot at one hospital and eight health centers. Prior to this the system predominantly followed input-based financing where providers were provided with a predetermined budget for inputs for service provision. The purpose of the study is to determine whether the implementation of PBF is cost-effective in improving maternal and child health in Ethiopia compared to the standard care. METHODS: The current study used cost-effectiveness analysis to assess the effects of PBF on maternal and child health. Two districts implementing PBF and two following standard care were selected for the study. Both groups of selected districts share common grounds before initiating PBF in the selected group. The provider perspective costing approach was used in the study. Data at the district level were gathered retrospectively for the period of July 2018 to June 2021. Data from health service statistics were transformed to population level coverages and the Lives Saved Tool method used to compute the number of lives saved. Additionally for purpose of comparison, lives saved were translated into discounted quality-adjusted life years. RESULTS: The number of lives saved under PBF was 261, whereas number of lives saved under standard care was 194. The identified incremental cost per capita due to PBF was $1.8 while total costs of delivering service at PBF district was 8,816,370 USD per million population per year while the standard care costs 9,780,920 USD per million population per year. QALYs obtained under PBF and standard care were 6,118 and 4,526 per million population per year, respectively. CONCLUSIONS: The conclusion made from this analysis is that, implementing PBF is cost-saving in Ethiopia compared to the standard care. LIMITATIONS OF THE STUDY: Due to lack of district-level survey-based data, such as prevalence and effects on maternal and child health, national-level estimates were used into the LiST tool.There may be some central-level PBF start-up costs that were not captured, which may have spillover effects on the existing health system performance that this study has not considered.There may be health statistics data accuracy differences between the PBF and non-PBF districts. The researchers considered using data from records as reported by both groups of districts.",Priority A - likely eligible,financing term in title,,,,Include,Explicit financing mechanism/approach in title with target-setting and evaluative/UHC relevance,High,Include,Meets primary financing-approach/UHC eligibility at title/abstract stage
4261,W2561759926,2017,System-wide analysis of health financing equity in Cambodia: a study protocol,"BACKGROUND: To assess progress towards universal health coverage, countries like Cambodia require evidence on equity in the financing and distribution of healthcare benefits. This evidence must be based on a system-wide perspective that recognises the complex roles played by the public and private sectors in many contemporary healthcare systems. OBJECTIVE: To undertake a system-wide assessment of who pays and who benefits from healthcare in Cambodia and to understand the factors influencing this. METHODS: Financing and benefit incidence analysis will be used to calculate the financing burden and distribution of healthcare benefits across socioeconomic groups. Data on healthcare usage, living standards and self-assessed health status will be derived from a cross-sectional household survey designed for this study involving a random sample of 5000 households. This will be supplemented by secondary data from the Cambodian National Health Accounts 2014 and the Cambodian Socioeconomic Survey (CSES) 2014. We will also collect qualitative data through focus group discussions and in-depth interviews to inform the interpretation of the quantitative analyses. POTENTIAL IMPACT: This study will produce previously unavailable information on who pays for, and who benefits from, health services across the entire health system of Cambodia. This evidence comes at a critical juncture in healthcare reform in South-East Asia with so many countries seeking guidance on the equity impact of their current financing arrangements that include a complex mix of public and private providers.",Priority A - likely eligible,financing term in title,,,,Include,Explicit financing mechanism/approach in title with target-setting and evaluative/UHC relevance,High,Exclude,Does not meet primary financing-approach synthesis criteria at title/abstract stage
8086,W4226472693,2021,A Comparative Cross-sectional Study of the Prevalence and Determinants of Health Insurance Coverage between Nigeria and South Africa: A Multi-country Analysis of Demographic Health Surveys,"Abstract Background: The core Universal Health Coverage (UHC) objectives are to ensure universal access to healthcare services by reducing all forms of inequalities. However, financial constraints are major barriers to accessing healthcare, especially in countries like Nigeria and South Africa. The findings of this study may possibly aid in informing and communicating health policy to increase financial access to healthcare and its utilization in South Africa and Nigeria. The objectives were to estimate the prevalence of health insurance coverage, and to explore the socio-demographic factors associated with health insurance in South Africa and Nigeria. Methods: This was a cross-sectional study using the 2018 Nigeria Demographic Health Survey and 2016 South Africa Demographic Health Survey. The 2018 Nigeria Demographic Health Survey data on 55,132 and the 2016 South Africa Demographic Health Survey on 12,142 individuals were used to investigate the prevalence of health insurance associated with socio-demographic factors. Percentages, frequencies, Chi-square and multivariate logistic regression were employed, with a significance of p<0.05. Results: About 2.8% of the Nigerian and 13.3% of the South African population were insured (Nigeria: males-3.4%; females-2.7% vs. South Africa: males-13.9%; females-12.8%). The multivariate logistics regression analyses showed that higher education was significantly positively more likely to be associated with health insurance, independent of other socio-demographic factors in Nigeria (Model I: OR: 1.43; 95% CI: 0.34-1.54, p<0.05; Model II: OR: 1.34; 95% CI: 0.28-1.42, p<0.05) and in South Africa (Model I: OR: 1.33; 95% CI: 0.16-1.66, p<0.05; Model II: OR: 1.76; 95% CI: 0.34-1.82, p<0.05). Respondents with higher wealth index and who were employed were independently associated with health insurance uptake in Nigeria and South Africa (p<0.001). Females were more likely to be insured (p<0.001) than males in both countries, and education had a greater impact on the likelihood of health insurance uptake in rich wealth index households among both male and females in Nigeria and South Africa. Conclusion: Health insurance coverage was low in both countries and independently associated with socio-demographic factors such as education, wealth, and employment. There is a need for continuous sensitization, educational health interventions and enabling employment opportunities for citizens of both countries to participate in uptake of wide health insurance coverage.",Priority A - likely eligible,financing term in title,,,,Include,Explicit financing mechanism/approach in title with target-setting and evaluative/UHC relevance,High,Include,Meets primary financing-approach/UHC eligibility at title/abstract stage
8387,W4220899717,2022,Exploring dynamics in catastrophic health care expenditure in Nigeria,"BACKGROUND: The Nigeria's National Health Insurance Scheme aimed at making health care accessible and affordable since it's became operational in 2005. However, many Nigerians still pay out of pocket for medical expenses, and this drive them to incurring catastrophic health expenditures. Although monitoring progress towards UHC is crucial, one single study exploring the dynamics in catastrophic health expenditure proportion, associated factors, inequality concentration, inequality size, together with decomposition using a longer period Nigeria panel household survey datasets is very scarce. METHODS: Data was drawn from three rounds of the Nigeria General Household Survey. The fixed percentage and rank-dependent thresholds were used to calculate and compare the proportion of households that incur catastrophic health expenditures. The logistic regression model was employed in analyzing the factors associated with catastrophic health expenditures. The concentration of catastrophic health expenditures inequality was assessed using the concentration curve, whereas the inequality size was determined using the concentration index. The decomposition method was used to decompose the concentration index into determining components. RESULTS: Relative to the fixed threshold value, the rank-dependent threshold revealed a higher share of households facing catastrophic health expenditures i.e., from 27% in 2010/2011 to 48% in 2015/2016. The two thresholds reveal similar trend, but differ in percentage points. The key factors associated with catastrophic health expenditures were economic status and geopolitical zone. Inequality in catastrophic health expenditures was found to be concentrated among the poor. The household economic status was uncovered as the major positive contributor to catastrophic health expenditures inequality across the sample periods. CONCLUSION: The findings of the study imply that narrowing economic status gap across households, and increasing the depth of insurance are crucial mechanisms to reduce the probability of incurring catastrophic health expenditures among the poor in Nigeria.",Priority A - likely eligible,financing term in abstract + specific finance keyword/topic,,,,Unclear,Financing mechanism/function appears in abstract but is not explicit in title,Medium,Include,Meets primary financing-approach/UHC eligibility at title/abstract stage
9713,W4384934287,2023,“God is my only health insurance”: a mixed-methods study on the experiences of persons with disability in accessing sexual and reproductive health services in Ghana,"Background: Access to sexual and reproductive health (SRH) services is a fundamental human right, but people with disabilities (PwDs) in low-and middle-income countries often face multiple barriers to utilisation. This study aimed to assess the level of SRH services utilisation and the enabling and inhibiting factors among PwDs in Ghana's Ashanti region. Methods: = 37) data collection from PwDs. Quantitative data were analysed using descriptive and inferential statistics, while qualitative data were analysed using inductive thematic analysis. Results: The study found that only 33.8% of the PwDs had ever used SRH services. Utilisation was associated with sex, marital status and travel duration to health facility. The qualitative data revealed that factors at the individual, family/community and health facility levels influenced utilisation of SRH services, acting as both enablers and barriers. Conclusion: PwDs had relatively low utilisation of SRH services in Ghana's Ashanti region. To increase utilisation, it is recommended to address the stigma and discrimination towards PwDs, provide more training for healthcare providers, improve the accessibility of healthcare facilities, and strengthen the national health insurance scheme. Further research could explore PwDs' SRH outcomes and strategies to improve these outcomes in Ghana.",Priority A - likely eligible,financing term in title,,,,Include,Explicit financing mechanism/approach in title with target-setting and evaluative/UHC relevance,High,Unclear,Insufficient title/abstract information; requires full-text or additional metadata
2938,W2306379740,2014,Increasing Awareness among RSBY Beneficiaries: Results from a Pilot in Karnataka,"The Rashtriya Swasthiya Bima Yojna (RSBY), Government of Indias national health insurance scheme, was launched in April 2008 with the objective of protecting poor households from the financial burden arising due to health shocks. Under RSBY, each household can enroll up to five members and get inpatient health insurance coverage of INR 30,000 (USD 510) annually. The average household premium that ranges from INR 400-600 (USD 6-10) is fully subsidized by the government and the household only pays a registration fee of INR 30 (USD 0.5). RSBY covers all pre-existing diseases and allows beneficiaries to avail inpatient healthcare at RSBY-empanelled hospitals (both, public and private) across the country. Today, six years later, approximately 37.2 million households are enrolled under RSBY. A common theme that emerges from these studies is the important role of information in the effective implementation of a health insurance program such as RSBY. The lack of information and the inability of intended beneficiaries to absorb the information that is being provided are important hurdles in reducing health expenses and increasing access to healthcare among poor households through RSBY.",Priority A - likely eligible,financing term in abstract + specific finance keyword/topic,,,,Include,Explicit financing mechanism/approach in title with target-setting and evaluative/UHC relevance,High,Include,Meets primary financing-approach/UHC eligibility at title/abstract stage
6844,W4327510399,2020,"Factors Associated with Willingness to Pay for Social Health Insurance among Government Employees in Tigrai Region, Northern Ethiopia","INTRODUCTIONDeveloping countries seldom use social health insurance (SHI), and their healthcare finances mostly rely on general revenues and direct out-of-pocket payments. This study investigated the level and factors associated with willingness to pay for SHI among government employees in Tigrai region, North Ethiopia. METHODSAn institution-based quantitative cross-sectional study was carried out from June to July 2018 among government employees in Tigrai, Ethiopia. Sample size was determined using single population proportion formula, and multi-stage cluster sampling was used to select the study participants. Data collected using an interviewer-administered questionnaire was analyzed using SPSSVersion 20. RESULTSThere were 544 (64.5%) respondents who were not willing to pay for SHI. Respondents age older than 39 years were 2.2 times more likely to be willing to pay for SHI, as were those who disagreed with the binding rule of referral system (1.4 times), and with exclusion of periodic medical checkup from the SHI (1.4 times), those who didn’t consider health service quality to be poor (1.6 times), and those who disagreed with the presence of financial insecurity in health institutions (1.7 times). CONCLUSIONThis study revealed that government employees’ willingness to pay for SHI was low. SHI agencies should publicize the proclamation for SHI and induce employees with SHI referral system, services excluded, and health facilities’ readiness and service quality to increase willingness to pay. In addition, the government should reconsider the implementation of the proclamation for SHI accordingly.",Priority A - likely eligible,financing term in title,,,,Include,Explicit financing mechanism/approach in title with target-setting and evaluative/UHC relevance,High,Include,Meets primary financing-approach/UHC eligibility at title/abstract stage
7167,W3134217841,2020,"Perception of Social Health Insurance Program among Community People in Pokhara, Nepal","Perception of social health insurance program is the way in which it is understood or interpreted in terms of different factors; quality of care service delivery adequacy, benefits of program, convenience, price, providers attitude, peer pressure, Community beliefs and attitudes. The main aim of this study is to identify community people’s perception and the factors influencing the perception of people towards social health insurance program. Data from total of 105household registered in insurance program (insured) were collected. Descriptive cross sectional study design was used. The data were analyzed and interpreted by using descriptive and inferential statistics through the computer program SPSS 16 version and presented in tables. Findings revealed that age group range from 20 to 77 years, 72.4 percent family size 5 or below 74.3 percent utilized the insurance services from the accredited health facility. Regarding the reason for enrollment, 83.8 percent said financial protection against illness, 50.8 percent gave the reason that they had to buy drugs outside facility as the main reason for not renewing the program in future. Price of program related response was top perceived factor with mean 3.97±0.70 whereas provider attitude was low perceived factor with mean 1.95± 0.58. The study concluded that the price of program related factors were the top perceived factors whereas provider attitude related factors were low perceived factors that may influence for the perception of community people towards social health insurance program.",Priority A - likely eligible,financing term in title,,,,Include,Explicit financing mechanism/approach in title with target-setting and evaluative/UHC relevance,High,Include,Meets primary financing-approach/UHC eligibility at title/abstract stage
10830,W4401391657,2024,Satisfaction of chronic patients with community-based health insurance schemes and related factors: Explanatory sequential mixed methods study,"Chronic disease poses a serious threat to accessible, high-quality healthcare. Community-based health insurance (CBHI) schemes provide the poor with financial security. However, there is no evidence in Ethiopia on how satisfied chronic patients are with the schemes. The objective of the current study was to evaluate the satisfaction of chronic patients with the schemes and identify contributing factors. A hospital-based explanatory sequential mixed methods study on 632 chronic patients and 12 key informants was carried out between February 28 and May 31, 2022, in the hospitals of East Gojjam, Northwest Ethiopia. Hospitals and study participants were selected using multistage sampling methods. Quantitative data was entered using Epi Data 3.1 and exported to SPSS version 25 for analysis. P value <0.05 was used to consider significant association in multivariable binary logistic regression. Thematic analysis was a method to manually review qualitative data. A narrative approach was used for integrating the two data. The mean age of study participants was 46.1 (46.1± 5.2, range: 25-82). Patients aged 45 to 64 made up the majority of the population (60.6%). Rheumatoid arthritis affected the preponderance of individuals (36.4%). The overall level of satisfaction of chronic patients with the CBHI scheme was 31% (95% CI; 27-35%). Respect and friendliness (AOR = 7.05; CI: 3.71-13.36), knowledge of benefits packages (AOR = 2.02; CI: 1.24-3.27), partial or non-availability of drugs (AOR = 0.24, AOR = 0.21, respectively), waiting times (AOR = 1.84; CI: 1.12-3.0), and availability of laboratory tests (AOR = 1.59; CI: 1.01-2.48) were significantly associated with participants' satisfaction with the schemes. Our study revealed that the overall satisfaction of chronic patients was quite low and affected by the availability of drugs and laboratory tests, caregivers' respect and friendliness, waiting times, and participant knowledge. Therefore, stakeholders must concentrate on reducing waiting times, improving the availability of drugs and laboratory tests at each hospital, opening back up community pharmacies, and promoting awareness about benefits packages primarily through health education. The main focus of researchers needs to be on nationally representative studies that include more important factors.",Priority A - likely eligible,financing term in title,,,,Include,Explicit financing mechanism/approach in title with target-setting and evaluative/UHC relevance,High,Include,Meets primary financing-approach/UHC eligibility at title/abstract stage
5998,W2955190172,2019,"The costs of seeking healthcare: Illness, treatment seeking and out of pocket expenditures among the urban poor in Delhi, India","The poor often experience illness and the treatment costs are high and even catastrophic for the poor. This paper reports the extent of illness, treatment-seeking behaviour and out of pocket healthcare expenditures and the determinants of treatment-seeking behaviour and healthcare expenditures among the urban poor living in Delhi. A total of 2,998 households participated in the study. Socio-demographic details, illness experiences (episodic illness in the past 3 months, hospitalisation in the past 1 year and any chronic illness), treatment seeking and healthcare expenditures were collected for all household members through a pretested, interviewer-administered questionnaire. Logistic regressions were carried out for factors associated with treatment-seeking choices. Multiple linear regressions were carried for factors associated with out of pocket expenditures (OOPE). Of the total 15,218 household members (of the 2,998 households), 4,052 (26.6%) experienced episodic illness (mainly fever, respiratory illnesses, food- and waterborne diseases and eye infections) in the past 3 months, 230 (1.5%) were hospitalised and 976 (6.4%) have chronic illness (mainly hypertension, diabetes, arthritis and respiratory problems). Of the 2,998 households, 2,225 (74.2%) households reported at least one event of illness. Unqualified practitioners were the main source of care for episodic illnesses. Perceived seriousness of the illness, having Employees State Insurance Scheme (ESIS) benefit, higher educational status of the head of the household, higher monthly household incomes, belonging other backward castes and settled-migrant status led to seeking formal care. Dengue was the main reason for hospitalisation. Government including ESIS hospitals were mainly utilised for hospitalisation. Healthcare expenditures were higher for private healthcare. Possession of mandatory health insurance was protective against OOPEs. OOPEs were more for the men/boys and for the young. Improving access to government healthcare services is important. Extending the ESIS to the unorganised workers including urban poor migrants should be considered so as to bring them under mandatory social protection.",Priority A - likely eligible,financing term in title,,,,Unclear,Financing mechanism/function appears in abstract but is not explicit in title,Medium,Include,Meets primary financing-approach/UHC eligibility at title/abstract stage
3790,W3198241223,2016,"A COMPARATIVE STUDY OF THE KNOWLEDGE AND PRACTICE OF HEALTH CARE FINANCING METHODS AMONG HOUSEHOLD HEADS IN RURAL AND URBAN COMMUNITIES IN OGUN STATE, NIGERIA","Introduction: Financing is a key factor in determining access to health care. The use of ‘Out of Pocket’ method of payment for health care by most household has been promoting catastrophic spending on health. This is a concern, especially in the developing nations of the world, like Nigeria, where most people are poor. This study objective was, therefore, to assess and compare the level of knowledge of household heads about methods of health care financing, as well as, assess their attitude and practice in rural and urban communities in Ogun State, Nigeria.Materials and methods: There was a comparative cross sectional study conducted from August to October, 2015. A multi-staged sampling method was used to select 260 household heads, each from the rural and urban Local Government Area (LGA). Research assistants, recruited and trained, collected data, with the aid of an adapted pretested questionnaire from the household heads. The data collected were analyzed using epi info 7 and WinPepi statistical software. The results were presented in frequency tables. Chi-square test was used to assess the associations between categorical variables and t-test was used to compare the quantitative variables. The level of significance was set at p<0.05.Results: Knowledge of all methods of health care financing was poor in both the rural and urban communities. There was a better knowledge grade among those in urban with about 114 (43.5%), compared to 105 (40.5%) in the rural. The difference was not statistically significant between the two groups. Also, it was observed that about 144 (55.2%) respondent had a positive attitude towards health financing methods in the urban communities, than those in the rural communities which is about 114 (43.8%). Generally, the positive attitude in the urban group was higher when compared to those in the rural groups for both health care financing and health insurance. Thexiidifference between the two groups was statistically significant for both health financing methods and health insurance.Most of the respondents in the rural and urban groups were willing to enroll and pay for health insurance. The amount they were willing to pay was rather low; between N0 and N500 per person per annum. Most of the respondents’ finance health cost from Out of Pocket . Educational status was the only socio-demographic determinant that was statistically significant in both the rural and urban groups. Marital status was the only socio-demographic determinant of attitude to health financing in the rural group.Conclusion and Recommendations: The study revealed that knowledge was low, while the attitude of most respondents was positive. Most of the respondents pay for care Out of Pocket, and most of them are willing to enroll in an insurance scheme. More awareness needs to be created on other methods of healthcare financing, apart from the Out of Pocket method. Also, more options should be created for the people; like creating a Community Based Health Insurance and making the National Health Insurance Scheme more accessible to the people.",Priority A - likely eligible,financing term in title,,,,Include,Explicit financing mechanism/approach in title with target-setting and evaluative/UHC relevance,High,Include,Meets primary financing-approach/UHC eligibility at title/abstract stage
2405,W2523679032,2013,HEALTH INSURANCE STRUCTURE IN INDIA – CURRENT PRACTICES AND CHALLENGES,,Priority A - likely eligible,financing term in title,,,,Include,Explicit financing mechanism/approach in title with target-setting and evaluative/UHC relevance,High,Include,Meets primary financing-approach/UHC eligibility at title/abstract stage
6176,W2977560806,2019,Ghana’s Journey towards Universal Health Coverage: The Role of the National Health Insurance Scheme,"Background: the main aim of the study is to find if the National Health Insurance Scheme (NHIS) in Ghana is achieving universal health coverage (UHC) or not. The study gives the trajectories of health policies in Ghana and their implications on long term health financing. NHIS in Ghana was implemented in 2004, with the aim of increasing subscribers’ access to health care services and reduce financial barriers to health care. On equity access to healthcare, it addresses two core concerns: (1) enrolling particular groups (persons exempted from annual premium payments) and (2) achieving UHC for all citizens and persons with legal residence. It utilizes a multifactor approach to the conceptualization of UHC. The research question: Is Ghana’s NHIS on course to deliver or achieve universal health coverage? Methods: we used qualitative methods. In doing so, the study engaged participants in in-depth interviews, focus group discussions and direct observations of participants in their natural settings, like hospitals, clinics, offices and homes, with purposive and snowball techniques. This data triangulation approach aims to increase the reliability and validity of findings. Results: the empirical evidence shows NHIS performed relatively well in enrolling more exempt groups (particular groups) than enrolling all persons in Ghana (UHC). The biggest challenge for the implementation of NHIS from the perspectives of health insurance officials is inadequate funding. The health insurance beneficiaries complained of delays during registrations and renewals. They also complained of poor attitude of some health insurance officials and health workers at facilities. Conclusions: both health insurance officials and beneficiaries emphasized the need for increased public education and for implementers to adopt a friendly attitude towards clients. To move towards achieving UHC, there is a need to redesign the policy, to move it from current voluntary contributions, to adopt a broad tax-based approach to cover all citizens and persons with legal residence in Ghana. Also, to adopt a flexible premium payment system (specifically ‘payments by installation’ or ‘part payments’) and widen the scope of exempt groups as a way of enrolling more into the NHIS.",Priority A - likely eligible,financing term in title,,,,Include,Explicit financing mechanism/approach in title with target-setting and evaluative/UHC relevance,High,Include,Meets primary financing-approach/UHC eligibility at title/abstract stage
6193,W2982571719,2019,Catastrophic health expenditure as a result of health shocks: challenge to universal health coverage In Nigeria,"Health shocks coping mechanisms provide important information on how households respond to health shocks and how payment may affect their future welfare. Health spending ratio to household expenditure, can state if there is threat to consumption especially if the out-of-pocket (OOP) payments is followed by catastrophic or impoverishment consequences. The World Health Organization (WHO) has re – affirmed that when people suffer financial hardship due to OOP, it is impossible to get closer to Universal health coverage (UHC). During health shocks, informal coping mechanisms can be employed by households to mitigate cost of illness especially in low- and middle-income countries including Nigeria where there is poor financial protection. It has been proven that this can have implications for both transient poverty and long-term poverty traps. Health shocks may adversely influence household financial burden, increase hardship, affect ability to contribute to positive child health and education outcome which is a dire consequence of high reliance of OOP payment, it also further widens the intergenerational equality which UHC tends to preach against. Catastrophic Health Expenditures as a result of OOP payment when health shocks occur is an enormous challenge to achieving UHC. It is therefore more urgent than ever for the Nigerian Government to create innovative ways to increase financial protection, intensify implementation of health policies for all its citizens irrespective of social class, age, gender or area of residence and draw lessons from other countries who have achieved or near achieve UHC.Keywords: Catastrophic Health Expenditures, Universal Health CoverageSavannah Journal of Medical Research and Practice 2018;7(1):01- 06",Priority A - likely eligible,financing term in title,,,,Unclear,Financial-protection/expenditure signal without explicit financing approach in title,Medium,Include,Meets primary financing-approach/UHC eligibility at title/abstract stage
318,W1551086479,2002,Cost sharing for primary health care: lessons from Yemen.,,Priority A - likely eligible,financing term in title,,,,Unclear,Financial-protection/expenditure signal without explicit financing approach in title,Medium,Include,Meets primary financing-approach/UHC eligibility at title/abstract stage
2711,W2036217374,2014,Risk distribution across multiple health insurance funds in rural Tanzania,"INTRODUCTION: Multiple insurance funds serving different population groups may compromise equity due to differential revenue raising capacity and an unequal distribution of high risk members among the funds. This occurs when the funds exist without mechanisms in place to promote income and risk cross-subsidisation across the funds. This paper analyses whether the risk distribution varies across the Community Health Fund (CHF) and National Health Insurance Fund (NHIF) in two districts in Tanzania. Specifically we aim to 1) identify risk factors associated with increased utilisation of health services and 2) compare the distribution of identified risk factors among the CHF, NHIF and non-member households. METHODS: Data was collected from a survey of 695 households. A multivariate logisitic regression model was used to identify risk factors for increased health care utilisation. Chi-square tests were performed to test whether the distribution of identified risk factors varied across the CHF, NHIF and non-member households. RESULTS: There was a higher concentration of identified risk factors among CHF households compared to those of the NHIF. Non-member households have a similar wealth status to CHF households, but a lower concentration of identified risk factors. CONCLUSION: Mechanisms for broader risk spreading and cross-subsidisation across the funds are necessary for the promotion of equity. These include risk equalisation to adjust for differential risk distribution and revenue raising capacity of the funds. Expansion of CHF coverage is equally important, by addressing non-financial barriers to CHF enrolment to encourage wealthy non-members to join, as well as subsidised membership for the poorest.",Priority A - likely eligible,financing term in title,,,,Include,Explicit financing mechanism/approach in title with target-setting and evaluative/UHC relevance,High,Include,Meets primary financing-approach/UHC eligibility at title/abstract stage
2765,W2188169935,2014,"Prevalence and Factors Affecting the Utilisation of Health Insurance among Families of Rural Karnataka, India","In countries like India shrinking public health budgets, the escalating healthcare costs coupled with the demand for healthcare services and lack of easy access of people from the low income group to quality healthcare; health insurance is emerging as an alternative mechanism for financing of health care. To study the awareness, prevalence and utilization of Health Insurance services among the families in rural village of Sarjapur hobli, Anekal taluk, Bangalore Urban District. A cross sectional study done among all 200 households of Mugalur village. An interview schedule was administered regarding, socio demographic details, morbidity, health facilities available and awareness regarding health insurance. Totally 95 (47.5%) of the individuals were aware of health insurance. Prevalence of Health Insurance in Mugalur was 85 (42.5%), of them28 (32.9%) had utilized health insurance. Prevalence of health insurance was high among households suffering with some morbidity in the past five years and chronic morbidity and where decision makers in the households are literates. However there was no relation with prevalence of health insurance with socioeconomic status. The awareness and prevalence of health insurance is low in rural Karnataka. Having some kind of morbidity in the family members and being literate motivated households to opt for health insurance. This calls for effective information, education and communication activities which will improve understanding of insurance among them.",Priority A - likely eligible,financing term in title,,,,Include,Explicit financing mechanism/approach in title with target-setting and evaluative/UHC relevance,High,Include,Meets primary financing-approach/UHC eligibility at title/abstract stage
5393,W2953629349,2018,Modelling healthcare financing in Kenya [The Green Path Model - GPM],,Priority A - likely eligible,financing term in title,,,,Unclear,Financial-protection/expenditure signal without explicit financing approach in title,Medium,Unclear,Insufficient title/abstract information; requires full-text or additional metadata
14206,W7166798251,2026,Examining the relationship between perceived behavioral control and purchasing intention toward health insurance with a moderating effect of demographics,"PURPOSE: This study investigates the relationship between customers' intention to purchase health insurance in Northern India and perceived behavioral control (PBC), which is based on the decomposed theory of planned behavior (DTPB). Three core dimensions of PBC are identified: social influence, perceived ease of access and financial affordability, discovered through the use of exploratory factor analysis (EFA). The study further investigates how gender and marital status moderate these relationships to inform targeted marketing strategies. DESIGN/METHODOLOGY/APPROACH: Convenience sampling was used to gather primary data through an online poll with 400 participants. The three PBC dimensions were extracted and validated using EFA, and their direct impacts on purchase intention were then tested using partial least squares structural equation modeling (PLS-SEM). Moderation effects by marital status and gender were investigated using multi-group analysis (MGA), which produced strong t-statistics and p-values. FINDINGS: PLS-SEM reveals perceived ease of access is the best predictor of purchase intention (t = 6.070, p < 0.001), followed by social influence (t = 4.400, p < 0.001) and financial affordability (t = 5.486, p < 0.001). Financial affordability and social influence have a greater impact on women, whereas perceived ease of access had a greater impact on males, according to MGA, which shows significant gender-based moderation. These associations are also moderated by marital status; married people react more strongly to accessibility, whereas single people are more impacted by affordability and social influence. RESEARCH LIMITATIONS/IMPLICATIONS: These results offer practical applications for lawmakers and insurance companies undertaking business in developing nations. The study makes recommendations for future longitudinal and cross-cultural research while acknowledging the drawbacks of convenience sampling and a cross-sectional approach. ORIGINALITY/VALUE: This study examines the dimensional structure of PBC in relation to health insurance purchase intention in a developing-nation situation by integrating PLS-SEM and EFA in a novel way inside the TPB framework. It fills a major vacuum in culturally nuanced consumer Behavior research in emerging nations and provides actionable data for insurers looking to segment their marketing strategies by revealing innovative moderations based on gender and marital status.",Priority A - likely eligible,financing term in title,,,,Include,Explicit financing mechanism/approach in title with target-setting and evaluative/UHC relevance,High,Include,Meets primary financing-approach/UHC eligibility at title/abstract stage
7508,W3154818019,2021,FACTORS MILITATING AGAINST PUBLIC HEALTH FINANCING IN NIGERIA: AN EMPIRICAL REVIEW,"An effective and quality health care service is one of the fundamental visions of every government to its citizenry because it is only the healthy people that can be governed and will value developmental projects. Citizens having access to quality health services translate to significant development in modern society. Therefore, the provision of adequate funds for the sector is essential. However, the Nigeria health care sector is currently confronted with colossal issues that should be surmounted to enhance effective and quality health care delivery to the citizens. This study is rooted in the evidence of appropriate works of literature in the financing of public health care services in Nigeria. From the extant works of the literature surveyed, it was revealed that public health care services in Nigeria are financed by revenue that is accrued from public tax, funding from donors, health insurance, and direct payments made by individuals. Furthermore, public health service is mostly financed by direct payments made by individuals with the government. The most perturbing issues combating public health care financing are direct payments made by individuals, poor government funding, health care policy defects in implementation, and corruption scandals. On this note, the study recommended an effective and robust government funding of public health, implementation of sound health care policies, efficient monitoring of public funds utilization, and discouraging foreign medical trips. JEL Classification Codes: A19, B10, B25, C10, C53.",Priority A - likely eligible,financing term in title,,,,Include,Explicit financing mechanism/approach in title with target-setting and evaluative/UHC relevance,High,Include,Meets primary financing-approach/UHC eligibility at title/abstract stage
3770,W2771197999,2016,Healthcare Delivery and the Limits of the National Health Insurance Scheme in Nigeria,"Health reforms that target universal coverage have intensified in Nigeria since the  dawn of the twenty-first century, and the  National Health Insurance Scheme (NHIS),  in particular, has been hailed as the panacea and appropriate framework for achieving the desired health for all by 2015. A few months to the target goal however, the reality is bleak and the task of reaching the goal more daunting than  ever. This article provides a historical analysis of healthcare delivery in Nigeria  Explanations for the  difficulties in meeting health targets are discussed, pointing to weak governance, economic challenges, and socio-cultural contexts as important interacting factors slowing down the process. The aricle concludes by outlining some important emerging possibilities for strengthening the health system, including the liberalization of the health sector, enhancing public-private  partnership, and suggestions for improving the National Health Insurance Scheme by recognizing key socio-cultural factors for inclusion in achieving health targets.   Key Words : Health insurance; private healthcare; user fee; public-private partnership; health policy; universal health coverage; Nigeria    Les reformes de la sante visant la couverture universelle d'ici a 2015 se sont intensifiees au Nigeria depuis l'aube du XXIe siecle, et le systeme national d'assurance maladie, en particulier, a ete salue comme la panacee et le cadre approprie pour atteindre l’objectif fixe. Cependant, a quelques mois du terme, la realite est sombre et l’atteinte de cet objectif est une tâche plus redoutable que jamais. Le present article vise a faire l’analyse historique de la prestation de services de soins de sante au Nigeria et des difficultes rencontrees dans l’atteinte des objectifs sanitaires, en soulignant la faiblesse de la gouvernance, les defis economiques et les contextes socioculturels comme facteurs interactifs importants ralentissant le processus. En conclusion, l’article met en exergue certaines  nouvelles possibilites importantes pour le renforcement du systeme de sante,  notamment la liberalisation du secteur de la sante, le renforcement du partenariat  public-prive, et fait des suggestions pour ameliorer le systeme national d'assurance maladie tout en reconnaissant la necessite de tenir compte des facteurs socio-culturels pour l’atteinte des cibles.   Mots cles  : assurance maladie, services de soins de sante prives, frais pour les  usagers, partenariat public-prive, politique de sante, couverture sanitaire  universelle, Nigeria.",Priority A - likely eligible,financing term in title,,,,Include,Explicit financing mechanism/approach in title with target-setting and evaluative/UHC relevance,High,Include,Meets primary financing-approach/UHC eligibility at title/abstract stage
8246,W4220843697,2022,Assessing the Association between Clients’ Level of Satisfaction and Retention of National Health Insurance Scheme Membership in Ghana: A Study in the Greater Accra Region,"Introduction: Since the implementation of National Health Insurance Scheme (NHIS), fewer Ghanaians have been actively enrolled. Recently, there has been dwindling enrollment rate amongst the populace. Studies have revealed that clients’ satisfaction with services received may influence repurchasing behaviour. Aim: This study aimed at investigating the association between clients’ satisfaction with services and the intention to maintain NHIS membership. Methodology: This study was a household cross-sectional survey conducted in the Greater Accra Region. Data was gathered via distribution of 424 well-structured questionnaires amongst enrollees who were 18 years and above. Systematic random sampling was used in the selection of households and data was collected between November, 2018 and February, 2019. Client’s level of satisfaction was assessed on a Likert scale. The data was analyzed using SPSS version 23, chi-square test and Cramer’s V test. Results: The response rate for this study was 94.3% and the result revealed that 60% of the participants expressed satisfaction with NHIS services, 34.5% were neutral, and 5.5% dissatisfied with NHIS services. Few of the respondents (28.3%) expressed the intention to maintain NHIS membership. Furthermore, there was no statistical association between clients’ overall satisfaction and retention of NHIS membership (p=.24). Retention of membership with NHIS was weakly associated with satisfaction with premium (p=.01, Cramer’s V=.16), geographical accessibility of health care facilities (p=.03, Cramer’s V=.13), and healthcare provider and clients’ interpersonal relationship (p=.04, Cramer’s=.12) Conclusion: Clients’ satisfaction with NHIS services is necessary but not sufficient to influence retention of membership with the scheme. Hence, the need for health care providers to maintain good interpersonal relationship with clients, ensure geographical accessibility of NHIS accredited health care facilities, and further research of predictors to retention of NHIS membership is recommended.",Priority A - likely eligible,financing term in title,,,,Include,Explicit financing mechanism/approach in title with target-setting and evaluative/UHC relevance,High,Include,Meets primary financing-approach/UHC eligibility at title/abstract stage
2689,W1627763267,2014,An Empirical Study on Private Health Insurance in Rural Areas of India: Challenges and Opportunities,,Priority A - likely eligible,financing term in title,,,,Include,Explicit financing mechanism/approach in title with target-setting and evaluative/UHC relevance,High,Include,Meets primary financing-approach/UHC eligibility at title/abstract stage
12114,W4412457511,2025,Emerging strategic decisions issues from Uptake of private health insurance in Kenya,"Private health insurance is crucial for healthcare financing, but its uptake remains suboptimal, with many still relying on out-of-pocket expenses. Statistics indicate Kenya's informal sector comprises 83.3% of the population, with only 2% of employees having national hospital insurance and 20% having public health insurance. Therefore, this study investigated effect of strategic decision on uptake of private health insurance services, specifically, the study examined the effect of level of coverage, cost and affordability, network of health providers and quality of services on uptake of private health insurance services in Nairobi City County, Kenya. The study was anchored using the agency theory, dynamic capability theory and expected utility theory. The study embraced descriptive research design. The target population was sixteen private health insurance in Nairobi city county, Kenya. A sample size of eighty was utilized, employing census. Primary data was collected using a semi-structured questionnaire. The response rate was sixty eight percent. Level of coverage, cost and affordability, network of health providers and quality of services had a significant effect on uptake of private health insurance services. The study recommend, insurance providers should continue to offer diverse plans that cater to different needs and income brackets, ensuring that comprehensive coverage options remain accessible to a broad audience. Additionally, insurers should continue to develop and offer flexible payment plans that cater to different income levels. Introducing tiered pricing models, where customers can choose from a range of premium options based on their financial capacity, can make insurance more accessible. Moreover, the insurer should focus on maintaining a strong commitment to service quality and continually refining their offerings, which can build greater trust and satisfaction among customers, leading to increased adoption of private health insurance services.",Priority A - likely eligible,financing term in title,,,,Include,Explicit financing mechanism/approach in title with target-setting and evaluative/UHC relevance,High,Include,Meets primary financing-approach/UHC eligibility at title/abstract stage
5700,W4243190141,2019,"Prevalence and Clinical Correlates of Sexual Dysfunction among Primary Care Diabetes Mellitus Enrollees Attending National Health Insurance Scheme (NHIS) Clinic in Uyo, South-South, Nigeria","Background: Female sexual dysfunction are disorders of sexual desire, arousal, orgasm and sexual pain which lead to significant personal distress.Female sexual dysfunctions though common are often under-reported.Aim: The aim of this study was to describe the prevalence and clinical correlates of sexual dysfunction among female diabetes mellitus patients attending the National Health Insurance Scheme Clinic of a tertiary hospital in Uyo South-South Nigeria.Method: In a cross-sectional study, 162 female diabetic patients were assessed for the prevalence of sexual dysfunction as well as affected domains of sexual function between January and June 2018.They were assessed using the female sexual function index (FSFI) questionnaire.Results: A total of 108 (66.7%) respondents had sexual dysfunction.The mean age at onset of diabetes mellitus among respondents with sexual dysfunction in this study was 43.6 + 6.1 compared to 39.3 + 4.3 among those without sexual dysfunction (p=0.04).Forty two (77.8%)respondents with sexual dysfunction had neuropathy involving the extremities compared to 12 (22.2%)without sexual dysfunction (p=0.050).Twenty five (73.5%) respondents with sexual dysfunction were morbidly obese compared to nine (26.5%) without sexual dysfunction (p=0.018).The total FSFI score among respondents in this study was 22.6.Sexual pain was the most frequently experienced sexual dysfunction among respondents accounting for 93.5% (95% cl 93.4-99.3), the least affected domain of sexual function among respondents in this study was sexual desire accounting for 72.2% (95% cl 71.4 -85.0).Conclusion: Diabetes mellitus was associated with sexual dysfunction among respondents in this study.Primary care providers are encouraged to explore the presence of sexual dysfunction among female diabetic patients so as to offer adequate treatment and counselling as may be required.",Priority A - likely eligible,financing term in title,,,,Include,Explicit financing mechanism/approach in title with target-setting and evaluative/UHC relevance,High,Exclude,Does not meet primary financing-approach synthesis criteria at title/abstract stage
13309,W7128765637,2026,Assessing Beneficiaries' Perception Towards National Health Insurance Scheme in Nepal,"Financial risk protection and efficient use of healthcare resources remain critical challenges for Nepal as a low-income country. This study examines beneficiaries’ perceptions of financial risk protection and service coverage under the National Health Insurance Scheme (NHIS) from a health economics perspective, with a focus on optimizing limited resources. The study aims to capture beneficiaries’ perception on satisfaction, challenges, and gaps in scheme implementation within the study area. Primary data were collected during the first quarter of 2025 from 62 NHIS-enrolled households across nine wards of Tikapur Municipality, Kailali district, using a structured questionnaire. Proportionate stratified sampling based on ward-level enrollment was applied, with purposive sampling within each stratum. The findings indicate that beneficiaries generally rate the NHIS positively in terms of financial security. However, notable weaknesses persist, particularly regarding emergency care support and the availability of health services. A major concern expressed by respondents is the exclusion of several essential medicines from the benefit package, especially those needed by vulnerable populations. In addition, the current annual coverage ceiling of NPR 100 thousands is widely perceived as insufficient to meet actual healthcare costs. These gaps highlight the need for operational and policy reforms. Expanding benefit packages and increasing coverage limits could enhance enrollee satisfaction, reduce out-of-pocket payments for healthcare, promote equity, and support Nepal’s progress toward universal health coverage.",Priority A - likely eligible,financing term in title,,,,Include,Explicit financing mechanism/approach in title with target-setting and evaluative/UHC relevance,High,Include,Meets primary financing-approach/UHC eligibility at title/abstract stage
4076,W2482758816,2016,Exploring the threshold premium for viable community based health insurance schemes in Nigeria,"BACKGROUND: The national health insurance scheme of Nigeria recently proposed a national premium for community based insurance scheme. This study determined the capacity of households in the rural and urban areas in Nigeria to pay for the premium and different hypothetical health insurance schemes namely national health insurance scheme, national urban health insurance scheme, national rural health insurance scheme and regional health insurance schemes. It determined the likely impact of different premiums on membership across socio-economic status quintiles, and then determined the threshold premium affordable to rural and urban households. RESULTS: The results show that the mean capacity to pay for the households in different regions ranged from US$194 ± 100 to US$986 ± 907. The threshold premiums of the national health insurance scheme, urban national health insurance and rural health insurance schemes were US$66, US$154 and US$53 respectively. CONCLUSIONS: Overall, the threshold premium for rural national health insurance scheme and national health insurance schemes were affordable to the lowest socio economic group. Hence, it is recommended that threshold premium for rural national health insurance scheme be adopted as the maximum premium not to be exceeded in the proposed national health insurance scheme.",Priority A - likely eligible,financing term in title,,,,Include,Explicit financing mechanism/approach in title with target-setting and evaluative/UHC relevance,High,Include,Meets primary financing-approach/UHC eligibility at title/abstract stage
5908,W2942682696,2019,State of Health Facilities in Communities Designated for Community-Based Health Insurance Scheme in Nigeria: A Case Study of Kwara and Ogun States,"Background: Nigerian Government established National Health Insurance Scheme (NHIS) including Community Based Health Insurance Scheme (CBHIS) to reduce out-of-pocket health expenses of enrollees, strengthen and ensure access to quality healthcare services. The functionality of the schemes however, revolves round health facilities being able to meet the expectation of the enrollees. Study Objectives: The study assessed the adequacy of the designated health facilities in offering quality healthcare services to the enrollees or potential enrollees under the CBHIS, and to identify likely challenges. Study Design: This is part of a larger prospective cross-sectional study that assessed the implementation of the Community-Based Health Insurance Scheme (CBHIS) in selected local government areas of Kwara in the north central and Ogun in the South Western part of Nigeria. Place and Duration of the Study: Health facilities of selected wards from two Local Government Areas in Kwara and Ogun States were assessed between February and May 2015. Methods: Semi-structured questionnaires and health facility assessment checklist were used to assess services rendered, storage of drugs and the vaccines, manpower, training opportunities, available infrastructures and perceived challenges to smooth operation of health facilities designated for CBHIS. Results: A total of twenty designated health facilities were visited and assessed (Seventeen public and three private). Services claimed to be available at the facilities included clinical, nursing, pharmaceutical and laboratory services. The assessment showed inadequacy of some critical human resources for health. Seventeen of the 20 health facilities (85%) had evidence of recent renovation while 3 (15%) had no evidence of renovation. Twelve (60%) had backup supply of electricity from generator or solar panel. Other challenges that could impede quality healthcare service delivery under the CBHIS were identified. Conclusion: The study showed that inadequate personnel, paucity of training opportunities for health workers, poor infrastructures (lack of ambulance services, poor electricity supply and lack of portable water supply) were the main challenges impeding delivery of quality healthcare services to the CBHIS enrollees patronizing the studied facilities.",Priority A - likely eligible,financing term in title,,,,Include,Explicit financing mechanism/approach in title with target-setting and evaluative/UHC relevance,High,Include,Meets primary financing-approach/UHC eligibility at title/abstract stage
